id,label,canopy,comment_count,reply_count,mention_count,thread_count,total_likes,avg_likes,first_timestamp,last_timestamp,threads,text_sample
106026740199636992,nn.land,canopy_179,1,0,0,0,3,3.0,1779761437,1779761437,[],"Iya oy, duit cash di dompet cuma puluhan ribu. Tapi identitas lah yg bisa membantu aku kembali ke rumah orang tuaku🥺 awl🐣"
119419377912877056,ur_angelbby,canopy_070,1,0,0,0,11,11.0,1780488658,1780488658,[],jujur sering kepikiran ini jugaa wkwk d
121271840324419584,by.rochee,canopy_273,1,0,0,0,3,3.0,1780591092,1780591092,[],Ga kefikiran sumpah. Gua selama ini cashless jadi gapernah bawa dompet Preloved.byrochee
134975594403930112,ellba.anaside,canopy_134,1,0,0,0,1,1.0,1780375199,1780375199,[],"meski ga bawa dompet KTP ku selalu aku bawa. aku selalu mikir, kalau ada apa apa biar yg nolong bisa langsung ngabarin keluargaku😭 Ellba🧚‍♀️"
1690141112168498,v4eryn_,canopy_001,2,0,2,0,0,0.0,1781152225,1781152225,[],@YUUD:lah kirain pemikiran gw doang yg kaya gini nesyα. @YUUD:lah kirain pemikiran gw doang yg kaya gini nesyα.
1690191252265986,suka.matchaaa25_,canopy_487,1,0,0,0,0,0.0,1780239802,1780239802,[],"sama,bawa dompet cma wadahin KTP doang matchalatte"
217935213824450560,lzurch,canopy_233,1,0,0,0,0,0.0,1780559442,1780559442,[],udah setahun ga pernah bawa dompet kemana mana 😭😭😭 ichitann
248214494554877952,juslostttttttt_,canopy_696,1,0,0,0,0,0.0,1780721193,1780721193,[],Aku selalu nyelipin kertas dengan biodata lengkap disetiap dompet dan casing hp beserta nomor hp orang terdekat gua karna hal ini belaik🥺 Melllllll
6509672677845843969,nirwanajune,canopy_003,2,0,0,0,0,0.0,1782212185,1782212185,[],Iya lagi. Ktp ketinggalan aja panik june🫧 Iya lagi. Ktp ketinggalan aja panik june🫧
6518262392518262786,ogios2a7gg,canopy_527,1,0,0,0,0,0.0,1780110413,1780110413,[],aku jg udah di mode ke 2 klo kemana2 😳😳😳😳😳 ✨️ªýª✨️
6522266976063062018,oblongerss,canopy_462,1,0,0,0,0,0.0,1780236396,1780236396,[],"iya lagi, di tas gua selalu ada ktp sama sim😭 langsek manih"
6522784619803181057,6rowup,canopy_249,1,0,0,0,4,4.0,1779625662,1779625662,[],iya lagi wkkwkw 🤣 growup
6523428105334456322,yourtiramisuuu,canopy_050,1,0,0,0,10,10.0,1779713184,1779713184,[],"Wkwkw selalu mikir gini, makanya kemana2 bawa dompet Misya"
6525613075922419714,mulby22,canopy_477,1,0,0,0,0,0.0,1780195250,1780195250,[],"asli, klo kemana2 harus bawa KTP 😂 ganti2 dompet/tas KTP ttp harus ke angkut🤣 Mulby 🫐"
6528922039171481602,iiraffel,canopy_254,1,0,0,0,1,1.0,1779884326,1779884326,[],"sebagai orang yang apa apa serba cashless, video ini membuatku berfikir ulang 😁 Rapel"
6529308456757985282,anakk.tengahh,canopy_168,1,0,0,0,3,3.0,1779855509,1779855509,[],"iyalagi,knp dah pikiranku sejauh itu😭 I'm Faoo"
6530552777457238017,mhrlnmusaa_,canopy_054,1,0,0,0,4,4.0,1782036544,1782036544,[],kl gw selalu ngabarin tmn random biar kl gw ilang atau knp” dia bisa jd saksi gw lagi dimana😭 elin 🖤
6534977541097570305,4ndyyjie,canopy_104,1,0,0,0,2,2.0,1780210718,1780210718,[],"ayahku pernah bilang ""sekalipun ga bawa dompet, harus tetep bawa ktp dan kartu nama ayah, supaya sewaktu-waktu ada apa-apa ayah bisa tau"" myth-ji"
6535315828156481537,ptrslsbl28_,canopy_569,1,0,0,0,0,0.0,1781051205,1781051205,[],"gw setiap mau berbuat baik,biar nanti meninggal orang”pada inget kebaikanku. cacabelaaa💎"
6539111130748452865,iniyugo,canopy_023,1,0,0,0,42,42.0,1779685702,1779685702,[],ini mah emang normal sih Yugooo
6541639334453215233,anaknyamikasa,canopy_150,1,0,0,0,2,2.0,1781080929,1781080929,[],"sumpah dompetku gaada cashnya, tp masih ku bawa kmn², kata mamaku biar KLO ada apa² bisa jaga² jadi gampang😭. p maksud yg gampang Koro Sensei"
6544701523435290625,zjishdjsksbs,canopy_442,1,0,0,0,0,0.0,1780278967,1780278967,[],GK aneh kan.? XyRex._.
6545402399622742017,im_solonelyv,canopy_276,1,0,0,0,1,1.0,1779749985,1779749985,[],POV* mau bawa motor kejalan Anddizzy.
6549151766277226498,aniafania2,canopy_261,1,0,0,0,1,1.0,1779689043,1779689043,[],aku juga mkirnya gni😭 Ania Fania
6549604284051374082,vinris7522,canopy_439,1,0,0,0,0,0.0,1780288883,1780288883,[],lah emang kalian pergi gapernah bawa dompet? gua ke warung aja bawa dompet+hp njir Vinz
6551544070509002753,giatii_nurr1,canopy_286,1,0,0,0,1,1.0,1779777603,1779777603,[],"kau juga sllu bawa kartu identitas. pikiranku sllu yg enggak"" soalnya 🥺 Gii🫶"
6554992932365287430,hmmmh_iya,canopy_570,1,0,0,0,0,0.0,1781033370,1781033370,[],"ngga sesimpel itu jg,,, Innalillahi"
6559114891730108417,vnasftrii,canopy_625,1,0,0,0,0,0.0,1780668926,1780668926,[],iyalagih Vina🐻
6562119496403255298,talitatitaa,canopy_635,1,0,0,0,0,0.0,1780578738,1780578738,[],"Iya lagi.. malah kl bawa tas kecil slalu bawa ktp, takut knp2 ttp ada identitas.. talitazz🔹"
6564590006748348418,_insomnisaaa_,canopy_452,1,0,0,0,0,0.0,1780154097,1780154097,[],lah sama ngab An-Nisaa'
6573577516697600001,citibbiee,canopy_262,1,0,0,0,0,0.0,1780835013,1780835013,[],[Sticker] 𓆝 𓆟 𓆞
6587370056387461121,abciskaa_,canopy_390,1,0,0,0,1,1.0,1779689220,1779689220,[],"rill, aku biasanya kemana mana selalu bawa dompet yang isinya kartu identitas aku, terus pernah suatu pagi ak lupa ga bawa dan tepat di pagi itu juga aku kecelakaan sampe geger otak dan luka parah di muka & gigi patah. di situ bingung banget buat urusan administrasi karena ga baw"
6587752430208942081,edogans111,canopy_305,2,0,0,0,0,0.0,1781027233,1781027233,[],for real barangkali yak ada apa apa di jalan 😁 SuPerman™° for real barangkali yak ada apa apa di jalan 😁 SuPerman™°
6589861717978136578,nimaskasihkrisetiarti,canopy_037,1,0,0,0,3,3.0,1779694941,1779694941,[],Makany bapakku marah klo aku gabawa dompet ternyata ini alasannya kalo dijalan ada apa2😭 Nimas Kasih
6594351527597654017,halazia1589,canopy_297,1,0,0,0,1,1.0,1779710546,1779710546,[],"aku ktp dan bpjs selaku di bawa. biar kalo ada apa2, bisa tau identitas ku HalaZia_Nuna"
6596423911494434817,mas_all927,canopy_163,1,0,0,0,3,3.0,1779631904,1779631904,[],itu fikiran orang tua gw gw dri dulu ga suka bawa dompet pas bikin KTP di suruh make dompet biar KTP kebawa Mulu pdhl ribet klo bawa dompet Bokirrr Uyee 🕳️🤸
6601382080231391234,ani_a177,canopy_469,1,0,0,0,0,0.0,1780232820,1780232820,[],kirain ak doang'apa lagi kalau bprgian jauh keluar kota bwa motor.takut bgt knpa'napa jd selalu nyiapin identitas biar pd tau alamt asalku🥺 🍰
6602756020421099521,mieayam_312,canopy_218,1,0,0,0,1,1.0,1779689737,1779689737,[],bener bgt takut kenapa dijalan😭😭😭 pecinta mie🍜
6603246825996615681,restyeolie,canopy_079,1,0,0,0,2,2.0,1779798822,1779798822,[],"haha sama bgt, takut bgt gabawa KTP 😭 reynli"
6603342286892646401,chilia589,canopy_355,1,0,0,0,1,1.0,1779776233,1779776233,[],"Pas aku kecelakaan, ktp ku viral🤣🤣 soalnya aku sama keponakan ku doang di rantauan, dia magang dan aku lupa nama sama trmpat magangnya. Aku masih engap”an malah ditanya polisi jadinya lupa semua. Trus kata polisi gak bisa ini gak bisa, trus ktp ku viral di pemerintahan 😂 sampai s"
6606388140461195266,cedihbgt,canopy_339,1,0,2,0,0,0.0,1780732137,1780732137,[],@chiys 🪽 @maeda k 🍓
6607359622843416578,gianirasyaaa,canopy_218,1,0,0,0,0,0.0,1780870487,1780870487,[],"Keluar rumah selalu bawa uang & hp takut kenapa"" dijalan gianirasyaaa"
6611842835128795137,andmhdaliakbr,canopy_109,1,0,0,0,3,3.0,1779941091,1779941091,[],"gw baru tau juga,sebelum alm ayah meninggal dia selalu berpesan bawa dompet kemana kamu pergi,semisalnya ada musibah di jalan orang gak repot buat nyari identitas kamu,itu pesen terakhir sebelum dia pergi🥺 abay11🌀"
6616116714084532226,sleppales,canopy_528,1,0,0,0,0,0.0,1780322501,1780322501,[],HAHHAAHAHA REALLLL ‍
6616200298652958722,min_insya14,canopy_051,1,0,0,0,2,2.0,1779893816,1779893816,[],pernah mikir gini juga dulu bahkan pernah juga buka semua lock HP biar bisa lgsg hubungi keluarga😁 min14
6621731363206873090,deviana_vi,canopy_615,1,0,0,0,0,0.0,1780673844,1780673844,[],"selalu cantumin nomor mama di dompet/hp, supaya kalo ada apa apa langsung bia di hubungin ke orang rumah 😭 deviana"
6633310396705865730,ndaa__333,canopy_009,1,0,1,0,0,0.0,1780645071,1780645071,[],"@abi: lah gw kira ini normal, gw selalu mikir gini kalo keluar. setidaknya ada yang tau identitas gua misal gua kenapa"" nandaratna"
6638886953512255490,naawya,canopy_171,1,0,0,0,2,2.0,1780668214,1780668214,[],GUA SELALU MIKIR GINI PLS😭 𝘕
6647060730984808449,bunga199414,canopy_449,1,0,0,0,0,0.0,1780304255,1780304255,[],😁😁😁 Boru tamba
6647373619029852161,fanialysha,canopy_237,1,0,0,0,3,3.0,1779712221,1779712221,[],aku smpe naro kartu keluarga yg udh di photocopy di dompet 😭 alisha
6669273744996024321,laba_laba_jawa6,canopy_363,2,0,0,0,0,0.0,1781122210,1781122210,[],pas mancing gw selalu bawa ktp dll 𝙒𝘼𝘿𝙀𝙍_𝙆𝘼𝙇𝙀𝙉😹 pas mancing gw selalu bawa ktp dll 𝙒𝘼𝘿𝙀𝙍_𝙆𝘼𝙇𝙀𝙉😹
6669629025386594306,llaaoey,canopy_307,1,0,0,0,0,0.0,1780161303,1780161303,[],"gua jga mikir gtu, tapiiii KTP gua suka ketinggalan😭 loey271"
6674884689213981698,nabb_614,canopy_526,1,0,0,0,0,0.0,1780101240,1780101240,[],gw selalu naro ktp di case dompet hp bill
6680342943012242433,windar_ayu,canopy_643,1,0,0,0,0,0.0,1780635662,1780635662,[],"aku selalu kasih fotocopy ktp disetiap dompet dan tasku,bukan karena apa2 takut jatuh atau celaka aku dikenali Ayyu windar"
6681996891755430913,auliaindakumzuyinna,canopy_541,1,0,0,0,0,0.0,1780323515,1780323515,[],aku opsi yg pertama😂 tp pikiran jaaaauuuuuuuhhhhhhkkkuuuu jg ada opsi keduanya Auliakusayangg
6688554928719643649,zrrrrrr64,canopy_048,1,0,0,0,9,9.0,1779670059,1779670059,[],"semenjak dewasa gw kemana mana selalu bawa dompet, ya walaupun isinya cuman 10k🗿 ijarr"
6692715763562480642,stayawaaayy,canopy_396,1,0,0,0,1,1.0,1779639985,1779639985,[],bahkan gua cantumin nomor ibu gua di belakng ktp gua ⛤
6694159198903698433,h00neysugar,canopy_219,1,0,0,0,1,1.0,1780652181,1780652181,[],"sama banget, karna sendirian di kota orang jauh dari keluarga jadi harus antisipasi hal terburuk ndoro ayu"
6695165915192312834,widyaar08,canopy_458,1,0,0,0,0,0.0,1780203963,1780203963,[],pernah kecelakaan tangan sampe patah .posisi udah di bawa ke RS tapi gak bawa KTP.dan di RS harus ada ktp dlu baru di proses....dan ya semenjak kejadian itu aku selalu bawa KTP kalo pergi*😭 IkaWidyaningrum
6695181169878746113,sa_farrera,canopy_491,1,0,0,0,0,0.0,1780017503,1780017503,[],"gua selalu backup dogtag di kalungin, amit"" kalo dompet ketinggalan atau hilang petunjuk nya cuma di dogtag dan itu ada nomer keluarga sama alamat rumah sa_farrera"
6699947806573986818,onggooo__,canopy_662,1,0,0,0,0,0.0,1780615266,1780615266,[],"aku udah nyelipin nomer mama bapakku di dompet krn kalau semisal amit amit Ya Allah aku kenapa' di jalan, ga sadarkan diri biasanya orng' itu nyari identitas kayak KTP atau apa gitu buat bisa tau identitas korban kan, nah aku harap orng' langsung buka dompet ku sih, krn kalau ber"
6702776258872542209,wsnullyd,canopy_325,1,0,0,0,1,1.0,1779665416,1779665416,[],tanggal muda vs tanggal tua wsnu.
6703489151201870850,ayang_kamu143,canopy_473,1,0,0,0,0,0.0,1780270697,1780270697,[],gue juga bawa KTP punya pikiran bgini fahmafahmi
6704873244695118850,iky_afrel09,canopy_263,1,0,0,0,1,1.0,1779639611,1779639611,[],anj ternyata gua gak sendirian 🥲 Joji
6706016089120080897,inoe.za,canopy_622,1,0,0,0,0,0.0,1780670489,1780670489,[],Iya lagi.. aku selalu bawa identitas.. min sim kemana2 Inoe Za
6706433608792802305,4apph,canopy_088,1,0,0,0,2,2.0,1780806055,1780806055,[],kontak mama dan bapa harus disematkan biar klo gw kenapa² diperjalanan org² bisa hubungi langsung ke wa ortu gw🥲 ˢᵐᵒˡˡ əififah
6707846729381004289,minsuny39,canopy_700,1,0,0,0,0,0.0,1780713972,1780713972,[],iya lagi bahkan KIA anak gua dua2nya gua bawa karna menurut gua itu penting klo ada sesuatu yg terjadi MIN SUNY
6712589171594314753,lj68208,canopy_248,1,0,0,0,1,1.0,1779668957,1779668957,[],[Sticker] gue yg umur setua ini blum punya dompet kyky💅
6715985786107462657,novamariany,canopy_484,1,0,0,0,0,0.0,1780244248,1780244248,[],"ih benar.sekarang gw ke kampus biasanya bawa dompet.biar kalo kenapa"" di jalan.gw ada kartu identitasnya.biasanya gw gk pernah bawa dompet yg ada kartu"" ke kampus. novamariany"
6724125314186691586,riyyanfauwaz,canopy_202,1,0,0,0,3,3.0,1779708017,1779708017,[],aku selalu prgi bwa KTP pikiran jg sperti itu ~Riyyan fauwaz~
6728194433164837890,___min.jie___,canopy_206,1,0,0,0,2,2.0,1779854595,1779854595,[],pesen dri mak gw jgn lupa bawa KTP kalo kmana mana 😭😭 JISUN
6731513762812380161,brozzosis,canopy_406,2,0,0,0,0,0.0,1782099171,1782099171,[],gua bawa dompet juga takut mati dijalan jir broo zo gua bawa dompet juga takut mati dijalan jir broo zo
6733504201782395905,abizawalwiguna,canopy_009,1,0,0,0,3095,3095.0,1779682731,1779682731,[],"lah gw kira ini normal, gw selalu mikir gini kalo keluar. setidaknya ada yang tau identitas gua misal gua kenapa"" abi"
6734473434468008962,wannabewityuu,canopy_385,1,0,0,0,1,1.0,1779728114,1779728114,[],"kemana mana selalu bawa, tapi ga mati"" satt!"
6734999320108155906,kingxyznue_,canopy_152,1,0,0,0,2,2.0,1779631527,1779631527,[],eh bener lagi gw juga mikirnya gini 😯 kingxyznue.
6736354336395789314,alalalaalalayw,canopy_431,2,0,0,0,0,0.0,1781439119,1781439119,[],kalau gua wajib wudhu abeng kalau gua wajib wudhu abeng
6737078948611769345,dfebriyantis,canopy_692,1,0,0,0,0,0.0,1780935002,1780935002,[],gua yg kedua jir wkwk dev
6741279666139956225,ellovies,canopy_344,1,0,0,0,0,0.0,1780224872,1780224872,[],[Sticker] nata
6741313621483422721,nadychai80,canopy_212,1,0,0,0,0,0.0,1780805856,1780805856,[],gw kmn pun bawa ktp 😭 nc
6744584940111905794,rksrtika_,canopy_018,1,0,0,0,7,7.0,1779845510,1779845510,[],tim yang KTP selalu di taro di jok motor ➷ ikkaa ✮
6749192041500525569,ptrlskxy0,canopy_142,1,0,0,0,1,1.0,1779667287,1779667287,[],"rill, dulu pas awal punya ktp gua ngerasa gaperlu2 bgt buat dibawa. skrg makin dewasa kemana2 jadi mesti bawa ktp biar klo kenapa2 seenggaknya ada identitas jelas😭 2006"
6753066957236569090,heartempty99,canopy_499,1,0,0,0,0,0.0,1780330991,1780330991,[],kata bapak kalo pergi2 bawa KTP jadi kalo mati di antar kerumah 😁 panjii😎
6753525995004068865,girlfriend.haechan,canopy_597,1,0,0,0,0,0.0,1780659658,1780659658,[],hp ga ku kasih kata sandi😁 ♊
6754421722797048833,adz_.0._,canopy_010,1,0,0,0,14,14.0,1779652926,1779652926,[],"Gua pernah, saat di perjalanan jauh, kunci layar HP gua sengaja di nonaktifkan. 𝘧𝘳𝘪𝘦𝘯𝘥𝘴𝘩𝘪𝘱☄🇨🇳"
6756548800699122690,kall45848,canopy_282,1,0,0,0,0,0.0,1780554976,1780554976,[],iya lg kal🔮
6762475943270908929,decemvloom,canopy_245,1,0,0,0,2,2.0,1779706460,1779706460,[],ya Allah iyaa yang penting ada ktp😭 decemvloom
6764349228010849282,piph0_0,canopy_587,1,0,0,0,0,0.0,1781083509,1781083509,[],ini adalah alasan knp aku kasih semua no hp keluarga di dompet 𝓐 pip🧜🏻‍♀️ʚଓ
6764421783673816066,mly0502,canopy_513,1,0,0,0,0,0.0,1780679903,1780679903,[],iya ko gitu ya not yana
6768352150184772610,cherryminyouuu,canopy_627,1,0,0,0,0,0.0,1780667129,1780667129,[],"selalu di ingetin sama bokap buat bawa identitas kemana pun, krna hari sial ga ada yg tauu r.isn🅰️"
6768768996311843841,aciyyaaa,canopy_596,1,0,0,0,0,0.0,1780662567,1780662567,[],mna iya lagi ciyaaa
6769926844173255682,borealis.ly,canopy_668,1,0,0,0,0,0.0,1780838362,1780838362,[],IYA BANGET SUMPAH bubbles
6770581281769686017,stvniii_9,canopy_003,2,0,0,0,0,0.0,1781170477,1781170477,[],[Sticker] @𖣂:ktp ketinggalan 🫧 [Sticker] @𖣂:ktp ketinggalan 🫧
6771295474496619521,divtlns,canopy_402,2,0,0,0,0,0.0,1782110602,1782110602,[],"didompet gue yg selalu ada nmr hp buat kalo ilang dan ada org baik bisa ngasih tau, tp kejadian gini pernah terjadi dan yap bnr ada org baik balikin🥰 𝓓𝓲𝓿𝓪𝓪🏎 didompet gue yg selalu ada nmr hp buat kalo ilang dan ada org baik bisa ngasih tau, tp kejadian gini pernah terjadi dan yap"
6772083611405140994,_hassan041,canopy_224,1,0,0,0,3,3.0,1779672724,1779672724,[],"ntah kenapa gwe ga tertarik make dompet, nyimpen duid masih disaku🗿 Hassan"
6772179954580112386,umma_arfaaz,canopy_461,2,0,0,0,0,0.0,1780208225,1780208354,[],Semua orang kaya gini kah? Maksudnya berarti samaa ga sendirian yg kaya gini😭😭 Umma_Arfaaz ❤︎࿐ Bahkan kalo lagi mau perjalanan jauh gitu chat ke adk kalo ada (nyimpen uang ini disini disini) 😭😭 Umma_Arfaaz ❤︎࿐
6772352601625592834,1iaameliaa,canopy_158,1,0,0,0,1,1.0,1779694283,1779694283,[],iya anjr gua jg gt😭 liaa
6773577287466288130,lumineyuki1,canopy_426,2,0,0,0,0,0.0,1781655349,1781655349,[],"gw tim yg ke 2, itu kebiasaan dari ayah, klk bepergian data identitas harus dibawa lengkap + 1 benda yg bukan benda berharga biar pait pait klk sampe ada kejadian buruk, seenggaknya identitas w langsung bisa dikenalin 🙂 Niko-sky gw tim yg ke 2, itu kebiasaan dari ayah, klk beperg"
6774894159096153089,turi17_,canopy_101,2,0,0,0,0,0.0,1782185349,1782185349,[],dari dulu pengen buat dog tag Turi dari dulu pengen buat dog tag Turi
6775037590875603969,hardiuuuu,canopy_453,1,0,0,0,0,0.0,1780300961,1780300961,[],FRrr bos
6776674034375263234,little.babbyyyy,canopy_188,1,0,0,0,1,1.0,1781058746,1781058746,[],"ini kata ayah gua begini, biar kalo kenapa napa ada yang nganterin pulang ."
6778685305375572993,mp.dhany,canopy_300,1,0,0,0,1,1.0,1779687003,1779687003,[],Ini pemikiran gua tiap hari😭😭 mp.dhany
6780503456405013506,agnes_park99,canopy_496,1,0,0,0,0,0.0,1780023121,1780023121,[],"iya lagi. nomor darurat ku ubah jadi nomor papa aja kali ya, adek kan udah di Jepang. Agnes Park♡"
6782315094518514690,callmeompo,canopy_328,2,0,0,0,0,0.0,1782013855,1782013855,[],beda isinya dompet beda minsed🙏 Om Po beda isinya dompet beda minsed🙏 Om Po
6782765158793643009,ariestarv,canopy_304,2,0,0,0,0,0.0,1781778603,1781778603,[],Jir baru tau ada pemikiran ky gimi re Jir baru tau ada pemikiran ky gimi re
6782803103168234498,dvtslwaa,canopy_120,1,0,0,0,0,0.0,1780940697,1780940697,[],iyalagi (ktm atau ktp) dvta's
6783222402173502465,oktavynii,canopy_711,1,0,0,0,0,0.0,1780822775,1780822775,[],wkwkwk gue juga selalu bawa ktp kemana pun karna takut giniii oksil
6784144101794513921,honey.beee16,canopy_169,1,0,0,0,1,1.0,1779683105,1779683105,[],"gue yg kemana2 selalu terselip catatan kontak darurat (Ortu, Pacar, adek) . tiap keluar rumah kepikirn kalo knpa2 dijalan dan org gabisa buka hp gue bisa hubungin yg di catetan itu🙂 Capt Bee'"
6785509977571656706,dilla.rml,canopy_659,1,0,0,0,0,0.0,1780627676,1780627676,[],"pernah pergi makan cuma deket dari rumah, trus bawa dompet, pas balik aku jatoh krn ada jln berlubang cukup besar, dompet ku bukannya di selamatin malah di embat sama yg bantu, mana isinya 500rb, taik emg. 🎤 Dilla Mc Wedding✨️"
6786834111405474817,cumascrolfyp,canopy_716,1,0,0,0,0,0.0,1780772582,1780772582,[],gua malah ngapalin nmr suami 😭😭😭 ratnaaas
6786845476277765121,cartby.mitha,canopy_327,2,0,0,0,0,0.0,1782037372,1782037372,[],"Bapak aku ini yg ngajarin Cheri, Cheri Lady🍒 Bapak aku ini yg ngajarin Cheri, Cheri Lady🍒"
6787238343676888066,mehger,canopy_648,1,0,0,0,0,0.0,1780638827,1780638827,[],"Aku juga yg kedua. Kalo ada apa2, bisa cepat hubungi keluarga. Masalah duit diambil itu belakangan, uang cash jg jarang duitnya lebih dr 200k 😭😭 mehger"
6788503463644070913,tukang.panci3,canopy_147,1,0,0,0,1,1.0,1779791648,1779791648,[],[Sticker] dan hanya dompet tanpa isi apapun Tukang.Panci
6788785074981815297,_alghfrn,canopy_262,1,0,0,0,1,1.0,1780541816,1780541816,[],[Sticker] alghfrn26
6789508052824949761,gueajadeya,canopy_604,1,0,0,0,0,0.0,1780651795,1780651795,[],😂😂 biririjing
6789909107152815105,4ndreandika,canopy_160,1,0,0,0,0,0.0,1780313307,1780313307,[],kirain aku doang haha. dreee
6790253944469586946,bakekok820,canopy_571,1,0,0,0,0,0.0,1781022405,1781022405,[],jangan lupa ktp nasgor goreng
6790507954094392321,bochennnnnn,canopy_494,1,0,0,0,0,0.0,1780124324,1780124324,[],Bawa id card kerja😁 deyaa☘️
6791117631681496066,yaydyul,canopy_540,1,0,0,0,0,0.0,1780324004,1780324004,[],"ibu aku banget, kenapa bisa kepikiran gitu aku jadi takut.
dia ga bawa KTP asli, tapi bawa fotocopy annya. aku kaget 😭 dyul"
6791345207919051777,jbsamkcnk,canopy_418,2,0,0,0,0,0.0,1781930514,1781930514,[],"Bawa HP, Duit selembar, SIM dengan tulisan DNR di belakang SIM. 113333555555 Bawa HP, Duit selembar, SIM dengan tulisan DNR di belakang SIM. 113333555555"
6792123587908043778,rcamoree,canopy_438,1,0,0,0,0,0.0,1780175419,1780175419,[],kalo perjalanan jauh jangan lupa lepas pola/pin & sandi HP lo kalo celaka yg nolong lu bakal cepet hubungin keluarga lo RC-Amore
6792529910911321090,jayko.jpg,canopy_310,2,0,0,0,0,0.0,1782027725,1782027725,[],Iya pula lagi pernah mikir gitu jayko.jpg Iya pula lagi pernah mikir gitu jayko.jpg
6793092651313005570,mbak_d28cantik,canopy_126,1,0,0,0,1,1.0,1779719713,1779719713,[],aku kalau pergi jauh tutup semua akun sosmed Mbak D
6793912738013316098,cocoopppi,canopy_468,1,0,0,0,0,0.0,1780213197,1780213197,[],jujur iyaaa😭😭😭 erina🧜🏻‍♀️
6793966950622020610,dewitadado,canopy_629,1,0,0,0,0,0.0,1780575311,1780575311,[],kalo pergi suka non aktifin lock hp biar amit2 kalo ada apa2 orang2 bisa cari kontak di hp gw 😭 tahumility
6796118400902300673,hothotpopppppp,canopy_167,1,0,0,0,5,5.0,1779716345,1779716345,[],"Bapak gue selalu bilang kalo mau pergi kemanapun harus bawa ktp, takut nya mati dijalan bisa dianterin ke rumah katanya😭 hothotpop🍭"
6796494815040848898,syifasays.hi,canopy_486,1,0,0,0,0,0.0,1780241290,1780241290,[],samaa wkwkw Syifasays.hi
6796501145089229825,xwaa15,canopy_082,2,0,0,0,0,0.0,1782182028,1782182028,[],ko sama ya tiap kali bepergian slalu mkir gini😔 haw🅰️ ko sama ya tiap kali bepergian slalu mkir gini😔 haw🅰️
6796561541916591105,lutpeee_,canopy_462,1,0,0,0,0,0.0,1780583352,1780583352,[],"ktp, sim nomer 1 ￴"
6797030305159152641,hiicyeruna,canopy_661,1,0,0,0,0,0.0,1780618991,1780618991,[],"makanya gue heran kok ada yang keluar ga bawa tanda pengenal, amit-amit kalo misal kenapa-napa kan gampang dikenali bibbles"
6797983925664302082,humayyira_,canopy_324,1,0,0,0,1,1.0,1779773974,1779773974,[],relate takut kenapa² dijalan😭 ashdkshsk
6799184260408050690,moonysalty,canopy_436,1,0,0,0,0,0.0,1780168630,1780168630,[],"Nah bener, bahkan aku sampe bikin kartu emergency yang isinya lengkap, ada nomer keluarga, goldar dll. agar mudah di tanganin ketika terjadi sesuatu, oh iya buat kalian yang butuh emergency card bisa hubungin aku ya ollllll Bläuli"
6800380754986042369,zllaa_4,canopy_320,2,0,0,0,0,0.0,1781485032,1781485032,[],apasih gj bgt komenan nya zla apasih gj bgt komenan nya zla
6800548226338489346,mi4w7,canopy_603,1,0,0,0,0,0.0,1780768082,1780768082,[],kalo aku mesti bawa atm sm ktp doank. mikirnya jg sama.😭 ars🦁
6801315654327976962,dndfw,canopy_170,1,0,0,0,0,0.0,1779882579,1779882579,[],wkwk ga pernah bisa pake dompet sundae12
6803169593541624833,sri_agustinaaa,canopy_221,1,0,0,0,1,1.0,1779695139,1779695139,[],"aku bw dompet krn berpikir biar klo ilang bisa mintol, krn aku gampang hilang dan nyasar😭 Tinaa"
6803764186801095681,renihandayani369,canopy_671,1,0,0,0,0,0.0,1780833052,1780833052,[],"aku juga selalu simpen foto copy ktp di case hp, takut knp"" dijalan atau di luar klo hp ga bisa di buka bisa cek ktp Renihanda"
6805891388057224193,nabilaaptrk,canopy_612,1,0,0,0,0,0.0,1780678266,1780678266,[],kl gue pokonya kl plg darimana aja wajib hp batrenya banyak dan data nyala at least kl ada apapa ga susah ice bear
6806265446909510657,vegauchul,canopy_078,2,0,0,0,0,0.0,1780329633,1780329633,[],"usia skrng 33thn tp pikiran gua udh kstu 😭
dlu pas umur 20an gasuka bawa dompet tp skrng ke warung depan jalan pun harus bawa dompet atau ga bawa KTP di belakang case hp 🗿 Maminya Rafanial usia skrng 33thn tp pikiran gua udh kstu 😭
dlu pas umur 20an gasuka bawa dompet tp skrng ke"
6806491020194350081,hlynddd,canopy_131,1,0,0,0,2,2.0,1779929552,1779929552,[],"Dulu waktu kuliah sems awal umur 16th belum punya ktp dan perjalanan lumayan jauh 1 jam, dan waktu itu sekitar -+ 1 bulan ga pegang hp karena belum punya, jadi di buku tulis di catet nomor hp ortu biar kalo kenapa napa orang bisa hubungin ortu di nomer itu. hilyatunnida"
6807970882242675714,onyourstar_s,canopy_226,1,0,0,0,0,0.0,1780233022,1780233022,[],kirain gue doang… bibib🥢
6808778790597116929,jvlynce,canopy_209,1,0,0,0,1,1.0,1780999386,1780999386,[],gw yg kemana mana gapernah bawa ktp sm dompet😭 ciaaa
6810713854601102338,dlnpt3,canopy_475,1,0,0,0,0,0.0,1780270491,1780270491,[],ini pikiranku karna kuliah jauh jadi pikiran jelek nya banyak banget Delaaa🍭
6811144195337307138,mufas4hlc,canopy_598,1,0,0,0,0,0.0,1780659398,1780659398,[],"alasan gw print bnyk foto dan taroh di dompet, biar gampang terindetifikasi. tp semoga kita semua meninggal dlm keadaan yg baik😁 Tamm"
6811330950171345921,haimaa.ed,canopy_435,1,0,0,0,0,0.0,1780290014,1780290014,[],"percaya ga? sampe dompetku kutulis nomor org terdekatku, biar kalo amit amit yaa, ada apa apa org gabisa buka hpku, nanti bisa buka dompet terus telfon nomor yg kutulis. kek gilaa bgt, sejauh itu mikirnyaa woyy, capek 😭 𝐡𝐚𝐲.𝐦𝐚𝐚"
6812518023523648514,grracefully,canopy_485,1,0,0,0,0,0.0,1780198783,1780198783,[],"dulu pake helm malu tapi sekarang ""pake helm ah biar kalo kecelakaan ngga pala dulu yg ngebentur aspal tapi hlm"" Anggun"
6812520051217761282,sultanbrunejey,canopy_243,1,0,0,0,1,1.0,1779804906,1779804906,[],aslikk bro gw jg mikir gt Sultan bekaszi
6812815188275495938,soulpeachh2,canopy_649,1,0,0,0,0,0.0,1780638581,1780638581,[],iya bgt ih napa ya😞😞 userr
6813298623070798850,mrsfirnanda,canopy_617,1,0,0,0,0,0.0,1780672998,1780672998,[],"Sial. Gw udh di fase kayak gini lagi, saking banyaknya kehilangan yg gw terima, smpe finalnya gw pun udh siap kehilangan diri gw sendiri😁 Callmebee"
6813610779519386626,prttyaysh,canopy_376,1,0,0,0,1,1.0,1780681789,1780681789,[],"GUA KIRA GUA DOANG YG MIKIR BGINI😭 takut tiba' nauzubillah knp' dijalan, org' bisa lgsng nemuin alamat gue 🧸🪐🪄"
6814393358795179010,dchesa,canopy_331,2,0,0,0,0,0.0,1782001208,1782001208,[],iya lagi couldn't sleep iya lagi couldn't sleep
6814495638986720257,esccube,canopy_160,2,0,0,0,0,0.0,1781054154,1781054154,[],KIRAIN AKU DOANG assa KIRAIN AKU DOANG assa
6815404286269621250,allverhmnfk,canopy_228,1,0,0,0,0,0.0,1781023913,1781023913,[],jujur iya.... 𝓹𝓲𝓬𝓪𝓪𝓪
6816166239204983809,sarangekiko,canopy_646,1,0,0,0,0,0.0,1780640885,1780640885,[],sebagai anak sebatang kara sering banget mikir begini.. bahkan kepikiran kalau amit2 terjadi sesuatu langsung makamin gak usah hubungi keluarga it's oke seyeng
6816804544841368577,jejennnnnnnn_,canopy_259,1,0,0,0,2,2.0,1779688777,1779688777,[],aku slalu mikir gitu knp y😭 -----
6817789563286914050,yayaya_111113,canopy_626,1,0,0,0,0,0.0,1780667374,1780667374,[],"aku ketika dijalan selalu dapat bayangan orang jatuh ataupun meninggal dan beberapa saat setelah ada bayangan seperti itu terlintas pasti ada yg kecelakaan. jujur aku gk mau punya penglihatan seperti itu,😭😭😭 yaa🌻"
6819425625885361153,ephemerld,canopy_263,1,0,0,0,0,0.0,1780723494,1780723494,[],ternyata ga sendirian pikiran buruk ini😭 amit2 kecelakaan ada identitas😭😭 petite
6819447568583541762,vfrechess,canopy_243,1,0,0,0,1,1.0,1779704749,1779704749,[],"kok iya sih gw jg mikir gt😭 tapi amit"" MadCat"
6820978069932540930,hnisti,canopy_220,1,0,0,0,1,1.0,1779798964,1779798964,[],"me: harus bawa HP SIM/KTP dan bpjs, takut kecelakaan pas di jalan hnisti"
6822083868406711298,.mikasa_02,canopy_599,1,0,0,0,0,0.0,1780735030,1780735030,[],bapa gua sllu ngingetin gua kmn² bawa KTP mikasa
6822219016431043585,eldarveyy,canopy_395,1,0,0,0,1,1.0,1779663355,1779663355,[],"""dompet jangan lupa, biar kalo mati di jalan tetep bisa nyampe rumah"" Eldarvey"
6823738969319965698,bubyiees,canopy_588,1,0,0,0,0,0.0,1781083363,1781083363,[],"ga bawa dompet, tp bawa ktp user269062581"
6824652061209756674,replaypubgm_,canopy_274,1,0,0,0,2,2.0,1779617200,1779617200,[],"fr fr, dompet isi 1k Ama aja tetep gua bawa QF・Replay | Qiustore"
6826232852025263106,gimmemoreburgersplease,canopy_071,2,0,0,0,0,0.0,1782197495,1782197495,[],mlh keluar tnpa dompet dan hp😞 cherry mlh keluar tnpa dompet dan hp😞 cherry
6827980326506120194,ch0copioo,canopy_532,1,0,0,0,0,0.0,1780320070,1780320070,[],"klo bwa duit gue malah jarang pke dompet krna tim cashless,dompet cm jdi identitas gue doang tkut ada apa’😅 hmmmzz"
6829077348115170306,valdonova,canopy_348,2,0,0,0,0,0.0,1781145864,1781145864,[],mana iya lagi ValdoNovaa. mana iya lagi ValdoNovaa.
6829551693668516865,jelawillhealyou,canopy_122,1,0,0,0,0,0.0,1780195389,1780195389,[],gw klo keluar kota ga pernah bawa ktp😭 Jelaofficial
6830423953955341314,userfrndlyyy4,canopy_299,2,0,0,0,0,0.0,1781784561,1781784561,[],di kasih pesan gini sm ayah waktu awal merantau dlu😅 olliee di kasih pesan gini sm ayah waktu awal merantau dlu😅 olliee
6830724950749840385,thegaaaaa,canopy_411,2,0,0,0,0,0.0,1782042253,1782042253,[],aku ngk bawa dompet tapi bawa KTP kemana mana😭 just me aku ngk bawa dompet tapi bawa KTP kemana mana😭 just me
6832172451021308929,mutia_putri43,canopy_177,1,0,0,0,1,1.0,1779708074,1779708074,[],"Aku bulan maret celaka dan sebelum berangkat sempet mikir gini, bawa dompet ah biar ada apa-apa gampang. Dan ternyata emang udah firasat harusnya gak usah pergi, 😅 Mrs chiw"
6832456761011995649,tumbler_ungu_,canopy_067,1,0,0,0,2,2.0,1779687905,1779687905,[],kalo mau berangkat kerja selalu pasang name tag trs pake jaket tapi ngga diresleting + HP selalu ngga di sandi atau pin biar gampang hubungin orang kerja sama orang rumah fullsun🌻
6833204431723512834,rojjeannepark,canopy_001,1,0,1,0,0,0.0,1780811892,1780811892,[],@YUUD:lah kirain pemikiran gw doang yg kaya gini a
6834804156868690945,uuuummmyyyy2,canopy_466,1,0,0,0,0,0.0,1780203309,1780203309,[],"ak sering bawa dompet, tapi jarang bawa hp, jadi buat catatan kecil khusus buat nomor nomor emergency yg bisa di hubungi 😅 ummy🎀🦩"
6836139867615151105,asliganteng_,canopy_019,1,0,0,0,23,23.0,1779895564,1779895564,[],"tiap mau keluar sllu usahain pake daleman yg bagus, biar nanti kalo ada apa2 dijalan, udahlah gamau di lanjutin tp amit2 ya😭😭😭🫰🏻🫰🏻 manimaynotknow"
6837076813065094145,heiitsme03,canopy_675,1,0,0,0,0,0.0,1780828874,1780828874,[],bawa dompet yg gaada uangnya tapi ada sim nya biar ga ketilang😭 aliafyu
6837516209820517378,hablumina.love,canopy_121,1,0,0,0,1,1.0,1782130553,1782130553,[],"mama : kalau kemana mana bawa dompet biar bisa beli jajan
.
ayah : kalau kemana mana bawa KTP, biar kalau ada apa apa tau lokasi rumah manusia seperempat abad"
6838394070915974146,iizwip,canopy_205,1,0,0,0,1,1.0,1779720761,1779720761,[],[Sticker] gw yg kmna mana ga pernh bawa dompet 𐙚🪼
6839577391792669697,gaktaubingung1510,canopy_495,1,0,0,0,0,0.0,1780021365,1780021365,[],barang yang wajib banget gw bawa adalah KTP dan BPJS😌 gaktaubingung1510
6840120098842379265,vhiapotabuga,canopy_339,1,0,2,0,0,0.0,1780628717,1780628717,[],@v @Onya 🦋 pia
6840264030130144258,reyg2311,canopy_409,2,0,0,0,0,0.0,1782059117,1782059117,[],Itu yg nyokap gw bilang padahal pergi deket bawa dompet biar gampang di cari nya Reyg Itu yg nyokap gw bilang padahal pergi deket bawa dompet biar gampang di cari nya Reyg
6840729921989297153,anggunpinkypie,canopy_051,1,0,0,0,2,2.0,1780907640,1780907640,[],kalo aku ga lock hp biar org org bs hubungi keluargaku😭 ⋆ swiftiesanggun 𐙚
6840741607329154049,alenasndry,canopy_498,1,0,0,0,0,0.0,1780333636,1780333636,[],"bawa dompet kmna"" karna ada kartu Identitas _sndryy"
6843726665424585734,ikzyrouwu,canopy_074,2,0,0,0,0,0.0,1782187461,1782187461,[],tinggal bawa kartu nama😹 iKzyro pratama tinggal bawa kartu nama😹 iKzyro pratama
6844898370776122370,user927537292,canopy_047,1,0,0,0,2,2.0,1779664538,1779664538,[],"gua ga perna bawa dompet jir,kadang ktp aja gua gatau ada dmn😭 user92753729"
6845216238998684674,boy.naufall,canopy_036,1,0,0,0,4,4.0,1781166541,1781166541,[],kirain gue doang yg mikir gini anjir ig:naufal.rzky_
6846562081585742849,idgafxxh,canopy_152,1,0,0,0,1,1.0,1779681329,1779681329,[],Eh ternyata banyak ya yg mikir gini ♋️
6847672141748634626,luxcraft.end,canopy_521,1,0,0,0,0,0.0,1780069394,1780069394,[],yh it. Renzz.
6848106255912207361,kekasihatake,canopy_035,1,0,0,0,14,14.0,1780739181,1780739181,[],gua selalu di suruh emak gua bawa ktp dgn alasan begini😭 eyrn
6849158272508838913,ydpramushinta,canopy_034,1,0,0,0,2,2.0,1780995366,1780995366,[],klo aku hp gamau aku kunci takut klo knp2 gbisa buka buat hubgi YD.Pramushinta
6851099711870354434,lettesecenggondok,canopy_581,1,0,0,0,0,0.0,1781108559,1781108559,[],"Kak, Aku usahakan pakai perhiasan sedikit mana tau ada yg menolong Aku dalam keadaan meninggal ( tidak ada yg kenal)
perhiasan ku bisa dipakai jadi biayanya. Lettes Eceng Gondok"
6851103401436120066,fllwrrrrrrrrrrrrrrrrrrrr,canopy_197,1,0,0,0,1,1.0,1779720254,1779720254,[],sdh d fase kemana mana minimal bawa KTP. biar jaraknya deket🥺 ❝ Nyx〄◌˳˚⌖
6851223366805210113,rxtutu_xyz,canopy_210,1,0,0,0,1,1.0,1779618332,1779618332,[],pasti pemancing sejati R¹ u_x
6851242490378437633,abcyaaan,canopy_115,1,0,0,0,4,4.0,1780328220,1780328220,[],"jujur gua juga gini, padahal di dompet isi nya cuma ktp doang. kalo uang gua gapernah megang cash Ayyn"
6851799698815845377,echaaaaa36,canopy_007,1,0,0,0,1396,1396.0,1780657937,1780657937,[],gua yang gapernah kepikiran kalo bakal kecelakaan pas diperjalanan😭 bubbletimecaa
6852682568228963330,mixrubyjane,canopy_282,2,0,0,0,0,0.0,1781058013,1781058013,[],iya lg mixrubyjane iya lg mixrubyjane
6853326473168716802,mnkyhann,canopy_011,1,0,0,0,116,116.0,1780893592,1780893592,[],[Sticker] isi dompetnya: SUPERHANN
6853606251437016066,ppangsitgoreng,canopy_244,1,0,0,0,2,2.0,1779756595,1779756595,[],"dulu gua kira KTP itu ga penting setelah ngerantau, KTP selalu ada di dompet, dompet selalu ada di kantong pangsit goreng"
6854824681779348482,heyy_patrick,canopy_650,1,0,0,0,0,0.0,1780638576,1780638576,[],jujurrrr Belle 🌹
6855938496336659457,vanoo.18102,canopy_640,1,0,0,0,0,0.0,1780564896,1780564896,[],madrid cuyy akun tidak ditemukan
6856714213596726273,_gtpspandawa,canopy_024,1,0,0,0,39,39.0,1779606724,1779606724,[],itu pasti pesan bapak ke kita kan bang 🥺 Yuバユサデウォ
6858020241664181249,tsunade_114,canopy_029,1,0,0,0,1,1.0,1782057628,1782057628,[],"aku yg keluar GK bawa dompet karena GK pernah jajan malu dan GK bawa KTP juga
merantau di Palembang KTP nya di rumah Lampung 😂 aku selalu berfikir jika aku sudah melangkah semua akan baik baik saja Tsunade-17"
6859585767275381762,hueningkayi,canopy_020,1,0,0,0,30,30.0,1779858685,1779858685,[],"eh tp aku beneran gini deh wkwkwkwkk, tkut kenapa2 trus gada yg bs dihubungi biloo"
6859637966656177154,wcks1398,canopy_339,1,0,5,0,0,0.0,1781078741,1781078741,[],@B @aby🇦🇱 @n @bagng @yokkkkk Cicak
6859721993622471682,ia.iayara,canopy_252,1,0,0,0,2,2.0,1780837904,1780837904,[],tuh kan lupa gw belum nulis no hp keluarga di foto dalem dompet Mon chéri⋆🍒
6860294785044874241,magicalthestral._,canopy_618,1,0,0,0,0,0.0,1780672400,1780672400,[],"kl mls bawa dompet, bawa ktm atau simnya doang A"
6863404694133572610,kinidanantii,canopy_699,1,0,0,0,0,0.0,1780715370,1780715370,[],"semenjak merantau, kalau keluar wajib bawa dompet karena di situ ada identitas gw. gada yg tau apa yg akan terjadi di jalan nnti. kinderjoy"
6866036800730088449,user66873000401751,canopy_114,1,0,0,0,1,1.0,1779714484,1779714484,[],"gw Cok,selalu bawa dompet meskipun sepeserpun ga ada user66873000401751"
6867549943109288962,_oregina,canopy_227,1,0,0,0,1,1.0,1779676179,1779676179,[],gw yg kemana2 ga bawa apa2 🗿 tebak2an aja lah gas kerang ajaib🐚
6868244544707675138,hihirisaa,canopy_440,1,0,0,0,0,0.0,1780287738,1780287738,[],"Hahahaha bener, ini yg selalu aku pikirin kalo mau kemana-mana😭😭 Risawww"
6868961500935226369,kim_nina03,canopy_632,1,0,0,0,0,0.0,1780584308,1780584308,[],"hp ku gk pake kunci,trus d dimpetku slalu ada kertas yg isinya nomor org tuaku beserta alamat rumah,ada KTP sii,cuma biar lebih jelas aja..trus aku isi nomor hp ortuku krna aku pasti pergi nya bareng suami,aku gaberani pergi sendiri soalnya..takut tiba²ada sesuatu d jalan...hp gk"
6869604967994541057,mvnanrlya,canopy_008,1,0,0,0,287,287.0,1779766788,1779766788,[],"bahkan di emergency phone
dari nama lengkap ayah ibu,gol darah,tb,bb,alergi,kontak² yang bisa di hubungin sudah aku persiapkan. 𝓜𝓮𝓲𝓶𝓮𝓲."
6869715594691150849,wiwiindsy,canopy_488,1,0,0,0,0,0.0,1780337027,1780337027,[],aku foto setiap makanan yg aku makan. krna berpikir mungkin orng2 perlu tau makanan terakhir ku saat aku mungkin tiba2 meninggal:( .
6869941060425237506,jwcent,canopy_098,1,0,0,0,2,2.0,1780373722,1780373722,[],"Mana iya lagi, dulu paling malas bawa dompet, tapi sekarang jadi rajin bawa karena itu,, we never know JWC ENTERTAIMENT✨"
6869969581265306626,k___dst,canopy_504,1,0,0,0,0,0.0,1780033765,1780033765,[],benerr k___dst
6870096820917584898,chillbaby12,canopy_637,1,0,0,0,0,0.0,1780573779,1780573779,[],"yaAllah iya lagi pokoknya ktp, kartu bpjs gaboleh ketinggalan ditas😭 gin"
6870129679489238018,username.a791,canopy_160,1,0,0,0,1,1.0,1781053152,1781053152,[],kirain gw doang Ardi
6870516830428201985,duaoopat,canopy_333,1,0,0,0,1,1.0,1779906417,1779906417,[],Wkwk hari hari kyk gini Ufiii
6870707962155992065,ay_sunset,canopy_529,1,0,0,0,0,0.0,1781017112,1781017112,[],ahahaha sama bwa kartu bpjs kman2 supaya kalo knpa2 ga di tunda penangannnya 😭 matcha 🤏🏻🤍
6871132695309796354,hyy_herr,canopy_503,1,0,0,0,0,0.0,1780048293,1780048293,[],Mau mancing jangan lupa bawa KTP HR Fishing
6871174504082342914,anitaskr_,canopy_444,1,0,0,0,0,0.0,1780177378,1780177378,[],Gapernah main bawa cash tapi dompet selalu dibawa anit
6871426693903778821,vouidy,canopy_369,1,0,0,0,1,1.0,1781070195,1781070195,[],"gua bawa kartu rs yang sering gua berobat, biar kalo kecelakaan langsung dibawa ke rs itu tanpa tanya alamat gua, nama gua siapa krna udh ada data nya😭 i dont know🤷🚩"
6871752909106938881,vpiece_,canopy_356,1,0,0,0,1,1.0,1779642021,1779642021,[],gw gk peduli mau bawa dompet atau gk yg penting bawa KTP 😭😭 🪐🌹
6871753836990678018,dfraaw,canopy_494,1,0,0,0,0,0.0,1780338338,1780338338,[],tiap pagi mau berangkat kerja selalu pake id card dijalan krna dibelakang id card ada data diri gue tkut amit2 kenpa2 gampang identifikasinya😭 Fira
6872243314772345857,devischespace,canopy_057,1,0,0,0,6,6.0,1780359888,1780359888,[],"iyalagi, pokonya yg wajib ada di dalem dompet itu ktp, kartu bpjs, dan bbrp catatan pin hp. bahkan di hp semua data gol darah, alergi, dan rekam medis lainnya udah dicatat dgn lengkap beserta nomor daruratnya plus di google maps udah ku buat titik rumahku biar kalau ada apa-apa b"
6874567311643395073,inidaandini,canopy_611,1,0,0,0,0,0.0,1780678442,1780678442,[],😭😭 Andini
6874733816599708673,mas_anjay123,canopy_025,2,0,0,0,0,0.0,1781161113,1781161113,[],plot wist bawa domper karena ke koperasi merah putih . awokwokwok anjay mabar plot wist bawa domper karena ke koperasi merah putih . awokwokwok anjay mabar
6876032316125824006,akbar041997,canopy_231,1,0,0,0,0,0.0,1780569389,1780569389,[],gw kira gw doangg yg kek gitu 😁 AKBAR4
6876392341809824773,auray_2205,canopy_203,1,0,0,0,1,1.0,1779799499,1779799499,[],Hhhh pemikiran yg tak terduga 😂 Rayy
6876731745220920321,neni.insap,canopy_072,1,0,0,0,3,3.0,1780358933,1780358933,[],"iya lagi 😭... : uang secukupnya buat bensin/ jajan. ATM nggak perlu dibawa. paling penting KTP biar kalo ada apa"" di jalan ada yang tau alamatku biar dianter 🥺 neni.insap||44/160"
6876960008552416258,gwechanimek,canopy_368,2,0,0,0,2,1.0,1781081284,1781081305,[],"makanya aku suka marah kalo emak ga bawa KTP Lokaaa 49/51 deym, mna suka bawa motor ngebut eheheh Lokaaa 49/51"
6877103683433464833,leeshe96,canopy_539,1,0,0,0,0,0.0,1780324269,1780324269,[],"ia lagi, kalo hiking malah diutamakan bawa ktp ketimbang kartu atm 😭 Leesyell95"
6877339287446422529,nanofresandcare,canopy_481,1,0,0,0,0,0.0,1780317800,1780317800,[],jirrf hrptr
6877714053142348801,rispajeu,canopy_258,1,0,0,0,2,2.0,1779878324,1779878324,[],Mana bener lgih…🥹 IG : rispafdlh25
6877807298031780866,ultramilk503,canopy_313,1,0,0,0,1,1.0,1779705843,1779705843,[],lahhh samaaa pemikiran gua banget ultramilk503
6878248128962954245,darisfauzan,canopy_346,1,0,0,0,0,0.0,1780547684,1780547684,[],wkwkwk iya lagi 😂 Daris Fauzan | An Ordinary Man
6878792033083933697,zxcvvnx,canopy_370,1,0,0,0,1,1.0,1781004054,1781004054,[],tercatat nomor darurat didalam dompet hehe prim.
6878826082558428161,youniie_27,canopy_251,1,0,0,0,1,1.0,1779720865,1779720865,[],iya bngt lagi walaupun ga bawa dompet gue ttp bawa atm sama ktp😭😭 🧌
6879236273988191237,cwnung,canopy_261,1,0,0,0,0,0.0,1780817077,1780817077,[],g gw sering mkir gni kmna² klo g bw hp y ktp😔 cnungultramen
6879408727230465026,nafisatul_25,canopy_144,1,0,0,0,3,3.0,1779794969,1779794969,[],"yg selalu Q terapkan,
sambil selalu berdoa agar selamat d perjalanan & d manapun berada 🤲 Juli25"
6880772801029506050,bqann_,canopy_688,1,0,0,0,0,0.0,1780942441,1780942441,[],"[Sticker] aku prnh bersyukur kecelakaan sempet makeup meskipun g niat, setidaknya msih PD cantik waktu diselamatkan🥰 ~♪🌷"
6881122811742979074,hmyelaaaa,canopy_508,1,0,0,0,0,0.0,1779979262,1779979262,[],"pernah dulu mikir gini, pas masih sekolah, soalnya suka lembur di sekolah, jadi pulang malam"" sendirian, jalan agak sepi, jarak tempuh sekitar 18 menit gitu, mana motor suka mogok😮‍💨 eliss"
6881222858455581697,ryx.k1,canopy_642,1,0,0,0,0,0.0,1780563303,1780563303,[],"sepemikiran sih aku juga keluar selalu bawa dompet kalo keluar sendiri soalnya disitu ada ktp takut dijalan kenapa"", pdhl gada duit nya soalnya selalu pake qris😭 tralala💨"
6881383602803934210,alonelia_,canopy_482,1,0,0,0,0,0.0,1780196328,1780196328,[],"gw kalo berangkat ke kos (jarak 2,5 jam dr rumah), dompet gw taro dashboard motor tp isinya cm ktp sama sim, duit gw simpen di tas paling dalem, hp di kantong dalem jaket, selalu share live location ke kakak, dg begitu gw pikir kalo ada apa2 lebih gampang tau gw siapa, orang mana"
6881613830130418689,gemini_160602,canopy_044,1,0,0,0,1,1.0,1779752978,1779752978,[],"mamah guee selalu ngingetin bawa KTP ,tapi KTP aslinya gue kaga pernah bawa gue fotocoygue taro casing hp ,bahkan gue taro di tas gue makannya di tas pasti ada aja fotocopy KTP ya krna buat jaga jaga . heheh kata mamah musibah kaga ada yang tau tata16"
6882458879956780033,power_scoop1995,canopy_089,1,0,0,0,4,4.0,1781147069,1781147069,[],"aku selalu yg kedua, takut klo meninggal ga ada yg kenal wkwk ───  Lihat 9.584 balasan ﹀"
6882631863488431106,fanrifanfan,canopy_451,1,0,0,0,0,0.0,1780183419,1780183419,[],sama seracik password hp wkwkwk ipannn🎗️
6883390292378043398,_fattyy,canopy_052,1,0,0,0,0,0.0,1780321769,1780321769,[],Ktp gw ada di case hp wkwk messy hair supremacyy
6883544605590766594,dudydydam,canopy_005,1,0,0,0,1,1.0,1779676089,1779676089,[],"omongan emak gua bgt, pergi jauh jgn lupa bawa ktp syududu~"
6883679263939478530,lightspeed910_,canopy_351,2,0,0,0,0,0.0,1781057736,1781057736,[],[Sticker] _pripri [Sticker] _pripri
6883775352537023489,auliadwii20,canopy_656,1,0,0,0,0,0.0,1780633173,1780633173,[],seenggaknya nyelipin KTP ☺️ uwi
6884391295285806086,wolf_taylor2,canopy_152,1,0,0,0,6,6.0,1779676645,1779676645,[],asli gw juga mikir gini lagi😭😭 Wolf Taylor
6884514024563622913,user092902010606,canopy_636,1,0,0,0,0,0.0,1780612940,1780612940,[],iya lagi user092902010606
6885133273098388482,yaudahdehhhhhhhh,canopy_075,1,0,0,0,9,9.0,1780812432,1780812432,[],"tapi aku juga mikir gini, kemanapun harus bawa identitas diri🥹 yaudahdeh"
6886446824174076930,jossjiii,canopy_384,1,0,0,0,1,1.0,1779752761,1779752761,[],"iya njrr, aku malah naro nomor sendiri ama nomor orang2 terdekat, klo ad apa2 ama gua biar cpt aja nge kontaks nya😭😭 Jiismith"
6887101241328288770,fi_phiraphap,canopy_543,1,0,0,0,0,0.0,1780065921,1780065921,[],"ktp gw gk ada di dompet njir, dmn yak? bekas apa yak? pernah gw keluarin lupa nyimpen😔😔 fi phiraphap"
6887524111863694337,caffeinee_,canopy_667,1,0,0,0,0,0.0,1780842986,1780842986,[],hpku aja ga aku password 😭 caffein
6887819547920745477,santilayiliatussadri,canopy_459,1,0,0,0,0,0.0,1780204710,1780204710,[],"temen ku blm bikin KTP kak trs aku bilang gini, ""KTP mah penting harus di bawa biar kalo mati di jalanan ada yg ngaterin pulang."" bsknya dia langsung bikin😭😭 it'nas.."
6888476693641200641,nurraa15,canopy_308,1,0,0,0,1,1.0,1779868401,1779868401,[],udh difase ini🥲 nura🥑
6889263520413484033,madebyfijay,canopy_552,1,0,0,0,0,0.0,1781155474,1781155474,[],gw nempel kartu identitas di tas pancing fijay / 3D Design
6891120589751452673,ritapusmawati,canopy_156,1,0,0,0,0,0.0,1780590110,1780590110,[],keluar wajib banget bawa kartu identitas 🥺 Ritappp
6891957094863389697,__zzzt_,canopy_087,1,0,0,0,3,3.0,1780676021,1780676021,[],sumpah kadang mikir gini kalo mau pergi keluar S
6892279591021413378,olalaola_,canopy_334,1,0,0,0,1,1.0,1780799753,1780799753,[],iya lagi gw kemana pun bawa ktp😔😔 ocnt_
6893653391593440258,just_rndy0,canopy_347,1,0,0,0,1,1.0,1779599298,1779599298,[],lah emng ada yang mikirin pov pertama? lRANDYl
6893717255751025666,yaudahiyaakupami,canopy_568,1,0,0,0,0,0.0,1781058337,1781058337,[],"kirain gua doang, sampe nulis nomor ibu, bapak, adek, sama pacar, taruh di dompet yang ada plastiknya gabung sama foto mazprass_"
6897937907282740225,iggy.avdol,canopy_312,2,0,0,0,0,0.0,1781881120,1781881120,[],gw kira cuman gw yang mikir kyk gini sevgié gw kira cuman gw yang mikir kyk gini sevgié
6899092861301539842,martindnata,canopy_289,1,0,0,0,3,3.0,1779800428,1779800428,[],sial gw kira gw doang J
6900164078850917378,lowww.prof_,canopy_704,1,0,0,0,0,0.0,1780695344,1780695344,[],"ada yg mikir gini ga? kalo kita perlu ngasih password hp dan kata sandi mbanking suatu saat kalo kita mati,tabungan kita masih bisa di pakai sama keluarga (yg punya tabungan) 👑SALMAN"
6900485384896267265,ayuusman87,canopy_525,1,0,0,0,0,0.0,1780083676,1780083676,[],"Kyk aku dulu pas kerja pabrik,kemana2 dompet selalu bawa,Kecelakaan kerja langsung di bawa ke RS..sangat mempermudah urusan 🇮🇩Beautiful Mother 🇮🇩"
6902777439399920641,meccax0,canopy_221,1,0,0,0,1,1.0,1779714579,1779714579,[],beli jas hujan yang warnanya nyentreng biar klo ilang alas gampang ditemuin mecca🎠
6903068209902994434,agung_d5_024,canopy_223,1,0,0,0,2,2.0,1779623533,1779623533,[],[Sticker] KTP lupa bawa €B0π$0π
6904463856761816065,fanisaa.7,canopy_459,1,0,0,0,0,0.0,1780581876,1780581876,[],"Soalnya mamah ku bilang gini, ktp nya di bawa biar kalo ada apa apa gampang😭 fanisaa.7"
6904567468456657921,ttaweiiii,canopy_346,2,0,0,0,0,0.0,1781696792,1781696792,[],wkwkwk iya lagi ta² wkwkwk iya lagi ta²
6905370655970051073,libra.031,canopy_457,1,0,0,0,0,0.0,1780208459,1780208459,[],iihhh sama libra0310
6907064109915046914,pamela.dh24,canopy_066,1,0,0,0,3,3.0,1782000122,1782000122,[],"Aku juga gini, selalu bawa identitas pengenal karena what if worst case happen to me jadi ga repot Pamela istri Kongming"
6907338844421719041,187jt,canopy_389,1,0,0,0,0,0.0,1780195866,1780195866,[],"tiap sm pcr cuma bawa ktp, sim 𝙇"
6907804284760900609,fujimiyalucas,canopy_614,1,0,0,0,0,0.0,1780677622,1780677622,[],"bawa dompet buat jaga jaga kalau terjadi sesuatu ke diri sendiri, bawa hp udah pasti buat beli sesuatu 😁. Lucas"
6908277550168081410,itsawlays,canopy_378,1,0,0,0,1,1.0,1780638210,1780638210,[],"sampe di blkng hp ku ada ftcopy bpjs,ktp, sama no darurat (ortu),,, awlays🌷"
6909417612863554561,slurr_santuy,canopy_208,1,0,0,0,1,1.0,1779805325,1779805325,[],"sejak berumur 20+, pemikiran gw berubah ke-2 Teri Teririst"
6909664281428820994,naszz_45,canopy_225,1,0,0,0,2,2.0,1779676596,1779676596,[],kacamata kita sama bg✌🗿 +𝘾𝙇𝘼𝙔𝙕𝙀𝙍𝙍🐦‍🔥
6910170213696111618,roseelss,canopy_509,1,0,0,0,0,0.0,1780369237,1780369237,[],Ih udah difase ini takut gada identitas pas knp napa 😭 Roseelss
6910687261839967233,emiliaethelind,canopy_645,1,0,0,0,0,0.0,1780641064,1780641064,[],"iya anjir, kdg gw sengaja bawa KTP wkwk calleryaa"
6910753120483165186,permataaa280,canopy_240,1,0,0,0,1,1.0,1779696672,1779696672,[],itulah kenapa aku selalu bawa dompet meski isinya 2 rebu Diah Permata Store
6912352842767680514,itsmeitsk,canopy_373,1,0,0,0,1,1.0,1780784530,1780784530,[],always bawa BPJS tpi ga bawa ktp😭 brrrr
6912475609672451073,kikiamelian99,canopy_573,1,0,0,0,0,0.0,1781017016,1781017016,[],ktp🥲 kikiamelian99
6912770377378841601,elmikhdam1998,canopy_030,1,0,0,0,1,1.0,1779868368,1779868368,[],"gue selalu nyimpen nomor darurat anggota keluarga di dompet, biar orang lain bisa hubungin keluarga kalau2 ada apa2 ama gue🥺 dan juga ""surat terakhir"" kalau motoran/pergi jauh. ElmikhdamZz"
6913152378868302850,randomly_y,canopy_575,1,0,0,0,0,0.0,1781012649,1781012649,[],kalau berpergian jauh aku selalu robek kertas untuk nulis nomor hp anggota keluarga di taruh ke dompet deket ktp coklatkeju🥐🥯
6914228315911128066,ramdhanadiitya,canopy_515,1,0,0,0,0,0.0,1779998759,1779998759,[],kirain cuma gua yg kaya gitu wkwkw😁 Bee one
6914229795971515394,siputtrekss,canopy_605,1,0,0,0,0,0.0,1780651437,1780651437,[],"yang gua takutin klo dompet gua ketinggalan, bukan karna takut gabisa beli apa apa, tapi takut gua gabisa diidentifikasi😔 syudududu"
6915746450216748033,riristalks_,canopy_196,1,0,0,0,1,1.0,1779887467,1779887467,[],"betul aku juga kepikirannya kalau ga bawa dompet takut gitu, takut kalo ada apa apa tu minimal kita ada tanda pengenal nya riris"
6916793805480805377,lavienrowze,canopy_156,1,0,0,0,4,4.0,1779924031,1779924031,[],"iya lagi, aku ga pernah lupa bawa kartu identitas… Princess Di"
6917248103146374146,nassskyje,canopy_524,1,0,0,0,0,0.0,1780072109,1780072109,[],alamak bener pulak nassskyje.
6917841879556539394,dillaaja_0,canopy_479,1,0,0,0,0,0.0,1780267673,1780267673,[],gue pernah mau cuti trs naik pesawat njir. uang yg ada di atm semuanya ku tf ke ortuku. takut pesawatnya jatuh ntr ortu gue repot anjir. padahal kan kalo jatuh jg dpt asuransi😭 Adillah Wandasari
6918182823996785665,arnadeliene_,canopy_517,1,0,0,0,0,0.0,1780004751,1780004751,[],pikiran gw tiap main keluar ama temen makanya selalu bawa ktp 😭🙏🏻 𝓮𝓿𝓪𝓷𝓰𝓮𝓵𝓲𝓷𝓮
6918283987047728130,1januaryy._,canopy_234,1,0,0,0,0,0.0,1780683543,1780683543,[],"gw kadang mls bawa dompet krna bikin tas gw penuh, jdi gw bawanya ktp aja adell.rhma"
6918855608540644354,wahyudi_kun,canopy_001,1,0,0,0,22564,22564.0,1779608505,1779608505,[],lah kirain pemikiran gw doang yg kaya gini YUUD
6918950409570698241,recklesskid_,canopy_288,2,0,0,0,0,0.0,1781685532,1781685532,[],"literally, memudahkan identifikasi 😭 recklesskid_ literally, memudahkan identifikasi 😭 recklesskid_"
6919186037361361922,batholinda,canopy_600,1,0,0,0,0,0.0,1780654625,1780654625,[],Gw juga gini ih 😭 Linda Lestari 🌹
6919245969214080001,vikoadity4,canopy_005,1,0,0,0,1864,1864.0,1779645513,1779645513,[],klo pergi jauh jgn lupa clear browser v?
6919513518389019649,keplesettpisang,canopy_245,1,0,0,0,0,0.0,1779982920,1779982920,[],maaf ya allah rae
6920046433724023810,whatt_0919,canopy_561,1,0,0,0,0,0.0,1781209180,1781209180,[],alasan dompet di bawa terus waulpun isinya cuman ktp doang😂 priasolo
6921359025180574721,19nyajimin,canopy_470,1,0,0,0,0,0.0,1780213600,1780213600,[],"tapi bener banget kok, aku selalu bawa trus untung bawa dompet pas itu kecelakaan dan langsung ngabarin orang rumah, jadi jangan lupa tanda pengenal kemana mana ya lil gurl"
6921629815418848258,zie1503,canopy_411,1,0,0,0,0,0.0,1780610998,1780610998,[],"gak bawa dompet, tapi kemana mana bawa ktp zie"
6922636080495952898,theeisaa,canopy_070,1,0,0,0,5,5.0,1780673459,1780673459,[],jujur gue sering banget m-mikir begini 😞👉👈 theeisa
6922656772109452290,foreverhatingyouu,canopy_015,1,0,0,0,89,89.0,1779694666,1779694666,[],mana foto KTP gw jelek bgt lagiii 😭 lisa
6922733815886889986,bawibatak,canopy_212,1,0,0,0,3,3.0,1779714667,1779714667,[],aku juga klw kmn kmn wajib bawa KTP 😁 Angg!3
6923227293196944385,usern59g3ra722,canopy_359,1,0,0,0,1,1.0,1779600963,1779600963,[],"+ hp gak dikunci, kalo kecelakaan atau mati dijalan orang lain bisa langsung hubungi keluarga tiga puluh satu"
6924145368151442437,berbagibersamadi,canopy_222,1,0,0,0,2,2.0,1779742582,1779742582,[],"aku jg kemanapun klo ga bawa dompet, setidaknya harus bgt bawa uang + ktp + bpjs, biar ga ngerepotin 🙃 gracefinn"
6924904614709969921,citygirl_256,canopy_290,1,0,0,0,1,1.0,1779784778,1779784778,[],"dompet gua gada identitas, cuma duit wkwk miu🌊"
6925056214594274306,xyz123.com2,canopy_015,1,0,0,0,2,2.0,1779721032,1779721032,[],"tpi gue gk mau diviralin, foto ktp gue jelek😭😭😭 semoga kita semua selalu dilindungi Allah di manapun kita berada🤲 x.yyy"
6926515660747768833,maneipulasi,canopy_386,1,0,0,0,1,1.0,1779708358,1779708358,[],"itulah knp dompet gua isinya foto SMA, sd sama pas masih tk, ktp sama kartu pelajar chaeiwn"
6927689178639418369,achavirgoooo,canopy_375,1,0,0,0,1,1.0,1780741897,1780741897,[],"dari dulu mamah gua sering ngomel disuruh bawa identitas kemana mana biar kalo ada apa apa bisa dipulangin ke alamat rumah, kata mamah takut nya di kuburin di belakang rumah sakit😭 tsyasptiahadi"
6928398838458876929,gilanggansv,canopy_200,1,0,0,0,1,1.0,1781702215,1781702215,[],gw yang kemana mana selalu pake dog tags tentara Gilang
6928708259923067906,itsyogurllll_,canopy_537,1,0,0,0,0,0.0,1780058236,1780058236,[],guys biasakan kmna kmna bawa KTP ya MeeRaa✧*。
6929807010993357825,ellapratama12,canopy_593,1,0,0,0,0,0.0,1780653524,1780653524,[],gue jg kek gini😭 ellaaaaa✨
6930270659085009921,enjell28._,canopy_670,1,0,0,0,0,0.0,1780833600,1780833600,[],"[Sticker] Bahkan, aku nulis no kontak ortu d lengan tgn supaya pas kclakaan trs lgsg ga sadar, bisa di telfon ejksm"
6930532553419015170,ramyeonnn___,canopy_652,1,0,0,0,0,0.0,1780637487,1780637487,[],HAHAHAHAHAHA 😩 Youngg
6932353646320108546,diah_harahap8,canopy_000,1,0,0,0,14385,14385.0,1780387816,1780387816,[],Maap ya kalo kesannya aneh. Tapi aku kalo kluar wajib pake daleman bagus takut tbtb kecelakaan pasti kebuka kan atau diperiksa malu kalo pake yg jelek😭 Caprigurlz00_
6934684942018905089,iniajijahh,canopy_185,1,0,0,0,0,0.0,1780668702,1780668702,[],di dompet harus selalu ada KTP ga sih jijah
6934842504743879681,au.rexx2,canopy_038,1,0,0,0,1,1.0,1780539561,1780539561,[],aku yg pp kerja 1jam perjalanan selama 3th ga pernah bawa ktp atau identitas apapun😭😭😭😭 Auree
6935026650749322242,hidayattaufik6699,canopy_185,1,0,0,0,1,1.0,1779793181,1779793181,[],[Sticker] bapak gw dlu kalo gw ngerantau dia cuman nitipin jangan lupa shalat dan kemana2 di dalam dompet harus ada ktp M.T.H 💎
6935727749428511746,ad.rsd,canopy_554,1,0,0,0,0,0.0,1781236124,1781236124,[],"gw jg mikir gt njir. gw mw brgkt kerja. kebetulan dkt sm rumah, dompet gada uangnya. tp mikir lg, bawa ajalah biar gada uangnya jga. amit2 knp2 d jln gw ada identitas😭. krna sblm nya pernah ga bawa dompet pas kclkaan, ditanya ktp malah ga bawa😭 adrsd"
6936501950632805377,leasayang,canopy_052,1,0,0,0,1,1.0,1780787898,1780787898,[],"ktp selalu ada di case hp gue, tpi klo knpa2 mau menghubungi seseorang gue bingung soalnya hp di password😭😭 resty"
6938596816996811778,reymon_kun89,canopy_503,1,0,0,0,0,0.0,1780328745,1780328745,[],"satu satunya pesan bpk yg sampe sekarang gw pegang, kemana mana jangan lupa bawa ktp, nanti klo meninggal ada yg nganterin pulang ＲＥＹＭＯＮ・ラマー"
6939127500590416898,donatkejufavorit,canopy_330,1,0,0,0,1,1.0,1779706204,1779706204,[],"kadang ya, kadang
iya tau😂 callme_ra"
6939349569991050242,archenn_00,canopy_105,1,0,0,0,1,1.0,1781059742,1781059742,[],"sama lagi, kalo lagi ngga bawa dompet gue pastiin HP gue aman biar kalo ada apa-apa pada bisa pake nomor darurat di HP gue😭 Arch"
6940145353048474626,floraaworld_,canopy_499,1,0,0,0,0,0.0,1780763560,1780763560,[],"[Sticker] kata ibu ""kalo mau keluar bawa KTP, kalo mati ada yg nganterin pulang"" 🦕ihh dindaa"
6940465180879586305,felinchan12,canopy_374,1,0,0,0,1,1.0,1780742717,1780742717,[],"gue dah nyiapin sandi/password, file, dll di hp dan laptop di catatan buku, kalo aja gue metong trus bestod gue harus buka tuh buku dan buka hp laptop gue😃 Ican"
6940581217293599745,sukmabl,canopy_246,1,0,0,0,1,1.0,1780651816,1780651816,[],kukira aku doang yg mikir gini 😭 sukma
6941389168077702146,rddss991,canopy_080,1,0,0,0,1,1.0,1779862314,1779862314,[],tapi aku kemana mana ga bawa KTP bg kapallawt
6941853637615748098,zlsaxx_,canopy_715,1,0,0,0,0,0.0,1780777533,1780777533,[],pesen ayah gua ini stfu.
6942299627752735746,mamatt1608,canopy_483,1,0,0,0,0,0.0,1780253912,1780253912,[],nulis nomor orang tua masukin ke dompet supaya kalau aku kenapa² biar bisa lngsung telpon ortuku😭😭 Mamatt
6943828295310328834,ketut_kopling,canopy_549,1,0,0,0,0,0.0,1781161004,1781161004,[],"sama kek kata bapak gw, kemana"" disuruh bawa dompet soalnya klo knp"" jadi bisa dibawa pulang masako kadaluarsa"
6945456727777772549,cacaamaric4heyhey,canopy_616,1,0,0,0,0,0.0,1780673059,1780673059,[],klo gua si kepikiran takut bkl ditilang 😭 rwrr
6947166484004373506,ucimilo,canopy_125,1,0,0,0,10,10.0,1779620647,1779620647,[],walaupun sy gak pernah pergi jau...aturan ini selalu saya pakai NIKA
6948118808767104001,griefguilt,canopy_493,1,0,0,0,0,0.0,1780344675,1780344675,[],[Sticker] rpali raja gula
6949516198539346945,fadliah_04,canopy_017,1,0,0,0,256,256.0,1779719554,1779719554,[],"aku juga udah di fase ini🥺
bawa dompet agar ada ktp kalo ada apa' di jalan🥺 ف"
6949832392740242434,yuni69yizhan,canopy_633,1,0,0,0,0,0.0,1780583946,1780583946,[],"kaya gue mo jalan gue bawa KTP Ampe di ketawain ma temen"" mereka bilang buat apaan bawa KTP? di pikiran gue takut dapet musibah mending aja ada KTP mah bisa di kenali dn di anter pulang ke alamat di ktp yuni69yizhan"
6949929730662597634,ar_rahmanstory,canopy_560,1,0,0,0,0,0.0,1781209493,1781209493,[],"gua malah di suruh bapak ""kalo mau keluar, apalagi jauh, jangan lupa bawa ktp, tkut m*ti dijalan biar bisa dianter ke rumah"" 🙂‍↕️ ✨ توفيق"
6950174197022065669,yeydf_,canopy_146,1,0,0,0,2,2.0,1779828522,1779828522,[],[Sticker] bawa dompet deh barangkali mau beli sesuatu. ternyata ga ada uang cash yyy
6953411710000038918,apriantibelosomba6,canopy_268,2,0,0,0,0,0.0,1782087501,1782087501,[],qris apri qris apri
6953615639416374274,amaaaaaaa4u,canopy_551,1,0,0,0,0,0.0,1781156330,1781156330,[],😁😁😁 fayy
6954923960769807361,ksucib,canopy_467,1,0,0,0,0,0.0,1780211533,1780211533,[],"Trus sebel bgt klo ketinggalan, gimana ya nanti aku bakal ditemuinnya… Khal"
6956078953695413249,j_ensx,canopy_610,1,0,0,0,0,0.0,1780671128,1780671128,[],"semenjak pnya KTP, mau ke pasar nganter emak belanja aja gue bawa. musibah, ajal, ga ada yg tau. truffle_tiger"
6956088875182720002,1zz4ti0,canopy_654,1,0,0,0,0,0.0,1780633822,1780633822,[],"gue juga sllu bawa ktp, nauzubillah klo ada apa apa lbih gmpng ngabarin kluarga Izza"
6958042743239672833,emangrobotbisa0,canopy_288,1,0,0,0,1,1.0,1779709641,1779709641,[],emg kalo udah teridentifikasi siapa yang mau peduli MW
6958268752132178946,fbymcdt,canopy_094,1,0,0,0,1,1.0,1780865229,1780865229,[],Aduh kok bisa sama ya apalagi aku kemana traveling sendiri 😭 Febymoonicaaa_
6958281584488236033,auraikhwan6,canopy_148,1,0,0,0,3,3.0,1780716272,1780716272,[],"kalok keluar jauh, slalu bawa KTP. kepikiran kayak gini sih Jut"
6958320233292530689,ferrdiiii19,canopy_285,1,0,0,0,0,0.0,1781018329,1781018329,[],relate🥀 F
6958672722403836933,hynxna,canopy_420,2,0,0,0,0,0.0,1781804788,1781804788,[],gabawa dompet si tp alwys bawa ktp ℎ𝑜𝑛𝑒𝑦؛ଓ gabawa dompet si tp alwys bawa ktp ℎ𝑜𝑛𝑒𝑦؛ଓ
6958677518510654470,yayangayaang,canopy_556,1,0,0,0,0,0.0,1781259904,1781259904,[],aku sekarang kalo perjalanan jauh bawa motor suka selipin catetan kecil di saku motor isinya nomer wa orang orang terdekat aku jadi kalo ada apa apa gampang Ncling✨
6958728103464993798,_youloo,canopy_676,1,0,0,0,0,0.0,1780828549,1780828549,[],"ternyata itu normal ya punya pikiran gitu, soalnya suka kepikiran takut knpa2 dijalan bisa liat identitas kita😭 @YOU"
6958784923474166786,panji.safei,canopy_307,2,0,0,0,0,0.0,1782014587,1782014587,[],"bener bngt,, gw suka mikir gtu😂 Hakan Sukuür♎ bener bngt,, gw suka mikir gtu😂 Hakan Sukuür♎"
6958921737837741058,zaxmln,canopy_427,2,0,0,0,0,0.0,1781604113,1781604113,[],gw yg udh nyiapin surat wasiat beserta kontak2 penting yg bisa dihubungi🗿 ibnu gw yg udh nyiapin surat wasiat beserta kontak2 penting yg bisa dihubungi🗿 ibnu
6959045098000991234,errick_05l,canopy_265,2,0,0,0,0,0.0,1781766332,1781766332,[],[Sticker] gw yg gapernah bawa dompet karena seluruh uang gw di gopay belike errick_ [Sticker] gw yg gapernah bawa dompet karena seluruh uang gw di gopay belike errick_
6959162637768377349,kuuucing26,canopy_117,1,0,0,0,2,2.0,1781335656,1781335656,[],"kata bapak gua ini mah,,, anjirlah Romanov"
6959168054680978434,laracroft_12,canopy_259,1,0,0,0,1,1.0,1779709544,1779709544,[],"akhir2 ini aku juga selalu mikir gitu, apakah ini tanda2 😭😭 rst"
6959306103192912897,seputar_variasi_led,canopy_024,2,0,0,0,0,0.0,1781147625,1781147625,[],itu pesan bapak gw ketika pergi2 bwk ktp😁 𝙎𝙚𝙥𝙪𝙩𝙖𝙧_𝙑𝙖𝙧𝙞𝙖𝙨𝙞✅ itu pesan bapak gw ketika pergi2 bwk ktp😁 𝙎𝙚𝙥𝙪𝙩𝙖𝙧_𝙑𝙖𝙧𝙞𝙖𝙨𝙞✅
6959317815221093378,mang_kentung_153,canopy_061,1,0,0,0,6,6.0,1779716418,1779716418,[],"ktp:wajib
duit:opsional Gunther"
6959419874189050881,shinera_ii,canopy_324,2,0,0,0,0,0.0,1781681473,1781681473,[],gw begitu terus kalo mau gowes 😁 takut kenapa2 di jalan jadi bawa ktp eowowo gw begitu terus kalo mau gowes 😁 takut kenapa2 di jalan jadi bawa ktp eowowo
6959507281902257158,isairawannn,canopy_353,2,0,0,0,0,0.0,1781104341,1781104341,[],[Sticker] saaa [Sticker] saaa
6959791068163621889,boy.bbs,canopy_238,1,0,0,0,1,1.0,1781641553,1781641553,[],pas pulang dompet ngak ada di kantong💀💀 Bang BOY🍃
6960139444470023169,snj_lrmt,canopy_534,1,0,0,0,0,0.0,1780050996,1780050996,[],[Sticker] Uciha Agnes
6960359847695074309,koroudaijobu,canopy_102,2,0,0,0,0,0.0,1782097278,1782097278,[],gw mikir gini jir OshiChibi gw mikir gini jir OshiChibi
6960845274243712002,lanang_jagad.69,canopy_576,1,0,0,0,0,0.0,1781012383,1781012383,[],"jaman udah canggih, bikin tato barcode aja 🤣 Lanang_Jagad.69"
6961159945572844550,aaysnd47,canopy_241,1,0,0,0,1,1.0,1779696481,1779696481,[],Kirain aku aja wkwkw IU 📚
6961362649994478593,cancerboy69moon,canopy_007,1,0,0,0,2,2.0,1779644639,1779644639,[],otak gw gapernah kepikiran mati cancerboy
6961399341378683910,hyuga_stuff,canopy_536,1,0,0,0,0,0.0,1780057934,1780057934,[],𝘪𝘺𝘢 𝘭𝘢𝘨𝘪 Hyuga`Stuff
6961407924980515846,mikillow,canopy_271,1,0,0,0,0,0.0,1780293182,1780293182,[],[Sticker] M🧿
6961428341711406081,silkyydelima,canopy_111,1,0,0,0,5,5.0,1780678313,1780678313,[],iya jir takut dijalan kecelakaan jg 😭 abcd
6962071372596593669,ismailsaputra192,canopy_555,1,0,0,0,0,0.0,1781321700,1781321700,[],👍 Smile
6962343424021726209,bananala__,canopy_176,1,0,0,0,2,2.0,1779713841,1779713841,[],"bapaku bilang ""kalo kemana² bawa ktp, biar kalo knp² bisa pulang""😭 bananala_"
6964587861862876161,neonhallll,canopy_437,1,0,0,0,0,0.0,1780129563,1780129563,[],Lah kok sama wkwk neonhal
6964714945469662210,raantiaa,canopy_141,1,0,0,0,1,1.0,1780014126,1780014126,[],abang sm emak gw prnh bilang gini saking liarnya gw😭 Istri Aamon
6964738659434152962,mitshuneeee,canopy_162,1,0,0,0,1,1.0,1781409849,1781409849,[],mode on aktif🗿 Mitshune
6964970683512931333,khenzheimutiyaaa,canopy_001,1,0,1,0,3,3.0,1779698180,1779698180,[],@YUUD: lah kirain pemikiran gw doang yg kaya gini khenzzz
6966148415672173569,undudailylife,canopy_045,1,0,0,0,2,2.0,1780298699,1780298699,[],"Kalau gua gak pernah lock screen handphone, takut celaka di jalan susah buat ngontak orang terdekat, minusnya ya kalau hp ilang kebuka semua, tapi ya usahain jangan hilang. undudailylife"
6966276498689721345,dhiafakhri.27,canopy_186,1,0,0,0,1,1.0,1779895055,1779895055,[],"iya lagi, apa ini tanda dewasa?😭 mozaaa🦁"
6966494018633499650,alwys.saa,canopy_660,1,0,0,0,0,0.0,1780621655,1780621655,[],"IYA IH, BENERRR, KEK DI DOMPET KAN ADA KTP😭 saStecuuu"
6967196401395139585,calistnasia,canopy_114,1,0,0,0,2,2.0,1779684774,1779684774,[],beneran sekarang tiap keluar bawa dompet meskipun ngga ada duit😭 cal
6967595976622998530,stwobelie,canopy_538,1,0,0,0,0,0.0,1780064472,1780064472,[],iyaa njir gue juga gitu mikirnya😭 zeYyA!🍅⭐️
6967659350089810946,marsengaisputraa,canopy_112,1,0,0,0,9,9.0,1779598854,1779598854,[],kalo gw mikir kalo lgi ketilang atau ada masalah Marsen Gais Putra
6968101486514226177,iyafmz,canopy_122,1,0,0,0,0,0.0,1780220247,1780220247,[],[Sticker] gw yang ga pernah bawa i'd rather burn forever
6968111084863783938,kalaaa237,canopy_207,1,0,0,0,1,1.0,1780242054,1780242054,[],"dompet isinya bpjs, atm, bahkan bpjs anak gw. gue bawa kemana2. antisipasi kalo kenapa2 biar bisa dipake itu bpjs. it2 sih ya semoga aman2 aja. jangan lupa berdoa setiap keluar rumsh qiyaaaaaaa"
6968643664378119170,im_win02,canopy_393,1,0,0,0,1,1.0,1779666156,1779666156,[],"harus bawa..KK,KTP,SKCK,ijazah terakhir,akta kelahiran,dll Wyn♏"
6968718267481490433,akabanepebi,canopy_120,2,0,0,0,0,0.0,1782192192,1782192192,[],wkkw iyalagi pebi wkkw iyalagi pebi
6969984183800988674,nbt.hr,canopy_228,1,0,0,0,0,0.0,1781101170,1781101170,[],"jujur iya, karena hp gw sandi. nanti orang bingung bukanya keburu gw busuk 😭 nabb"
6970866552057267202,kalistrii,canopy_022,1,0,0,0,186,186.0,1779678613,1779678613,[],lah pikiran ku kebongkar kallreyy
6971392711799964673,dhira_ann,canopy_093,1,0,0,0,2,2.0,1780796997,1780796997,[],alasan aku ga bawa dompet kalo keluar. biar selamat dhira
6972477904908207105,gwanxing,canopy_280,2,0,0,0,0,0.0,1782016543,1782016543,[],Malah ra ndwe cash Eztoko Malah ra ndwe cash Eztoko
6977327001304876034,meylia_gallery,canopy_302,1,0,0,0,3,3.0,1779871627,1779871627,[],heh kok sama si isi pikirannya sm aku🥺😂 Meylia Gallery
6977774091941102597,kobarxyzz,canopy_349,2,0,0,0,0,0.0,1781158136,1781158136,[],lah sama BAR lah sama BAR
6978315681420264450,_alikyaaa,canopy_077,1,0,0,0,2,2.0,1779689154,1779689154,[],kirain ak doang yg suka mikir gini😭 🦩
6978452201935291393,hicibew,canopy_158,1,0,0,0,0,0.0,1780656968,1780656968,[],iya lgi 𝓬𝓲𝓫𝓮𝔀
6978562375062799362,didi_firmans,canopy_235,2,0,0,0,0,0.0,1781158014,1781158014,[],"Sama lagi, soalnya kerjaan gw dijalan.... DF Garage Sama lagi, soalnya kerjaan gw dijalan.... DF Garage"
6979425797577245697,im.aquarius.girl_,canopy_036,1,0,0,0,0,0.0,1780324508,1780324508,[],Sama lagiii kirain aku doang yang mikir begitu😭 Dianisa_dcn
6980621105678599169,aeraareaa,canopy_513,1,0,0,0,0,0.0,1779989267,1779989267,[],"iya lagi, kenapa gitu ya ig:@mutifarats"
6982233082511180827,rhea2vu,canopy_184,1,0,0,0,1,1.0,1779711966,1779711966,[],iya sumpah tiap keluar rumah selalu mikir gini Rhea sang lunox bogor
6983637584456647681,feybiza,canopy_095,1,0,0,0,1,1.0,1779714252,1779714252,[],"karna rumah gw dekat pantai,kalau gelombang lagi tinggi selalu mikir taruh permen ah dikantong siapa tau pas sunami bisa makan permen di pengungsiann biar ga bosen😭😭 putri"
6983814849088898049,nnblaa_hn,canopy_693,1,0,0,0,0,0.0,1780931983,1780931983,[],"@@ᥣׁׅ֪ɑׁׅ֮ɑׁׅ֮🎀 gegara kecelakaan wingi, siki tiap lunga selalu gawa dompet walaupun ra ana duite sing penting ana identitase😭😭 ☆♪"
6983942815932482561,titikkoma911_,canopy_686,1,0,0,0,0,0.0,1780962571,1780962571,[],aku justru kalau kemana-mana ngga mau bawah kartu indentitas 😌 Liaaaaa
6983967123942065178,rotibakarbluberiii,canopy_392,1,0,0,0,1,1.0,1779670400,1779670400,[],ktp w d dompet mama😭 a n g g i a
6985015209039840257,afyaashf,canopy_512,1,0,0,0,0,0.0,1779984722,1779984722,[],wkwkwkwk Misyka
6985727260917662725,nothingggrrrr,canopy_161,1,0,0,0,3,3.0,1780672089,1780672089,[],"Nanti aja yah, ganti foto ktp dulu😭 Tar"
6986032885317551131,zid_aryaaa,canopy_387,1,0,0,0,1,1.0,1779704836,1779704836,[],"bukan berpikiran buruk, tapi kita perlu memudahkan orang yang menemukan kita agar bisa menghubungi orang rumah kalau kita kenapa"" gw begini sejak 3 tahun lalu. kita ga tau kita meninggal kapan, karena apa. yang perlu kita lakukan memudahkan orang yang menemukan kita dan insyallah"
6986850469483676673,andofbeginning,canopy_069,1,0,0,0,1,1.0,1780779595,1780779595,[],"jujur pernah kepikiran kaya gini, dah itu 2 hari yg lalu, tiba tiba pengen bawa dompet biar ada identitas diri di ktp. padahal sebelumnya aku tipe yg malaaaasss banget bawa dompet kalo pergi titin🧚‍♀️"
6987280497861067778,oknisie,canopy_030,1,0,0,0,10,10.0,1779940605,1779940605,[],bahkan aku nyimpen nomor keluargaku di dompet nisie
6987731969648788507,ryllis_23,canopy_709,1,0,0,0,0,0.0,1780683682,1780683682,[],"gw klo kemana² wajib bawa dompet, bahkan ke luar sebentar aja gw bawa dompet gw, yap, alasan nya ini, biar klo kenapa², ada identitas, walaupun dompet gw isinya kosong Nao."
6988040833657242625,hell_minion,canopy_127,2,0,0,0,0,0.0,1781334911,1781334911,[],gua kira gua doang yg mikir gini Minion°° gua kira gua doang yg mikir gini Minion°°
6992412727014048794,noo000pss,canopy_001,1,0,1,0,1,1.0,1781016386,1781016386,[],@YUUD:lah kirain pemikiran gw doang yg kaya gini noo000psss
6993562834723374086,trulalalali,canopy_465,1,0,0,0,0,0.0,1780234169,1780234169,[],iyalagii. dalem dompet juga di selipin nomor darurat orang orang rumah Sama temen Deket Konakonalonya
6993582094237778970,raenvv,canopy_332,2,0,0,0,0,0.0,1781357693,1781357693,[],hmm rae hmm rae
6994452656194847745,20umminyaghibran,canopy_644,1,0,0,0,0,0.0,1780645004,1780645004,[],"naik motor wajib pakai helm, pakai Daleman yg bagus😳 20mentari"
6995145012439450625,muzki.28,canopy_171,1,0,0,0,1,1.0,1781399962,1781399962,[],gua selalu mikir gini All the pieces of me
6996114982522356737,igrikawati_07,canopy_492,1,0,0,0,0,0.0,1780350282,1780350282,[],aku hahah kemana2 bawa KTP😅😅 karika
6996939727140979714,rezahra93,canopy_152,1,0,0,0,3,3.0,1779677846,1779677846,[],kirain aku aja yg mikir ke gini 😫 Reza Zahra
6997282145090028546,wissnu025,canopy_329,2,0,0,0,0,0.0,1781785084,1781785084,[],[Sticker] BgSWAT [Sticker] BgSWAT
6998723476065862683,124eh3nyakemana,canopy_278,1,0,0,0,1,1.0,1779677689,1779677689,[],"mamah bilang kalau keluar rumah harus selalu bawa dompet, dan selipin no hp penting yang bisa di hubungin lope"
6999097948136129562,rdn.audell,canopy_507,1,0,0,0,0,0.0,1779978479,1779978479,[],"dulu ga pernah bawa dompet sedompet2nya, biasanya bawa duit tok. tp semenjak sm cowoku, kalo ketauan sm dia ga bawa dompet diomelin. apalagi kalo ktpnya gaada, he just remind me untuk selalu bawa karna takut kenapa2... dan yg pertama kali di check pasti ktpnya.. ."
6999586453593031681,_ikaaaa99,canopy_668,1,0,0,0,0,0.0,1780979046,1780979046,[],sumpah pikirian gue setiap diluar 1%
7000316775146144770,dipanggilrap,canopy_591,1,0,0,0,0,0.0,1781635138,1781635138,[],🥰🥰🥰 Rap🗿
7000352128338478081,niiiiy0,canopy_040,1,0,0,0,6,6.0,1779661754,1779661754,[],"iya lagii, hp pun smpe ga pake pw😔 niiiy"
7000367216572122113,manusiabahagia._,canopy_571,1,0,0,0,0,0.0,1780643348,1780643348,[],"iya lagi, jangan lupa ktp biar orang mudahh tau 🙂‍↔️🧚🏻"
7000964924840608769,d.kikir,canopy_021,2,0,0,0,0,0.0,1781173740,1781173740,[],"tidak punya dompet, soalnya ga tau mau di isi apa yahoo!! tidak punya dompet, soalnya ga tau mau di isi apa yahoo!!"
7001471155397248001,iniikikk,canopy_272,1,0,0,0,1,1.0,1780581565,1780581565,[],"kalo kata almarhum bapak ""kalo kemana-mana bawa dompet, biar kalo meninggal ada yang anterin pulang"" alhasil sampe sekarang barang yang wajib banget ya dompet malekith"
7002112944796779546,ruangrasa.dy,canopy_053,1,0,0,0,8,8.0,1780299691,1780299691,[],aku juga mikir gini setiap mau pergi😭 Ruangrasa🍜
7002925947272234011,seleraqu20,canopy_253,2,0,0,0,0,0.0,1781773548,1781773548,[],siap tau ada kopdes Nabilla siap tau ada kopdes Nabilla
7003367467040949249,saiunaziz,canopy_062,1,0,0,0,23,23.0,1779611262,1779611262,[],ternyata banyak yang satu pikiran😂 sae hoon
7003685691104576514,f_13_eeeezz,canopy_316,2,0,0,0,0,0.0,1781808849,1781808849,[],teryata pemikiran kita sama ian teryata pemikiran kita sama ian
7004640947586024474,fhmihmdni77,canopy_241,1,0,0,0,1,1.0,1780838253,1780838253,[],kirain gw aja yg ber opini gini🗿 Atseuu
7004713749492286465,imellv17,canopy_703,1,0,0,0,0,0.0,1780701813,1780701813,[],buat apaan? dompet gw jg gada isi data diri sendiri wkwk males bet Bawa KTP soalnya gampang lupa 😂 imell
7004849025783022619,zmdkmbg,canopy_401,2,0,0,0,0,0.0,1782129235,1782129235,[],kalo gua mikir mensing mokad tanpa identitas aja . biar dah ilang keluarga ga pernah tau gua kenapa dan dimana Zy kalo gua mikir mensing mokad tanpa identitas aja . biar dah ilang keluarga ga pernah tau gua kenapa dan dimana Zy
7005422961205330971,syxpath_,canopy_262,1,0,0,0,2,2.0,1779660459,1779660459,[],[Sticker] thumbelina
7005622091391714330,medkit97,canopy_128,1,0,0,0,5,5.0,1780575232,1780575232,[],"ah iya lagi, kok bisa ya kita kepikiran gitu? medkit97"
7005748432673948673,deviasugian,canopy_607,1,0,0,0,0,0.0,1780648641,1780648641,[],"[Sticker] me too.. aku bawa dompet biar kemana2 teridentifikasi..sekarang gemuk banget, Diet ah, biar ringan saat diangkat kerandanya besok saat mau di kebumikan.. Devia Sugianto"
7006234259389088770,masa_depan.100,canopy_687,1,0,0,0,0,0.0,1780957641,1780957641,[],"Gw banget ini,wlo cuma sekedar lari or gowes. KTP,ATM+asuransi wajib ada,takut kenapa2 dijalan biar teridentifikasi 😌 Kawasyra Shop"
7006304525616579610,manakib_,canopy_510,1,0,0,0,0,0.0,1780368732,1780368732,[],"aku selalu pake legging, krn pernah kecelakaan rok keserimpet rantai motor. roknya dirobek sampai pantat, alhamdulillah masih ada celana panjang. kalau ga ada mau ditutup pakaiii apaaa, dgn masih sadar 100%, manakib_"
7007000291115598850,mni.nyx,canopy_489,1,0,0,0,0,0.0,1780015442,1780015442,[],"jujur, karena kematian gak ada yang tau. aku selalu pastiin semua ada di dompet; KTP, SIM, foto ortu di belakangnya ada nomor telp mereka, sampai KTM aja masih stay di dompetku, meski udah lulus. dengan dalih kalo ada apa-apa setidaknya salah satu dari mereka bisa dihubungi, term"
7010662492184495131,banggyria,canopy_336,1,0,0,0,1,1.0,1779613216,1779613216,[],orang tua gua selalu ngingetin bawa dompet kalo mau kemana mana ternyata.. Banggy's D'Laurentis
7011714332183741467,ajisatria._,canopy_460,1,0,1,0,0,0.0,1781388611,1781388611,[],@Rezaa bbi satria
7012228858045465601,pretendtobe_nala,canopy_229,1,0,0,0,1,1.0,1780575742,1780575742,[],itulah nasihat mak gw FAKER7TH
7012403129132663810,okdoangg,canopy_544,1,0,0,0,0,0.0,1780323031,1780323031,[],"bahkan gua bawa tas kecil ktp, ktm selalu gua bawa karna pemikiran ke 2 itu N"
7012854598687966235,wongeturu797,canopy_027,1,0,0,0,42,42.0,1779628515,1779628515,[],[Sticker] isinya omsholeh.zone⁷⁹
7014057563453752325,ditzzzzzzz.18,canopy_271,1,0,0,0,1,1.0,1779620085,1779620085,[],[Sticker] A∀ 🏴󠁧󠁢󠁥󠁮󠁧󠁿
7016971336972452891,rhmdeeefenzz,canopy_394,1,0,0,0,1,1.0,1779663593,1779663593,[],[Sticker] yg ditemuin cuma KTP dompet dan seisinya gada mamat tahu bulat
7016976235000710170,cihsibal,canopy_143,1,0,0,0,4,4.0,1779797478,1779797478,[],janlup jadiin salah satu kontak keluarga sebagai kontak darurat ya guys😊 ariety
7017368046475068418,midnightwindow,canopy_653,1,0,0,0,0,0.0,1780678857,1780678857,[],gwehj juga gt ran
7020605956485940251,maddensuns,canopy_081,2,0,0,0,0,0.0,1782100832,1782100832,[],emak gw pernah bilang gitu cokk wkwk Bleeker emak gw pernah bilang gitu cokk wkwk Bleeker
7022043784491222018,ngengdaijobu,canopy_319,2,0,0,0,0,0.0,1781070988,1781070988,[],jalan ii ga bawa ktp cuma bawa hp😇 n` jalan ii ga bawa ktp cuma bawa hp😇 n`
7022223240064025601,chocopiuuw,canopy_180,1,0,0,0,5,5.0,1779787950,1779787950,[],[Sticker] aku mikir begini karna jauh dr ortu piuu☆
7024101314976498690,nhsayy,canopy_639,1,0,0,0,0,0.0,1780565978,1780565978,[],"gw klo pergi bawa ktp atau apalah
biar klo kecelakan pd tau alamat gweh
trus dianter deh caca"
7024874583044637697,sw1uuu,canopy_533,1,0,0,0,0,0.0,1780325233,1780325233,[],sape pulak letak cash dalam dompet ni woy 😹 SwiUuuu
7025256146383324187,icinyasan,canopy_340,2,0,0,0,0,0.0,1781181064,1781181064,[],berat icinyasan berat icinyasan
7025843669941208090,maminisss,canopy_279,1,0,0,0,1,1.0,1779786916,1779786916,[],"Lah gue jg selalu mikir gini, dompet kaga ada uangnya 😂😂 maminisss"
7027245586970723355,reg1nnn,canopy_679,1,0,0,0,0,0.0,1780997938,1780997938,[],"udh di titik ini jir krna emg kl masalah duit, dompet gue gara duitnya😭😭 kuoket"
7027699921625777153,yoikianane,canopy_156,1,0,0,0,0,0.0,1780983418,1780983418,[],Pergilah kemana pun kamu mau tapi bawa selalu kartu identitas mu kawan. Yoiki[A]nane
7029208338990875674,sayurfreshreeborn,canopy_590,1,0,0,0,0,0.0,1781702154,1781702154,[],@￴ ￴ ￴ ￴ ￴ SADA PAGI SARAGIH
7032227302164448283,lovescoffeew,canopy_651,1,0,0,0,0,0.0,1780638552,1780638552,[],gua bawa dompet kalo ditilang ada stnk sama sim nya😭 n00d'$
7032542326535341083,padillodill0,canopy_061,1,0,0,0,1,1.0,1779690822,1779690822,[],ktp sih yg paling wajib ada🤣🤣 AYAMSAKIT
7035968949859959835,desy_ds,canopy_192,1,0,0,0,2,2.0,1779721273,1779721273,[],"dulu masih gadis, merantau kost sendiri gini. sampe FC KTP aku tarok di case Hp😭 Daisy🐼"
7036175301264753669,keen_gamingch79,canopy_227,1,0,0,0,0,0.0,1781154204,1781154204,[],"""percaya diri"" berpergian malam ga bawa apa2 hnya sebungkus rokok Keen_"
7039129332460274714,eieihdgv,canopy_269,2,0,0,0,0,0.0,1781760248,1781760248,[],[Sticker] yang bro rasakan tiktok.com/@eieihdgv [Sticker] yang bro rasakan tiktok.com/@eieihdgv
7039368916711457819,jevsxe,canopy_274,1,0,0,0,0,0.0,1780665957,1780665957,[],fr J exe.
7040064114538382337,biyung_bumi,canopy_599,1,0,0,0,0,0.0,1780656671,1780656671,[],Gue jg mikir nya gini. Kmn² bawa KTP takut dijalan knp² Nirmala23
7041167510071526405,kyzgi0,canopy_433,1,0,0,0,0,0.0,1780163497,1780163497,[],bawa dompet ah siapa tau ada fineshyt yg mau dijajanin nugi
7044020860574942210,heydulss,canopy_490,1,0,0,0,0,0.0,1780353539,1780353539,[],gua kira mau beli pohon buat ditebang heydulss
7045303752488469506,lostin0ctoberr,canopy_262,1,0,0,0,0,0.0,1780647070,1780647070,[],[Sticker] G
7045814535378863130,eixou,canopy_120,1,0,0,0,0,0.0,1780847796,1780847796,[],wkkwwk iyalagi exzuha
7046489917002564609,done_903,canopy_430,2,0,0,0,0,0.0,1781475824,1781475824,[],ayahku pernah berpesan bawa lh dompet klo seandainya mati orng tau mau nganterin ke mana end ayahku pernah berpesan bawa lh dompet klo seandainya mati orng tau mau nganterin ke mana end
7047332169534063617,atasnamabiru,canopy_583,1,0,0,0,0,0.0,1781102610,1781102610,[],nomor darurat jangan lupa masuk dompet juga fay
7047408056128914434,azmi_ulll,canopy_634,1,0,0,0,0,0.0,1780579628,1780579628,[],"gue bgtt, soalnya pernah kecelakaan dan ga bawa dompet/ktp, smpe disebarin di pesbuk😭😭 azmiiiii"
7049429937271440385,hambalii260602,canopy_423,2,0,0,0,0,0.0,1781729539,1781729539,[],"ke gua selalu naro dompet di dashboar motor,kalo lagi ngbolang pinggiran kali yang jarang terjamah orang.
biar suatu saat ada kendala yang tidak terduga,gampang ngeidentifikasinya. Hambali26 ke gua selalu naro dompet di dashboar motor,kalo lagi ngbolang pinggiran kali yang jarang"
7049555900038759426,liapacartaehyung,canopy_701,1,0,0,0,0,0.0,1780713280,1780713280,[],"jujur iyaa wkwk, makan ny di dompet gua selalu ad ktp sama kk dan kartu pelajar SMK waktu dulu.. buat jaga' aja liaa"
7049621725458105346,nidaanf_,canopy_502,1,0,0,0,0,0.0,1780329607,1780329607,[],ke 2 Nidaaa
7050182429319627803,baksowsapi,canopy_567,1,0,0,0,0,0.0,1781063825,1781063825,[],gw ke warung aja bawa ktp😭 bilawon🐝
7051051150916731905,strwbrryst_cake,canopy_167,1,0,0,0,0,0.0,1780367063,1780367063,[],"jjur gue jg gini, pokoknya kalo pergi harus bawa ktp 😌 zzz"
7052126774599140379,sweeties298,canopy_542,1,0,0,0,0,0.0,1780323050,1780323050,[],"gue : beli buku kecil deh. no keluarga, pin atm, hutang, tabungan, dll. biar w catet. klo2 amit2 meninggal anak w ga bingung :( sweeties"
7052273815992304641,c1nnamore,canopy_159,1,0,0,0,2,2.0,1779666777,1779666777,[],YUYURR AK YG KEDUA😭😭 Tralala Trilily
7053697914639533083,leoraadriene,canopy_698,1,0,0,0,0,0.0,1780719393,1780719393,[],[Sticker] jaman sekarang emg wajib adriene
7054007488706429979,marchxell_07,canopy_160,1,0,0,0,4,4.0,1781108773,1781108773,[],kirain gw doang yg punya pikiran gini マルセル
7054799740815311899,trawberryy_,canopy_267,2,0,0,0,0,0.0,1781151386,1781151386,[],aku jg kepikiran gitu walaupun pergi nya ga jauh 00wid aku jg kepikiran gitu walaupun pergi nya ga jauh 00wid
7056589938901664769,_nicname_kontol,canopy_003,1,0,0,0,42446,42446.0,1779605577,1779605577,[],[Sticker] ktp ketinggalan 𖣂
7056720636374385691,d4v1961,canopy_343,1,0,0,0,3,3.0,1779610650,1779610650,[],lah sepemikiran jir rispek bro davi9161
7057223811220997147,zyafanya,canopy_322,1,0,0,0,1,1.0,1779962831,1779962831,[],"pernah ada di fase ini, semoga jgn lgi yaaaa🥺 zyaaaa"
7058797886825792518,cacacipzzz,canopy_026,1,0,0,0,9,9.0,1780668906,1780668906,[],"aku punya lanyard dan selalu aku pake kemana mana, disitu ada kartu flazz yang udah aku stikerin custom yang gambarnya ada nomor orang tua, adik, pacar dan temen aku. karna takut hp aku ancur waktu aku ada musibah cacacips"
7058993133036782618,vitta_capricorn,canopy_463,1,0,0,0,0,0.0,1780235561,1780235561,[],iya lgii sllu pikiran nya ksitu biar klo mninggl jauh org tau alamat ku😁 VittaCapricorn
7060028465760486402,anytingaboutu,canopy_001,1,0,1,0,1,1.0,1779682291,1779682291,[],@YUUD:lah kirain pemikiran gw doang yg kaya gini unknown
7060374955943003137,leenhamamalin,canopy_085,1,0,0,0,3,3.0,1780574037,1780574037,[],"udah dari lama aku mikir gini, sekarang selalu bawa KTP walau cuma antar jemput anak sekolah, sampe di hp nomor suami aku namain bener² SUAMI, biar kalo aku kenapa² orang gampang nyari yg bisa di hubungin😂 Lina han"
7060924497801593882,bstrdkenzo,canopy_039,1,0,0,0,4,4.0,1779665394,1779665394,[],Selalu kepikiran gini jir kalo pergi keluar🗿(foto hanya pemanis) ᛉDillzz𖣂ׁ
7063506594294924289,stupdyou0,canopy_118,1,0,0,0,2,2.0,1779848418,1779848418,[],"saya paling suka orang Indonesia, karena memiliki konten yang asik dan menggugah selera. saya mengetik ini memakai translate, saya berasal dari kediri Yᵤᵤ."
7064593869828932614,iniarayaa4,canopy_155,1,0,0,0,4,4.0,1779783823,1779783823,[],"tp bener, biar klo ada apa"" ga sulit nyarinya araa"
7066706295660151835,thishuman.earth,canopy_628,1,0,0,0,0,0.0,1780666239,1780666239,[],"keluar beli es doang, temen bilang kek giniii juga:) piupiu"
7072731690099852289,srisaftahardiani,canopy_323,2,0,0,0,0,0.0,1781212086,1781212086,[],Gue banget 🥺 srisaftahardiani Gue banget 🥺 srisaftahardiani
70729628102,nanasmaduu_4,canopy_158,1,0,0,0,2,2.0,1779703256,1779703256,[],"iya lgi , aku jg gt😭 Toko bersama mandiri"
7075674626739536898,yihaa413,canopy_181,1,0,0,0,1,1.0,1781477272,1781477272,[],"Ya kan,aku takutnya masuk fb😭 Aku"
7076404041312404482,dwyhzxz,canopy_341,2,0,0,0,0,0.0,1781741118,1781741118,[],kok sama ya Dwyyy kok sama ya Dwyyy
7076416253577790465,shrent25,canopy_247,1,0,0,0,0,0.0,1779791674,1779791674,[],"klo ga punya asuransi atau jamsostek dari perusahaan, minimal daftar yang bukan penerima upah, buar ga cuma ninggalin utang wabahfilm"
7077082709159904282,yjhfng,canopy_122,1,0,0,0,0,0.0,1780321654,1780321654,[],[Sticker] yang ga pernah bawa dompet bi lek: msmeeee
7077264630486516762,manusiab4ikhati,canopy_266,1,0,0,0,1,1.0,1779734255,1779734255,[],gua selalu gitu jir😭 archv4bay
7077992421984797722,blizzz_kintil,canopy_460,1,0,1,0,0,0.0,1781699116,1781699116,[],@everything_destroy 𝙗𝙡𝙞𝙩𝙯𝙕
7078619125920564226,batukerassssss,canopy_336,1,0,0,0,0,0.0,1780314914,1780314914,[],"sejak kejadian yg menimpa bapakku, ibuku selalu ngingetin aku buat bawa dompet kemanapun aku pergi Griya Perabot"
7080283755537499137,oryzasativa1020,canopy_450,1,0,0,0,0,0.0,1780153122,1780153122,[],kirain gw doang yg kmn2 bw dompet wlaupun gk ad duitnya yg penting ad ktp oryza sativa
7081966595417244674,nai_insyiah,canopy_398,2,0,0,0,0,0.0,1782188643,1782188643,[],"HP gk pernah pake kunci, kemana2 bawa KTP, biar klo tiba2 meninggal ada yg ngehubungin kluarga gue hehe Lusy🌼 HP gk pernah pake kunci, kemana2 bawa KTP, biar klo tiba2 meninggal ada yg ngehubungin kluarga gue hehe Lusy🌼"
70836239101,revi.ora,canopy_152,1,0,0,0,11,11.0,1780567773,1780567773,[],Udh di titik mikir gini🗿 revioraoraora
7084186676168508442,feyrnarata,canopy_108,1,0,0,0,6,6.0,1780672957,1780672957,[],lah selama ini alasan gua bawa dompet yaa inii Tata💜
7084862600232731674,amourvielle_,canopy_362,1,0,0,0,1,1.0,1779677430,1779677430,[],[Sticker] gw yg nyediain kertas kecil di dompet yg isi nya nomor wa kluarga v’
7086761864990589954,firmamulya2,canopy_619,1,0,0,0,0,0.0,1780671546,1780671546,[],"aku yg keluar cuma bawa uang doang, dompetnya di tinggal😭 yayaaa"
7088963677072950274,lazjuaryy,canopy_215,1,0,0,0,1,1.0,1779703734,1779703734,[],"lah gweh juga ""nanti kalau kecelakaan gampang, soalnya aku bukan orang sini. aku ngerantau jir""😭😭 jiii"
7089701400901600283,myhostmanz,canopy_137,1,0,0,0,1,1.0,1779672949,1779672949,[],iya juga bapak gw bilang gitu🗿 𝚖𝚊𝚗𝚣ᰔᩚ × ra֟araʚɞ
7091443935339791362,allyaaft_,canopy_448,1,0,0,0,0,0.0,1780144041,1780144041,[],[Sticker] aku malah sering main tapi ktp ku dirumah 𝒑𝒓𝒊𝒏𝒄𝒆𝒔𝒔 𝒂𝒍𝒍𝒚𝒂ೀ
7091908720364061723,ca_pr1corn,canopy_577,1,0,0,0,0,0.0,1781006605,1781006605,[],eh kirain gue doang yg mkir gini Oneesan 👩‍🦰
7094307669989819418,sleeplater119,canopy_194,1,0,0,0,2,2.0,1779811882,1779811882,[],selalu diingetin ortu kalo kmna mana minimal bawa ktp biar gampang dipulangin takutnya ada kejadian tak terduga dante1194
7096068961858765826,rieweasly._,canopy_097,1,0,0,0,3,3.0,1779762712,1779762712,[],"gw pernah pergi bawa dompet tp ga ada uang, uang gw di dana semua, yg didompet cuma KTP, BPJS sama kartu asuransi kesehatan waktu PKL yg udh kadaluarsa 😭 tai ayam goreng"
7096479885301138458,justdansler,canopy_006,1,0,0,0,569,569.0,1779625503,1779625503,[],[Sticker] bro kalian punya dompet? JustD
7096897188358456322,novitazahr4_,canopy_164,1,0,0,0,5,5.0,1780630068,1780630068,[],"[Sticker] bener ih, pikiran waktu keluar gt mulu z"
7097167337245525019,araaru10,canopy_624,1,0,0,0,0,0.0,1780669008,1780669008,[],"aku juga kayak gini, keluar dekat rumahpun wajib bawa dompet, isinya selain duit dan ktp, ada kertas tulisan nomer darurat untuk dihubungi kalo kenapa-kenapa dijalan 🥺 Araa"
7098020878919943170,fktallfkorg,canopy_647,1,0,0,0,0,0.0,1780640623,1780640623,[],"aduh,sering pikir bgini. klu terjadi apa2 dijlan,tdk terlalu menyulitkan org lain dn diri sndiri mengenai data diri. dompet isinya ktp & tnda pengenal pulu-pulu🪐"
7099686562410054682,rnrjourney,canopy_708,1,0,0,0,0,0.0,1780684470,1780684470,[],"Yang pertama pemikiran pas masih sekolah, yang kedua pemikiran pas udah kerja sampe sekarang wkwkwk apalagi waktu itu kerja PP pake motor, hp pun gak pake kata sandi krn kalo amit2 ada apa2 dijalan org yg nolongin bisa tlp yg dirumah :’) R&R Journey ✨"
7100750102336177154,dwijayanti567,canopy_135,1,0,0,0,11,11.0,1781056689,1781056689,[],"sepemikiran lagi😂
terlalu ovt😭 Dwi Jayanti897"
7102360937428108314,sideeyepop,canopy_132,1,0,0,0,5,5.0,1780707473,1780707473,[],iya anjir skrg mikirnya gt.. ich jo
7104942140773450754,viviliayunita,canopy_165,2,0,0,0,1,0.5,1780663046,1780663059,[],kok kita sama bjirr Yunita Vivilia kak sama kita Yunita Vivilia
7105261059741565979,stecu_076,canopy_281,1,0,0,0,1,1.0,1780327452,1780327452,[],"orang lain KTP , gua KIA 😭 ALIFstory%"
7106791086807614491,telurjdadar,canopy_292,1,0,0,0,2,2.0,1780727786,1780727786,[],adalah gua yang sekarang 😭 lail
7108182400240223233,nasigoreng618,canopy_172,1,0,0,0,1,1.0,1779697356,1779697356,[],"""bawa dompet misal kecelakaan biar ada tanda pengenal"" eh tp pas kecelakaan beneran pas lagi g bawa dompet😭. yang nolongin sempet kebingungan. caca"
7110469283298640898,linlibra10,canopy_515,1,0,0,0,0,0.0,1780066432,1780066432,[],Kirain cuma aku😭😂 Libra
7113171980896257050,userrr2009044,canopy_214,1,0,0,0,0,0.0,1780653826,1780653826,[],iya bgt lagi😭 nafisa
7113527717450810370,accptrnd,canopy_138,1,0,0,0,1,1.0,1779690602,1779690602,[],gue juga selalu berfikiran kaya gini ptrllstr
7119475270255870977,suegarplum,canopy_321,1,0,0,0,0,0.0,1780877434,1780877434,[],IH IYA LAGI tha
7120541706823533594,tsukuyomi0_4,canopy_189,1,0,0,0,1,1.0,1780955297,1780955297,[],ternyata GW gak sendiri😹 Bocil konoha
7121523637161001985,brkengirls,canopy_126,1,0,0,0,1,1.0,1780213635,1780213635,[],"Ini pesanku ke suamiku yang suka ninggalin dompet kalau pergi jauh🥹,aku takut banget terjadi sesuatu dengannya,tapi aku terlambat mengetahuinya. Cipa31"
7121711391148819482,mercierrh,canopy_558,1,0,0,0,0,0.0,1781222407,1781222407,[],"aku jg klo keluar sebisa mungkin kudu bawa dompet isi KTP kak, takut ada apa-apa bisa cepet dikenalin wkwk .・。.・゜✭・"
7124524290486535170,fais.nurokhim,canopy_059,1,0,0,0,1,1.0,1782175291,1782175291,[],[Sticker] bawa ini juga bang jangan lupa addamkuy
7127610987100308481,kintan0334,canopy_352,2,0,0,0,0,0.0,1781167632,1781167632,[],[Sticker] kintan03 [Sticker] kintan03
7127708623191933953,fthevaultt,canopy_257,1,0,0,0,0,0.0,1780293269,1780293269,[],iya lagi😭 boboiboy
7129411596997067778,nikodemus05,canopy_691,1,0,0,0,0,0.0,1780937458,1780937458,[],"bunian : bapak ahh , geng tengok ni kunci Pagani siak . perghh ade lagi , ni ha kard bank . mesti kaya mamat ni . Hari ini para bunian cuti op 40 tahun , kita ke California . nikodemus05"
7131585685501363202,raraml4,canopy_345,1,0,0,0,1,1.0,1781087346,1781087346,[],iya lagi:) Ini rambla
7132780297389507585,chrl._09,canopy_103,1,0,0,0,2,2.0,1781792588,1781792588,[],ini yg gua terapkan klau pergi jauh chrlabid
7135008576062456859,kndyor,canopy_145,1,0,0,0,1,1.0,1780761941,1780761941,[],KTP nya di pake buat dp🥰 k¡ndyor
7135220356252517402,englishwithumarr,canopy_058,1,0,0,0,6,6.0,1779691134,1779691134,[],"lah, kirain cmn gw mikir gitu🗿 English with Umar"
7135414649268880411,cooking.mamabill,canopy_096,1,0,0,0,2,2.0,1780827920,1780827920,[],"Bawa dompet meski ga ada isinya, karena ada idcard dll in case terjadi hal hal yg tidak diinginkan, setidaknya orang2 bs tau identitas ku😁🙏🏻 (udah dari lama bgt terapin ini) wkw cooking.mamabill"
7135823212835259393,kingdombullshit02,canopy_531,1,0,0,0,0,0.0,1780321769,1780321769,[],Mau pergi sedekat apapun bawa identitas Indahbylusi
7136425984111002625,nurazizah.st,canopy_705,1,0,0,0,0,0.0,1780689211,1780689211,[],"gara² kalian pikiran gw jdi kedoktrin jg, skrng klo kmna² was-was bgtt klo ga bawa dompet😭😭 zah.azzh"
7137364417810252826,n.prima.s,canopy_553,1,0,0,0,0,0.0,1781152633,1781152633,[],"rill men, bawa dompet biar ktp selalu ada wk Varbob🕊️"
7137486032777577473,npuji.lstry,canopy_413,2,0,0,0,0,0.0,1782036896,1782036896,[],kdg ktp doang yg kubawa puji kdg ktp doang yg kubawa puji
7139827943400326149,riki89912,canopy_211,1,0,0,0,3,3.0,1779626449,1779626449,[],[Sticker] ternyata isinya:🗿😭🤣 26 juli
7139916028763800577,qorinuraena,canopy_523,1,0,0,0,0,0.0,1780071819,1780071819,[],"Sedang di fase itu, kenapa yaa. Takut banget pertanda😭 qorina"
7140728189923607558,daima_sa,canopy_421,2,0,0,0,0,0.0,1781804707,1781804707,[],"gue pernah ada felling mau kecelakaan kan terus ngebatin ""kalo emg mao kecelakan ntar dlu dah di deket2 rumah, lagi ga bawa dompet any"" lahh beneran dongggg di deket rumah kecelakaan tunggal sampe motor renyek gara2 micro sleep😭 RB||SagayaAle gue pernah ada felling mau kecelakaan"
7141082435111142402,toniwibi_,canopy_584,1,0,0,0,0,0.0,1781098623,1781098623,[],jgn lupa didompet disisipin no darurat temen/keluarga😁 toni
7142783450839401473,own.xyz10,canopy_233,1,0,0,0,3,3.0,1780143054,1780143054,[],gw ga pernah bawa dompet apa lagi identitas 😑 owin.xyz
7143935053655131163,zeyyy_63,canopy_106,1,0,0,0,2,2.0,1780803744,1780803744,[],kalo namain kontak keluarga harus beneran nama lengkap mereka soalnya gw gatau kemungkinan terburuk bkl kejadian atau mungkin buru buru dan harus hubungin mereka biar ga bingung pas nyari kontaknya palm don't leave me i'm scared
7144238456486331418,y0ttzz,canopy_311,1,0,0,0,1,1.0,1779678163,1779678163,[],gw sering mikir gini anjr klo kemana-mana🗿 ريانا
7144565544971797531,natalllyaaadinaa,canopy_456,1,0,0,0,0,0.0,1780297952,1780297952,[],Ga bawa dompet deh biar ga jadi myat🙏 25
7144680901561107483,miiiceyyy,canopy_011,1,0,0,0,0,0.0,1780159046,1780159046,[],[Sticker] isi pikiran gw keluar juga cey
7148170160443048961,huzhong_,canopy_324,1,0,0,0,1,1.0,1781073940,1781073940,[],"eh kirain gue doang, takut kenapa² di jalan tpi gaada yg tau itu gue sajintin (nisa woojin martin)"
7149906885037179905,doyo_gt,canopy_204,1,0,0,0,3,3.0,1780915355,1780915355,[],alasan gw disuruh bapak cepet cepet bikin ktp🗿 Doy0_gt
7150266661496472582,ilmii63,canopy_136,1,0,0,0,1,1.0,1781142431,1781142431,[],"sebelum berangkat baca doa keluar rumah dan doa tolak firasat buruk... insyaallah tenang, klaupun tiba2 takdirnya buruk, setidaknya kita SDH tawakal dan berserah diri... dan semuanya pun akan dipermudah irumii daisy"
7150267271930446853,fe_fe38,canopy_501,1,0,0,0,0,0.0,1780329771,1780329771,[],Bahkan HP aku gak aku kasih pasword 🤭 fe...
7151061694003921947,sundaxjawa01,canopy_342,1,0,0,0,1,1.0,1779799147,1779799147,[],baru paham perkataan mbah saya rbz
7151777693745841157,kokkep0_,canopy_242,1,0,0,0,3,3.0,1779816363,1779816363,[],Sependapat dan sepakat 🤝 notfound
7153854260416955418,cseleny,canopy_425,2,0,0,0,0,0.0,1781670959,1781670959,[],"2008 saya meninggal dan tidak sempat membawa dompet, jenaza saya sulit di identifikasi, dan akhirnya saya di makamkan tanpa sepengetahuan keluarga saya, Cell 2008 saya meninggal dan tidak sempat membawa dompet, jenaza saya sulit di identifikasi, dan akhirnya saya di makamkan tanp"
7154310477883032578,strawbeyiiz,canopy_429,2,0,0,0,0,0.0,1781496282,1781496282,[],"wkwkw gua jga gtu, bawa ktp kemana mana[cry] Monika wkwkw gua jga gtu, bawa ktp kemana mana[cry] Monika"
7154384053285078043,zhxngbiw,canopy_015,1,0,0,0,1,1.0,1780229283,1780229283,[],sama lagiii😭 ☆♡☆
7155463663934489601,canjpg4,canopy_296,2,0,0,0,0,0.0,1781872232,1781872232,[],Jgn lah syg can Jgn lah syg can
7155826010654409730,fitaaaa951230,canopy_520,1,0,0,0,0,0.0,1780068074,1780068074,[],ha? fhyy 😺
7157712033605370881,arfannyzahra,canopy_371,1,0,0,0,1,1.0,1780850307,1780850307,[],"[Sticker] aku juga selalu bawa KTP kmn mn jadi klo meninggal di jalan, orang orang ga bingung cari identitas aku faniii 🦋"
7159615477097841669,raipisces,canopy_471,1,0,0,0,0,0.0,1780214443,1780214443,[],akhirnya ada temen ny ApplePisces🍏♓
7160116207869428738,rifkizyi,canopy_381,1,0,0,0,1,1.0,1779805571,1779805571,[],"asli, klo keluar tengah malam karna daerah gw rawan Rifkisyamm"
7163041914702775297,trechiis,canopy_681,1,0,0,0,0,0.0,1780996916,1780996916,[],lhaa iya ehehe ys
7164308860937126914,ridho_monoarfa,canopy_168,1,0,0,0,2,2.0,1779705106,1779705106,[],bro berpikir jauh sebelum kejadian terjadi😭 Ridhoo.
7165117173925708826,tasti_09,canopy_140,1,0,0,0,4,4.0,1780291818,1780291818,[],"aku juga mikir gini, takut2 kalo tiba2 terjadi sesuatu dijalan orang2 bisa lebih mudah mengenaliku dan bisa cepat ngasih tau keluargaku Tika🍃"
7166227528167867418,viqzz_xy,canopy_333,1,0,0,0,0,0.0,1780299336,1780299336,[],gw yang bawa dompet hari hari cuma untuk wadah ktp🤣 Viqzz_xy
7169932462054196250,nes_025101,canopy_641,1,0,0,0,0,0.0,1780564779,1780564779,[],"jujur semenjak ngerantau dompet ga ada uangnya jga tetep tak bawa, takut tba"" mati di jalan anjir takut ga ada yang ngenalin krna ini jauh banget dan ga kenal siapa siapa 😭😭😭 Acacaa"
7170102652008580098,_not.found404,canopy_613,1,0,0,0,0,0.0,1780677677,1780677677,[],"wkwkwk,anjir. aku kira aku aja yang mikir gini, bahkan didompet ku,aku buat barcode yang di laminating, barcodeny kalo di scan isiny ""kalau anda membaca ini, ada 2 kemungkinan yang terjadi, pertama dompet saya jatuh, ke dua ada sesuatu yang terjadi dengan saya, kalau dompet saya "
7174653124672898049,thejadenwarth,canopy_446,1,0,0,0,0,0.0,1780316812,1780316812,[],lebih sedih kunci ketinggalan di parkiran atau dompet ketinggalan di jok motor? Toko Kelontong
7177602177161561114,sifaa_ajhh,canopy_623,1,0,0,0,0,0.0,1780669810,1780669810,[],[Sticker] iya lagi s
7177726893490603034,hbhhhh___,canopy_462,1,0,0,0,0,0.0,1780598676,1780598676,[],"kak aku bw dompet tp gd uangnya ,cuma KTP,SIM 😭😭😭 kpoxxxx"
7179742607488353306,cihuyamiw,canopy_712,1,0,0,0,0,0.0,1780818505,1780818505,[],"bawa dompet isinya cmn BPJS ae, jga²mati pas bawa motor😭 cihuyyy🌷"
7179990250806297626,kay.iiiiiii,canopy_714,1,0,0,0,0,0.0,1780813219,1780813219,[],"kadang aku mikir ""HP nya ga ush di sandi deh, sma nama kontak mama sma bapak di jelasin, takutnya kenapa² di jln orang bisa lngsung hubungi maka bapak"" thisiskayy"
7182146153348219931,.unknow10_,canopy_506,1,0,0,0,0,0.0,1780369669,1780369669,[],taro nama di layar depan hp supaya KLO kecelakaan gak bawa dompet setidak nya tau nama gwe😭 el
7182583625258632193,messsgol,canopy_287,2,0,0,0,0,0.0,1781145699,1781145699,[],gw u 19 belum punya dompet 𝐋𝐄𝐎 𝐌𝐄𝐒𝐒𝐈🌀 gw u 19 belum punya dompet 𝐋𝐄𝐎 𝐌𝐄𝐒𝐒𝐈🌀
7183388245819507738,heheggyfu5u,canopy_309,1,0,0,0,0,0.0,1780676297,1780676297,[],kalo gue ktp sii soalnya takut kenapa napa dijalan orang2 bisa liat dari ktpnya wkwk hehe
7186497865421161499,sndyxz18,canopy_123,1,0,0,0,1,1.0,1779805821,1779805821,[],"intinya KTP + BPJS, jadi kalo ada apa apa di jalan, waktu di bawa ke RS tinggal di rawat Sndyxzも"
7188777124807181314,okt4vvv,canopy_199,1,0,0,0,2,2.0,1780711481,1780711481,[],rill bjirr prikitiw
7192220822001746970,tiapmalemtidur,canopy_389,1,0,0,0,1,1.0,1779693220,1779693220,[],kalo gua cuma bawa ktp yg gua selipin ke casing hp dinaa
7192449099722916869,canislupusofficial,canopy_432,2,0,0,0,0,0.0,1781437420,1781437420,[],"""POV Kerja jauh""
pesan ibu : hati-hati kerja di tempat orang
pesan bapak : Kemana-mana bawa KTP, kalau mati jenazah bisa di bawa pulang Kemukus ""POV Kerja jauh""
pesan ibu : hati-hati kerja di tempat orang
pesan bapak : Kemana-mana bawa KTP, kalau mati jenazah bisa di bawa pulang "
7192960927724127233,lucamom_,canopy_367,2,0,0,0,0,0.0,1782226335,1782226335,[],"Apa gw kalung in aja ya ktp , soalnya gak pernah bawa dompet , qris aja 😭 Lucamom Apa gw kalung in aja ya ktp , soalnya gak pernah bawa dompet , qris aja 😭 Lucamom"
7193163348693943298,eiileithyia_,canopy_603,1,0,0,0,0,0.0,1780652276,1780652276,[],"Tp aku jg loh, kalo keluar mesti bawa dompet.. kan gatau kalo ada apa2 dijalan 😬 Eii✨🌵🧚🏻"
7193229205185250330,afasskmbl,canopy_388,1,0,0,0,1,1.0,1779701685,1779701685,[],[Sticker] jasadnya ga ketemu 𝙖𝙛𝙖𝙯 𝙍𝙊𝙍𝙍 🦖
7195479055549924378,suedun3,canopy_314,2,0,0,0,0,0.0,1781160297,1781160297,[],"Ih semua orang emang kaya gini kah, gua juga soalnya :v RiD Ih semua orang emang kaya gini kah, gua juga soalnya :v RiD"
7196069191677543425,aisyslsbl19,canopy_345,1,0,0,0,0,0.0,1780373318,1780373318,[],Iya lagii Aisy
7196128414859936794,erikims_,canopy_364,1,0,0,0,0,0.0,1780651998,1780651998,[],""" bawa KTP aahh, biar pas kecelakaan aku bisa di anter pulang "" Aerikims_"
7197170815606031362,mee_zone,canopy_690,1,0,0,0,0,0.0,1780938907,1780938907,[],bahkan smpe panggilan darurat udh disiapin🗿 Tri Aja
7198497671228834818,rtrarwp,canopy_065,1,0,0,0,1,1.0,1782190184,1782190184,[],"[Sticker] Yang keinget spaylater belum lunas & ditagih ke keluarga lo Rtra,,"
7202086685571138562,johnwick69966,canopy_184,1,0,0,0,2,2.0,1779683051,1779683051,[],"iya jir tiap mau keluar rumah mikir gini,biar gampang klo ngapa2 dijalan john69"
7203897797036459035,prajyxxxx,canopy_360,1,0,0,0,1,1.0,1779435911,1779435911,[],"[Sticker] kata bapak ku juga gitu ""kak, kamu kasih identitas yg jelas ya.. terutama alamat rumah, biar kalo ada apa² bisa dipermudah"" untat"
7204083942915130395,simeongcantikk,canopy_408,2,0,0,0,0,0.0,1782063844,1782063844,[],"Aku banget, sampe nulis nomer wa Suami di ktp😂 soalnya hp ku di kunci. takut kalo pingsan di jalan simeongcantikk Aku banget, sampe nulis nomer wa Suami di ktp😂 soalnya hp ku di kunci. takut kalo pingsan di jalan simeongcantikk"
7205917572523803649,gemigemigirl,canopy_190,1,0,0,0,2,2.0,1779724419,1779724419,[],"sama bawa hp, karna kita ga pernah tau hari buruk itu kapan, jadi setidaknya kita punya seseorang buat di mintai tolong atau hal"" lain setidaknya prepare aja. cuma suka heran sama temen yg keluar kadang ga bawa hp, jadinya tiap aku ada perlu susah bgt di hubungi🙂 marrr🌷💗"
7206554298104415258,adzka_zan,canopy_060,1,0,0,0,2,2.0,1780671986,1780671986,[],"yang kebawa malah kartu time zone
""pov yang nemuin"" chesnut_brooo"
7207116376669438978,y0gurt_04,canopy_354,2,0,0,0,0,0.0,1781531649,1781531649,[],[Sticker] Han [Sticker] Han
7209646992757638170,mizuceliyaa,canopy_505,1,0,0,0,0,0.0,1779975398,1779975398,[],"sepakat, anyway biar dia tau jga kalo sampe di titik terakhir aku masih mencintai dia (foto dia masih rapi di dompet) sita"
7211458676926071835,dedekurniawan571,canopy_048,2,0,0,0,0,0.0,1782211622,1782211622,[],"dompet selalu di bawa walaupun isinya cuman KTP, soalnya gua kalo bawa motor malaikat Izrail suka nebeng jier🗿 Mie Ayam dompet selalu di bawa walaupun isinya cuman KTP, soalnya gua kalo bawa motor malaikat Izrail suka nebeng jier🗿 Mie Ayam"
7213282682464814107,faiztsyah,canopy_159,2,0,0,0,0,0.0,1781140789,1781140789,[],setuju ama pernyataan kedua😁.. Muhammad Faisal S setuju ama pernyataan kedua😁.. Muhammad Faisal S
7214120131030975514,r.ricky_6,canopy_407,2,0,0,0,0,0.0,1782084268,1782084268,[],"bawa uang ah , kan banyak kodesmerahputih 👍 R.ricky_☯メ bawa uang ah , kan banyak kodesmerahputih 👍 R.ricky_☯メ"
7216684653520339994,luwisayang,canopy_306,1,0,0,0,1,1.0,1779728886,1779728886,[],pikiran gue skrg louisa
7219631248322511874,girl98_,canopy_033,1,0,0,0,2,2.0,1779810028,1779810028,[],haha sama bjir malahan gw kepikiran nulis nomor telpon yg bisa dihubungi soalnya kan KTP sm hp doang gabisa buat ngehubungin orang😭🤣 ᥅ꪖꪻﺃꫝ
7219888027873690626,pusat.kambing.moro,canopy_410,2,0,0,0,0,0.0,1782055442,1782055442,[],Wajib aktif pokoknya Pusat Kambing Morowali Wajib aktif pokoknya Pusat Kambing Morowali
7222475408116515866,black_gold_80,canopy_004,1,0,0,0,8811,8811.0,1779613302,1779613302,[],pas meninggal keinget ada duit 200ribu di dompet 🥀 VALL suka nut
7225233704317715482,xqxvlq,canopy_350,1,0,0,0,1,1.0,1779546312,1779546312,[],bener lagii Rhmtmmt🧲⚙️
7225514834670093314,_khoirul_kh77,canopy_694,1,0,0,0,0,0.0,1780921744,1780921744,[],apalagi yang merantau Khoirul77
7226016778555556890,exponent_candy,canopy_315,1,0,0,0,3,3.0,1779771599,1779771599,[],gw bgt bjir just_me
7231031844086088705,aldnoahzeroo,canopy_434,1,0,0,0,0,0.0,1780163919,1780163919,[],kan emang harus begini ryan antoro
7231559211711382529,anata99_,canopy_154,1,0,0,0,3,3.0,1779841718,1779841718,[],hahahha iya lagi anata
7233267845730976769,mihuhuhu3,canopy_547,1,0,0,0,0,0.0,1781166733,1781166733,[],lahhh kukira sayaji begini… yammie
7233640485796660225,user2214907581726,canopy_589,1,0,0,0,0,0.0,1781072856,1781072856,[],"emergency kontak di HP udah gw siapin. tapi mikir lagi ini di Indonesia 😶‍🌫
bisa jadi HP gw ilang duluan sebelum keluarga gw tau 🥲 ri"
7237187612749874182,zzizaaa.azz,canopy_338,2,0,0,0,0,0.0,1781938417,1781938417,[],[Sticker] andikaa [Sticker] andikaa
7238588875538793480,destadesta2071,canopy_264,1,0,0,0,3,3.0,1779624964,1779624964,[],kirain gw doang yg berfikir seperti itu rain
7238631407236580358,istri_leviackreman_25,canopy_151,1,0,0,0,0,0.0,1780444292,1780444292,[],lah aku ngomong nya sambil tertawa ini kok rada seram yah AzrinvLexxa
7240198843681489922,fiarii.piw,canopy_658,1,0,0,0,0,0.0,1780629313,1780629313,[],"Iyaa lagi suka mikir gitu, bawa dompet biar klo amit amit tb tb kecelakaan,orang bisa langsung cari tau dari viral in foto yg ada di dompet gw fiaari"
7240814661875057669,seeko_ai,canopy_119,1,0,0,0,1,1.0,1779676433,1779676433,[],kalian kemana mana itu kemana saya aja keluar rumah males nisaa_imup🌸🤫
7241559016605746182,dnttt000__,canopy_217,1,0,0,0,1,1.0,1779888404,1779888404,[],"waduh gawat, tiap hari aku gprnh bawa dompet😭, mulai skrg mau bawa ahhh www.dnt.com"
7248186267946959873,yasmin_nrvn,canopy_582,1,0,0,0,0,0.0,1781106123,1781106123,[],"aku kalo keluar kekota atau luar kota bawa BPJS🥺🥺, keinget dulu adekku kelingkingnya patah sampe igd suruh balik rumah nyari BPJS dulu😭, aku nyari sambil nangis nangis karena biasanya yang handle ayahku. sedangkan ayah dan ibuku ada diluar kota, alm ibuku sakit juga waktu itu😭 Ya"
7248502263702291463,taaariii03,canopy_257,1,0,0,0,2,2.0,1779721507,1779721507,[],iya lagi😌 deww16
7253614148146316294,dhensroxx,canopy_256,1,0,0,0,2,2.0,1779675823,1779675823,[],ga kepikiran kesitu si🗿 Kids.Slwly難
7254140507394245638,moly._447,canopy_225,2,0,0,0,0,0.0,1782007401,1782007401,[],Gw yg k 2😭 . Gw yg k 2😭 .
7255353916123612165,yoo_nuu,canopy_550,1,0,0,0,0,0.0,1781182063,1781182063,[],real bat setidaknya walau gw udah meninggal nanti gamau sampe nyusahin orang' yang mau bantu nganter jasad gw ke rumah shinkai ♨️
7257089825308165126,mahiru.kawa,canopy_076,2,0,0,0,0,0.0,1782175704,1782175704,[],"gw ketika bawa motor, selalu nyiapin kartu pelajar seorang npc gw ketika bawa motor, selalu nyiapin kartu pelajar seorang npc"
7257262932941259782,pprriittyyy,canopy_580,1,0,0,0,0,0.0,1781115574,1781115574,[],"loh bukannya ini normal ya? kadang aku ga bawa dompet jg bawa ktp, takut kenapa napa trus identitas ku gaada :( ₊♡𓂃 ִֶָ"
7258982582568846338,hyungjedeul,canopy_586,1,0,0,0,0,0.0,1781091713,1781091713,[],at least bawa ktp cuy hyungjedeul
7260730044916745221,egoosentriss,canopy_344,2,0,0,0,0,0.0,1781098329,1781098329,[],[Sticker] egoosentriss [Sticker] egoosentriss
7264489075083461633,cupcakelcupp,canopy_377,1,0,0,0,1,1.0,1780641496,1780641496,[],walau sering tuker tuker bawa dompet tapi KTP sama KTM selalu ikut kebawa😭 el
7265249858515158022,dsy.wlndr,canopy_695,1,0,0,0,0,0.0,1780721368,1780721368,[],"asli, kadang aku mikir ga bawa dompet, tapi KTP perlu di bawa karna kalo kita ada apa apa di jalan (amit amit) KTP perlu banget tuh Deyciiii"
7267057918439506950,markisseu_,canopy_056,1,0,0,0,1,1.0,1780655175,1780655175,[],"SAMA BGT!!! dari smp udah sadar, selalu bawa kartu identitas apapun kalo pergi, minimal bawa hp deh (dan di lockscreen ada nama) biar kalo amit amit ada kejadian yang ga di inginkan, mudah teridentifikasi. sampe gue juga nyuruh nyokap buat kemana mana bawa hp/ minimal kartu, gue "
7267937623179576325,0xrullz_,canopy_535,1,0,0,0,0,0.0,1780325140,1780325140,[],2 Rullzy
7270110578827150342,hazidi_21,canopy_092,1,0,0,0,3,3.0,1780766614,1780766614,[],"[Sticker] dompetnya kuisi nomer semua temen beda daerah. biar seumpama satu gk bisa, bisa hubungi yg lain HAZIDI_21"
7271800847229633541,buwik04,canopy_084,1,0,0,0,1,1.0,1780452066,1780452066,[],Gak wajar ya emang kalo mikir gitu? Bu'Wik
7274448121809142789,sulis.okta8,canopy_478,1,0,0,0,0,0.0,1780269835,1780269835,[],😁😁😁 so48uliess
7274849324386223109,widiaatesa,canopy_447,1,0,0,0,0,0.0,1780141713,1780141713,[],iyaa lagii Widia
7276081914455933957,monkbrwn,canopy_634,1,0,0,0,0,0.0,1780825488,1780825488,[],"ga bawa dompet, tapi ktp tetap harus di selipin☝️ y"
7277563253713224709,auuudahhhh444,canopy_417,2,0,0,0,0,0.0,1781947067,1781947067,[],"gueee asliii😭😭
bawa KTP ahh biar nanti kalo kecelakaan ada yang tauu😭😭😭😭 user100 gueee asliii😭😭
bawa KTP ahh biar nanti kalo kecelakaan ada yang tauu😭😭😭😭 user100"
7278224508979872786,kfp_noona,canopy_178,1,0,0,0,2,2.0,1779857053,1779857053,[],pantesan aku sering dimarahin temen soalny gk prnh bawa ktp tiap kmn2😅 MaruChan🐻
7278599252681622533,lalalalalalailala,canopy_386,1,0,0,0,0,0.0,1780715801,1780715801,[],"ayah aku selalu nyuruh aku bawa identitas kemana pun, entah itu ktp atau pun kartu pelajar r"
7282408479507563526,harisdgafhahaha,canopy_257,1,0,0,0,3,3.0,1779673416,1779673416,[],iya lagi 🗿 aish
7283325250002830342,ceri4.s3lah,canopy_191,1,0,0,0,1,1.0,1780974341,1780974341,[],KTP gue udah 2 kali hilang😭 sampe skrg dah males ngurus Ceria se lah
7284239018626466822,tidakdikenali265,canopy_476,1,0,0,0,0,0.0,1780194331,1780194331,[],gue selalu pakai gelang identitas 🤗 gatau siapa
7284988452844078087,rokokqcep,canopy_318,1,0,0,0,1,1.0,1779665574,1779665574,[],walaupun gada uangnya tetap bawa dompet fifah
7286348668494988294,momogomoku,canopy_697,1,0,0,0,0,0.0,1780719841,1780719841,[],[Sticker] eh iya skrg aku mikirnya gitu ʀᴀɪᴍᴏᴏ𓍼ོ
7300287082403218437,odinmagang,canopy_564,1,0,0,0,0,0.0,1781183205,1781183205,[],Gue takut buljem gue keliatan jir pas dimandiin Dvan
7300420401526604806,ryutegi.reina,canopy_414,2,0,0,0,0,0.0,1782015789,1782015789,[],dompet gw isinya KTP Ama angin River flow in you dompet gw isinya KTP Ama angin River flow in you
7305650093284197382,mmieayamgeprek,canopy_281,2,0,0,0,0,0.0,1781214040,1781214040,[],supaya gak nyusahin orang lain wolfgang supaya gak nyusahin orang lain wolfgang
7305828667954021382,rilazmm,canopy_016,1,0,0,0,187,187.0,1779632162,1779632162,[],anj anj pikiran gw tiap kali mau berangkat kuliah WangLin王林
7309331808796460037,_swetly17,canopy_073,1,0,0,0,3,3.0,1780654790,1780654790,[],mamaku si klo aku kmna mana pasti suruh bawa KTP kdng males bngt sumpah baru ngerti tu belom lama ini biar klo ada apa apa dijalan bisa teridentifikasi😭😭 agustin
7311554831675458565,sultan.ishuddi,canopy_578,1,0,1,0,0,0.0,1781142672,1781142672,[],@nsy4ah? gw bilang juga apa Sai
7311615611494614021,maaa1586,canopy_621,1,0,0,0,0,0.0,1780671119,1780671119,[],sepakatt piu piu🦭
7313018902039839746,rukutochan,canopy_702,1,0,0,0,0,0.0,1780709246,1780709246,[],[Sticker] woi gua sekarang kerja lupa bawa dompet lagi🗿 vennnnn
7313053731345220614,aidilmhmmd_20,canopy_358,1,0,0,0,0,0.0,1779527562,1779527562,[],"gw juga gitu, walaupun cuma kepasar pasti bawa KTP sama nomor orang rumah biar kalau kecelakaan bisa dihubungi Aaron"
7316163220909196294,kecapasinataumanis,canopy_124,1,0,0,0,2,2.0,1780154651,1780154651,[],klo aku malahan bawa BPJS karna BPJS jdi klo aku kecelakaan sengganya dapat mengurai pembiayaan saat keluar nya nnti huehuehuehue. trs juga bisa ke identifikasi Krn BPJS pengaktifan nya menggunakan KK kecap?
7316445862590301189,lylya59203,canopy_429,1,0,0,0,0,0.0,1780897504,1780897504,[],"Sama banget, aku juga kaya gtu kemana mana bawa ktp takut kalau ilang bisa ditemuin😭 lylia"
7317979152307454981,nvpputri_,canopy_275,1,0,0,0,1,1.0,1780659583,1780659583,[],aku didompet selalu ada foto dan belakangnya ku tulis 3 nomor darurat🥰 ScorpioNov🦂
7319387104206259206,dpr.soon,canopy_079,1,0,0,0,3,3.0,1780557789,1780557789,[],"aslii, takut bgt klok gabawa KTP tuh😭 umay"
7319472514870084614,joccieeyi,canopy_441,1,0,0,0,0,0.0,1780281132,1780281132,[],"plis ini isi pikiran ku kmana pun aku pergi ""bawa ktp ah, siapa tau kenapa² aku mudah di identifikasi""😔 𝟖𝟔 ℐ𝐨𝐜𝐜𝐢𝐞"
7319919338914857990,nnannas_s,canopy_084,1,0,0,0,6,6.0,1780678617,1780678617,[],loh itu ga wajar kah? nanaaja
7321759691690951685,ceeentt_,canopy_149,1,0,0,0,8,8.0,1781133140,1781133140,[],jujur valid anotherwhisky
7322146719038014469,budakkorporat616,canopy_295,2,0,0,0,0,0.0,1781100389,1781100389,[],"pergi mancing sendiri, fix ini penting konsumen pertalite pergi mancing sendiri, fix ini penting konsumen pertalite"
7322149836118082565,smllgrls,canopy_365,1,0,0,0,1,1.0,1782034915,1782034915,[],"g bawa dompet tpi bawa ktp,biar klo ada apa' msih bisa d cari😭 𝔟𝔦𝔩𝔟𝔦𝔩🪐"
7322939222875325442,sasha.necronmisha,canopy_511,1,0,0,0,0,0.0,1780033785,1780033785,[],"gwe 23 th blom pernah ngerasain punya dompet 🗿
ada yg sama? reishi_"
7323833518098056198,tassammania.1985,canopy_672,1,0,0,0,0,0.0,1780831897,1780831897,[],"waktu jaman setia Novanto,pertama bikin KTP elektronik katanya dengan cek disidik jari (klo ada penemuan maya*) langsung keluar data kita .. terus kenapa harus bawa KTP supaya teridentifikasi..?? taZAM-ZAM"
7323951027022283777,farsyah_31,canopy_357,1,0,0,0,1,1.0,1779600689,1779600689,[],"walaupun dompet lu selamat, sayang ya hp dan barang lu hilang DILLAN_ST"
7325141798954058758,.mas_al2,canopy_566,1,0,0,0,0,0.0,1781064458,1781064458,[],"tiba¹ mati di jalan, pas ada org cek isi dompet nya ternyata cuma ada duit seribu, selembar doang 😭 Mas_al"
7325664758940943366,wiwilalalalalalalaaaa,canopy_173,1,0,0,0,1,1.0,1779730197,1779730197,[],gue ada gangguan anxiety disorder dann gw selalu berfikiran kekgini😌 wanita sederhanaaa
7326825435546174471,ratri5yulia,canopy_383,1,0,0,0,1,1.0,1779774748,1779774748,[],[Sticker] selalu bawa dompet beserta ktp dan walpaper hp wajib wajah muka sendiri Ratri1230
7327004404379370501,monarch.qq,canopy_262,1,0,0,0,0,0.0,1779976050,1779976050,[],[Sticker] ￴
7328024330810950662,urf03_,canopy_183,1,0,0,0,2,2.0,1779773062,1779773062,[],gue tuh mls banget bawa dompet enak cemplang cemplung gitu kembalian aja langsung masukin tas ga diitung lagi kalo bawa dompet juga dompetnya kosong isinya diluar semua 😭 urfavperson.
7329677372679472133,viri.s_,canopy_231,1,0,0,0,1,1.0,1780507172,1780507172,[],"anjay, gk sndri trnyta klo mikir kek gitu 😭 viry"
7331684378399196166,pdrmmmn,canopy_228,1,0,0,0,2,2.0,1779728356,1779728356,[],"jujur iya lagi .,"
7333255393327449094,nikinopal,canopy_226,1,0,0,0,1,1.0,1779948540,1779948540,[],Jir kirain gw doang nikinopal
7334668853316273157,suaminya_applejack,canopy_255,1,0,0,0,2,2.0,1779773682,1779773682,[],gw yang bawa dompet pas mau gajian doang🗿 suami apple jack🍎
7336113798451840018,yo.ndaktau82,canopy_559,1,0,0,0,0,0.0,1781218127,1781218127,[],suka mikir juga tiba2 yg nemu cuma ambil dompetnya doang🤣 MAU RE$IGN
7336152171828904965,v5.x101l,canopy_682,1,0,0,0,0,0.0,1780987824,1780987824,[],"gua tuh, duit titip emak berangkat bawa ktp😂 ￴"
7336845122908406789,dpaaaaaaaa_2,canopy_230,2,0,0,0,0,0.0,1781681821,1781681821,[],eh dompetnya jatoh pas mau dikantongin🗿 D- eh dompetnya jatoh pas mau dikantongin🗿 D-
7338600730439353346,imam.maruff1,canopy_298,2,0,0,0,0,0.0,1781150236,1781150236,[],pmikiran ny sma kaya saya waktu mau brngkat mancing 😂 Imam Maruff pmikiran ny sma kaya saya waktu mau brngkat mancing 😂 Imam Maruff
7343513808779904005,nyl902,canopy_334,1,0,0,0,1,1.0,1779677782,1779677782,[],Selalu bawa KTP😆 nyl
7344283645127885830,rafael_winata3,canopy_187,2,0,0,0,0,0.0,1781050188,1781050188,[],ku kira bakalan beli cilok di pasar pas muncak tadi 💀 Rafael ku kira bakalan beli cilok di pasar pas muncak tadi 💀 Rafael
7345041413702272001,deztiano,canopy_680,1,0,0,0,0,0.0,1780997718,1780997718,[],yg k 2 DeztiAno
7345372771347792902,ylrhmnn,canopy_309,2,0,0,0,0,0.0,1781718795,1781718795,[],iya lagiii takut nya kenapa Napa doang di jalan Black Coffee iya lagiii takut nya kenapa Napa doang di jalan Black Coffee
73466833727,wife.bangchan36,canopy_706,1,0,0,0,0,0.0,1780688447,1780688447,[],bawa ktp siiii akuleo
7346971685042701317,crispyshoot,canopy_595,1,0,0,0,0,0.0,1780826393,1780826393,[],malah dicopet 😁😁😁 nom
7348055396504044550,nanadalem0_0,canopy_213,1,0,0,0,1,1.0,1779689875,1779689875,[],"HP ku ga pernah dipasang password, karna kalo aku meningsoy, orang bisa hubungin Mamiku 😭 Mlrs~"
7350473960612905989,errornpc404,canopy_152,1,0,0,0,3,3.0,1779676428,1779676428,[],Ternyata ada yang mikir sama Humanerror
7352218265122636806,liaa0_45,canopy_685,1,0,0,0,0,0.0,1780964141,1780964141,[],dulu sebelum punya ktp disuruh sempilin fc kk atauga bpjs didompet😭 Peralatan kini
7352412606437704710,bilabia29,canopy_321,1,0,0,0,1,1.0,1780499262,1780499262,[],ih iya lagii bibilaaa
7353257468749988869,sisilliaaaaaa1047,canopy_460,1,0,1,0,0,0.0,1780238657,1780238657,[],@auloraa ini.ciecill
7354443424308167685,muff.eon,canopy_216,1,0,0,0,1,1.0,1779733427,1779733427,[],"Gua kira gua doang yg mikir gini, soalnya dompet ku isinya kosong😭 muffin"
7355012714336912390,mongjagg,canopy_674,1,0,0,0,0,0.0,1780829879,1780829879,[],"[Sticker] gw semuanya masih cuma pake kantong njir, gapernah pake dompet, ga pake tas kecil, bener bener cuma simpen dikantong, jadi kalo ada yang hilang, ga ilang semuanya zaksss... °"
7355093638134744070,zidanfortiex,canopy_562,1,0,0,0,0,0.0,1781194905,1781194905,[],bawa dompet ga ada KTP ya sama aja UserAbcdx
7355866766130152464,bublle582,canopy_049,1,0,0,0,0,0.0,1780144727,1780144727,[],Kak sama😭🙏 bublle
7358103277785891846,second_carloo,canopy_083,1,0,0,0,1,1.0,1779770331,1779770331,[],lah kalian bawa dompet buat simpen uang? ⛦
7359896669410853893,dreamy.daisy__,canopy_361,1,0,0,0,2,2.0,1780746862,1780746862,[],"[Sticker] tiap mau pergi""an gini sndri pake motor, hp langsung gw ubah gpke password, bhkan udh gw setel pake emergency phone semuanya gw cantumin 𝒹𝓎𝓇𝒶𝒶 ⚘"
7361451922681119749,mesa.present10,canopy_090,1,0,0,0,2,2.0,1779807843,1779807843,[],"ternyata banyak yang mikir gni, dan normal nya harusnya gni, tpi gue gak pernah mikir gni, gak pernah mikir bakal kenapa kenapa, ntah deh, gue sepercaya itu sama tuhan hehe Mesa Present10"
7362078617574441989,biaaa2905076,canopy_198,1,0,0,0,1,1.0,1779680663,1779680663,[],aku tim lupa KTP dikasi mama biaaa290507
7363450236825797637,mypika21,canopy_445,1,0,0,0,0,0.0,1780301178,1780301178,[],iyh aku bangatt lagi pikachuu
7365461311374066694,lv.uuu_,canopy_391,1,0,0,0,1,1.0,1779674703,1779674703,[],"pikiran gue ""kalau meninggal ada identitas""😭 lv.uuu_"
7367247089417896965,lykosdark_,canopy_403,2,0,0,0,0,0.0,1782109039,1782109039,[],Bang di dalam dompetku ada nomor hp yang bisa dihubungi 😔😔 卄丹ㄗㄗソ Bang di dalam dompetku ada nomor hp yang bisa dihubungi 😔😔 卄丹ㄗㄗソ
7367299781642208262,aswa053,canopy_545,1,0,0,0,0,0.0,1781168084,1781168084,[],"Terus kalau pake rok minimal harus ada leging didalamnya lagi,mau selutut atau sampe betisnya aja,,terus setiap pake celana harus pake celana shot biar klau terjadi sesuatu gak langsung nampak dalamannya,terus wajib pake tantop juga biar kalau tersibak bajunya cuman keliatan tant"
7369653419626202117,saudahdeh,canopy_301,1,0,0,0,2,2.0,1779693183,1779693183,[],pikiran gua kalo pergi wkwkwk n
7370877163489444869,rawrr.rrawrr,canopy_380,1,0,0,0,1,1.0,1780406777,1780406777,[],"gua make kalung dengan cincin tunangan mama sebagai liontinnya, terukir nama bapak gua di cincin ini. kalo suatu hari nanti gua ditemukan mati dengan muka tidak teridentifikasi, semoga cincin ini bisa membantu aku tirek baik"
7371052403481969670,lailaksnb,canopy_516,1,0,0,0,0,0.0,1780359751,1780359751,[],"Aku bawa KTP,M dan gak kunci layar hp biar org mudah hubungi orang lain kalau aku kenapa²😁 cess elca"
7372140179509216261,azkiadjoy4,canopy_091,1,0,0,0,1,1.0,1780883146,1780883146,[],"gua sebenarnya takut pas kecelakaan bawa hp, soalnya takut pas jatuh hp nya di ambil orang😭😭😭😭 aski"
7372215376808182789,melayu__kepri,canopy_282,2,0,0,0,0,0.0,1782042173,1782042173,[],gw bnget lg😌 乂Taufik gw bnget lg😌 乂Taufik
7377168369478452229,bita.comel,canopy_139,1,0,0,0,1,1.0,1779654536,1779654536,[],Aku selalu gitu. Sekalinya males bawa setidaknya ktp selalu ada 💗ᗷᗩᖇᗷIᗴ💗
7377398977324647430,kopihitam281120,canopy_567,1,0,0,0,0,0.0,1780823862,1780823862,[],"Duh sama lagi😭 maap mungkin ini aneh atau lucu, serius gue kewarung aja bawa ktp diselipin di shocase hp Kopihitam"
7379787571319522310,rena_the,canopy_043,1,0,0,0,4,4.0,1780293638,1780293638,[],dulu privat bngt sama hp skrng hp gak gw pasang pw biar klo ada apa apa ornag² bisa ngehubungi keluarga anantaa naa
7383901183393448966,sweettiaraa,canopy_437,1,0,0,0,0,0.0,1780296550,1780296550,[],mana bnr lagi wkwk otee
7384728630012806150,mamazio29,canopy_077,1,0,0,0,5,5.0,1780485007,1780485007,[],loh kirain aku doang yg suka mikir gini😭klo lupa ga bawa ktp rasa ngga tenang😂 mamazio
7384818817710916613,pokonyaorang.0,canopy_257,2,0,0,0,0,0.0,1782036631,1782036631,[],Iya lagii😭aku gitu skrg 🕊️ Iya lagii😭aku gitu skrg 🕊️
7388498135749903365,abstrakpipel,canopy_592,1,0,0,0,0,0.0,1781595826,1781595826,[],😁😁😁 hmmm
7393933502537204742,min.6566,canopy_454,1,0,0,0,0,0.0,1780300511,1780300511,[],langsung pake dopo min-Ho
7396645252126671877,mulyadiisnawati,canopy_664,1,0,0,0,0,0.0,1780890584,1780890584,[],"skrng dompet ga bawa tpi intinya dlm tas hrus ada KTP hp ga dikunci smua cht2 dhpus video apa2 dhpus
intinya hp udh bersih mati"
7398639237263229958,arsagarazoey,canopy_064,1,0,0,0,3,3.0,1781238896,1781238896,[],pas sekarat malah kepikiran duit seribu di dompet 𝐍𝐨𝐢𝐫𝐞
7400357743557297157,whaledreams99,canopy_546,1,0,0,0,0,0.0,1781167389,1781167389,[],Pake dompet kulit sapi asli. Kalo kebakaran biasanya masih utuh isinya whaledreams99
7400503260173730822,nanna_meyrline_we,canopy_129,1,0,0,0,8,8.0,1779938903,1779938903,[],ku kira aku sendiri yg aneh dari kecil semua serba waspada ternyata byk juga yg sama😭 dompet aja ada no hp Nanna_meyrline_wedhaswari
7404745909576664070,iendraweh,canopy_497,1,0,0,0,0,0.0,1780012953,1780012953,[],"gw ampe bkin kertas dilaminating bertuliskan ""nomor darurat 08xx (istri), 08xx (adik)"" wkwkwk Iendraa"
7406882852758012934,manda0792,canopy_572,1,0,0,0,0,0.0,1781020639,1781020639,[],aku udah gapernh lagi gak bawa dompet wlapaun isinya cuma 10k doang yang penting ada ktp hp juga udah gak aku sandi biar klo kenapa napa orang bisa nelpon keluarga ku mandaistrisuga
7406972070422119441,crabloom79,canopy_665,1,0,0,0,0,0.0,1780878960,1780878960,[],dompet nya malah ilang di jalann userrci999
7420280666741621765,giscareghinna,canopy_397,2,0,0,0,0,0.0,1782190434,1782190434,[],"hari ini aku baru bikin KTP, dan dengan bangganya aku bilang ke mamakku, ""mak, KTP ku udah jadi. udah resmi nih jadi warga indo. supaya kalau pergi hilang, bisa di temuin"" 𝐑𝐞𝐠𝐢𝐧𝐚•° hari ini aku baru bikin KTP, dan dengan bangganya aku bilang ke mamakku, ""mak, KTP ku udah jadi. ud"
7421159900989047814,andarumaheswara91,canopy_339,2,0,0,0,0,0.0,1781914729,1781914729,[],lah sama 🤣🤣 @BekamPijatRagaMaheswara lah sama 🤣🤣 @BekamPijatRagaMaheswara
7423293361527014405,annnn_575,canopy_127,1,0,0,0,3,3.0,1780324579,1780324579,[],gua kira cuma gua doang yg mikir kaya gini ann
7433436837475779590,kelmilia,canopy_669,1,0,0,0,0,0.0,1780900082,1780900082,[],aku slalu idupin lokasi hhe imel
7444920523094967314,randilidau,canopy_182,1,0,0,0,1,1.0,1779746090,1779746090,[],Gue dulu sampai pernah catat di papernote kontak darurat kalau terjadi apa apa Muhammad Randi
7445226957769507895,rawrrrra16,canopy_710,1,0,0,0,0,0.0,1780679142,1780679142,[],"hahaha bener, gua tiap kemana mana apalagi bawa kendaraan selalu mastiin dompet ada. bukan apa apa, kita ga peernah tau kejadian apa yg akan terjadi naudzubillah nya meninggal dan kecelakaan, minimal org tau kemana dan siapa yg harus di hubungin🙏 rawwwwrrrrr"
7445331089281270789,vandxfloryn,canopy_133,1,0,0,0,2,2.0,1779676580,1779676580,[],"dulu pas kecil ga mudeng knp emak gw kl mau pergi2 sllu bawa KTP. pokoknya sllu sibuk ""mana ktp, jgn lupa ktp, blablabla... ""
ternyata itu ya😭 VAND × Fl❀ryn"
7446786283143169041,natalia_ini,canopy_065,1,0,0,0,4,4.0,1780640160,1780640160,[],[Sticker] keinget belum make uang gajian belby
7448255517355164673,ryu.zin__,canopy_046,1,0,0,0,0,0.0,1779647614,1779647614,[],bro gua ingin kerja ngerantau ingin bantu finansial keluarga tapi ibu gua bilang jangan pergi gk ad yg temenin dia yg dimana adek gua msih sd tapi gua ingin berguna tapi kalo ibu bilang gitu gua gk bisa tngpin ad solusi kh Rui
7448914803424510994,grcia310,canopy_460,1,0,1,0,0,0.0,1780946829,1780946829,[],@Nayla Salsabila grcia
7450744199001637895,flypcz,canopy_284,2,0,0,0,0,0.0,1782029347,1782029347,[],judul lagu plss 🕸️ judul lagu plss 🕸️
7453528540971172870,gading249,canopy_270,2,0,0,0,0,0.0,1782118042,1782118042,[],[Sticker] Gading [Sticker] Gading
7453778116689118215,puetriii4,canopy_058,1,0,0,0,2,2.0,1779962789,1779962789,[],lah ternyata bkn cmn gua yg mikir gini puetriii4
7455150278313755655,istiqomahcatur1,canopy_631,1,0,0,0,0,0.0,1780588880,1780588880,[],🥰🥰🥰 IstiQomahCatur
7455281387647304705,_libra0000,canopy_107,1,0,0,0,1,1.0,1779705123,1779705123,[],semenjak udh bisa kemana mana sendiri selalu mikir kek gini. dompet kadang gada isinya tetep gue bawa soalnya yg penting adalah ktp dan kartu bpjs😭 juv€n
7455566091059020817,nadaagratia,canopy_214,1,0,0,0,2,2.0,1779897659,1779897659,[],aduh pemikiran aku bgt😭 Nad
7456307417581437958,tokobaju664,canopy_011,1,0,0,0,0,0.0,1780708251,1780708251,[],[Sticker] Isi dompet cuman uang BroWear
7457809067773297681,veloralumierea,canopy_492,1,0,0,0,0,0.0,1780555153,1780555153,[],Aku! Kemana2 bawa ktp buat jaga2 astagfirullah 😭 🌷
7459425028325852176,secondchoicemr,canopy_195,1,0,0,0,1,1.0,1779731081,1779731081,[],[Sticker] gua yg ga prnh bwa ktp kmna mna tnrhyu
7464192594000741377,dewi.yulia.pcy7,canopy_234,1,0,0,0,2,2.0,1779916304,1779916304,[],"ya ampun iya, kadang mls kan bawa dompet, tapi trs ke inget, takut terjadi apa2, aku harus bawa kartu pengenal, hp gak boleh ke silent. yulia💅"
7467010964014023688,izouro,canopy_443,1,0,0,0,0,0.0,1780274055,1780274055,[],"gue juga gini tiap keluar rumah, yang penting ada ktp sih aika"
7473109249481589776,marselmarsel606,canopy_298,1,0,0,0,0,0.0,1780042984,1780042984,[],"waktu jalan²❎
waktu mancing✅ Maruseru Arumando"
7476128992287441937,orte591,canopy_412,2,0,0,0,0,0.0,1782042161,1782042161,[],[Sticker] KTP: jgn ajak gue..... usertrack [Sticker] KTP: jgn ajak gue..... usertrack
7476774838238430216,odonap,canopy_012,1,0,0,0,2,2.0,1782187629,1782187629,[],mana gw berpikir harus bawa bpjs lagi biar nanti gak perlu ambil kerumah lagi wkwk😂 Odonnn
7476795457228145681,vvvvvvvvvvvv9371,canopy_707,1,0,0,0,0,0.0,1780685013,1780685013,[],rata² pemikiran negatif yg konyol manusia itu hampir sama ya vvvvvv^vvvvvv
7477085819511178248,gok.gol6,canopy_530,1,0,0,0,0,0.0,1780119846,1780119846,[],gw yang kedua sih Gok Gol
7477500974065042449,ihsain7,canopy_455,1,0,0,0,0,0.0,1780155412,1780155412,[],sama dong Ihsain
7478201262862681105,pluto.projector14,canopy_335,2,0,0,0,0,0.0,1781867254,1781867254,[],saran bapak👍🏻 qwerty14 saran bapak👍🏻 qwerty14
7478421096736359430,fw_ajaa,canopy_379,1,0,0,0,1,1.0,1780609176,1780609176,[],"ini kaya pemikiran suamiku, krn dalam bekerja dia menepuh perjalanan 1,5jam setiap hari, tak lupa dia bilang ""kalo aku udah pergi bekerja,separuh nyawaku sudah ku serahkan pada tuhan,doain aku ya yang""😭 sehat2 ya suamiku smg sll diberi keselamatan tanpa lecet sedikitpun fw_ajaa"
7478865824552420372,tr4239125,canopy_519,1,0,0,0,0,0.0,1780012488,1780012488,[],gw bangett TR4231925
7479292129044612104,kktkhgjnbghjkk,canopy_017,2,0,0,0,0,0.0,1781834940,1781834940,[],bawa dompet atau KTP? hkjgb bawa dompet atau KTP? hkjgb
7479929990818104327,jenayaaa2,canopy_563,1,0,0,0,0,0.0,1781187078,1781187078,[],kok kalian kepikiran buat mati trus si? gua mah pake gaya bebas gak ada kepikiran bakal mati begini yg penting udah gaya jena
7481214404483417096,yankmewt2,canopy_364,1,0,0,0,1,1.0,1782180626,1782180626,[],my mom said: hp jgn dikunci biar pas kecelakaan orng bisa telpon nomer keluarga 🙄 yankme
7481556266751230977,onedauntless_,canopy_345,1,0,0,0,0,0.0,1780676588,1780676588,[],iya lagi billaa
7481889367460938759,raftzy893,canopy_250,2,0,0,0,0,0.0,1781263678,1781263678,[],ter nyata pemikiran ke gini ga gua doang Raff☂️ ter nyata pemikiran ke gini ga gua doang Raff☂️
7481929553658512439,hyunwoocookies,canopy_529,1,0,0,0,0,0.0,1780115766,1780115766,[],😭 Matcha
7482314927051932679,kulosisi,canopy_638,1,0,0,0,0,0.0,1780569222,1780569222,[],iyaaa udah mikir kayak gitu gw selalu bawa dompet walaupun gak ada isinya setidaknya ada kartu Identitas sisyvyn
7483938801250042888,miyazaki937,canopy_666,1,0,0,0,0,0.0,1780869127,1780869127,[],Gua ga bawa dompet biar kalo tewas yauda jadi jhon doe aja A guy
7484436088774624274,helloowweverall,canopy_042,2,0,0,0,0,0.0,1782193655,1782193655,[],tpi pikiran aku selalu begini si mau itu deket sekalipun 𐙚tearapy.🎀໑✬ tpi pikiran aku selalu begini si mau itu deket sekalipun 𐙚tearapy.🎀໑✬
7485973175349232646,reyyaaaaaaaa1,canopy_520,1,0,0,0,0,0.0,1780761687,1780761687,[],ha itu reyya
7486331907643393040,sari.sari480,canopy_113,1,0,0,0,1,1.0,1780829391,1780829391,[],itu akuu Sari Sari
7488005359321629703,25_ziioo,canopy_339,1,0,0,0,0,0.0,1781002735,1781002735,[],@𝘛𝘸𝘪𝘭𝘪𝘨𝘩𝘵 z
7488350271514821639,vsksgy836338,canopy_277,1,0,0,0,2,2.0,1779784260,1779784260,[],klau aku sih gk akan bawa ɑׁׅ݊ꪀᧁׁꫀׁׅܻ݊ᥣׁׅ֪
7489802306281440276,clownclownie0,canopy_673,1,0,0,0,0,0.0,1780830709,1780830709,[],mindset aku udh kaya gini anjrit skrg kalo keluar (even cuma mau kerja) wajib bawa dompet jgn lupa harus ada KTP didalemnya kwkwk n.
7490286723617670162,lil.galerr,canopy_262,1,0,0,0,0,0.0,1781010925,1781010925,[],[Sticker] uchihaGaler
7491832625380934672,naa_for_nuuu,canopy_372,1,0,0,0,1,1.0,1780803972,1780803972,[],"[Sticker] gw kalo pergi selalu bawa KK+nulis nomor telfon di baliknya, biar kalo semisal kecelakaan orang orang bisa tau rumah gw dimana dan bisa telfon orang rumah just`_naeuyy"
7491833609532605441,_moonstxr7,canopy_595,1,0,0,0,0,0.0,1780663198,1780663198,[],gue malah takut bawa karena takut di copet sial😭 yuan
7493882569899394065,justicid4,canopy_013,1,0,0,0,1,1.0,1782117270,1782117270,[],"me yg kuliah di kota org ktp gd, dompet gd, ATM gada,,f🗿 CAELUM"
7495411659411948599,santoryuuuonigiri,canopy_152,1,0,0,0,6,6.0,1779719455,1779719455,[],ternyata banyak yang mikir gini juga 😭 moma
7496951292298249223,neozevnyle_,canopy_086,1,0,0,0,2,2.0,1780708771,1780708771,[],tandanya gaada uangnya itu tapi tetep bawa dompet😭 NyLeeZeva.
7497789201774920725,missqueen909004,canopy_205,1,0,0,0,0,0.0,1781306427,1781306427,[],"gw ga pernh bawa dompet, bawa hp aja tp di belakang hp ada ktp😭, Miss queen 🇨🇦"
7499493589689779218,wx8172,canopy_201,1,0,0,0,3,3.0,1781320215,1781320215,[],"gw yang gak pernah ngunci hp gw pas bepergian
takut kalo misal kecelakaan dan ada yang mau di telpon bisa buka sendiri ningning🍃🌻"
7501201778134893584,cypapun,canopy_122,1,0,0,0,2,2.0,1779793888,1779793888,[],"[Sticker] gw ga pernah bawa ktp😭, dan ngga tau ktp dimana cypapun"
7501664443560084488,iniiii_mimi17,canopy_130,1,0,0,0,3,3.0,1779697876,1779697876,[],ihhh mlahan aku punya pemikiran klo misal mau main keluar..setting walpaper kunci pke kode hp dan tulis note buat ngabarin orng yg perlu tau keadaanku..biar klo ada apa2 mereka bisa buka dan ngasih tau..tpi belum terealisasikan..krna jrng main keluar hehehe imiiiicnh
7505361348164092936,ghan_665,canopy_031,2,0,0,0,0,0.0,1781079634,1781079634,[],satu pemikiran tapi gw belom punya KTP😹😹😹 ghan satu pemikiran tapi gw belom punya KTP😹😹😹 ghan
7506867441839244344,dfyyyya,canopy_293,1,0,0,0,1,1.0,1779806669,1779806669,[],Njir sama😭😭 fyyyyA
7507818955039278088,theycallmeparamita,canopy_382,1,0,0,0,1,1.0,1779774949,1779774949,[],"tapi kalo boleh minta, gamau meninggal dalam keadaan berdarah-darah, aplg smpe ditemuin gt gtuu, sllu berdoa meninggal dengan keadaan sebaik-baiknya🥺🥺 r a w r a𓍼ོ"
7507877861438964754,umbrut03,canopy_003,1,0,0,0,2,2.0,1779804748,1779804748,[],[Sticker] KTP nya ga ada umbrut
7510202614824551431,saneyuu_,canopy_016,2,0,0,0,0,0.0,1781876838,1781876838,[],pikiran tiap kali berangkat kerja sane pikiran tiap kali berangkat kerja sane
7512754059523769352,fan04102,canopy_002,1,0,0,0,8,8.0,1782197825,1782197825,[],"lupa bawa dompet,akhirnya org"" menggunakan cara ""tiktok show your magic"" Li Da (李達)"
7512994775039083538,melyatahaku,canopy_655,1,0,0,0,0,0.0,1780633657,1780633657,[],"gw juga gitu, bhkan nomor HP mak aku pun udh aku ctat di krtas dan ditaro di dompet...
trnyata bnyak orng yg pemikirannya sama yahh🥲 🤑"
7515323874088748050,dilacmiw7,canopy_620,1,0,0,0,0,0.0,1780646440,1780646440,[],"gabikin sandi hp. ntar kalo gw mati orang"" deket gua bakal punya kenangan gua di HP, walaupun banyak di HP aku yg gapengen orang lain tau khao😸"
7516118321939727361,hy.lin06,canopy_116,1,0,0,0,1,1.0,1779860290,1779860290,[],"ihh bener tauu, dulu aku pernah kecelakaan dan emang gapernah bawa dompet kalau keluar, alhasil aku di rs cuma bengong doang nunggu orang rumah karna orang yang nolongin gatau identitasku😭
alhasil sejak saat itu kemana mana selalu bawa dompet meskipun isinya cuma ktp sama stnk do"
7518436263998063623,anindyacinta5,canopy_630,1,0,0,0,0,0.0,1780589688,1780589688,[],"Dulu setiap pergi naik motor disuruh ibu bawa ktp, katanya kalo mati biar gampang dipulanginnya anindyacinta5"
7520091064683021319,scorpioooo_11_,canopy_049,1,0,0,0,24,24.0,1779795288,1779795288,[],"kak 😭 ih
ternyata ga cuma saya yg kepikiran begini 🥷🏻١١"
7521728838495011848,liliiiaaa__,canopy_678,1,0,0,0,0,0.0,1780960530,1780960530,[],"ihh iya lgi gua selalu mikir gini njirr klo lagi pergi', takut aja kejadian hal yang ga terduga, tapi jangan dehh amitt' 😭😭😭 sayangg"
7522349223884719105,userjs5ukhg11r,canopy_099,2,0,0,0,0,0.0,1782034109,1782034109,[],baru aja beli dompet user90064251472 baru aja beli dompet user90064251472
7522355226557662225,yumee641,canopy_334,1,0,0,0,1,1.0,1779678710,1779678710,[],aku kmna2 selalu bawa KTP 😂 yumeeee
7523217404127364112,rinasntk,canopy_601,1,0,0,0,0,0.0,1780664753,1780664753,[],"gua bgt wkwkw di dompet taro nomor telpon yg harus dihubungi kalo gua meninggal, password hp juga takut hpnya mau dipake sama ade gua nanti 😆 rin"
7523245655259759624,ddin1w,canopy_514,1,0,0,0,0,0.0,1779991184,1779991184,[],GABISA REPOSTTTT sparklebabe🫦
7526895629398737928,aeritura,canopy_101,1,0,0,0,0,0.0,1779696522,1779696522,[],"dari awal taun aku dah pake dog tag, gegara liat banjir aceh akhir taun kemarin dan banyak yang ga teridentifikasi🙃 aeri | di-GD-aw"
7529488293902566407,belajargatakutketinggian,canopy_303,1,0,0,0,2,2.0,1779618314,1779618314,[],gw jujur gw ada di posisi side kedua belajar ga takut ketinggian
7530213210042729490,umyyahumyyah,canopy_608,1,0,0,0,0,0.0,1780647762,1780647762,[],Iyyy kannn Umyyah Umyyah
7531066706552275986,chan.zzy4,canopy_464,1,0,0,0,0,0.0,1780234930,1780234930,[],KTP GUA BEDA SAMA TEMPAT TINGGAL ASLI😔 Chan zzy
7533017467783808007,m.alsirhan,canopy_684,1,0,0,0,0,0.0,1780968701,1780968701,[],Kalian overthinking banget astagfirullah m.alsirhan
7534390074759922704,calibuestory,canopy_677,1,0,0,0,0,0.0,1780828009,1780828009,[],"bahkan pernah, beberapa bulan mau ultah aku, aku takut bgt meninggal, jadi setiap malem kamarnya egk dikunci takut aku ga ada umur, orang rumah g ngeh casyy"
7536548421932319751,jarenn40,canopy_717,1,0,0,0,0,0.0,1780759353,1780759353,[],lah iya juga isfiyeifowisys dandelions
7542789080502682641,jiyyunie,canopy_518,1,0,0,0,0,0.0,1780357789,1780357789,[],gue tiap hari bawa dompet dan KTP Gweh😭 yuuuya
7544921032646804487,isnda00,canopy_606,1,0,0,0,0,0.0,1780650920,1780650920,[],"[Sticker] Syalann, rahasiaku terbongkar nda"
7545554271439078416,aestheticvaa1,canopy_153,1,0,0,0,1,1.0,1779685809,1779685809,[],dlu waktu umur 17 tahun sebelum merantau emak kasih tau aku harus ada KTP dan bahkan BPJS dan aku bingung dong dan emak hanya berpesan selalulah bawa 2 benda ini walaupun dompetmu tidak ada isi duitnya karna 2 benda tersebut lebih berharga...pas ketika udh merantau barulah sadar 
7545673249791706113,williamjkpst,canopy_657,1,0,0,0,0,0.0,1780630780,1780630780,[],[Sticker] annyeonghaseye
7545857000773616658,ju5tscr3t,canopy_689,1,0,0,0,0,0.0,1780941188,1780941188,[],gokil mana gokil ￴ ￴ ￴ ￴ ￴ ￴ ￴ ￴ ￴
7546553409273627653,hamizannx0,canopy_156,1,0,0,0,1,1.0,1780009858,1780009858,[],gwe bawa kartu identitas doang😭 naqy
7546926530825077778,elfa_2103,canopy_283,1,0,0,0,1,1.0,1779703533,1779703533,[],Klo pergi jauh hp ku ga ku sandi ￴ ￴ ￴ ￴ ￴ ￴ ￴ ￴ ￴ ￴
7547223971999417351,yogi20056,canopy_657,1,0,0,0,0,0.0,1780997909,1780997909,[],[Sticker] yugi
7550661278433231879,yyaaaa994,canopy_152,1,0,0,0,0,0.0,1780289797,1780289797,[],"njir sama cok, mikir gini juga😭 yyaaaa"
7553154672204088340,cyprus441,canopy_472,1,0,0,0,0,0.0,1780223925,1780223925,[],"kirain gw doang yg kek gini, isinya mah duit recehan yg pnting kalo gw tewas badan gw ada yg bisa balikin ke rmh 😹 ."
7554403762245895188,ur_gi1rl,canopy_232,1,0,0,0,2,2.0,1779639478,1779639478,[],"nabung buat masa depan?
no,nabung biar klo meninggal punya biaya queenbee"
7563951994022413330,angga4.__,canopy_188,1,0,0,0,0,0.0,1781266782,1781266782,[],"bp said ""kalo keluar bawa ktp ya nak"" loh kenapa pak? takutnya kalo kenapa kenapa biar bisa di pulangin ke rumah nggaa"
7565406894694269953,waterlinesky,canopy_100,1,0,0,0,7,7.0,1780670097,1780670097,[],sumpah gw ampe bikin note no telp yg bisa dihubungi di dlm dompet 😭 wina
7565637171480052737,nonanoona113,canopy_447,1,0,0,0,0,0.0,1780067101,1780067101,[],lah iyaa. aku jg kepikiran itu bbrp hri yg lalu .
7566446773142979591,anomali.gabut87,canopy_294,1,0,0,0,1,1.0,1779625074,1779625074,[],gua sudah berpikir sejak umur gua di cetak 17thn di ktp i'm pocoloco1
7566639233809695765,saha_teh_keh3d,canopy_099,1,0,0,0,4,4.0,1779637403,1779637403,[],"[Sticker] gw yg bawa KTP pake kresek, males beli dompet jirr is-AKAZA"
7568781196831409172,ibucucinggg,canopy_594,1,0,0,0,0,0.0,1780664360,1780664360,[],"Ini yang aku lakukan ke suami , setiap dia pigi kerja slalu aku selipin ktp di dompetnya , soalnya dia tim yang ga mau bawa dompet ketempat kerja 🌻"
7569967093475968008,pi_fay,canopy_557,1,0,0,0,0,0.0,1781253209,1781253209,[],gue kalo keluar wajib bawa dompet walau gada duitnya tapi ada ktp disitu 😭 pi
7571687209402532882,kekeeeiii8,canopy_008,1,0,0,0,0,0.0,1780199801,1780199801,[],"@𝓜𝓮𝓲𝓶𝓮𝓲.: bahkan di emergency phone
dari nama lengkap ayah ibu,gol darah,tb,bb,alergi,kontak² yang bisa di hubungin sudah aku persiapkan. shaaaakeiiii"
7572718529432126480,lio.kazami,canopy_285,1,0,0,0,1,1.0,1779611567,1779611567,[],relate bruh Lio Kazami
7575529166674773008,elytra555,canopy_084,2,0,0,0,0,0.0,1781130732,1781130732,[],wajar lah elytra555 wajar lah elytra555
7576621338477184018,a.akusuka,canopy_500,1,0,0,0,0,0.0,1780027276,1780027276,[],"Gw kmna"" KTP SMA BPJS di bwa trus😭😭 Ani"
7577673427314541589,niaran011220,canopy_474,1,0,0,0,0,0.0,1780191735,1780191735,[],kalo mau pergi jauh pola hp nya di buka dulu Samantha🌼
7581801127412319248,just.want.her.bac,canopy_014,1,0,0,0,2,2.0,1780996346,1780996346,[],gua kalo jalan jauh pasti HP ga gua kunci 😁 Just Want Her Back
7583691841695859720,ghifhars,canopy_166,1,0,0,0,2,2.0,1779958213,1779958213,[],"real, pikiran melampau jauh kedepan Fharr🦊"
7584050819944596487,waxhwal,canopy_174,1,0,0,0,1,1.0,1779690461,1779690461,[],[Sticker] kondisi dompet gw wan??
7585530131923682324,ov_eee,canopy_405,2,0,0,0,0,0.0,1782099347,1782099347,[],dove dove
7587437314005304341,yaya_zhi6,canopy_366,1,0,0,0,1,1.0,1781916111,1781916111,[],sampe potongan kertas abis cek darah pun gw simpen di dompet😭💔 zhiya🫛
7591058387967886348,thedominator889,canopy_193,1,0,0,0,2,2.0,1779374866,1779374866,[],gw suka sama konten lu ini False 7642318202650905874 7642400684327568136 0 id 1779385084 2 True Creator 1 7642356826557858567 {} sepul neptuns’s comment: tengkyu dan tetap hidup my mindset #fyp #meme #relatable https://t.tiktok.com/i18n/share/video/7642318202650905874/?_d=9b0dm3c
7592061582878065685,melmel5590,canopy_422,2,0,0,0,0,0.0,1781760647,1781760647,[],"sumpah iyaa, kadang aneh sama orang yg gak bawa kartu identitasnya sendiri. gw selalu ingetin temen gw kalo kartu identitas itu penting dan harus di bawa selalu, menghindari hal² yang tidak diinginkan juga melmel sumpah iyaa, kadang aneh sama orang yg gak bawa kartu identitasnya "
7592121729054213121,ulltram_an,canopy_416,2,0,0,0,0,0.0,1781960200,1781960200,[],"sama bang kalau lagi banyak pikiran truss keluar motoran selalu bawa dompet ktp paling penting, bukanya apa soalnya di tanah rantau ktp paling penting kalau terjadi apa apa sama kita Ultraman sama bang kalau lagi banyak pikiran truss keluar motoran selalu bawa dompet ktp paling p"
7599093536964871189,bittercocoapowder,canopy_663,1,0,0,0,0,0.0,1780892980,1780892980,[],oiya ya toothpaste
7599311463005832209,aaldika2,canopy_239,1,0,0,0,2,2.0,1779663020,1779663020,[],jgn lupa hpus story chrome jga stiap pergi🗿 Kuli Jepang 🇯🇵
7602458307672884225,ndraaaa350,canopy_349,2,0,0,0,0,0.0,1781197661,1781197661,[],hilangin semua pola hp bar pas meninggal bisa dibuka🗿 𝙉𝙙𝙧𝙖𝙖𝙖 hilangin semua pola hp bar pas meninggal bisa dibuka🗿 𝙉𝙙𝙧𝙖𝙖𝙖
7602605744538141716,alwaysseanctuary,canopy_077,1,0,0,0,2,2.0,1779688208,1779688208,[],hehhe suka mikir gini sih Seanctuary_
7604788544276333586,some.one8548,canopy_236,1,0,0,0,1,1.0,1779783348,1779783348,[],gw juga berpikiran begitu bro soalnya dompet gw ga pernah ada uangnya Some One
7606263940389946389,abunnn002,canopy_548,1,0,0,0,0,0.0,1781163869,1781163869,[],"bawak dompet, karna kwatir kenapa2 di jalan hai, ini bunga"
7607445622497264647,404hf.usernotfound,canopy_102,1,0,0,0,2,2.0,1779891604,1779891604,[],pas mau pergi jauh selalu mikir gini jir h
7608910206895195157,miswa164,canopy_609,1,0,0,0,0,0.0,1780647190,1780647190,[],"aku bawa dompet buat identitas. krn dompetku isinya receh semua, kebiasaan pake qris jd malas narik duit😁 miswa164"
7617823686238143508,wonderfullupies,canopy_424,2,0,0,0,0,0.0,1781706334,1781706334,[],"simpan nomer orang penting di dinding kamar, biar kalau aku metong ada yang bisa dihubungin😁 🪼 simpan nomer orang penting di dinding kamar, biar kalau aku metong ada yang bisa dihubungin😁 🪼"
7618421559720412178,muhammad.r164,canopy_210,2,0,0,0,0,0.0,1781927441,1781927441,[],pikiran kita sama Muhammad R1 pikiran kita sama Muhammad R1
7626262691652420629,cnynhy,canopy_110,1,0,0,0,6,6.0,1779689452,1779689452,[],"sekarang kenapa ya mikir nya gini terus mau kemanapun selalu kepikiran harus bgt bawa ktp, kalo ga bawa tu rasanya ga tenang bgt, bahkan cuma mau beli apa pun kedepan yg jarak nya deket pun tu ktp selalu di bawa trs cinayy"
7627162419760890887,tania.simatupangg,canopy_480,1,0,0,0,0,0.0,1780264989,1780264989,[],🥲 Taniaa
7627263245217350674,yuki.hyo3,canopy_579,1,0,0,0,0,0.0,1781132311,1781132311,[],"kalo berangkat2 jauh, berusaha pake baju yang warna cerah yang mencolok kaya pink, putih, dll asal GK biru atau hijau. biar kl amit2 pesawat jatuh ato kapal tenggelam masih keliatan Yuki Hyo"
7627890544752886791,who365333,canopy_565,1,0,0,0,0,0.0,1781023476,1781023476,[],😳😳😳 who?
7628866672606708757,novi.miaw,canopy_683,1,0,0,0,0,0.0,1780978561,1780978561,[],aku mlh nulis no hp kluarga kk dikertas ku kantongin😭 x.y.z.Vii
7629259435181491218,ncaaidk,canopy_326,1,0,0,0,1,1.0,1779788955,1779788955,[],[Sticker] trnyata sisa duit nya doang Cá always lol
7629938843277640725,bungsu04806,canopy_032,1,0,0,0,3,3.0,1781775897,1781775897,[],[Sticker] hidup karna masih hidup aja RShoop🇮🇩
7631155532019663879,informasi.bumi,canopy_027,1,0,0,0,2,2.0,1779629991,1779629991,[],[Sticker] isinya INFORMASI BUMI
7634034175490606101,yyyy23537,canopy_399,2,0,0,0,0,0.0,1782186636,1782186636,[],Bawa ktp yyyy Bawa ktp yyyy
7635591227443250194,kaiiraaaaw,canopy_175,1,0,0,0,1,1.0,1780256335,1780256335,[],mindset mama aku kairaaaa
7637056590491091976,anitaimutkiyut0,canopy_574,1,0,0,0,0,0.0,1781013637,1781013637,[],gk tau kenapa gw mau main jauh dari rumah bawa dompet isi identitas semua biar kalo kecelakaan nanti ada yg kenal😭 idk
7639298353755030529,sherianne41,canopy_113,2,0,0,0,0,0.0,1781150987,1781150987,[],Ini jg yg gw pikir Sari Ini jg yg gw pikir Sari
7640716169255715857,hz00x,canopy_260,1,0,0,0,2,2.0,1780063298,1780063298,[],[Sticker] bawa catatan kecil Joo adalah Sho.
7641155549304505352,mewingsigmaskibid1,canopy_428,2,0,0,0,0,0.0,1781502655,1781502655,[],selalu ninggalin KTP dan kartu SIM kalo keluar jauh Someone yang maybe you kenal selalu ninggalin KTP dan kartu SIM kalo keluar jauh Someone yang maybe you kenal
7641515667149145109,alfin91204,canopy_291,2,0,0,0,0,0.0,1782017408,1782017408,[],siap kartu pelajar aja si😅 Alfin siap kartu pelajar aja si😅 Alfin
7642599508594115605,ipan71008,canopy_063,2,0,0,0,0,0.0,1782214750,1782214750,[],kukira cuma gw yg kepikiran😹 ⚡𝙓𝙞𝙣𝙣ツ kukira cuma gw yg kepikiran😹 ⚡𝙓𝙞𝙣𝙣ツ
7642911089734927378,mscara_20,canopy_522,1,0,0,0,0,0.0,1780322166,1780322166,[],ku yang ke-2. tiap kemana² bawa dompet walaupun dikit karena ktp ada didompet🗿 Sya
7643821011835061269,user000647502,canopy_713,1,0,0,0,0,0.0,1780815839,1780815839,[],"fr, skrng kemana-mana bawa dompet lengkap ada kartu BPJS, KTP, nomor darurat. takut tiba-tiba meninggal di jalan, setidaknya ga ngerepotin orng di sekitar dan orang di rumah bakal dapat kabar. ⨾༊·˚"
7648650172402435093,29riee,canopy_041,2,0,0,0,0,0.0,1782223338,1782223338,[],"gak berlaku di gw bro, gw orng jabar ngarantau ke kaltim sendirian bikin ktp kaltim riee gak berlaku di gw bro, gw orng jabar ngarantau ke kaltim sendirian bikin ktp kaltim riee"
7649746214976537620,clipper.fyp136,canopy_585,1,0,0,0,0,0.0,1781097730,1781097730,[],"gua di titik ini sekarang
semua uang di taruh di saku dan di hp tapi dompet selalu dalam tas
jadih bagi gua sekarang dompet itu bukan alat nyimpan duit
tapi nyimpan identitas kalo meninggal di jalan atau dimana setidak nya orang gak susah mau pulangin mayat gua kemana 🙂 Clipper F"
7650649289911452693,kuchikuya,canopy_337,2,0,0,0,0,0.0,1781426953,1781426953,[],bjir kirain gw doang ruki bjir kirain gw doang ruki
7650741089351484436,myuuchel,canopy_068,1,0,0,0,3,3.0,1781690572,1781690572,[],"[Sticker] anjirlah gw selalu dnger ucapan ini kluar dri mulut cwo gw,setiap kli gw tanya ""bawa dompet mulu kyk megang duit bnyk aj""(niat cmn ngejokes),tpi ucapan beliau malah bkin gw jdi ngerasa sedih jir Uchel's"
7652473478721979400,dadar.gulung9370,canopy_415,2,0,0,0,0,0.0,1781966344,1781966344,[],"emang bener. soalnya di hutan, sawah dan ladang kayaknya tengah laut. udh ada KDMP bang dadar gulung emang bener. soalnya di hutan, sawah dan ladang kayaknya tengah laut. udh ada KDMP bang dadar gulung"
7652707278761018388,sintaaurora91,canopy_317,2,0,0,0,0,0.0,1781947842,1781947842,[],hp si Paling wajib Sinta Aurora hp si Paling wajib Sinta Aurora
7653078869913863175,itsnaptr_,canopy_419,2,0,0,0,0,0.0,1781875838,1781875838,[],di dompet gua emang isinya sisa ktp doanggg backburner di dompet gua emang isinya sisa ktp doanggg backburner
7653816056004543508,ayanokyotaka1,canopy_404,2,0,0,0,0,0.0,1782106728,1782106728,[],tinggal dompet jadi mister X AyanoKyotaka tinggal dompet jadi mister X AyanoKyotaka
7653909888418890773,akusedangmarahhha,canopy_400,2,0,0,0,0,0.0,1782149410,1782149410,[],"ketika dalam perjalanan dn saya mengendarai kendaraan sendiri, saya menonaktifkan sandi layar (pola, pin) whatever, karena biar orang mudah ngabarin orang2 ketika saya mati dijalan akusukamieayam ketika dalam perjalanan dn saya mengendarai kendaraan sendiri, saya menonaktifkan sa"
7654157094572098561,zaherbalife,canopy_028,2,0,0,0,0,0.0,1782211780,1782211780,[],"pikiran gw ngarahnya, mau ke Kopdes yg di tengah hutan 😭 ZaHerbalife pikiran gw ngarahnya, mau ke Kopdes yg di tengah hutan 😭 ZaHerbalife"
81308061605,z.wurld,canopy_293,1,0,0,0,0,0.0,1780658283,1780658283,[],Njir sama zerlindals🍣
86855738395926528,123004.docx,canopy_055,1,0,0,0,2,2.0,1780255535,1780255535,[],"iya bgt lg, slalu bawa dompet meskipun isiny tinggal ceban wkwkwk yahh krn sperti yg di vt bluetality"
93013606744592384,qyqii,canopy_228,1,0,0,0,1,1.0,1779722190,1779722190,[],jujur iya. klo duit mah ada qris udah kikuy🐻
95653080293068800,merlindaarrrr,canopy_157,1,0,0,0,1,1.0,1779733408,1779733408,[],"eh sumpah ak jg skr mikirnya kesitu, bkn krn harus ada duit atau gak😭 lindaa"
95775519061,skzsky_,canopy_602,1,0,0,0,0,0.0,1780652541,1780652541,[],ril bgt sky
