source,target,weight
106026740199636992,6788503463644070913,0.015574185181983925
106026740199636992,6869604967994541057,0.01650065531222108
106026740199636992,6881613830130418689,0.01658434548585024
106026740199636992,6935026650749322242,0.015508496740938207
106026740199636992,7022223240064025601,0.01555997906491683
106026740199636992,7064593869828932614,0.01574079618217164
106026740199636992,7096068961858765826,0.027854910892924294
106026740199636992,7325664758940943366,0.015197634389699658
106026740199636992,7328024330810950662,0.016048116222063036
106026740199636992,7358103277785891846,0.016341482762636028
106026740199636992,7398639237263229958,0.017294184073377447
106026740199636992,7444920523094967314,0.016276810554687667
106026740199636992,7501201778134893584,0.01530539793025031
106026740199636992,7516118321939727361,0.015652066623780672
106026740199636992,7520091064683021319,0.023730164492497874
106026740199636992,95653080293068800,0.015345696607322512
119419377912877056,134975594403930112,0.01258048529743762
119419377912877056,6801315654327976962,0.01805799270773667
119419377912877056,6851242490378437633,0.020999977364151583
119419377912877056,6869941060425237506,0.012508545107776868
119419377912877056,6922636080495952898,0.06049538187984078
119419377912877056,6932353646320108546,0.013562025335998372
119419377912877056,6934842504743879681,0.01612046417007406
119419377912877056,7005622091391714330,0.022608384091126706
119419377912877056,7020605956485940251,0.015498466717460024
119419377912877056,7060374955943003137,0.014176398178537549
119419377912877056,7238631407236580358,0.016456233543508992
119419377912877056,7319387104206259206,0.015165816571254518
119419377912877056,7321759691690951685,0.025597737117156714
119419377912877056,7384728630012806150,0.018478126863955897
119419377912877056,7476774838238430216,0.01701794962657664
134975594403930112,6530552777457238017,0.01233393007114054
134975594403930112,6534977541097570305,0.026978034067789983
134975594403930112,6541639334453215233,0.0167703075771117
134975594403930112,6596423911494434817,0.022211890162342266
134975594403930112,6616200298652958722,0.016713258290646807
134975594403930112,6806265446909510657,0.031454267545412244
134975594403930112,6837516209820517378,0.022936716996090144
134975594403930112,6840729921989297153,0.01762003309429658
134975594403930112,6858020241664181249,0.023955474548679308
134975594403930112,6869941060425237506,0.02826331943607501
134975594403930112,6872243314772345857,0.03179024327312097
134975594403930112,6876731745220920321,0.02636518163977413
134975594403930112,6932353646320108546,0.01673155889220553
134975594403930112,6939349569991050242,0.021679089744621616
134975594403930112,6941389168077702146,0.019099591168774206
134975594403930112,6949516198539346945,0.03624595957050932
134975594403930112,6967196401395139585,0.029829804175716696
134975594403930112,6971392711799964673,0.028872762236606734
134975594403930112,6986850469483676673,0.018498527136117857
134975594403930112,7135414649268880411,0.021933768560467592
134975594403930112,7238631407236580358,0.014485120716240325
134975594403930112,7328024330810950662,0.01741783604285881
134975594403930112,7377168369478452229,0.02145448656948622
134975594403930112,7516118321939727361,0.016006813545007343
134975594403930112,7642599508594115605,0.015414723383692899
134975594403930112,86855738395926528,0.022640957371179857
6509672677845843969,6774894159096153089,0.015044817763977106
6509672677845843969,6796501145089229825,0.01491102663198556
6509672677845843969,6826232852025263106,0.01598298148746885
6509672677845843969,6843726665424585734,0.0299763575057588
6509672677845843969,6968718267481490433,0.015333911144257322
6509672677845843969,7056589938901664769,0.06541100893520808
6509672677845843969,7124524290486535170,0.014644607442044493
6509672677845843969,7198497671228834818,0.015247031055458089
6509672677845843969,7257089825308165126,0.014660671106188494
6509672677845843969,7476774838238430216,0.01513844960023854
6509672677845843969,7484436088774624274,0.015398349553310353
6509672677845843969,7512754059523769352,0.016141271539046587
6509672677845843969,7629938843277640725,0.0109961986518355
6509672677845843969,7642599508594115605,0.016892695315558082
6509672677845843969,7648650172402435093,0.016590219436088346
6509672677845843969,7654157094572098561,0.016965991944846763
6523428105334456322,6796118400902300673,0.01620900581428397
6523428105334456322,6832172451021308929,0.03257449316808466
6523428105334456322,6845216238998684674,0.017092537245228624
6523428105334456322,6884391295285806086,0.02131329952329353
6523428105334456322,6885133273098388482,0.02368291776908956
6523428105334456322,6891957094863389697,0.022279511619978643
6523428105334456322,6925056214594274306,0.01585603606643079
6523428105334456322,6959317815221093378,0.016205941183348182
6523428105334456322,6960359847695074309,0.028958499159974938
6523428105334456322,6962343424021726209,0.04367214497107301
6523428105334456322,6983637584456647681,0.016291753805102976
6523428105334456322,6995145012439450625,0.03628131262478281
6523428105334456322,7002112944796779546,0.022234376483035438
6523428105334456322,7035968949859959835,0.015846760123872487
6523428105334456322,70729628102,0.015331016677948726
6523428105334456322,7325664758940943366,0.015517461547278809
6523428105334456322,7455281387647304705,0.025785722864161385
6523428105334456322,7495411659411948599,0.041546440796161065
6523428105334456322,7501664443560084488,0.014654913850685467
6523428105334456322,7602605744538141716,0.023556964319425704
6523428105334456322,7607445622497264647,0.022501811332303227
6523428105334456322,95653080293068800,0.015398414536285817
6529308456757985282,6530552777457238017,0.012195251260318606
6529308456757985282,6744584940111905794,0.016221879066202562
6529308456757985282,6801315654327976962,0.014826691092332901
6529308456757985282,6836139867615151105,0.014698884307731763
6529308456757985282,6859585767275381762,0.01556831275846476
6529308456757985282,6941389168077702146,0.015418732569166125
6529308456757985282,6950174197022065669,0.015342172062813821
6529308456757985282,6958281584488236033,0.013774278936741142
6529308456757985282,6966276498689721345,0.01471959645799652
6529308456757985282,6968718267481490433,0.024753896654708535
6529308456757985282,7063506594294924289,0.016159440605281582
6529308456757985282,7121523637161001985,0.01804071421988633
6529308456757985282,7132780297389507585,0.011181786265341373
6529308456757985282,7231559211711382529,0.016064946047895327
6529308456757985282,7278224508979872786,0.01572279782003812
6529308456757985282,7516118321939727361,0.0155015195589427
6529308456757985282,7583691841695859720,0.018562741571319496
6529308456757985282,7607445622497264647,0.02604332942553023
6530552777457238017,6774894159096153089,0.01043260759317505
6530552777457238017,6796501145089229825,0.010575872244016571
6530552777457238017,6837516209820517378,0.012898387048234853
6530552777457238017,6843726665424585734,0.01034262563052754
6530552777457238017,6858020241664181249,0.017282658707698472
6530552777457238017,6907064109915046914,0.017005200140259722
6530552777457238017,6960359847695074309,0.01528816497237498
6530552777457238017,7020605956485940251,0.014938305238519791
6530552777457238017,7124524290486535170,0.01087059107852205
6530552777457238017,7257089825308165126,0.010852297686369453
6530552777457238017,7445331089281270789,0.01714596410717908
6530552777457238017,7476774838238430216,0.014230331981494244
6530552777457238017,7493882569899394065,0.014019682211163216
6534977541097570305,6611842835128795137,0.01854595359148908
6534977541097570305,6776674034375263234,0.01902120709921392
6534977541097570305,6806265446909510657,0.027792640940618712
6534977541097570305,6837516209820517378,0.02302712763685601
6534977541097570305,6843726665424585734,0.024759129777239534
6534977541097570305,6858020241664181249,0.022935758286979104
6534977541097570305,6869604967994541057,0.015977380155104724
6534977541097570305,6941389168077702146,0.021255708953382545
6534977541097570305,6971392711799964673,0.021929090491249328
6534977541097570305,7020605956485940251,0.018785720696865533
6534977541097570305,7096068961858765826,0.017306473788798026
6534977541097570305,7121523637161001985,0.01834765195065426
6534977541097570305,7165117173925708826,0.014133010702330797
6534977541097570305,7316163220909196294,0.01643178069886201
6534977541097570305,7455281387647304705,0.021257011879089148
6534977541097570305,7496951292298249223,0.02349695551411648
6534977541097570305,7501201778134893584,0.019883029278619315
6534977541097570305,7635591227443250194,0.01588307743593849
6534977541097570305,86855738395926528,0.016088832918628254
6539111130748452865,6589861717978136578,0.01530722792684219
6539111130748452865,6733504201782395905,0.031352860281564296
6539111130748452865,6832456761011995649,0.015129772714733982
6539111130748452865,6884391295285806086,0.015017796578084615
6539111130748452865,6922656772109452290,0.015317588955937891
6539111130748452865,6959162637768377349,0.03118522609436274
6539111130748452865,6967196401395139585,0.014933537042984106
6539111130748452865,6970866552057267202,0.014955228286740552
6539111130748452865,7108182400240223233,0.014921037316903083
6539111130748452865,7113527717450810370,0.015310729393091206
6539111130748452865,7135220356252517402,0.015290622662342507
6539111130748452865,7545554271439078416,0.015210780291337843
6539111130748452865,7584050819944596487,0.015472880023227378
6539111130748452865,7602605744538141716,0.015560258702854518
6539111130748452865,7626262691652420629,0.015353981882727154
6541639334453215233,6776674034375263234,0.015888902734829947
6541639334453215233,6849158272508838913,0.013256143219484975
6541639334453215233,6874733816599708673,0.013562164426532923
6541639334453215233,6882458879956780033,0.014134910589675462
6541639334453215233,6939349569991050242,0.015928896959739057
6541639334453215233,7054007488706429979,0.01565038422089793
6541639334453215233,7064593869828932614,0.018532828001629375
6541639334453215233,7100750102336177154,0.015869019830036184
6541639334453215233,7150266661496472582,0.014328143067515014
6541639334453215233,7202086685571138562,0.01722596163215544
6541639334453215233,7283325250002830342,0.012719857600091236
6541639334453215233,7309331808796460037,0.018148892600793404
6541639334453215233,7321759691690951685,0.014724170625574672
6541639334453215233,7344283645127885830,0.02114018927512395
6541639334453215233,7496951292298249223,0.013668030828111419
6541639334453215233,7501664443560084488,0.01789887467342399
6541639334453215233,7505361348164092936,0.016746919429721056
6589861717978136578,6784144101794513921,0.014966881124107179
6589861717978136578,6832172451021308929,0.015469564999259064
6589861717978136578,6832456761011995649,0.015530272361273455
6589861717978136578,6922656772109452290,0.01629774751983081
6589861717978136578,6949516198539346945,0.020523055877977328
6589861717978136578,6959162637768377349,0.01105543238627996
6589861717978136578,6967196401395139585,0.015146050014207301
6589861717978136578,6971392711799964673,0.015396132504247814
6589861717978136578,70729628102,0.015382528563191913
6589861717978136578,7108182400240223233,0.01588888142377398
6589861717978136578,7113527717450810370,0.015946876495366115
6589861717978136578,7135220356252517402,0.015969582954340898
6589861717978136578,7455281387647304705,0.01544571104665478
6589861717978136578,7501664443560084488,0.022899000416184923
6589861717978136578,7545554271439078416,0.015446081027940737
6589861717978136578,7581801127412319248,0.015097388532465514
6589861717978136578,7584050819944596487,0.016110416046308286
6589861717978136578,7602605744538141716,0.016014741699237542
6589861717978136578,7626262691652420629,0.01589758283901922
6596423911494434817,6749192041500525569,0.01577684103536975
6596423911494434817,6754421722797048833,0.014566203705506328
6596423911494434817,6806265446909510657,0.01927404998344951
6596423911494434817,6837516209820517378,0.018451859177482422
6596423911494434817,6844898370776122370,0.015232057232536279
6596423911494434817,6848106255912207361,0.014293750632844745
6596423911494434817,6856714213596726273,0.015637907672291868
6596423911494434817,6858020241664181249,0.01921935431153649
6596423911494434817,6869941060425237506,0.017471274699425273
6596423911494434817,6919245969214080001,0.015188780412943253
6596423911494434817,6947166484004373506,0.016185554403035415
6596423911494434817,6949516198539346945,0.019431168523061832
6596423911494434817,6967196401395139585,0.015886644834003254
6596423911494434817,6967659350089810946,0.01535913702152883
6596423911494434817,6971392711799964673,0.018086671549035618
6596423911494434817,6986850469483676673,0.0247172926232606
6596423911494434817,7000352128338478081,0.014880045578060703
6596423911494434817,7003367467040949249,0.015809763772875175
6596423911494434817,7012854598687966235,0.016513365174171422
6596423911494434817,7096479885301138458,0.016385923857383824
6596423911494434817,7108182400240223233,0.022054089187611536
6596423911494434817,7222475408116515866,0.02840997309468699
6596423911494434817,7305828667954021382,0.016461642776986952
6596423911494434817,7328024330810950662,0.01823038848001745
6596423911494434817,7358103277785891846,0.01821552491046656
6596423911494434817,7377168369478452229,0.03206728510001795
6596423911494434817,7448255517355164673,0.014987385220307391
6596423911494434817,7496951292298249223,0.01495107018140744
6596423911494434817,7516118321939727361,0.018047961991929127
6596423911494434817,7566639233809695765,0.026059994583794568
6596423911494434817,7648650172402435093,0.013713204216459376
6596423911494434817,7650741089351484436,0.012279100140899816
6611842835128795137,6616200298652958722,0.014713047225226972
6611842835128795137,6733504201782395905,0.014833734687856582
6611842835128795137,6806491020194350081,0.016642210765908896
6611842835128795137,6836139867615151105,0.014940010691104707
6611842835128795137,6907064109915046914,0.019081221237482463
6611842835128795137,6916793805480805377,0.016386591331223898
6611842835128795137,6964714945469662210,0.014738743313537892
6611842835128795137,6966276498689721345,0.014917702482600066
6611842835128795137,6987280497861067778,0.017359064548726634
6611842835128795137,7002112944796779546,0.023275782930797465
6611842835128795137,7060924497801593882,0.01582088255483382
6611842835128795137,7121523637161001985,0.012494677415453582
6611842835128795137,7132780297389507585,0.010209851456263885
6611842835128795137,7400503260173730822,0.01727532171823243
6611842835128795137,7516118321939727361,0.024368268467427415
6611842835128795137,7583691841695859720,0.016632570418095884
6616200298652958722,6744584940111905794,0.014513868842847073
6616200298652958722,6801315654327976962,0.01537729555258852
6616200298652958722,6806491020194350081,0.015001701756215964
6616200298652958722,6836139867615151105,0.016194179276567803
6616200298652958722,6840729921989297153,0.074512946901302
6616200298652958722,6859585767275381762,0.02113503725868171
6616200298652958722,6916793805480805377,0.015219504820514772
6616200298652958722,6960359847695074309,0.01809588154299175
6616200298652958722,6964714945469662210,0.012068972748050282
6616200298652958722,6966148415672173569,0.015915384933277057
6616200298652958722,6966276498689721345,0.016214722963861224
6616200298652958722,6987280497861067778,0.029753383834250906
6616200298652958722,6995145012439450625,0.022671835714116097
6616200298652958722,7002112944796779546,0.01643241167408546
6616200298652958722,7063506594294924289,0.014471014678564993
6616200298652958722,7278224508979872786,0.014228309692969895
6616200298652958722,7361451922681119749,0.023367246201115962
6616200298652958722,7379787571319522310,0.014340954861787181
6616200298652958722,7400503260173730822,0.014796340686630414
6616200298652958722,7495411659411948599,0.017477762469540196
6616200298652958722,7583691841695859720,0.013989870012386458
6616200298652958722,7607445622497264647,0.030077606764982993
6688554928719643649,6749192041500525569,0.01574134070950024
6688554928719643649,6754421722797048833,0.014386091838792593
6688554928719643649,6844898370776122370,0.01563915473804529
6688554928719643649,6884391295285806086,0.015419741446886103
6688554928719643649,6966276498689721345,0.01591529713700261
6688554928719643649,6967196401395139585,0.014693000326119702
6688554928719643649,6970866552057267202,0.01519691775509594
6688554928719643649,7000352128338478081,0.015390048993028113
6688554928719643649,7052273815992304641,0.015721233683070036
6688554928719643649,7060924497801593882,0.015519484648431264
6688554928719643649,7075674626739536898,0.00964049985425456
6688554928719643649,7089701400901600283,0.015577909492505749
6688554928719643649,7202086685571138562,0.014766731576433462
6688554928719643649,7240814661875057669,0.015290586141321458
6688554928719643649,7328024330810950662,0.01597392855209719
6688554928719643649,7445331089281270789,0.015284782567121152
6688554928719643649,7455281387647304705,0.01590226612053287
6706433608792802305,6749192041500525569,0.023082426987275136
6706433608792802305,6848106255912207361,0.01375894278264541
6706433608792802305,6853326473168716802,0.013577447405134389
6706433608792802305,6885133273098388482,0.016905808122950245
6706433608792802305,6936501950632805377,0.01606603495651475
6706433608792802305,6958268752132178946,0.014475977368250317
6706433608792802305,6971392711799964673,0.016445792647833492
6706433608792802305,6986850469483676673,0.015584556591337055
6706433608792802305,7135008576062456859,0.015029871218410082
6706433608792802305,7135414649268880411,0.016112820322974737
6706433608792802305,7143935053655131163,0.02931700593904119
6706433608792802305,7270110578827150342,0.015303991956106386
6706433608792802305,7309331808796460037,0.014299899435821498
6706433608792802305,7372140179509216261,0.014017442921107395
6706433608792802305,7486331907643393040,0.01591899581092695
6706433608792802305,7635591227443250194,0.012594852898083193
6733504201782395905,6776674034375263234,0.021615884532004557
6733504201782395905,6884391295285806086,0.030912556038727466
6733504201782395905,6885133273098388482,0.023130738033665405
6733504201782395905,6891957094863389697,0.05545870229596319
6733504201782395905,6907064109915046914,0.009978516248278925
6733504201782395905,6960359847695074309,0.021746816870470902
6733504201782395905,6995145012439450625,0.0272459928642289
6733504201782395905,7000964924840608769,0.02326478199897365
6733504201782395905,7052273815992304641,0.014680832722558181
6733504201782395905,7135414649268880411,0.01815337650720881
6733504201782395905,7165117173925708826,0.01489409572913947
6733504201782395905,7361451922681119749,0.02226350841085112
6733504201782395905,7423293361527014405,0.019851240823105184
6733504201782395905,7495411659411948599,0.01924592477319036
6733504201782395905,7501201778134893584,0.02196038449365501
6733504201782395905,7602605744538141716,0.03289699077020271
6733504201782395905,7626262691652420629,0.03536850064512402
6744584940111905794,6801315654327976962,0.014721924973002265
6744584940111905794,6859585767275381762,0.015480437674127075
6744584940111905794,6881613830130418689,0.016038672285853515
6744584940111905794,6941389168077702146,0.015327826614755896
6744584940111905794,6950174197022065669,0.016098974153418894
6744584940111905794,7016976235000710170,0.014538510121530582
6744584940111905794,7063506594294924289,0.01668473752043711
6744584940111905794,7186497865421161499,0.01491064058735105
6744584940111905794,7219631248322511874,0.014697325241280134
6744584940111905794,7231559211711382529,0.016845543328322932
6744584940111905794,7257089825308165126,0.01399954435006918
6744584940111905794,7278224508979872786,0.02183776560404808
6744584940111905794,7516118321939727361,0.015412294888664376
6744584940111905794,7607445622497264647,0.01460774571321373
6749192041500525569,6754421722797048833,0.01462943587016426
6749192041500525569,6837516209820517378,0.018745420896778286
6749192041500525569,6844898370776122370,0.015908151204965516
6749192041500525569,6884391295285806086,0.015460537779788295
6749192041500525569,6962343424021726209,0.027537462474016026
6749192041500525569,6970866552057267202,0.015235198929698657
6749192041500525569,7000352128338478081,0.01565423818038883
6749192041500525569,7052273815992304641,0.01599091231698257
6749192041500525569,7060924497801593882,0.01578468674501655
6749192041500525569,7089701400901600283,0.015620294052953487
6749192041500525569,7240814661875057669,0.015329801123924175
6749192041500525569,7445331089281270789,0.03248837207655744
6749192041500525569,7448255517355164673,0.01463034149556571
6749192041500525569,7505361348164092936,0.020044938461752284
6749192041500525569,7626262691652420629,0.01840352250852794
6754421722797048833,6844898370776122370,0.014743159898724458
6754421722797048833,6919245969214080001,0.0218764854830401
6754421722797048833,7000352128338478081,0.014724923496126896
6754421722797048833,7012854598687966235,0.014585247943796738
6754421722797048833,7052273815992304641,0.014649490431219128
6754421722797048833,7060924497801593882,0.014571297915208958
6754421722797048833,7096479885301138458,0.0144662787176256
6754421722797048833,7305828667954021382,0.01457660693888434
6754421722797048833,7377168369478452229,0.014284975621551722
6754421722797048833,7448255517355164673,0.014434173454256393
6754421722797048833,7566639233809695765,0.014507939756761857
6754421722797048833,7581801127412319248,0.0370989536285831
6774894159096153089,6796501145089229825,0.015255341752947548
6774894159096153089,6826232852025263106,0.015310556437564533
6774894159096153089,6837516209820517378,0.013366756316090475
6774894159096153089,6843726665424585734,0.015300229161369885
6774894159096153089,6968718267481490433,0.015123316652682581
6774894159096153089,7124524290486535170,0.015001757952300037
6774894159096153089,7198497671228834818,0.015197556348169194
6774894159096153089,7257089825308165126,0.015017040036947534
6774894159096153089,7476774838238430216,0.015293783906359328
6774894159096153089,7484436088774624274,0.0150702342301421
6774894159096153089,7493882569899394065,0.013323456862642961
6774894159096153089,7512754059523769352,0.015428917287843895
6774894159096153089,7642599508594115605,0.01495445385905366
6774894159096153089,7648650172402435093,0.014659527010911411
6774894159096153089,7654157094572098561,0.015059468511284332
6776674034375263234,6806491020194350081,0.050816603439773095
6776674034375263234,6849158272508838913,0.01424140145568537
6776674034375263234,6874733816599708673,0.012629988304285642
6776674034375263234,6882458879956780033,0.013206281385578078
6776674034375263234,6939349569991050242,0.033554971849617136
6776674034375263234,6962343424021726209,0.03080951840089729
6776674034375263234,7054007488706429979,0.014733129560393795
6776674034375263234,7100750102336177154,0.016858361632283173
6776674034375263234,7120541706823533594,0.012914336683246083
6776674034375263234,7150266661496472582,0.01340038468962652
6776674034375263234,7267057918439506950,0.015393898765323927
6776674034375263234,7283325250002830342,0.01373330948202289
6776674034375263234,7321759691690951685,0.013797573589647125
6776674034375263234,7344283645127885830,0.016727414945200417
6776674034375263234,7361451922681119749,0.02592702835209396
6776674034375263234,7505361348164092936,0.015944961645612668
6776674034375263234,7581801127412319248,0.014077873256692608
6784144101794513921,6806491020194350081,0.016895180120878386
6784144101794513921,6832456761011995649,0.02325498044172187
6784144101794513921,6840729921989297153,0.015636736466635878
6784144101794513921,6884391295285806086,0.014887922058779753
6784144101794513921,6922656772109452290,0.014977093250821298
6784144101794513921,6970866552057267202,0.014827417706919626
6784144101794513921,7016976235000710170,0.020162907021514666
6784144101794513921,7113527717450810370,0.014973905101981393
6784144101794513921,7135220356252517402,0.014954090588460877
6784144101794513921,7444920523094967314,0.023133315681189284
6784144101794513921,7545554271439078416,0.014881512009746922
6784144101794513921,7584050819944596487,0.015130222329177621
6784144101794513921,7602605744538141716,0.015216288233705914
6784144101794513921,7626262691652420629,0.015016533587698845
6788503463644070913,6851242490378437633,0.024799568055907804
6788503463644070913,6853326473168716802,0.03730659431605327
6788503463644070913,6869604967994541057,0.015610464457534957
6788503463644070913,6879408727230465026,0.016310626839026048
6788503463644070913,6935026650749322242,0.024459673833518016
6788503463644070913,7000964924840608769,0.016950692806829332
6788503463644070913,7016976235000710170,0.016217931353783112
6788503463644070913,7022223240064025601,0.02406024757259647
6788503463644070913,7064593869828932614,0.01629436104371357
6788503463644070913,7096068961858765826,0.01544647236995967
6788503463644070913,7186497865421161499,0.015891534006090502
6788503463644070913,7219631248322511874,0.015310824728067367
6788503463644070913,7270110578827150342,0.020981219299991652
6788503463644070913,7328024330810950662,0.01569484611835052
6788503463644070913,7358103277785891846,0.01575214574180454
6788503463644070913,7361451922681119749,0.015270667244480937
6788503463644070913,7501201778134893584,0.016520870659938035
6788503463644070913,7520091064683021319,0.016297886037428926
6788503463644070913,7584050819944596487,0.016578095670968337
6796118400902300673,6806265446909510657,0.01627561950908012
6796118400902300673,6832172451021308929,0.015682479851412363
6796118400902300673,6885133273098388482,0.021127936082774804
6796118400902300673,6891957094863389697,0.0213799637926454
6796118400902300673,6925056214594274306,0.015987861953173664
6796118400902300673,6949516198539346945,0.03217546027027337
6796118400902300673,6959162637768377349,0.011112970871560301
6796118400902300673,6959317815221093378,0.016339125662424576
6796118400902300673,6962343424021726209,0.04499276002241697
6796118400902300673,6983637584456647681,0.016251189464769097
6796118400902300673,7035968949859959835,0.015978590120892377
6796118400902300673,7060924497801593882,0.01778380922493063
6796118400902300673,70729628102,0.015206508459848537
6796118400902300673,7075674626739536898,0.010013970607794472
6796118400902300673,7089701400901600283,0.030021133129157353
6796118400902300673,7205917572523803649,0.016027100895709256
6796118400902300673,7325664758940943366,0.015649570763769632
6796118400902300673,7444920523094967314,0.015378239536941531
6796118400902300673,7455281387647304705,0.01541870012855095
6796118400902300673,7476774838238430216,0.01812229995930613
6796118400902300673,7495411659411948599,0.016049991192835122
6796118400902300673,95653080293068800,0.01553062302821517
6796501145089229825,6826232852025263106,0.015179689133791089
6796501145089229825,6843726665424585734,0.015172802622117228
6796501145089229825,6884391295285806086,0.02017260648306024
6796501145089229825,6958281584488236033,0.015193163461918006
6796501145089229825,6968718267481490433,0.014995795709788252
6796501145089229825,7075674626739536898,0.010542586716353582
6796501145089229825,7124524290486535170,0.015133967404622512
6796501145089229825,7198497671228834818,0.01507008266442842
6796501145089229825,7257089825308165126,0.015149244204448055
6796501145089229825,7476774838238430216,0.015166355377140797
6796501145089229825,7484436088774624274,0.024852173431342734
6796501145089229825,7493882569899394065,0.013461525630270772
6796501145089229825,7495411659411948599,0.024256630058675156
6796501145089229825,7512754059523769352,0.015296942027993504
6796501145089229825,7648650172402435093,0.014525011200611143
6796501145089229825,7654157094572098561,0.0149256971682334
6801315654327976962,6836139867615151105,0.01545695826334184
6801315654327976962,6858020241664181249,0.018001663508494727
6801315654327976962,6859585767275381762,0.014413430406594124
6801315654327976962,6882458879956780033,0.01474704058905369
6801315654327976962,6916793805480805377,0.03765647046542422
6801315654327976962,6934842504743879681,0.016322776323975892
6801315654327976962,6947166484004373506,0.019853569415360102
6801315654327976962,6964714945469662210,0.01135925101875886
6801315654327976962,6966276498689721345,0.015477166991887736
6801315654327976962,6987280497861067778,0.014000212844591927
6801315654327976962,7020605956485940251,0.022562846937556433
6801315654327976962,7063506594294924289,0.014677383978983818
6801315654327976962,7135008576062456859,0.014602474144186209
6801315654327976962,7278224508979872786,0.014430120247012467
6801315654327976962,7361451922681119749,0.020930680621189312
6801315654327976962,7400503260173730822,0.014064570622763811
6801315654327976962,7501201778134893584,0.024551702776583726
6801315654327976962,7583691841695859720,0.013271796368985336
6801315654327976962,7607445622497264647,0.015467169935386427
6806265446909510657,6851242490378437633,0.016292039636258054
6806265446909510657,6858020241664181249,0.02895553196620898
6806265446909510657,6869941060425237506,0.02703423267325779
6806265446909510657,6872243314772345857,0.015150541146031591
6806265446909510657,6876731745220920321,0.015187742058053516
6806265446909510657,6885133273098388482,0.016528382058252643
6806265446909510657,6932353646320108546,0.014534562477945004
6806265446909510657,6939349569991050242,0.02059237320872019
6806265446909510657,6941389168077702146,0.02770168682904175
6806265446909510657,6949516198539346945,0.018196587974481152
6806265446909510657,6966148415672173569,0.015407954142518998
6806265446909510657,6971392711799964673,0.017474579566699393
6806265446909510657,7035968949859959835,0.021537176938514122
6806265446909510657,7096068961858765826,0.025368816380351395
6806265446909510657,7108182400240223233,0.023285102630300425
6806265446909510657,7165117173925708826,0.015128142596672146
6806265446909510657,7238631407236580358,0.012283210501972534
6806265446909510657,7379787571319522310,0.02857051927076931
6806265446909510657,7384728630012806150,0.026464280913571454
6806265446909510657,7423293361527014405,0.0161408149974841
6806265446909510657,7545554271439078416,0.01604782526869129
6806265446909510657,7635591227443250194,0.013738619037866507
6806491020194350081,6836139867615151105,0.015228671498132458
6806491020194350081,6916793805480805377,0.016659757956994193
6806491020194350081,6939349569991050242,0.01796829267918973
6806491020194350081,6964714945469662210,0.014005702694310443
6806491020194350081,6966276498689721345,0.015206652545513158
6806491020194350081,6987280497861067778,0.016660448768566954
6806491020194350081,7022223240064025601,0.014296294914043316
6806491020194350081,7058797886825792518,0.015154601426084753
6806491020194350081,7400503260173730822,0.016726340269118168
6806491020194350081,7505361348164092936,0.01790844711799842
6806491020194350081,7583691841695859720,0.015901271948957258
6806491020194350081,7607445622497264647,0.014909928473037596
6826232852025263106,6843726665424585734,0.015395310410671876
6826232852025263106,6939349569991050242,0.023217465460334406
6826232852025263106,6968718267481490433,0.015593575855404175
6826232852025263106,7035968949859959835,0.016479660151066066
6826232852025263106,7124524290486535170,0.01491919504952908
6826232852025263106,7198497671228834818,0.015508487261803823
6826232852025263106,7257089825308165126,0.014934895699292
6826232852025263106,7476774838238430216,0.015402175519688546
6826232852025263106,7484436088774624274,0.015656703006940387
6826232852025263106,7493882569899394065,0.013188761125643553
6826232852025263106,7512754059523769352,0.016365442688766232
6826232852025263106,7642599508594115605,0.015890993938376813
6826232852025263106,7648650172402435093,0.015591395806507077
6826232852025263106,7654157094572098561,0.015997924167771634
6832172451021308929,6832456761011995649,0.015175935401499367
6832172451021308929,6885133273098388482,0.017770509567582825
6832172451021308929,6891957094863389697,0.016426625401616827
6832172451021308929,6907064109915046914,0.011087928796304622
6832172451021308929,6922656772109452290,0.01545777963400831
6832172451021308929,6925056214594274306,0.015341364152950957
6832172451021308929,6949516198539346945,0.028415383853608
6832172451021308929,6959317815221093378,0.01567947653110092
6832172451021308929,6962343424021726209,0.015781006839328836
6832172451021308929,6983637584456647681,0.02412483699091175
6832172451021308929,6995145012439450625,0.01827584900896901
6832172451021308929,7002112944796779546,0.027618212020842366
6832172451021308929,70729628102,0.015240616696897587
6832172451021308929,7108182400240223233,0.03565749822725026
6832172451021308929,7202086685571138562,0.02183558890702312
6832172451021308929,7455281387647304705,0.015449123449998851
6832172451021308929,7495411659411948599,0.03649251112577916
6832172451021308929,7501664443560084488,0.01457938072437415
6832172451021308929,7607445622497264647,0.01659052639565695
6832172451021308929,95653080293068800,0.021766134051376885
6832456761011995649,6922656772109452290,0.015540716014191954
6832456761011995649,6934842504743879681,0.013640590673062317
6832456761011995649,6939349569991050242,0.015653758346542822
6832456761011995649,6970866552057267202,0.014997099114583847
6832456761011995649,7060374955943003137,0.01327450298488328
6832456761011995649,7108182400240223233,0.01513655412765874
6832456761011995649,7113527717450810370,0.015531399186053476
6832456761011995649,7135220356252517402,0.015511129605874828
6832456761011995649,7202086685571138562,0.03178632467599193
6832456761011995649,7240814661875057669,0.01491942181590508
6832456761011995649,7379787571319522310,0.01728614602629193
6832456761011995649,7545554271439078416,0.015263138427450864
6832456761011995649,7581801127412319248,0.014587658082536469
6832456761011995649,7584050819944596487,0.015697198710351037
6832456761011995649,7602605744538141716,0.015785312698272696
6832456761011995649,7626262691652420629,0.015574998909234417
6836139867615151105,6916793805480805377,0.01544849555332524
6836139867615151105,6932353646320108546,0.037954809247782786
6836139867615151105,6941389168077702146,0.014420523697429894
6836139867615151105,6964714945469662210,0.012276305080078724
6836139867615151105,6966276498689721345,0.01640826456526155
6836139867615151105,6987280497861067778,0.01495827433414113
6836139867615151105,7063506594294924289,0.014543976846380414
6836139867615151105,7278224508979872786,0.014296173413557635
6836139867615151105,7400503260173730822,0.015024019682806714
6836139867615151105,7445331089281270789,0.0171403831036838
6836139867615151105,7476774838238430216,0.016601118067109625
6836139867615151105,7583691841695859720,0.014209427095284848
6836139867615151105,7607445622497264647,0.01610377673187627
6837516209820517378,6858020241664181249,0.030184719607018472
6837516209820517378,6872243314772345857,0.015990666576469848
6837516209820517378,6876731745220920321,0.01927502606453478
6837516209820517378,6907064109915046914,0.011506209755643369
6837516209820517378,6960359847695074309,0.015237809397033626
6837516209820517378,6962343424021726209,0.023601423094433735
6837516209820517378,6966148415672173569,0.017900244540523542
6837516209820517378,6983637584456647681,0.016521619059215373
6837516209820517378,6986850469483676673,0.02079022630407343
6837516209820517378,7020605956485940251,0.01521222364687298
6837516209820517378,7121523637161001985,0.012683545568635947
6837516209820517378,7198497671228834818,0.013179305801497641
6837516209820517378,7476774838238430216,0.023051216097947032
6837516209820517378,7493882569899394065,0.015719595985592992
6837516209820517378,7516118321939727361,0.015770589869932215
6837516209820517378,7654157094572098561,0.012939352580380863
6840729921989297153,6849158272508838913,0.013646628395579776
6840729921989297153,6853326473168716802,0.01736527113462075
6840729921989297153,6859585767275381762,0.02176486159624644
6840729921989297153,6936501950632805377,0.02369532609095277
6840729921989297153,6939349569991050242,0.023404652405412663
6840729921989297153,6958268752132178946,0.01566741164926631
6840729921989297153,6971392711799964673,0.022589016205590905
6840729921989297153,7120541706823533594,0.015944475750861168
6840729921989297153,7135414649268880411,0.024181864525956987
6840729921989297153,7283325250002830342,0.015034749650186037
6840729921989297153,7372140179509216261,0.0168585967697506
6840729921989297153,7486331907643393040,0.013971458022782787
6840729921989297153,7493882569899394065,0.015986746862783396
6840729921989297153,7512754059523769352,0.017829943994483698
6840729921989297153,7581801127412319248,0.02325750575322179
6843726665424585734,6916793805480805377,0.027911487281106487
6843726665424585734,6968718267481490433,0.01520588645801926
6843726665424585734,7056589938901664769,0.025203900414514483
6843726665424585734,7124524290486535170,0.014919165389881245
6843726665424585734,7198497671228834818,0.01528010299233975
6843726665424585734,7257089825308165126,0.0263410446130192
6843726665424585734,7267057918439506950,0.02063964949506562
6843726665424585734,7476774838238430216,0.015376310943432156
6843726665424585734,7484436088774624274,0.015152826584264275
6843726665424585734,7493882569899394065,0.013237032740995915
6843726665424585734,7512754059523769352,0.015514400404198887
6843726665424585734,7642599508594115605,0.015041157863841078
6843726665424585734,7648650172402435093,0.014746573253827994
6843726665424585734,7654157094572098561,0.015146075250542177
6844898370776122370,6884391295285806086,0.015358302310850322
6844898370776122370,6919245969214080001,0.01477690065454545
6844898370776122370,6970866552057267202,0.01513381702846489
6844898370776122370,7000352128338478081,0.01577371000855845
6844898370776122370,7052273815992304641,0.015929345507801236
6844898370776122370,7060924497801593882,0.015835092691971732
6844898370776122370,7089701400901600283,0.015518072806082967
6844898370776122370,7240814661875057669,0.02502023135783368
6844898370776122370,7328024330810950662,0.015974354595610647
6844898370776122370,7445331089281270789,0.015222555323006072
6844898370776122370,7448255517355164673,0.014745685605081913
6844898370776122370,7566639233809695765,0.014833232280960052
6844898370776122370,7629938843277640725,0.00817321937433865
6844898370776122370,7650741089351484436,0.007224974861078792
6845216238998684674,6874733816599708673,0.017139525150003856
6845216238998684674,6882458879956780033,0.016478153524236396
6845216238998684674,6884391295285806086,0.018400560134093163
6845216238998684674,6885133273098388482,0.017496677026964187
6845216238998684674,6891957094863389697,0.019234726789890032
6845216238998684674,6918855608540644354,0.028954147911186407
6845216238998684674,6959162637768377349,0.028643384114842546
6845216238998684674,6960359847695074309,0.02500094387562306
6845216238998684674,6964738659434152962,0.0077297751666585675
6845216238998684674,6995145012439450625,0.03951231474338268
6845216238998684674,7000964924840608769,0.017205609506442034
6845216238998684674,7002112944796779546,0.01919575995603231
6845216238998684674,7054007488706429979,0.06769137833747305
6845216238998684674,7100750102336177154,0.012439000008479077
6845216238998684674,7102360937428108314,0.017364325922053576
6845216238998684674,7135220356252517402,0.016730688959070542
6845216238998684674,7150266661496472582,0.016265904908226166
6845216238998684674,7321759691690951685,0.01585177168579276
6845216238998684674,7384728630012806150,0.03394597050256829
6845216238998684674,7398639237263229958,0.014892818112736041
6845216238998684674,7423293361527014405,0.03599209027166008
6845216238998684674,7495411659411948599,0.02212582595213515
6845216238998684674,7602605744538141716,0.020337598974881636
6845216238998684674,7607445622497264647,0.019426646357292042
6848106255912207361,6922636080495952898,0.04244357089786367
6848106255912207361,6936501950632805377,0.014392867982032475
6848106255912207361,6941389168077702146,0.015924117724021115
6848106255912207361,6958281584488236033,0.02487278494802329
6848106255912207361,6971392711799964673,0.029179004833047674
6848106255912207361,6986850469483676673,0.01462363822252218
6848106255912207361,7084186676168508442,0.02856078847552212
6848106255912207361,7102360937428108314,0.014375441863841642
6848106255912207361,7135008576062456859,0.01555103764762758
6848106255912207361,7143935053655131163,0.013855183917452897
6848106255912207361,7270110578827150342,0.015427156615226114
6848106255912207361,7445331089281270789,0.014852764835546263
6848106255912207361,7486331907643393040,0.012719776382126591
6848106255912207361,7496951292298249223,0.01426904317102297
6848106255912207361,7501201778134893584,0.014489241944015685
6848106255912207361,7520091064683021319,0.024473214386882942
6848106255912207361,7545554271439078416,0.014499924993748189
6849158272508838913,6853326473168716802,0.012975705771026453
6849158272508838913,6874733816599708673,0.009941347340338729
6849158272508838913,6882458879956780033,0.03237762694421737
6849158272508838913,6939349569991050242,0.014196116510289559
6849158272508838913,7100750102336177154,0.01439232813031892
6849158272508838913,7120541706823533594,0.015831374082406792
6849158272508838913,7150266661496472582,0.010724330122082317
6849158272508838913,7283325250002830342,0.01664931941717581
6849158272508838913,7344283645127885830,0.014806403551868776
6849158272508838913,7372140179509216261,0.025923775257037616
6849158272508838913,7501664443560084488,0.01737230658505182
6849158272508838913,7505361348164092936,0.013312422593774242
6849158272508838913,7545554271439078416,0.012677563474425765
6849158272508838913,7581801127412319248,0.028544042412293906
6851242490378437633,6853326473168716802,0.016037978257773963
6851242490378437633,6869941060425237506,0.0146421689106422
6851242490378437633,6872243314772345857,0.015090379757981016
6851242490378437633,6876731745220920321,0.015127587912235
6851242490378437633,6932353646320108546,0.01447209836798305
6851242490378437633,6950174197022065669,0.015135356246221105
6851242490378437633,6966148415672173569,0.015466664634369654
6851242490378437633,6986850469483676673,0.017124139802658533
6851242490378437633,7002112944796779546,0.015381405844170021
6851242490378437633,7096068961858765826,0.02037490695021053
6851242490378437633,7165117173925708826,0.01518692527719142
6851242490378437633,7238631407236580358,0.012219935085791209
6851242490378437633,7321759691690951685,0.014324238176785362
6851242490378437633,7379787571319522310,0.015259566071656898
6851242490378437633,7423293361527014405,0.03369499737765101
6851242490378437633,7516118321939727361,0.021622654871874286
6851242490378437633,7635591227443250194,0.013798034190192203
6851799698815845377,6891957094863389697,0.015088590058619815
6851799698815845377,6922636080495952898,0.015218848775011288
6851799698815845377,6961428341711406081,0.024333575403817538
6851799698815845377,6985727260917662725,0.01497265125002471
6851799698815845377,7005622091391714330,0.013125941312341778
6851799698815845377,7058797886825792518,0.015182000540050051
6851799698815845377,7084186676168508442,0.015014277881063826
6851799698815845377,7096897188358456322,0.014802734623817232
6851799698815845377,7104942140773450754,0.015420975996898078
6851799698815845377,7108182400240223233,0.018537118997435747
6851799698815845377,7206554298104415258,0.015004028701688342
6851799698815845377,7267057918439506950,0.015660078779373435
6851799698815845377,7309331808796460037,0.01564588970244019
6851799698815845377,7319387104206259206,0.012577797963302892
6851799698815845377,7319919338914857990,0.014663617293054002
6851799698815845377,7344283645127885830,0.016229441421165502
6851799698815845377,7372140179509216261,0.015824197765500807
6851799698815845377,7565406894694269953,0.015105967987997342
6853326473168716802,6885133273098388482,0.014014870185391826
6853326473168716802,6958268752132178946,0.016238538865714924
6853326473168716802,7000964924840608769,0.022511999569988655
6853326473168716802,7012854598687966235,0.014666744058584678
6853326473168716802,7056589938901664769,0.020578098938750344
6853326473168716802,7096479885301138458,0.017318914632030197
6853326473168716802,7120541706823533594,0.015243470490818992
6853326473168716802,7135414649268880411,0.014600763034907894
6853326473168716802,7283325250002830342,0.014338413628411359
6853326473168716802,7372140179509216261,0.017439214878477438
6853326473168716802,7486331907643393040,0.014544354162279158
6853326473168716802,7584050819944596487,0.022017158051835347
6853326473168716802,7629938843277640725,0.009909854831441535
6853326473168716802,7650741089351484436,0.0065305850054292415
6856714213596726273,6918855608540644354,0.016860809380476006
6856714213596726273,6919245969214080001,0.014375546649958592
6856714213596726273,6947166484004373506,0.016304005734422908
6856714213596726273,6959162637768377349,0.017642914690866467
6856714213596726273,6967659350089810946,0.016669450764763616
6856714213596726273,7003367467040949249,0.016729918702794645
6856714213596726273,7012854598687966235,0.015961111145864564
6856714213596726273,7056589938901664769,0.016905925442827822
6856714213596726273,7089701400901600283,0.014848390797237501
6856714213596726273,7096479885301138458,0.016090385804173404
6856714213596726273,7124524290486535170,0.020531766396593803
6856714213596726273,7222475408116515866,0.016635466672651814
6856714213596726273,7305828667954021382,0.015627328255459948
6856714213596726273,7566639233809695765,0.015096877104334744
6858020241664181249,6907064109915046914,0.01585256475900249
6858020241664181249,6916793805480805377,0.016645327927593073
6858020241664181249,6934842504743879681,0.01717645840284236
6858020241664181249,6939349569991050242,0.02065305325068827
6858020241664181249,6941389168077702146,0.044181574546828375
6858020241664181249,6971392711799964673,0.02952758169275631
6858020241664181249,7020605956485940251,0.01575292084407346
6858020241664181249,7205917572523803649,0.01971572920789021
6858020241664181249,7384728630012806150,0.02537535579551344
6858020241664181249,7476774838238430216,0.020756401201415857
6858020241664181249,7493882569899394065,0.014832431856988017
6858020241664181249,7501201778134893584,0.03003347954945303
6858020241664181249,7545554271439078416,0.016358927359593472
6858020241664181249,7626262691652420629,0.01820293577220017
6859585767275381762,6941389168077702146,0.014989850267415897
6859585767275381762,6950174197022065669,0.021866297918631834
6859585767275381762,6966276498689721345,0.014299834353393916
6859585767275381762,6987280497861067778,0.012813049372081428
6859585767275381762,7063506594294924289,0.015428143304144106
6859585767275381762,7064593869828932614,0.025548191494795484
6859585767275381762,7108182400240223233,0.021050993290954115
6859585767275381762,7231559211711382529,0.015329283257073601
6859585767275381762,7278224508979872786,0.015154432166991538
6859585767275381762,7516118321939727361,0.015069624646808178
6859585767275381762,7607445622497264647,0.014301060485662227
6869604967994541057,6872243314772345857,0.01906671611555839
6869604967994541057,6879408727230465026,0.01514749094049354
6869604967994541057,6881613830130418689,0.016153354292067552
6869604967994541057,6935026650749322242,0.015545578274109007
6869604967994541057,7022223240064025601,0.015595934621967329
6869604967994541057,7064593869828932614,0.015774582163514815
6869604967994541057,7096068961858765826,0.01636319664470919
6869604967994541057,7143935053655131163,0.014387477429221068
6869604967994541057,7328024330810950662,0.016077829605586378
6869604967994541057,7358103277785891846,0.01636806845166395
6869604967994541057,7444920523094967314,0.015849869987665095
6869604967994541057,7501201778134893584,0.015344421551969646
6869604967994541057,7520091064683021319,0.015134812451339848
6869941060425237506,6872243314772345857,0.01603437804171133
6869941060425237506,6876731745220920321,0.015991280681271456
6869941060425237506,6932353646320108546,0.016659364622708926
6869941060425237506,6966148415672173569,0.013708612947231668
6869941060425237506,6967196401395139585,0.02071617236665235
6869941060425237506,7002112944796779546,0.013636962341864676
6869941060425237506,7238631407236580358,0.01441275695930687
6869941060425237506,7358103277785891846,0.013977318316621265
6869941060425237506,7379787571319522310,0.013497919723534948
6869941060425237506,7423293361527014405,0.014489048179013368
6869941060425237506,7635591227443250194,0.012001142241049902
6869941060425237506,86855738395926528,0.022261527088798142
6872243314772345857,6876731745220920321,0.016429239742670382
6872243314772345857,6932353646320108546,0.01590559479917105
6872243314772345857,6939349569991050242,0.018127896412296642
6872243314772345857,6949516198539346945,0.01628402762163131
6872243314772345857,6966148415672173569,0.014175550069962278
6872243314772345857,7002112944796779546,0.014100635835480765
6872243314772345857,7238631407236580358,0.013667737043478595
6872243314772345857,7423293361527014405,0.014938602480292258
6872243314772345857,7444920523094967314,0.014844300819588777
6872243314772345857,7455281387647304705,0.016223960264360737
6872243314772345857,7635591227443250194,0.012488068341637223
6874733816599708673,6882458879956780033,0.016609437575830922
6874733816599708673,6939349569991050242,0.012671071902015562
6874733816599708673,6959162637768377349,0.010663349727523483
6874733816599708673,6964738659434152962,0.007395421082582896
6874733816599708673,7000964924840608769,0.01685350291778585
6874733816599708673,7054007488706429979,0.01480243913484022
6874733816599708673,7100750102336177154,0.012595553794362321
6874733816599708673,7150266661496472582,0.016398489023270405
6874733816599708673,7321759691690951685,0.01598697763571319
6874733816599708673,7344283645127885830,0.012424272235555906
6874733816599708673,7398639237263229958,0.01454227135043693
6874733816599708673,7505361348164092936,0.01350671440470987
6876731745220920321,6932353646320108546,0.015861223869356095
6876731745220920321,6939349569991050242,0.014650320265861883
6876731745220920321,6949516198539346945,0.0188398637587918
6876731745220920321,6962343424021726209,0.028947126273333432
6876731745220920321,6966148415672173569,0.014213769402230205
6876731745220920321,7002112944796779546,0.014138552187101493
6876731745220920321,7238631407236580358,0.01362305579258813
6876731745220920321,7379787571319522310,0.014005266939557033
6876731745220920321,7423293361527014405,0.01497583673224569
6876731745220920321,7476774838238430216,0.019088025138198527
6876731745220920321,7581801127412319248,0.01375203852750004
6876731745220920321,7635591227443250194,0.012526954829688044
6879408727230465026,6935026650749322242,0.01637468240058703
6879408727230465026,6949516198539346945,0.02821680725365849
6879408727230465026,6971392711799964673,0.018694087774007884
6879408727230465026,7016976235000710170,0.016019755560623773
6879408727230465026,7022223240064025601,0.01598295137479014
6879408727230465026,7064593869828932614,0.015818162310697697
6879408727230465026,7132780297389507585,0.02232804277667934
6879408727230465026,7186497865421161499,0.02147446242089749
6879408727230465026,7219631248322511874,0.015135312751349555
6879408727230465026,7231559211711382529,0.014584554369173653
6879408727230465026,7328024330810950662,0.015235144921897164
6879408727230465026,7358103277785891846,0.01528645138672748
6879408727230465026,7361451922681119749,0.01509730338895247
6879408727230465026,7501201778134893584,0.01622537223030769
6879408727230465026,7520091064683021319,0.01609819178942438
6881613830130418689,6925056214594274306,0.015141391569555063
6881613830130418689,7022223240064025601,0.015212897420959721
6881613830130418689,7035968949859959835,0.015152090912407967
6881613830130418689,7064593869828932614,0.01539371940525194
6881613830130418689,7096068961858765826,0.016335743914234955
6881613830130418689,7205917572523803649,0.023510268905639713
6881613830130418689,7325664758940943366,0.015563890882252662
6881613830130418689,7328024330810950662,0.02698156531646613
6881613830130418689,7358103277785891846,0.015994245692746427
6881613830130418689,7444920523094967314,0.016653409544691283
6881613830130418689,7501201778134893584,0.02265018401110455
6881613830130418689,95653080293068800,0.015712383438772234
6882458879956780033,6939349569991050242,0.013247168288840695
6882458879956780033,6959162637768377349,0.009952577731667344
6882458879956780033,6964738659434152962,0.006659713172030849
6882458879956780033,7000964924840608769,0.016191607071211166
6882458879956780033,7052273815992304641,0.015928233388566936
6882458879956780033,7054007488706429979,0.01537351525673152
6882458879956780033,7100750102336177154,0.013174449549223508
6882458879956780033,7150266661496472582,0.016970398663961637
6882458879956780033,7321759691690951685,0.01655972198107511
6882458879956780033,7344283645127885830,0.013008855790424547
6882458879956780033,7398639237263229958,0.013859544109731049
6882458879956780033,7505361348164092936,0.014079621233858012
6884391295285806086,6885133273098388482,0.02381018282260587
6884391295285806086,6891957094863389697,0.023984472722800902
6884391295285806086,6960359847695074309,0.031174576222435954
6884391295285806086,6970866552057267202,0.015441535590523487
6884391295285806086,6995145012439450625,0.03905777504638809
6884391295285806086,7000352128338478081,0.015111914677670028
6884391295285806086,7002112944796779546,0.02830884303896314
6884391295285806086,7052273815992304641,0.015440443343972777
6884391295285806086,7089701400901600283,0.015530272691307493
6884391295285806086,7202086685571138562,0.03082947848315366
6884391295285806086,7240814661875057669,0.01551851090164863
6884391295285806086,7319387104206259206,0.016724943192638928
6884391295285806086,7384728630012806150,0.03740398430144028
6884391295285806086,7445331089281270789,0.015524308740371341
6884391295285806086,7495411659411948599,0.07753094115646617
6884391295285806086,7545554271439078416,0.015143106906173424
6884391295285806086,7602605744538141716,0.02535968372146039
6884391295285806086,7607445622497264647,0.024223784134894615
6885133273098388482,6891957094863389697,0.022806293386435614
6885133273098388482,6907064109915046914,0.026978955981767902
6885133273098388482,6936501950632805377,0.015963420940997283
6885133273098388482,6958268752132178946,0.014912698817044689
6885133273098388482,6960359847695074309,0.029643200404851185
6885133273098388482,6995145012439450625,0.03713915611255127
6885133273098388482,7002112944796779546,0.026918239447615146
6885133273098388482,7135008576062456859,0.014915474430241908
6885133273098388482,7135414649268880411,0.01656799882325883
6885133273098388482,7143935053655131163,0.02475845653072464
6885133273098388482,7270110578827150342,0.015191978930398364
6885133273098388482,7476774838238430216,0.021317347752527457
6885133273098388482,7486331907643393040,0.01636842720866787
6885133273098388482,7495411659411948599,0.028630648044533503
6885133273098388482,7602605744538141716,0.024113950463835757
6885133273098388482,7607445622497264647,0.023033849202984496
6885133273098388482,7626262691652420629,0.017169691132491127
6891957094863389697,6922636080495952898,0.01579163869092894
6891957094863389697,6958281584488236033,0.013809922709594285
6891957094863389697,6960359847695074309,0.032587837112530896
6891957094863389697,6961428341711406081,0.015539671179046926
6891957094863389697,6967659350089810946,0.015418561648058165
6891957094863389697,6985727260917662725,0.015424914763873532
6891957094863389697,6986850469483676673,0.018689443277089535
6891957094863389697,6995145012439450625,0.040828411013765255
6891957094863389697,7002112944796779546,0.03662288545634148
6891957094863389697,7058797886825792518,0.015384091355838887
6891957094863389697,7060924497801593882,0.0336436826751872
6891957094863389697,7084186676168508442,0.015538026543015924
6891957094863389697,7096897188358456322,0.014116960457654135
6891957094863389697,7102360937428108314,0.014253673293093818
6891957094863389697,7104942140773450754,0.015157292497577222
6891957094863389697,7132780297389507585,0.015636554899894805
6891957094863389697,7165117173925708826,0.016291400544904324
6891957094863389697,7202086685571138562,0.016539134154155703
6891957094863389697,7206554298104415258,0.015449048896354144
6891957094863389697,7267057918439506950,0.031108412645702965
6891957094863389697,7309331808796460037,0.014969710794604917
6891957094863389697,7319919338914857990,0.015423460402911902
6891957094863389697,7455281387647304705,0.016942862136198493
6891957094863389697,7495411659411948599,0.028840223620973982
6891957094863389697,7565406894694269953,0.027858904752738497
6891957094863389697,7602605744538141716,0.026509333645584256
6891957094863389697,7607445622497264647,0.03706338514200799
6907064109915046914,6916793805480805377,0.010738403560938437
6907064109915046914,6960359847695074309,0.013840026050632817
6907064109915046914,6964714945469662210,0.01188656986293283
6907064109915046914,7020605956485940251,0.013502830182736304
6907064109915046914,7132780297389507585,0.010681990083291312
6907064109915046914,7135414649268880411,0.01269944368340578
6907064109915046914,7493882569899394065,0.012587393038574627
6907064109915046914,7629938843277640725,0.009765925491984285
6916793805480805377,6934842504743879681,0.022075276879921755
6916793805480805377,6947166484004373506,0.01703775794474352
6916793805480805377,6964714945469662210,0.013742328631441
6916793805480805377,6966276498689721345,0.024077575992038244
6916793805480805377,6987280497861067778,0.016404857183549778
6916793805480805377,7124524290486535170,0.015510120732248734
6916793805480805377,7267057918439506950,0.039504249804554394
6916793805480805377,7361451922681119749,0.017962103568472568
6916793805480805377,7400503260173730822,0.016470812756437397
6916793805480805377,7501201778134893584,0.023628061668806176
6916793805480805377,7512754059523769352,0.026483256291519614
6916793805480805377,7583691841695859720,0.01564626240090239
6918855608540644354,6947166484004373506,0.0163707576446197
6918855608540644354,6967659350089810946,0.016582600904931064
6918855608540644354,6986850469483676673,0.017942148848556966
6918855608540644354,7003367467040949249,0.016796510207018327
6918855608540644354,7012854598687966235,0.016028044870299924
6918855608540644354,7054007488706429979,0.040481712486668264
6918855608540644354,7056589938901664769,0.016819209667058955
6918855608540644354,7096479885301138458,0.01615724289854611
6918855608540644354,7113527717450810370,0.05130903805600821
6918855608540644354,7222475408116515866,0.016702087039638474
6918855608540644354,7305828667954021382,0.015693702086797892
6918855608540644354,7384728630012806150,0.02028493325907605
6918855608540644354,7423293361527014405,0.04843017008561044
6918855608540644354,7505361348164092936,0.01885755778654274
6918855608540644354,7566639233809695765,0.015162221019722534
6919245969214080001,6947166484004373506,0.014901484062132377
6919245969214080001,6967659350089810946,0.014105252016601844
6919245969214080001,7000352128338478081,0.014758064077006383
6919245969214080001,7012854598687966235,0.01521480562039506
6919245969214080001,7052273815992304641,0.014681148586413222
6919245969214080001,7096479885301138458,0.015093143595590016
6919245969214080001,7121523637161001985,0.019938834514679173
6919245969214080001,7132780297389507585,0.037400521825151634
6919245969214080001,7222475408116515866,0.014618075161842471
6919245969214080001,7305828667954021382,0.015199430353344276
6919245969214080001,7445331089281270789,0.021055527611936777
6919245969214080001,7448255517355164673,0.014863702369740155
6919245969214080001,7566639233809695765,0.015117689898037438
6919245969214080001,7607445622497264647,0.037884121688493345
6922636080495952898,6958281584488236033,0.013733830354100853
6922636080495952898,6961428341711406081,0.015465413763233408
6922636080495952898,6985727260917662725,0.015553849876882818
6922636080495952898,7022223240064025601,0.03841057684875915
6922636080495952898,7058797886825792518,0.015513666935052947
6922636080495952898,7084186676168508442,0.015667816136559227
6922636080495952898,7096897188358456322,0.014246823610705454
6922636080495952898,7102360937428108314,0.014177819542322865
6922636080495952898,7104942140773450754,0.015286518024369634
6922636080495952898,7206554298104415258,0.015578261342960427
6922636080495952898,7278224508979872786,0.013604901777487794
6922636080495952898,7309331808796460037,0.015099820773066324
6922636080495952898,7319919338914857990,0.015349503139088411
6922636080495952898,7321759691690951685,0.02378857932253793
6922636080495952898,7484436088774624274,0.015018301595297096
6922636080495952898,7520091064683021319,0.031071431317229396
6922636080495952898,7565406894694269953,0.015531412193758696
6922656772109452290,6925056214594274306,0.06352774256353488
6922656772109452290,6967196401395139585,0.015156332730580051
6922656772109452290,6985727260917662725,0.029810361343138317
6922656772109452290,70729628102,0.01537095894559451
6922656772109452290,7108182400240223233,0.015877091749513263
6922656772109452290,7113527717450810370,0.015957510038890062
6922656772109452290,7135220356252517402,0.01598021621248906
6922656772109452290,7319387104206259206,0.013531958730549415
6922656772109452290,7455281387647304705,0.015434035104129076
6922656772109452290,7501664443560084488,0.015110604548554576
6922656772109452290,7545554271439078416,0.01545652794444748
6922656772109452290,7584050819944596487,0.01612115629429653
6922656772109452290,7602605744538141716,0.016025484141863184
6922656772109452290,7626262691652420629,0.029033675370426434
6925056214594274306,6949516198539346945,0.022822066612726382
6925056214594274306,6959317815221093378,0.0159908285234054
6925056214594274306,6962343424021726209,0.015881525931636952
6925056214594274306,6983637584456647681,0.015897847694488463
6925056214594274306,6985727260917662725,0.022698135096248895
6925056214594274306,7035968949859959835,0.01601273949513479
6925056214594274306,7205917572523803649,0.01606122517397076
6925056214594274306,7325664758940943366,0.01754773552210168
6925056214594274306,7444920523094967314,0.015419576920579625
6925056214594274306,7495411659411948599,0.01595509045612409
6925056214594274306,95653080293068800,0.015569309560776562
6932353646320108546,6939349569991050242,0.024012314305993796
6932353646320108546,6966148415672173569,0.025601721590434324
6932353646320108546,7002112944796779546,0.013433349483176427
6932353646320108546,7075674626739536898,0.011639399250456383
6932353646320108546,7135008576062456859,0.013663771498650322
6932353646320108546,7238631407236580358,0.015520562971193044
6932353646320108546,7384728630012806150,0.013721937881270461
6932353646320108546,7423293361527014405,0.014314371337242717
6934842504743879681,6941389168077702146,0.015593640570831476
6934842504743879681,7005622091391714330,0.016330213836293815
6934842504743879681,7060374955943003137,0.01638852669542943
6934842504743879681,7096897188358456322,0.013215931107946825
6934842504743879681,7238631407236580358,0.013946240447483162
6934842504743879681,7267057918439506950,0.029365555451351093
6934842504743879681,7309331808796460037,0.024281793309133815
6934842504743879681,7319387104206259206,0.017405905744038056
6934842504743879681,7384728630012806150,0.015937944454434638
6934842504743879681,7501201778134893584,0.05734306806603699
6935026650749322242,6959162637768377349,0.010745369195020008
6935026650749322242,7016976235000710170,0.016282034907042473
6935026650749322242,7022223240064025601,0.016397761727639255
6935026650749322242,7064593869828932614,0.016229622386585697
6935026650749322242,7096068961858765826,0.015381550335419818
6935026650749322242,7124524290486535170,0.03628832010611991
6935026650749322242,7186497865421161499,0.01595572833365063
6935026650749322242,7219631248322511874,0.01537336658023319
6935026650749322242,7328024330810950662,0.015630700400803076
6935026650749322242,7358103277785891846,0.015687293650357044
6935026650749322242,7361451922681119749,0.0153326839916622
6935026650749322242,7501201778134893584,0.03426114194622597
6935026650749322242,7520091064683021319,0.016361943911810138
6936501950632805377,6958268752132178946,0.013563937990070057
6936501950632805377,6971392711799964673,0.016294080409827504
6936501950632805377,6986850469483676673,0.016207042297112364
6936501950632805377,7035968949859959835,0.020249022319825647
6936501950632805377,7135008576062456859,0.01566562706101005
6936501950632805377,7135414649268880411,0.015184425227836706
6936501950632805377,7143935053655131163,0.023848591048748088
6936501950632805377,7205917572523803649,0.015155302860653808
6936501950632805377,7219631248322511874,0.015614234707874229
6936501950632805377,7270110578827150342,0.015940286755442394
6936501950632805377,7372140179509216261,0.029018044381397344
6936501950632805377,7486331907643393040,0.014999773474003398
6939349569991050242,6962343424021726209,0.021854490362292547
6939349569991050242,6971392711799964673,0.03675889571529211
6939349569991050242,7000352128338478081,0.017004844156231675
6939349569991050242,7060374955943003137,0.016594473239337788
6939349569991050242,7100750102336177154,0.01681271863641204
6939349569991050242,7150266661496472582,0.0134412196839273
6939349569991050242,7267057918439506950,0.022119487060863068
6939349569991050242,7283325250002830342,0.013686761742354068
6939349569991050242,7321759691690951685,0.013838329786759033
6939349569991050242,7344283645127885830,0.01668138512451451
6939349569991050242,7505361348164092936,0.015984948389970603
6939349569991050242,7581801127412319248,0.029421628090502704
6939349569991050242,7626262691652420629,0.02097810819834618
6941389168077702146,6958281584488236033,0.01579019119722049
6941389168077702146,6966276498689721345,0.014440467422488928
6941389168077702146,6971392711799964673,0.021970766784416885
6941389168077702146,6987280497861067778,0.012957962044906315
6941389168077702146,7063506594294924289,0.015277215436811887
6941389168077702146,7205917572523803649,0.016556138395881683
6941389168077702146,7231559211711382529,0.015176690129200466
6941389168077702146,7278224508979872786,0.030803428554385694
6941389168077702146,7384728630012806150,0.03866281554499866
6941389168077702146,7400503260173730822,0.01302183663156413
6941389168077702146,7501201778134893584,0.028521113484041148
6941389168077702146,7583691841695859720,0.012239994044818384
6941389168077702146,7626262691652420629,0.02425554150741771
6947166484004373506,6967659350089810946,0.016024360852760513
6947166484004373506,7003367467040949249,0.016476998697342534
6947166484004373506,7012854598687966235,0.01651412106344929
6947166484004373506,7056589938901664769,0.016262238379324646
6947166484004373506,7096479885301138458,0.01664304781197201
6947166484004373506,7222475408116515866,0.016557768840902327
6947166484004373506,7305828667954021382,0.01617501611916574
6947166484004373506,7361451922681119749,0.015393344414823238
6947166484004373506,7448255517355164673,0.01470019088377669
6947166484004373506,7501201778134893584,0.01805640359481299
6947166484004373506,7566639233809695765,0.015634987479259684
6949516198539346945,6959317815221093378,0.016048975821637338
6949516198539346945,6962343424021726209,0.030534008975981946
6949516198539346945,6983637584456647681,0.015955995564006682
6949516198539346945,6986850469483676673,0.018328789114357334
6949516198539346945,7035968949859959835,0.015950024343588543
6949516198539346945,7186497865421161499,0.023345662179419593
6949516198539346945,7325664758940943366,0.018063220739228874
6949516198539346945,7328024330810950662,0.017130027409389372
6949516198539346945,7358103277785891846,0.016768885885931707
6949516198539346945,7581801127412319248,0.022769988416246407
6949516198539346945,7626262691652420629,0.016750297889527182
6949516198539346945,95653080293068800,0.015506462228770427
6950174197022065669,7063506594294924289,0.015791652430607688
6950174197022065669,7096068961858765826,0.022751236288291263
6950174197022065669,7120541706823533594,0.02361680852487856
6950174197022065669,7124524290486535170,0.021431412856765943
6950174197022065669,7186497865421161499,0.015464065510880544
6950174197022065669,7219631248322511874,0.015238548981899597
6950174197022065669,7231559211711382529,0.016264510786539677
6950174197022065669,7278224508979872786,0.014791466717350097
6950174197022065669,7358103277785891846,0.021139655571102662
6950174197022065669,7496951292298249223,0.017351159278024962
6950174197022065669,7501201778134893584,0.026569073415921646
6950174197022065669,7520091064683021319,0.03401720855300187
6950174197022065669,7566639233809695765,0.02642801101791998
6958268752132178946,6971392711799964673,0.013945979393125517
6958268752132178946,6986850469483676673,0.013101575891610583
6958268752132178946,7075674626739536898,0.011994604109773273
6958268752132178946,7120541706823533594,0.047930719697119865
6958268752132178946,7135008576062456859,0.012513018566332579
6958268752132178946,7135414649268880411,0.015477720908281086
6958268752132178946,7143935053655131163,0.014374839314376258
6958268752132178946,7270110578827150342,0.01277561494325826
6958268752132178946,7283325250002830342,0.012713342552679916
6958268752132178946,7372140179509216261,0.0166751069058693
6958268752132178946,7486331907643393040,0.015415384553034562
6958281584488236033,6986850469483676673,0.022152196023360465
6958281584488236033,7102360937428108314,0.014693596655620634
6958281584488236033,7132780297389507585,0.01375481646510395
6958281584488236033,7135008576062456859,0.013996745353278467
6958281584488236033,7270110578827150342,0.013871047394591414
6958281584488236033,7496951292298249223,0.014587727442476944
6958281584488236033,7583691841695859720,0.014888730150430966
6958281584488236033,7607445622497264647,0.01527517195181094
6958281584488236033,86855738395926528,0.019232112961525744
6959162637768377349,6964738659434152962,0.018378345718659723
6959162637768377349,6995145012439450625,0.018823583449775368
6959162637768377349,7000964924840608769,0.011382254664203664
6959162637768377349,7075674626739536898,0.015261612410673073
6959162637768377349,7089701400901600283,0.016519898556886976
6959162637768377349,7102360937428108314,0.018435959245298793
6959162637768377349,7398639237263229958,0.015240587096780386
6959162637768377349,7650741089351484436,0.007939257188236822
6959317815221093378,6962343424021726209,0.01623165272410235
6959317815221093378,6983637584456647681,0.016248125148168334
6959317815221093378,7035968949859959835,0.015981556828440116
6959317815221093378,70729628102,0.015203560382073959
6959317815221093378,7205917572523803649,0.016030100801264536
6959317815221093378,7325664758940943366,0.015652545352780618
6959317815221093378,7444920523094967314,0.015381290832032803
6959317815221093378,7455281387647304705,0.015415725075908791
6959317815221093378,7495411659411948599,0.016052957134697416
6959317815221093378,95653080293068800,0.02441331382723796
6960359847695074309,6961428341711406081,0.016783303213568763
6960359847695074309,6995145012439450625,0.053068017208465455
6960359847695074309,7002112944796779546,0.03252181876725271
6960359847695074309,7020605956485940251,0.0173638234742636
6960359847695074309,7060924497801593882,0.04476114256619434
6960359847695074309,7165117173925708826,0.01629497381676494
6960359847695074309,7202086685571138562,0.035763250558498244
6960359847695074309,7384728630012806150,0.01751536531092272
6960359847695074309,7423293361527014405,0.016233340753988898
6960359847695074309,7493882569899394065,0.01643280202008012
6960359847695074309,7495411659411948599,0.037485991872126374
6960359847695074309,7602605744538141716,0.03445634398102138
6960359847695074309,7607445622497264647,0.19586050730847007
6960359847695074309,7650741089351484436,0.007468188807596924
6961428341711406081,6985727260917662725,0.015110243806072983
6961428341711406081,7058797886825792518,0.015068337198063352
6961428341711406081,70729628102,0.02270860417940811
6961428341711406081,7075674626739536898,0.01597577270312895
6961428341711406081,7084186676168508442,0.015220155367170845
6961428341711406081,7102360937428108314,0.014135511664158542
6961428341711406081,7104942140773450754,0.014844741245639205
6961428341711406081,7202086685571138562,0.03262597446754716
6961428341711406081,7206554298104415258,0.01513347162541554
6961428341711406081,7319919338914857990,0.015288026923765526
6961428341711406081,7372140179509216261,0.017978630832248772
6961428341711406081,7565406894694269953,0.01508661165341924
6962343424021726209,6983637584456647681,0.016317450636208323
6962343424021726209,7035968949859959835,0.015872251884456453
6962343424021726209,7060374955943003137,0.014201595306519061
6962343424021726209,70729628102,0.015303352227051576
6962343424021726209,7205917572523803649,0.01591956100729093
6962343424021726209,7325664758940943366,0.015543046540352394
6962343424021726209,7455281387647304705,0.015516372007585683
6962343424021726209,7495411659411948599,0.015943659580167288
6962343424021726209,7501664443560084488,0.014628152564925204
6962343424021726209,95653080293068800,0.015424032955561504
6964714945469662210,6966276498689721345,0.012253195236876027
6964714945469662210,6987280497861067778,0.014713683536649945
6964714945469662210,7020605956485940251,0.01781289588886462
6964714945469662210,7278224508979872786,0.010649064841169124
6964714945469662210,7316163220909196294,0.012441169291093668
6964714945469662210,7400503260173730822,0.014627901243302812
6964714945469662210,7583691841695859720,0.015530657205329982
6964714945469662210,7607445622497264647,0.011972101708542175
6964738659434152962,6966276498689721345,0.004748459100473679
6964738659434152962,6995145012439450625,0.02316736042121145
6964738659434152962,7000964924840608769,0.008117460946296768
6964738659434152962,7002112944796779546,0.005186795299310176
6964738659434152962,7075674626739536898,0.020921634542509466
6964738659434152962,7150266661496472582,0.006420123314309362
6964738659434152962,7316163220909196294,0.0120043996159542
6964738659434152962,7321759691690951685,0.005945442663588726
6964738659434152962,7398639237263229958,0.012015825380658944
6964738659434152962,7642599508594115605,0.0049125535332682204
6964738659434152962,7650741089351484436,0.007512329670479732
6966148415672173569,7002112944796779546,0.016922101553167167
6966148415672173569,7075674626739536898,0.016009116505302224
6966148415672173569,7121523637161001985,0.023727983316056227
6966148415672173569,7165117173925708826,0.016823581408689784
6966148415672173569,7316163220909196294,0.011655975847568511
6966148415672173569,7372140179509216261,0.015626725837649912
6966148415672173569,7379787571319522310,0.01689739654309407
6966148415672173569,7423293361527014405,0.015621309364569215
6966148415672173569,7635591227443250194,0.015416606407936628
6966148415672173569,86855738395926528,0.015539090547706656
6966276498689721345,6987280497861067778,0.014935969416720509
6966276498689721345,7063506594294924289,0.014564895011937454
6966276498689721345,7231559211711382529,0.014617974827785233
6966276498689721345,7278224508979872786,0.014316241784158194
6966276498689721345,7400503260173730822,0.015001723506301372
6966276498689721345,7496951292298249223,0.019815927358033975
6966276498689721345,7583691841695859720,0.014187135138110023
6966276498689721345,7607445622497264647,0.01612432441261916
6967196401395139585,7060374955943003137,0.01492061727990534
6967196401395139585,7108182400240223233,0.03363332233622405
6967196401395139585,7113527717450810370,0.015151224210357908
6967196401395139585,7135220356252517402,0.015131270840496439
6967196401395139585,7135414649268880411,0.04587877904910927
6967196401395139585,7398639237263229958,0.012113848087442742
6967196401395139585,7516118321939727361,0.02860641184710357
6967196401395139585,7545554271439078416,0.015054938982476377
6967196401395139585,7584050819944596487,0.015310483318598522
6967196401395139585,7602605744538141716,0.015397174515924116
6967196401395139585,7626262691652420629,0.02774178610965148
6967196401395139585,7650741089351484436,0.008740666445012523
6967196401395139585,86855738395926528,0.030245388908489594
6967659350089810946,7003367467040949249,0.016451439186169522
6967659350089810946,7012854598687966235,0.015680306326945857
6967659350089810946,7056589938901664769,0.01672674686126868
6967659350089810946,70729628102,0.013772553742269569
6967659350089810946,7096479885301138458,0.015810052419259292
6967659350089810946,7222475408116515866,0.016356756897479115
6967659350089810946,7305828667954021382,0.01534851275565673
6967659350089810946,7448255517355164673,0.013909076772469676
6967659350089810946,7566639233809695765,0.014821831906283537
6968718267481490433,7124524290486535170,0.01474191013138683
6968718267481490433,7198497671228834818,0.015316103040806366
6968718267481490433,7257089825308165126,0.01475721531694656
6968718267481490433,7476774838238430216,0.01521257328175961
6968718267481490433,7484436088774624274,0.01534591271364826
6968718267481490433,7512754059523769352,0.01571443441271323
6968718267481490433,7642599508594115605,0.015243784214112426
6968718267481490433,7648650172402435093,0.014949835296026195
6968718267481490433,7654157094572098561,0.015348532384800587
6970866552057267202,7000352128338478081,0.014891664560199674
6970866552057267202,7052273815992304641,0.015215289501098697
6970866552057267202,7060924497801593882,0.015020253077207097
6970866552057267202,7089701400901600283,0.015306472452022404
6970866552057267202,7202086685571138562,0.014945567117043939
6970866552057267202,7240814661875057669,0.015296901359402891
6970866552057267202,7445331089281270789,0.015302645132081688
6970866552057267202,7545554271439078416,0.015078877226549358
6970866552057267202,7602605744538141716,0.015427727836658777
6970866552057267202,7626262691652420629,0.015220861833500042
6971392711799964673,6986850469483676673,0.050090353816000265
6971392711799964673,7084186676168508442,0.024379747579703872
6971392711799964673,7108182400240223233,0.015957344003101972
6971392711799964673,7135008576062456859,0.015269170686746695
6971392711799964673,7135414649268880411,0.015566048218160803
6971392711799964673,7143935053655131163,0.016543328172640998
6971392711799964673,7270110578827150342,0.02369200098514535
6971392711799964673,7328024330810950662,0.01808085375571792
6971392711799964673,7486331907643393040,0.015378434863666565
6983637584456647681,7035968949859959835,0.015888574626292624
6983637584456647681,70729628102,0.01528640297517729
6983637584456647681,7108182400240223233,0.02180703607278663
6983637584456647681,7205917572523803649,0.02335201216957179
6983637584456647681,7325664758940943366,0.015559420611351803
6983637584456647681,7455281387647304705,0.015499262900578856
6983637584456647681,7495411659411948599,0.01595997639014076
6983637584456647681,7501664443560084488,0.014611742542613954
6983637584456647681,95653080293068800,0.015440425395089458
6985727260917662725,7058797886825792518,0.015263865403407555
6985727260917662725,7084186676168508442,0.015347284431954258
6985727260917662725,7102360937428108314,0.013850579620383226
6985727260917662725,7104942140773450754,0.015041060519407476
6985727260917662725,7206554298104415258,0.015328074095380232
6985727260917662725,7238631407236580358,0.014865792320808705
6985727260917662725,7267057918439506950,0.014869896176502511
6985727260917662725,7309331808796460037,0.014855856208351791
6985727260917662725,7319919338914857990,0.014998852385820535
6985727260917662725,7565406894694269953,0.015281712360189123
6985727260917662725,7629938843277640725,0.009345430901762881
6986850469483676673,7060924497801593882,0.018147687546368363
6986850469483676673,7113527717450810370,0.023495548885898564
6986850469483676673,7135008576062456859,0.015891147710396958
6986850469483676673,7143935053655131163,0.015681430237534832
6986850469483676673,7270110578827150342,0.01616469545703836
6986850469483676673,7328024330810950662,0.01568128427013503
6986850469483676673,7423293361527014405,0.016729590416819304
6986850469483676673,7486331907643393040,0.014528949453092667
6986850469483676673,7496951292298249223,0.0255510271711707
6987280497861067778,7278224508979872786,0.012821051595805938
6987280497861067778,7400503260173730822,0.01729369090371302
6987280497861067778,7516118321939727361,0.012876615791723344
6987280497861067778,7583691841695859720,0.016608145738965463
6987280497861067778,7607445622497264647,0.014638154186845321
6995145012439450625,7002112944796779546,0.04074569843219201
6995145012439450625,7054007488706429979,0.017693204355492338
6995145012439450625,7060374955943003137,0.015086524226140556
6995145012439450625,7075674626739536898,0.02014312770690383
6995145012439450625,7165117173925708826,0.020415527613939045
6995145012439450625,7202086685571138562,0.02693333260734739
6995145012439450625,7384728630012806150,0.021944522783183255
6995145012439450625,7398639237263229958,0.012471795003898757
6995145012439450625,7423293361527014405,0.020338309233033067
6995145012439450625,7495411659411948599,0.046965175323811954
6995145012439450625,7602605744538141716,0.04316941223288078
6995145012439450625,7607445622497264647,0.041235787269485825
6995145012439450625,7650741089351484436,0.0068045303920606015
7000352128338478081,7052273815992304641,0.015675236980953
7000352128338478081,7060924497801593882,0.015584136263321403
7000352128338478081,7089701400901600283,0.02418994888342032
7000352128338478081,7240814661875057669,0.01498532120717693
7000352128338478081,7305828667954021382,0.014890937429873742
7000352128338478081,7379787571319522310,0.018339996632466823
7000352128338478081,7445331089281270789,0.014979508860431612
7000352128338478081,7448255517355164673,0.014727227066545582
7000352128338478081,7566639233809695765,0.01481353453567684
7000964924840608769,7054007488706429979,0.026978984528540584
7000964924840608769,7096479885301138458,0.03257980068070993
7000964924840608769,7135414649268880411,0.015216012980357145
7000964924840608769,7150266661496472582,0.01597910073331467
7000964924840608769,7205917572523803649,0.02496053905867858
7000964924840608769,7321759691690951685,0.015564282219854515
7000964924840608769,7398639237263229958,0.015256599910716595
7000964924840608769,7501201778134893584,0.03157234455450429
7000964924840608769,7505361348164092936,0.023979320905880962
7002112944796779546,7060924497801593882,0.03256528033483371
7002112944796779546,7121523637161001985,0.022351946447848985
7002112944796779546,7132780297389507585,0.011568080461481728
7002112944796779546,7165117173925708826,0.031436531746522195
7002112944796779546,7202086685571138562,0.016505628209424826
7002112944796779546,7316163220909196294,0.011505490398789871
7002112944796779546,7379787571319522310,0.01671272938228136
7002112944796779546,7384728630012806150,0.01836219699528011
7002112944796779546,7423293361527014405,0.015534780293780049
7002112944796779546,7495411659411948599,0.034040079727022936
7002112944796779546,7602605744538141716,0.026455629487935946
7002112944796779546,7607445622497264647,0.03698829996992265
7002112944796779546,7635591227443250194,0.01524286122321941
7002112944796779546,86855738395926528,0.015362609551976675
7003367467040949249,7012854598687966235,0.016134502387609807
7003367467040949249,7056589938901664769,0.016688289508381846
7003367467040949249,7096479885301138458,0.016263605976241963
7003367467040949249,7120541706823533594,0.015046271914622726
7003367467040949249,7222475408116515866,0.01680818909226161
7003367467040949249,7305828667954021382,0.022971626603744362
7003367467040949249,7495411659411948599,0.01873948705948077
7003367467040949249,7520091064683021319,0.021006777502281738
7003367467040949249,7566639233809695765,0.01526598066752192
7003367467040949249,7642599508594115605,0.03799448388234056
7005622091391714330,7058797886825792518,0.012538889303798635
7005622091391714330,7060374955943003137,0.017515368688373244
7005622091391714330,7075674626739536898,0.01148713689845022
7005622091391714330,7089701400901600283,0.021330439522056748
7005622091391714330,7096897188358456322,0.014461188216465876
7005622091391714330,7104942140773450754,0.012789490322705469
7005622091391714330,7231559211711382529,0.01448141692668973
7005622091391714330,7238631407236580358,0.012004617906155238
7005622091391714330,7267057918439506950,0.013248428248995468
7005622091391714330,7309331808796460037,0.013265786935230423
7005622091391714330,7319387104206259206,0.017055230906146236
7005622091391714330,7377168369478452229,0.012506346120735933
7005622091391714330,7384728630012806150,0.01394103983577699
7005622091391714330,7565406894694269953,0.01246413938193027
7012854598687966235,7056589938901664769,0.03545618437531825
7012854598687966235,7096479885301138458,0.02798013696981198
7012854598687966235,7222475408116515866,0.016215385155267333
7012854598687966235,7305828667954021382,0.016502837941079807
7012854598687966235,7448255517355164673,0.015011110384533694
7012854598687966235,7566639233809695765,0.024411644873072583
7012854598687966235,7629938843277640725,0.00940848248297351
7016976235000710170,7022223240064025601,0.015891013003843196
7016976235000710170,7064593869828932614,0.015726067716405254
7016976235000710170,7143935053655131163,0.023973657914211365
7016976235000710170,7186497865421161499,0.015814365199134945
7016976235000710170,7219631248322511874,0.015246552274307155
7016976235000710170,7231559211711382529,0.01470110206497834
7016976235000710170,7328024330810950662,0.015143453585877851
7016976235000710170,7358103277785891846,0.015193802546593586
7016976235000710170,7361451922681119749,0.015207602477692206
7016976235000710170,7444920523094967314,0.029771473124341627
7016976235000710170,7501201778134893584,0.016133630903538
7016976235000710170,7520091064683021319,0.01603338781029226
7020605956485940251,7089701400901600283,0.03791609250486761
7020605956485940251,7124524290486535170,0.013221482703123844
7020605956485940251,7257089825308165126,0.013203569422680663
7020605956485940251,7448255517355164673,0.0200532266212433
7020605956485940251,7476774838238430216,0.021962838576005093
7020605956485940251,7493882569899394065,0.016392401672618975
7022223240064025601,7064593869828932614,0.016272442089705644
7022223240064025601,7132780297389507585,0.010560418231931044
7022223240064025601,7186497865421161499,0.015567674038589656
7022223240064025601,7219631248322511874,0.015001116205170964
7022223240064025601,7328024330810950662,0.01567948535478087
7022223240064025601,7358103277785891846,0.015736082912452157
7022223240064025601,7501201778134893584,0.01618772911671675
7022223240064025601,7520091064683021319,0.028886195409213566
7022223240064025601,7607445622497264647,0.01673722585106412
7022223240064025601,7629938843277640725,0.01673206311426753
7035968949859959835,7205917572523803649,0.01607178098846802
7035968949859959835,7325664758940943366,0.01569750056656821
7035968949859959835,7444920523094967314,0.015430280471125163
7035968949859959835,7455281387647304705,0.024282697707725776
7035968949859959835,7495411659411948599,0.01594591000087708
7035968949859959835,95653080293068800,0.015579764128666762
7052273815992304641,7060924497801593882,0.01580566739649062
7052273815992304641,7089701400901600283,0.015600189725920931
7052273815992304641,7202086685571138562,0.014780724285824307
7052273815992304641,7240814661875057669,0.015309884199223292
7052273815992304641,7377168369478452229,0.01829019050198221
7052273815992304641,7445331089281270789,0.015304023637525477
7052273815992304641,7448255517355164673,0.01465068200505757
7054007488706429979,7060924497801593882,0.03330320295166626
7054007488706429979,7100750102336177154,0.014708198026298303
7054007488706429979,7135220356252517402,0.016654960331277592
7054007488706429979,7150266661496472582,0.01556661468065702
7054007488706429979,7321759691690951685,0.01596319756669121
7054007488706429979,7344283645127885830,0.014557901528790529
7054007488706429979,7384728630012806150,0.03715263186481824
7054007488706429979,7398639237263229958,0.019595483455224296
7054007488706429979,7423293361527014405,0.020644605856341355
7054007488706429979,7505361348164092936,0.030460956251493546
7056589938901664769,7096479885301138458,0.03185169653974534
7056589938901664769,7096897188358456322,0.014140861576887123
7056589938901664769,7124524290486535170,0.015748788209795805
7056589938901664769,7186497865421161499,0.02440195256291439
7056589938901664769,7222475408116515866,0.01659381103810206
7056589938901664769,7305828667954021382,0.015585739240735736
7056589938901664769,7501201778134893584,0.02480922573656868
7056589938901664769,7566639233809695765,0.03246230959922737
7056589938901664769,7584050819944596487,0.020090215935515816
7056589938901664769,7629938843277640725,0.013200522394389649
7056589938901664769,86855738395926528,0.015318057203333929
7058797886825792518,7060374955943003137,0.020520205017770143
7058797886825792518,7084186676168508442,0.015306598113173572
7058797886825792518,7096897188358456322,0.01422370814314156
7058797886825792518,7104942140773450754,0.01524896506689801
7058797886825792518,7206554298104415258,0.019580371524568232
7058797886825792518,7267057918439506950,0.027562138242317777
7058797886825792518,7309331808796460037,0.015064659948862254
7058797886825792518,7319387104206259206,0.011987459109530403
7058797886825792518,7319919338914857990,0.01495663449176
7058797886825792518,7565406894694269953,0.015397020057711503
7060374955943003137,7096897188358456322,0.014413328602532147
7060374955943003137,7238631407236580358,0.012062022538425267
7060374955943003137,7267057918439506950,0.028385255565174544
7060374955943003137,7319387104206259206,0.017113350855072002
7060374955943003137,7384728630012806150,0.013999211003240458
7060374955943003137,7516118321939727361,0.014490231425278645
7060374955943003137,7626262691652420629,0.01401567593421931
7060924497801593882,7089701400901600283,0.015399626969020532
7060924497801593882,7202086685571138562,0.0262657234128106
7060924497801593882,7240814661875057669,0.015113879220788561
7060924497801593882,7445331089281270789,0.015108072777639146
7060924497801593882,7448255517355164673,0.014571433260412893
7060924497801593882,7607445622497264647,0.04349980163807377
7063506594294924289,7186497865421161499,0.01462100591934703
7063506594294924289,7219631248322511874,0.01777206494763975
7063506594294924289,7231559211711382529,0.016526352491841
7063506594294924289,7278224508979872786,0.015583235568339395
7063506594294924289,7516118321939727361,0.01970662911754023
7063506594294924289,7607445622497264647,0.014563830578900917
7064593869828932614,7096068961858765826,0.015612403880165392
7064593869828932614,7143935053655131163,0.013867164947328871
7064593869828932614,7186497865421161499,0.015402378137050914
7064593869828932614,7309331808796460037,0.015321518272904526
7064593869828932614,7328024330810950662,0.01585614806093597
7064593869828932614,7358103277785891846,0.01591468974257146
7064593869828932614,7379787571319522310,0.01560850653608762
7064593869828932614,7501201778134893584,0.016021366722704457
7064593869828932614,7520091064683021319,0.015805536106677055
70729628102,7096897188358456322,0.014827498499870615
70729628102,7102360937428108314,0.021990821940584413
70729628102,7108182400240223233,0.015183090146586392
70729628102,7113527717450810370,0.015042620989533139
70729628102,7135220356252517402,0.015064458471336886
70729628102,7455281387647304705,0.015219466555867284
70729628102,7584050819944596487,0.015191168752410038
7075674626739536898,7319387104206259206,0.01093279367482383
7075674626739536898,7372140179509216261,0.015383249873542908
7075674626739536898,7398639237263229958,0.008794150630557123
7075674626739536898,7650741089351484436,0.012707634376146078
7084186676168508442,7096897188358456322,0.014054686400943829
7084186676168508442,7102360937428108314,0.013953272768076919
7084186676168508442,7104942140773450754,0.015082688024830718
7084186676168508442,7206554298104415258,0.015370981599102447
7084186676168508442,7267057918439506950,0.01491101704564597
7084186676168508442,7309331808796460037,0.01489690873725347
7084186676168508442,7319919338914857990,0.015107496697907704
7084186676168508442,7496951292298249223,0.025772877423267344
7084186676168508442,7565406894694269953,0.015324459159253467
7089701400901600283,7135220356252517402,0.030141668400170962
7089701400901600283,7240814661875057669,0.01540016824739045
7089701400901600283,7377168369478452229,0.028931492722454863
7089701400901600283,7445331089281270789,0.015394366374315821
7089701400901600283,7448255517355164673,0.034794606114194826
7096068961858765826,7186497865421161499,0.018034753050721723
7096068961858765826,7328024330810950662,0.01591729395715233
7096068961858765826,7358103277785891846,0.04044746009109185
7096068961858765826,7444920523094967314,0.016031969886392553
7096068961858765826,7496951292298249223,0.019897136167317236
7096068961858765826,7501201778134893584,0.026490967757547435
7096068961858765826,7516118321939727361,0.015373170396986671
7096479885301138458,7222475408116515866,0.016344436552266285
7096479885301138458,7305828667954021382,0.026592800072644775
7096479885301138458,7358103277785891846,0.017771980449899027
7096479885301138458,7377168369478452229,0.025656780245054387
7096479885301138458,7448255517355164673,0.021905625630643355
7096479885301138458,7566639233809695765,0.0258156878239587
7096479885301138458,7584050819944596487,0.01690830313149328
7096479885301138458,7629938843277640725,0.007610375012279981
7096897188358456322,7102360937428108314,0.014816813369752163
7096897188358456322,7104942140773450754,0.014464773902221513
7096897188358456322,7206554298104415258,0.01404748824998483
7096897188358456322,7267057918439506950,0.014920888055413955
7096897188358456322,7309331808796460037,0.014937664577434586
7096897188358456322,7319387104206259206,0.013927242250381678
7096897188358456322,7520091064683021319,0.021107862701931
7096897188358456322,7565406894694269953,0.014148733736880612
7096897188358456322,7650741089351484436,0.009454839029836187
7100750102336177154,7120541706823533594,0.013064061577833649
7100750102336177154,7150266661496472582,0.01336941487714038
7100750102336177154,7283325250002830342,0.01388638816699006
7100750102336177154,7321759691690951685,0.013768343470456593
7100750102336177154,7344283645127885830,0.016890303961781438
7100750102336177154,7505361348164092936,0.015925319355411326
7100750102336177154,7581801127412319248,0.014225962546374574
7102360937428108314,7104942140773450754,0.013580065735494709
7102360937428108314,7135008576062456859,0.013741908295435793
7102360937428108314,7206554298104415258,0.013871358823315597
7102360937428108314,7270110578827150342,0.013614118384731002
7102360937428108314,7319919338914857990,0.014054541013046803
7102360937428108314,7496951292298249223,0.014923301299754848
7102360937428108314,7565406894694269953,0.013822679972992654
7104942140773450754,7206554298104415258,0.015072294199818493
7104942140773450754,7267057918439506950,0.015317793937304952
7104942140773450754,7309331808796460037,0.01530370484800275
7104942140773450754,7319387104206259206,0.012241578623496988
7104942140773450754,7319919338914857990,0.014734476027652798
7104942140773450754,7496951292298249223,0.013384434190825162
7104942140773450754,7565406894694269953,0.0151734667157205
7108182400240223233,7113527717450810370,0.01553761273494696
7108182400240223233,7135220356252517402,0.015559852196864824
7108182400240223233,7222475408116515866,0.01744820905273684
7108182400240223233,7358103277785891846,0.01635107492312652
7108182400240223233,7372140179509216261,0.028123605346484722
7108182400240223233,7398639237263229958,0.011900504018671378
7108182400240223233,7496951292298249223,0.03859455387146635
7108182400240223233,7501664443560084488,0.014932891809828847
7108182400240223233,7516118321939727361,0.021392610361179475
7108182400240223233,7584050819944596487,0.015693790253102562
7113527717450810370,7135220356252517402,0.015922837335412714
7113527717450810370,7325664758940943366,0.016235897290267153
7113527717450810370,7423293361527014405,0.04784149315688288
7113527717450810370,7501664443560084488,0.014794763335286032
7113527717450810370,7545554271439078416,0.01544813615712285
7113527717450810370,7584050819944596487,0.016105208310725528
7113527717450810370,7602605744538141716,0.024980310950021133
7113527717450810370,7626262691652420629,0.01589473886613619
7120541706823533594,7283325250002830342,0.01729243306094688
7120541706823533594,7344283645127885830,0.01347894854483758
7120541706823533594,7372140179509216261,0.014738502076100375
7120541706823533594,7400503260173730822,0.017656706973019694
7120541706823533594,7486331907643393040,0.01190461988537513
7120541706823533594,7495411659411948599,0.016879112742576426
7120541706823533594,7520091064683021319,0.031308987091264485
7120541706823533594,7581801127412319248,0.0155519415008985
7121523637161001985,7132780297389507585,0.02425839803084802
7121523637161001985,7165117173925708826,0.014243060577441296
7121523637161001985,7316163220909196294,0.016263107856951935
7121523637161001985,7379787571319522310,0.014156256564081732
7121523637161001985,7423293361527014405,0.012453634810072734
7121523637161001985,7607445622497264647,0.024572066327441616
7121523637161001985,7635591227443250194,0.015991455167738217
7121523637161001985,86855738395926528,0.01619805835051828
7124524290486535170,7198497671228834818,0.0219584645654099
7124524290486535170,7257089825308165126,0.015390387687616826
7124524290486535170,7476774838238430216,0.014912711987858474
7124524290486535170,7493882569899394065,0.013746548414702098
7124524290486535170,7512754059523769352,0.028457402014621092
7124524290486535170,7566639233809695765,0.02361465416781346
7124524290486535170,7629938843277640725,0.007584189647193525
7124524290486535170,7648650172402435093,0.014257008573757576
7124524290486535170,7654157094572098561,0.014659322667566782
7132780297389507585,7150266661496472582,0.010370091709240848
7132780297389507585,7583691841695859720,0.01208648373312608
7132780297389507585,7607445622497264647,0.046091365184458014
7132780297389507585,7629938843277640725,0.026516785885894664
7132780297389507585,7650741089351484436,0.020881106277508485
7135008576062456859,7135414649268880411,0.01414014115412251
7135008576062456859,7143935053655131163,0.015128059167637941
7135008576062456859,7270110578827150342,0.016734181838169996
7135008576062456859,7486331907643393040,0.013963036354805565
7135008576062456859,7566639233809695765,0.0320756364166221
7135220356252517402,7455281387647304705,0.015124171308816372
7135220356252517402,7501664443560084488,0.014815929418124655
7135220356252517402,7545554271439078416,0.015427861938908558
7135220356252517402,7584050819944596487,0.016084358196165587
7135220356252517402,7602605744538141716,0.015989766447843168
7135220356252517402,7626262691652420629,0.015874096801776486
7135220356252517402,7650741089351484436,0.007136334303126009
7135414649268880411,7143935053655131163,0.016011414265987817
7135414649268880411,7267057918439506950,0.01584216952890102
7135414649268880411,7270110578827150342,0.014410942400690803
7135414649268880411,7372140179509216261,0.015040677874658811
7135414649268880411,7486331907643393040,0.016919149117595986
7135414649268880411,7516118321939727361,0.01744472498395958
7135414649268880411,86855738395926528,0.019786186799748175
7143935053655131163,7270110578827150342,0.015402630617153157
7143935053655131163,7372140179509216261,0.02203225689730197
7143935053655131163,7486331907643393040,0.01581842611679683
7150266661496472582,7321759691690951685,0.016753798113118612
7150266661496472582,7344283645127885830,0.013205671045881502
7150266661496472582,7398639237263229958,0.013639599558232737
7150266661496472582,7505361348164092936,0.014272888627407134
7150266661496472582,7581801127412319248,0.010610586793547956
7165117173925708826,7316163220909196294,0.0119880777078383
7165117173925708826,7379787571319522310,0.01705269213215013
7165117173925708826,7423293361527014405,0.015341697584048611
7165117173925708826,7495411659411948599,0.01573837014461961
7165117173925708826,7635591227443250194,0.015731942557962134
7165117173925708826,86855738395926528,0.01585775734439937
7186497865421161499,7219631248322511874,0.015601453562632669
7186497865421161499,7231559211711382529,0.01507354226678784
7186497865421161499,7316163220909196294,0.014477733087376782
7186497865421161499,7361451922681119749,0.015559529317549217
7186497865421161499,7501201778134893584,0.01581069271460372
7186497865421161499,7520091064683021319,0.015713478423084737
7186497865421161499,7581801127412319248,0.01626069700698409
7198497671228834818,7257089825308165126,0.014831613126300108
7198497671228834818,7476774838238430216,0.015286788520802242
7198497671228834818,7484436088774624274,0.015263060207914568
7198497671228834818,7493882569899394065,0.013128973329563911
7198497671228834818,7512754059523769352,0.015628580074591714
7198497671228834818,7642599508594115605,0.015156844548390997
7198497671228834818,7648650172402435093,0.014862639936800752
7198497671228834818,7654157094572098561,0.015261659279174975
7202086685571138562,7495411659411948599,0.019025068964650227
7202086685571138562,7584050819944596487,0.015249767429780159
7202086685571138562,7602605744538141716,0.032823956432239905
7202086685571138562,7607445622497264647,0.027789351659822405
7202086685571138562,7626262691652420629,0.015133998596178753
7205917572523803649,7267057918439506950,0.02280224317490769
7205917572523803649,7270110578827150342,0.015325281962582288
7205917572523803649,7325664758940943366,0.016002144793719583
7205917572523803649,7372140179509216261,0.017138134292746125
7205917572523803649,7384728630012806150,0.016334030843254688
7205917572523803649,7444920523094967314,0.0157394723349011
7205917572523803649,7501201778134893584,0.023036238437128143
7205917572523803649,7626262691652420629,0.01637500594031314
7205917572523803649,7629938843277640725,0.00918127641206228
7205917572523803649,95653080293068800,0.015883351834369636
7206554298104415258,7267057918439506950,0.024936976541662742
7206554298104415258,7309331808796460037,0.014887035646085952
7206554298104415258,7319919338914857990,0.01502173313791972
7206554298104415258,7496951292298249223,0.013673378461097913
7206554298104415258,7565406894694269953,0.015313310699904662
7219631248322511874,7231559211711382529,0.014855969486061164
7219631248322511874,7361451922681119749,0.015171957112954212
7219631248322511874,7372140179509216261,0.019807687630274143
7219631248322511874,7398639237263229958,0.020134399930899115
7219631248322511874,7501201778134893584,0.015238043458144047
7219631248322511874,7516118321939727361,0.02383554878511986
7219631248322511874,7520091064683021319,0.015148589212527633
7222475408116515866,7305828667954021382,0.015879309823877613
7222475408116515866,7398639237263229958,0.01652072657007356
7222475408116515866,7496951292298249223,0.01480499621936824
7222475408116515866,7566639233809695765,0.0153446922633531
7231559211711382529,7278224508979872786,0.015485514455746833
7231559211711382529,7361451922681119749,0.014641613685498461
7231559211711382529,7516118321939727361,0.015261154507532524
7231559211711382529,7520091064683021319,0.014598495173162451
7238631407236580358,7319387104206259206,0.0130112677118874
7238631407236580358,7384728630012806150,0.01661694462904372
7238631407236580358,7423293361527014405,0.012059658834056285
7240814661875057669,7283325250002830342,0.01969127364517557
7240814661875057669,7358103277785891846,0.015370327004110897
7240814661875057669,7377168369478452229,0.043271331037276366
7240814661875057669,7445331089281270789,0.015383955994143404
7240814661875057669,7545554271439078416,0.015001240390041637
7240814661875057669,7629938843277640725,0.012070810566936666
7257089825308165126,7476774838238430216,0.014927999343675108
7257089825308165126,7484436088774624274,0.014703993221743431
7257089825308165126,7493882569899394065,0.013728803696818745
7257089825308165126,7512754059523769352,0.015050109441102492
7257089825308165126,7642599508594115605,0.014569854527581338
7257089825308165126,7648650172402435093,0.014273175509931648
7257089825308165126,7654157094572098561,0.014675383343804745
7267057918439506950,7309331808796460037,0.01576322692085879
7267057918439506950,7319387104206259206,0.019810764503680002
7267057918439506950,7319919338914857990,0.014561094043354927
7267057918439506950,7372140179509216261,0.016997297174770463
7267057918439506950,7565406894694269953,0.015002894202312683
7270110578827150342,7486331907643393040,0.014230823453493132
7270110578827150342,7496951292298249223,0.01351379877128508
7278224508979872786,7501201778134893584,0.01664875831142084
7278224508979872786,7516118321939727361,0.015089740126293969
7278224508979872786,7607445622497264647,0.014317347743338971
7283325250002830342,7344283645127885830,0.014308062106175154
7283325250002830342,7372140179509216261,0.013836062567321167
7283325250002830342,7377168369478452229,0.021474406336743752
7283325250002830342,7505361348164092936,0.012777790890399347
7283325250002830342,7581801127412319248,0.016358249552101974
7305828667954021382,7377168369478452229,0.023680607233001687
7305828667954021382,7448255517355164673,0.014997947997075132
7305828667954021382,7566639233809695765,0.015932779708110176
7309331808796460037,7316163220909196294,0.012730527503681168
7309331808796460037,7319387104206259206,0.01271946873545265
7309331808796460037,7319919338914857990,0.01454707943980444
7309331808796460037,7379787571319522310,0.01560414707571038
7309331808796460037,7565406894694269953,0.02103164176606338
7316163220909196294,7379787571319522310,0.011898991474853562
7316163220909196294,7455281387647304705,0.010846965145082781
7316163220909196294,7476774838238430216,0.019921488795528637
7316163220909196294,7545554271439078416,0.01080785622539992
7316163220909196294,7635591227443250194,0.013776734653881205
7316163220909196294,7650741089351484436,0.007010006970890962
7316163220909196294,86855738395926528,0.013966006769072064
7319387104206259206,7384728630012806150,0.014985098849077897
7319387104206259206,7565406894694269953,0.011912723496808424
7319919338914857990,7384728630012806150,0.018081721623175093
7319919338914857990,7496951292298249223,0.013855609731481384
7319919338914857990,7565406894694269953,0.014974990493651613
7321759691690951685,7344283645127885830,0.013608266661075872
7321759691690951685,7398639237263229958,0.01320870667050735
7321759691690951685,7505361348164092936,0.014668950762857038
7325664758940943366,7444920523094967314,0.015842495126056365
7325664758940943366,7495411659411948599,0.015620114963644063
7325664758940943366,95653080293068800,0.015982514543685454
7328024330810950662,7358103277785891846,0.03319351682552359
7328024330810950662,7444920523094967314,0.01540474834463789
7344283645127885830,7400503260173730822,0.02182494380342043
7344283645127885830,7505361348164092936,0.01578630637955626
7344283645127885830,7581801127412319248,0.014632616432006817
7358103277785891846,7377168369478452229,0.01919994424201197
7358103277785891846,7444920523094967314,0.015691027223904638
7358103277785891846,7496951292298249223,0.02887319473210063
7361451922681119749,7495411659411948599,0.026195972182677708
7361451922681119749,7501201778134893584,0.03423487500590002
7361451922681119749,7520091064683021319,0.015110469371329
7372140179509216261,7486331907643393040,0.014980699736401992
7377168369478452229,7445331089281270789,0.024599095673631707
7377168369478452229,7448255517355164673,0.021706627061706472
7377168369478452229,7484436088774624274,0.025108713935856293
7377168369478452229,7501201778134893584,0.030356589427978028
7377168369478452229,7505361348164092936,0.023288915798282593
7377168369478452229,7566639233809695765,0.030498680276697925
7377168369478452229,7642599508594115605,0.021090527182041557
7379787571319522310,7423293361527014405,0.01541429047844143
7379787571319522310,7581801127412319248,0.015600553151540152
7379787571319522310,7635591227443250194,0.015647010643397262
7379787571319522310,86855738395926528,0.015771917325898492
7384728630012806150,7423293361527014405,0.024132754221118845
7384728630012806150,7495411659411948599,0.044976568133742276
7384728630012806150,7501201778134893584,0.019261174925796543
7384728630012806150,7602605744538141716,0.052416911337334705
7384728630012806150,7626262691652420629,0.043790521034601904
7398639237263229958,7650741089351484436,0.010387731440177439
7400503260173730822,7516118321939727361,0.012940537217232189
7400503260173730822,7583691841695859720,0.016524751539561875
7400503260173730822,7607445622497264647,0.014703381842581001
7423293361527014405,7516118321939727361,0.01615368417402738
7423293361527014405,7635591227443250194,0.013954157802433602
7423293361527014405,86855738395926528,0.01405935756661651
7444920523094967314,95653080293068800,0.01599113406742412
7445331089281270789,7501201778134893584,0.01672909590574621
7445331089281270789,7545554271439078416,0.027027378130845277
7448255517355164673,7566639233809695765,0.014920533020837587
7455281387647304705,7495411659411948599,0.024586582880793604
7455281387647304705,7496951292298249223,0.021651009955223306
7455281387647304705,7501664443560084488,0.014564455708319345
7476774838238430216,7484436088774624274,0.015159514818631299
7476774838238430216,7493882569899394065,0.01323026602393806
7476774838238430216,7512754059523769352,0.015521325494129188
7476774838238430216,7626262691652420629,0.01567311684116963
7476774838238430216,7642599508594115605,0.015048177912966455
7476774838238430216,7648650172402435093,0.014753618571966769
7476774838238430216,7654157094572098561,0.015153088287956274
7484436088774624274,7512754059523769352,0.015778137737376432
7484436088774624274,7520091064683021319,0.03309309386936043
7484436088774624274,7642599508594115605,0.040078317786745504
7484436088774624274,7648650172402435093,0.015014481194494963
7484436088774624274,7654157094572098561,0.023374003780364302
7493882569899394065,7512754059523769352,0.024072083869832846
7495411659411948599,7602605744538141716,0.03049385149871583
7495411659411948599,7607445622497264647,0.029127984570301524
7495411659411948599,95653080293068800,0.015502336910521507
7496951292298249223,7565406894694269953,0.028228247595338762
7501201778134893584,7505361348164092936,0.02276304271431673
7501201778134893584,7520091064683021319,0.016212767586735264
7501201778134893584,7566639233809695765,0.01795648030302886
7501201778134893584,7626262691652420629,0.01753095112656207
7501664443560084488,7584050819944596487,0.014936476807175698
7501664443560084488,7602605744538141716,0.014847258961245901
7501664443560084488,7626262691652420629,0.014748826927660517
7512754059523769352,7642599508594115605,0.016048608464318485
7512754059523769352,7648650172402435093,0.015746908493171032
7512754059523769352,7654157094572098561,0.016156328687286958
7516118321939727361,7583691841695859720,0.012158510132568488
7516118321939727361,86855738395926528,0.015370752256834921
7520091064683021319,7642599508594115605,0.040790891804128974
7545554271439078416,7584050819944596487,0.015613077176013462
7545554271439078416,7602605744538141716,0.01570120346508442
7545554271439078416,7626262691652420629,0.015491747018223595
7583691841695859720,7607445622497264647,0.026139537790729504
7584050819944596487,7602605744538141716,0.016186339501448026
7584050819944596487,7626262691652420629,0.016067473625199096
7584050819944596487,7629938843277640725,0.00967490359755095
7602605744538141716,7607445622497264647,0.026773837524477415
7602605744538141716,7626262691652420629,0.016055465420425387
7629938843277640725,7650741089351484436,0.022188980891398893
7635591227443250194,86855738395926528,0.01759071815169622
7642599508594115605,7648650172402435093,0.01671895466137908
7642599508594115605,7654157094572098561,0.027274951566935827
7648650172402435093,7654157094572098561,0.016570380603073188
