source,target,weight
106026740199636992,6545402399622742017,0.01612069060542805
106026740199636992,6797983925664302082,0.015847460865342198
106026740199636992,6853606251437016066,0.01636816723685822
106026740199636992,6869604967994541057,0.01614006413539549
106026740199636992,6871174504082342914,0.019717659626206988
106026740199636992,6881613830130418689,0.01623519987791974
106026740199636992,6886446824174076930,0.01622700329848719
106026740199636992,6924145368151442437,0.015825558524703295
106026740199636992,7024874583044637697,0.01701477254708241
106026740199636992,7096068961858765826,0.026454648773152078
106026740199636992,7326825435546174471,0.015649707778056424
106026740199636992,7358103277785891846,0.015671486993318943
106026740199636992,7398639237263229958,0.015182129552102627
106026740199636992,7444920523094967314,0.015965533056056497
106026740199636992,7507818955039278088,0.015642273775109263
106026740199636992,7627890544752886791,0.022438880334244293
119419377912877056,6737078948611769345,0.01718091942434777
119419377912877056,6815404286269621250,0.022828792583068618
119419377912877056,6922636080495952898,0.09235773018873024
119419377912877056,6964587861862876161,0.02997723852214112
119419377912877056,7049555900038759426,0.015055894315117814
119419377912877056,7098020878919943170,0.02110718420469566
119419377912877056,7144238456486331418,0.015448034777723304
119419377912877056,7238631407236580358,0.01567142468862215
119419377912877056,7271800847229633541,0.016012712434749842
119419377912877056,7321759691690951685,0.02065724468058436
119419377912877056,7329677372679472133,0.016389161955237423
119419377912877056,7331684378399196166,0.039519464857273666
119419377912877056,7352412606437704710,0.01692978463224307
119419377912877056,7383901183393448966,0.0203891735867843
119419377912877056,7384728630012806150,0.017281630282441146
121271840324419584,6528922039171481602,0.02057103909521556
121271840324419584,6549604284051374082,0.03627542774143991
121271840324419584,6769926844173255682,0.017277434685569314
121271840324419584,6808778790597116929,0.02830407360293774
121271840324419584,6868961500935226369,0.015735235141485886
121271840324419584,6891120589751452673,0.015807003698449625
121271840324419584,6921629815418848258,0.030702776754475535
121271840324419584,6959045098000991234,0.03567266778339178
121271840324419584,6999586453593031681,0.02336285053594834
121271840324419584,7084186676168508442,0.016741459237017774
121271840324419584,7113527717450810370,0.016048173729117186
121271840324419584,7177726893490603034,0.01593653739804984
121271840324419584,7455150278313755655,0.015758254454630704
121271840324419584,7478421096736359430,0.015545493455385685
121271840324419584,7516118321939727361,0.019316949002485307
121271840324419584,7518436263998063623,0.015790060320454432
134975594403930112,6603342286892646401,0.019494704065824903
134975594403930112,6753525995004068865,0.01769718017153615
134975594403930112,6823738969319965698,0.027023821329207023
134975594403930112,6837516209820517378,0.017168930799540662
134975594403930112,6866036800730088449,0.017008385759895456
134975594403930112,6869941060425237506,0.01609101513987864
134975594403930112,6871752909106938881,0.023235278506993813
134975594403930112,6878826082558428161,0.02650038402563608
134975594403930112,6910170213696111618,0.015758413778693636
134975594403930112,6921359025180574721,0.021540227606160128
134975594403930112,6921629815418848258,0.03182745406628636
134975594403930112,6932353646320108546,0.01572685034027832
134975594403930112,6949516198539346945,0.028390745919248676
134975594403930112,6967196401395139585,0.027772477273214243
134975594403930112,6971392711799964673,0.021825939670681412
134975594403930112,7006304525616579610,0.015739354166654465
134975594403930112,7047408056128914434,0.027976438901947998
134975594403930112,7135414649268880411,0.01921671279859755
134975594403930112,7141082435111142402,0.015818338725483303
134975594403930112,7144565544971797531,0.023805411417986595
134975594403930112,7238631407236580358,0.01410937218261402
134975594403930112,7254140507394245638,0.04692346438301321
134975594403930112,7264489075083461633,0.02048759034828883
134975594403930112,7265249858515158022,0.025191100876521752
134975594403930112,7276081914455933957,0.04593241536266955
134975594403930112,7370877163489444869,0.015267549523480318
134975594403930112,7479292129044612104,0.03809779212882508
134975594403930112,7542789080502682641,0.04339705007545041
134975594403930112,7592121729054213121,0.020047214279113913
134975594403930112,7627890544752886791,0.03597862102571056
1690141112168498,6606388140461195266,0.0275786532985612
1690141112168498,6772179954580112386,0.023706355615644926
1690141112168498,6833204431723512834,0.41464151092557744
1690141112168498,6840120098842379265,0.027562061779477287
1690141112168498,6859637966656177154,0.03576853846955665
1690141112168498,6870129679489238018,0.028636482478990425
1690141112168498,6874733816599708673,0.015247620774965259
1690141112168498,6914228315911128066,0.01917376968139276
1690141112168498,6918855608540644354,0.3012489740346487
1690141112168498,6959306103192912897,0.015548457429489654
1690141112168498,6964970683512931333,0.35512412031420537
1690141112168498,6977774091941102597,0.015216260333900564
1690141112168498,6978562375062799362,0.015352776923781787
1690141112168498,6992412727014048794,0.35512412031420537
1690141112168498,7054007488706429979,0.028046363438161394
1690141112168498,7060028465760486402,0.35512412031420537
1690141112168498,7113527717450810370,0.04052735863690878
1690141112168498,7182583625258632193,0.015480274596170759
1690141112168498,7195479055549924378,0.0407409817186587
1690141112168498,7338600730439353346,0.0154934832001821
1690141112168498,7421159900989047814,0.02733010509969183
1690141112168498,7423293361527014405,0.03620843551252417
1690141112168498,7481889367460938759,0.020143618189028687
1690141112168498,7488005359321629703,0.05670355276012589
1690141112168498,7639298353755030529,0.01551947457265165
1690191252265986,6522266976063062018,0.016014846671464713
1690191252265986,6601382080231391234,0.016232320588477837
1690191252265986,6796494815040848898,0.01626772747822509
1690191252265986,6807970882242675714,0.01623973601844549
1690191252265986,6851242490378437633,0.018826325369167316
1690191252265986,6860294785044874241,0.01660924363178164
1690191252265986,6920046433724023810,0.023617791197057814
1690191252265986,6921629815418848258,0.01840256371679457
1690191252265986,6942299627752735746,0.016000612355662365
1690191252265986,6968111084863783938,0.016240234615342172
1690191252265986,6993562834723374086,0.016282911587485543
1690191252265986,7058993133036782618,0.015983331364545033
1690191252265986,7137486032777577473,0.02902692820066601
1690191252265986,7353257468749988869,0.01627330866247641
1690191252265986,7479292129044612104,0.017760016222151995
1690191252265986,7531066706552275986,0.01631156232491326
1690191252265986,7635591227443250194,0.015908165446584098
217935213824450560,6715985786107462657,0.04525179480196112
217935213824450560,6801315654327976962,0.025710622130995096
217935213824450560,6808778790597116929,0.01895287600938021
217935213824450560,6829551693668516865,0.05277745798220222
217935213824450560,6838394070915974146,0.04451007106494467
217935213824450560,6855938496336659457,0.014798416540261396
217935213824450560,6934842504743879681,0.0484427019311122
217935213824450560,6947166484004373506,0.016389501688017213
217935213824450560,6968101486514226177,0.05690601853355125
217935213824450560,6986032885317551131,0.023059108437520896
217935213824450560,6999097948136129562,0.03466526493115443
217935213824450560,7077082709159904282,0.07044306059680462
217935213824450560,7108182400240223233,0.025640243680242553
217935213824450560,7136425984111002625,0.02424186050832991
217935213824450560,7142783450839401473,0.12451501573467887
217935213824450560,7192960927724127233,0.05224199753972809
217935213824450560,7241559016605746182,0.027929396294473875
217935213824450560,7313018902039839746,0.03341940038804226
217935213824450560,7319387104206259206,0.015074463224242534
217935213824450560,7322939222875325442,0.01721475283991095
217935213824450560,7482314927051932679,0.03132288343664636
217935213824450560,7496951292298249223,0.035664629778726996
217935213824450560,7501201778134893584,0.049462858765086284
217935213824450560,7604788544276333586,0.023981917499140408
217935213824450560,7642911089734927378,0.02118502800738366
248214494554877952,6606388140461195266,0.015199788917180657
248214494554877952,6819425625885361153,0.015056208015170144
248214494554877952,6868961500935226369,0.015726934108445757
248214494554877952,6872243314772345857,0.0191094825447902
248214494554877952,6913152378868302850,0.018373980479443733
248214494554877952,7049555900038759426,0.015269184036502612
248214494554877952,7102360937428108314,0.015237841501702133
248214494554877952,7106791086807614491,0.01534651641669003
248214494554877952,7188777124807181314,0.015207170011236852
248214494554877952,7192220822001746970,0.026004480647159205
248214494554877952,7278599252681622533,0.015063060058414745
248214494554877952,7313018902039839746,0.015130174433846382
248214494554877952,7367247089417896965,0.024216477978620816
248214494554877952,7456307417581437958,0.015263203978670542
248214494554877952,7496951292298249223,0.01511417290034452
6509672677845843969,6770581281769686017,0.06526876426291764
6509672677845843969,6774894159096153089,0.014876090037658704
6509672677845843969,6826232852025263106,0.015450904288679825
6509672677845843969,6968718267481490433,0.015122588011187668
6509672677845843969,7056589938901664769,0.10025118457190745
6509672677845843969,7177602177161561114,0.015760561826354026
6509672677845843969,7192960927724127233,0.016380998926502466
6509672677845843969,7211458676926071835,0.01630470923259715
6509672677845843969,7331684378399196166,0.015653565228815905
6509672677845843969,7384818817710916613,0.015208873527622246
6509672677845843969,7420280666741621765,0.015056306416025494
6509672677845843969,7484436088774624274,0.015178659476191396
6509672677845843969,7512754059523769352,0.015083371708525755
6509672677845843969,7627890544752886791,0.018436282089952766
6509672677845843969,7642599508594115605,0.01676494883081388
6509672677845843969,7648650172402435093,0.01647822032671989
6509672677845843969,7654157094572098561,0.016835411915147584
6518262392518262786,6525613075922419714,0.02431599647322825
6518262392518262786,6674884689213981698,0.016641854394674558
6518262392518262786,6790507954094392321,0.016407470102999717
6518262392518262786,6793912738013316098,0.01866063291598533
6518262392518262786,6847672141748634626,0.015089636155196075
6518262392518262786,6909664281428820994,0.018259250801656374
6518262392518262786,6917248103146374146,0.015203829911057632
6518262392518262786,6964738659434152962,0.026722538361474833
6518262392518262786,6978315681420264450,0.01672767386395942
6518262392518262786,6987731969648788507,0.019403841312085317
6518262392518262786,7154384053285078043,0.028189177281640856
6518262392518262786,7155826010654409730,0.020378846418560786
6518262392518262786,7254140507394245638,0.06512285419755325
6518262392518262786,7457809067773297681,0.024650172649526257
6518262392518262786,7477085819511178248,0.016600583760585347
6518262392518262786,7481929553658512439,0.025488245258519397
6518262392518262786,7627890544752886791,0.04993302438544104
6522266976063062018,6525613075922419714,0.024527037407955605
6522266976063062018,6601382080231391234,0.01618628724521423
6522266976063062018,6706016089120080897,0.015430953042380017
6522266976063062018,6791345207919051777,0.016812426039533434
6522266976063062018,6796561541916591105,0.09093216260315623
6522266976063062018,6807970882242675714,0.01619362314113019
6522266976063062018,6907338844421719041,0.033596726990291224
6522266976063062018,6993562834723374086,0.016236333061147214
6522266976063062018,7032227302164448283,0.029393520151661974
6522266976063062018,7058993133036782618,0.01594076722975811
6522266976063062018,7177602177161561114,0.016323787283789144
6522266976063062018,7177726893490603034,0.08693908560246598
6522266976063062018,7331684378399196166,0.01621296701497227
6522266976063062018,7353257468749988869,0.01605660043763758
6522266976063062018,7531066706552275986,0.016264674812626823
6522266976063062018,7627890544752886791,0.019095128108763675
6522784619803181057,6829077348115170306,0.015764241888957874
6522784619803181057,6851223366805210113,0.014621222405378725
6522784619803181057,6884514024563622913,0.018207273442689808
6522784619803181057,6947166484004373506,0.015452363920633816
6522784619803181057,7096479885301138458,0.015788932601853736
6522784619803181057,7127708623191933953,0.016782479827867142
6522784619803181057,7131585685501363202,0.018207273442689808
6522784619803181057,7177602177161561114,0.02241251388181917
6522784619803181057,7196069191677543425,0.018207273442689808
6522784619803181057,7238588875538793480,0.01560671717031839
6522784619803181057,7248502263702291463,0.016782479827867142
6522784619803181057,7254140507394245638,0.01585090025496461
6522784619803181057,7282408479507563526,0.016782479827867142
6522784619803181057,7331684378399196166,0.022260357965421532
6522784619803181057,7481556266751230977,0.018207273442689808
6522784619803181057,7566446773142979591,0.015610737425672086
6522784619803181057,7627890544752886791,0.026217557014957576
6523428105334456322,6638886953512255490,0.028736199731876858
6523428105334456322,6647373619029852161,0.01659000736403609
6523428105334456322,6724125314186691586,0.01589679423142512
6523428105334456322,6796494815040848898,0.02011587248749585
6523428105334456322,6832172451021308929,0.030747999527443212
6523428105334456322,6846562081585742849,0.02323963939816752
6523428105334456322,6866036800730088449,0.015752712707216756
6523428105334456322,6885133273098388482,0.02318435178063735
6523428105334456322,6891957094863389697,0.02263981974568315
6523428105334456322,6902777439399920641,0.0157491109691421
6523428105334456322,6914228315911128066,0.015695159363131397
6523428105334456322,6926515660747768833,0.015759856613884803
6523428105334456322,6958042743239672833,0.01566821753155356
6523428105334456322,6959168054680978434,0.015533189479818832
6523428105334456322,6959317815221093378,0.01582154780848659
6523428105334456322,6960359847695074309,0.02678651837549339
6523428105334456322,6961159945572844550,0.019368666321846518
6523428105334456322,6962343424021726209,0.03923247792348766
6523428105334456322,6978315681420264450,0.022865423596757282
6523428105334456322,6983637584456647681,0.016586219414363713
6523428105334456322,6988040833657242625,0.024085888689407017
6523428105334456322,6995145012439450625,0.03567206296446664
6523428105334456322,6996114982522356737,0.03576553058247794
6523428105334456322,7081966595417244674,0.01845269988494001
6523428105334456322,7154310477883032578,0.019402362308948543
6523428105334456322,7457809067773297681,0.031756414932116145
6523428105334456322,7495411659411948599,0.02593939662781047
6523428105334456322,7602605744538141716,0.02351299147778301
6523428105334456322,7642911089734927378,0.051725857870974515
6525613075922419714,6562119496403255298,0.01915145913120018
6525613075922419714,6741313621483422721,0.02903439410707698
6525613075922419714,6796118400902300673,0.02646066196905574
6525613075922419714,6812518023523648514,0.015577654401782893
6525613075922419714,6820978069932540930,0.016294374418046306
6525613075922419714,6829551693668516865,0.042443979143671456
6525613075922419714,6830724950749840385,0.027052430621262554
6525613075922419714,6834804156868690945,0.015542383865151806
6525613075922419714,6871752909106938881,0.024635240833380184
6525613075922419714,6881383602803934210,0.015959809115281963
6525613075922419714,6882631863488431106,0.015745345420362173
6525613075922419714,6887819547920745477,0.01563455131758767
6525613075922419714,6892279591021413378,0.030521834947511813
6525613075922419714,6905370655970051073,0.015353028550342054
6525613075922419714,6907338844421719041,0.015977594227813308
6525613075922419714,6934684942018905089,0.018308957314483128
6525613075922419714,6935026650749322242,0.01797344193309494
6525613075922419714,6954923960769807361,0.01510872091087564
6525613075922419714,6968643664378119170,0.015878086187657767
6525613075922419714,6996114982522356737,0.033344996605698014
6525613075922419714,7050182429319627803,0.026154105292521043
6525613075922419714,7051051150916731905,0.039075472342740544
6525613075922419714,7160116207869428738,0.020401792768183845
6525613075922419714,7284239018626466822,0.01629159164691527
6525613075922419714,7323833518098056198,0.018597175058030567
6525613075922419714,7343513808779904005,0.03729427889318074
6525613075922419714,7457809067773297681,0.019620551889962496
6525613075922419714,7501201778134893584,0.022490656908040856
6525613075922419714,7522355226557662225,0.02903439410707698
6525613075922419714,7571687209402532882,0.01567459870288105
6525613075922419714,7627890544752886791,0.03539800141373738
6528922039171481602,6616200298652958722,0.015433317596157198
6528922039171481602,6801315654327976962,0.015140655027647472
6528922039171481602,6836139867615151105,0.015371350817504474
6528922039171481602,6859585767275381762,0.014992469903619727
6528922039171481602,6870516830428201985,0.015004236982237958
6528922039171481602,6915746450216748033,0.015357403730677389
6528922039171481602,6966276498689721345,0.015389104032242045
6528922039171481602,7113527717450810370,0.016018990865802923
6528922039171481602,7241559016605746182,0.015627241976438215
6528922039171481602,7278224508979872786,0.014933576468106963
6528922039171481602,7455566091059020817,0.015149476846924461
6528922039171481602,7516118321939727361,0.01505095214997226
6528922039171481602,7607445622497264647,0.015357539067579692
6528922039171481602,7627890544752886791,0.01533667833289787
6529308456757985282,6728194433164837890,0.016746737665633407
6529308456757985282,6744584940111905794,0.01642235153601
6529308456757985282,6782803103168234498,0.020684854863873416
6529308456757985282,6810713854601102338,0.018144093836400022
6529308456757985282,6816804544841368577,0.017259264704491267
6529308456757985282,6859585767275381762,0.01664992392050468
6529308456757985282,6877714053142348801,0.014977213689692424
6529308456757985282,6888476693641200641,0.015342745298206301
6529308456757985282,6968718267481490433,0.02233987372435556
6529308456757985282,6977327001304876034,0.015223429209197404
6529308456757985282,7045814535378863130,0.023760886146467118
6529308456757985282,7063506594294924289,0.016526832972891193
6529308456757985282,7121523637161001985,0.01684973684551416
6529308456757985282,7164308860937126914,0.1456136014796729
6529308456757985282,7231559211711382529,0.016285757153724163
6529308456757985282,7278224508979872786,0.016716229981177267
6529308456757985282,7516118321939727361,0.016585401273596607
6529308456757985282,7627890544752886791,0.01879267750803882
6530552777457238017,6786845476277765121,0.015159495347807587
6530552777457238017,6792529910911321090,0.014992231350436164
6530552777457238017,6805891388057224193,0.02977114702609593
6530552777457238017,6830724950749840385,0.014993470482919848
6530552777457238017,6858020241664181249,0.016024944974901107
6530552777457238017,6860294785044874241,0.017581213012451826
6530552777457238017,6907064109915046914,0.015305273595014414
6530552777457238017,6972477904908207105,0.014382978982070619
6530552777457238017,7137486032777577473,0.015064768425952522
6530552777457238017,7219888027873690626,0.01466797130992426
6530552777457238017,7254140507394245638,0.015031760413006478
6530552777457238017,7322149836118082565,0.016911153043798238
6530552777457238017,7372215376808182789,0.01487905659830194
6530552777457238017,7384818817710916613,0.015074165996586019
6530552777457238017,7450744199001637895,0.014815444760751442
6530552777457238017,7476128992287441937,0.014878206301143206
6530552777457238017,7522349223884719105,0.014987159474588233
6530552777457238017,7627890544752886791,0.02486269103483545
6530552777457238017,7641515667149145109,0.014509987111160354
6534977541097570305,6823738969319965698,0.025766733665060736
6534977541097570305,6830423953955341314,0.023392870683986235
6534977541097570305,6837516209820517378,0.018865028924157694
6534977541097570305,6843726665424585734,0.022329220907047673
6534977541097570305,6921629815418848258,0.030346912162145332
6534977541097570305,6934684942018905089,0.023276939307950453
6534977541097570305,6941853637615748098,0.03015035543450035
6534977541097570305,6954923960769807361,0.014983804865105754
6534977541097570305,7020605956485940251,0.01804259535068043
6534977541097570305,7046489917002564609,0.028038465895847967
6534977541097570305,7159615477097841669,0.01501350084675751
6534977541097570305,7182146153348219931,0.026436944518554804
6534977541097570305,7248186267946959873,0.018804900222344923
6534977541097570305,7276081914455933957,0.025481061806963357
6534977541097570305,7278599252681622533,0.03161569349132288
6534977541097570305,7455281387647304705,0.01920286018954762
6534977541097570305,7473109249481589776,0.019767000674342696
6534977541097570305,7496951292298249223,0.02163982376981048
6534977541097570305,7571687209402532882,0.02922711775669328
6535315828156481537,6554992932365287430,0.01577118103401288
6535315828156481537,6771295474496619521,0.024782112403827033
6535315828156481537,6776674034375263234,0.016304746593650714
6535315828156481537,6811144195337307138,0.02049078764043823
6535315828156481537,6814495638986720257,0.015977829168788763
6535315828156481537,6836139867615151105,0.0159216876061663
6535315828156481537,6858020241664181249,0.024269003127891833
6535315828156481537,6870129679489238018,0.016730443452514086
6535315828156481537,6871426693903778821,0.015013889012301135
6535315828156481537,6893717255751025666,0.01632080127083051
6535315828156481537,6939349569991050242,0.01593455610367028
6535315828156481537,7100750102336177154,0.01638870808080767
6535315828156481537,7222475408116515866,0.016165747630565153
6535315828156481537,7277563253713224709,0.019778727084887475
6535315828156481537,7325141798954058758,0.01534655116785244
6535315828156481537,7344283645127885830,0.016071852470030464
6535315828156481537,7476774838238430216,0.01962765878305356
6535315828156481537,7507818955039278088,0.03025252479022752
6539111130748452865,6549151766277226498,0.01610982696687381
6539111130748452865,6587370056387461121,0.016103088865167838
6539111130748452865,6733504201782395905,0.03239355409536793
6539111130748452865,6778685305375572993,0.015711350781290837
6539111130748452865,6784144101794513921,0.01633711611878011
6539111130748452865,6816804544841368577,0.016120262244194373
6539111130748452865,6846562081585742849,0.01626728344880626
6539111130748452865,6959162637768377349,0.024847878252074376
6539111130748452865,6967196401395139585,0.016400326656232773
6539111130748452865,6978315681420264450,0.016105566381805096
6539111130748452865,7060028465760486402,0.016305071021217223
6539111130748452865,7202086685571138562,0.016334990793986863
6539111130748452865,7231031844086088705,0.019637347344394044
6539111130748452865,7545554271439078416,0.01624100478480679
6539111130748452865,7626262691652420629,0.015922251966025983
6539111130748452865,7653078869913863175,0.015997128693827047
6539111130748452865,93013606744592384,0.015824795274720763
6541639334453215233,6764349228010849282,0.015107960144559862
6541639334453215233,6803169593541624833,0.015907637378937408
6541639334453215233,6823738969319965698,0.014986642261557666
6541639334453215233,6837076813065094145,0.020690438768711683
6541639334453215233,6859637966656177154,0.014993585266773923
6541639334453215233,6876960008552416258,0.014902982972832223
6541639334453215233,6902777439399920641,0.015568037690641023
6541639334453215233,6904463856761816065,0.023021988665484657
6541639334453215233,6999586453593031681,0.016122085314431895
6541639334453215233,7064593869828932614,0.01598731793596494
6541639334453215233,7148170160443048961,0.014948098946293613
6541639334453215233,7233640485796660225,0.014908858424803637
6541639334453215233,7309331808796460037,0.015798319342689743
6541639334453215233,7501664443560084488,0.016525509387043266
6541639334453215233,7505361348164092936,0.014945114046718914
6544701523435290625,6549604284051374082,0.015271032451049046
6544701523435290625,6703489151201870850,0.01642451690784742
6544701523435290625,6810713854601102338,0.0164166502705965
6544701523435290625,6811330950171345921,0.015224885913904794
6544701523435290625,6868244544707675138,0.015437643628386597
6544701523435290625,6917841879556539394,0.016313479766165016
6544701523435290625,6961407924980515846,0.015482151714200788
6544701523435290625,7127708623191933953,0.015623406796963992
6544701523435290625,7165117173925708826,0.015155132320787565
6544701523435290625,7274448121809142789,0.016392233457101096
6544701523435290625,7319472514870084614,0.016459224351593214
6544701523435290625,7377398977324647430,0.017031239056575935
6544701523435290625,7379787571319522310,0.015609326822220838
6544701523435290625,7400503260173730822,0.017076556109831182
6544701523435290625,7467010964014023688,0.01655551020414665
6544701523435290625,7592061582878065685,0.018165620855477814
6544701523435290625,7627162419760890887,0.01621453802593612
6545402399622742017,6853606251437016066,0.016509904824337854
6545402399622742017,6869604967994541057,0.015902427445967395
6545402399622742017,6876960008552416258,0.016574888558416937
6545402399622742017,6881613830130418689,0.01665901802452813
6545402399622742017,6886446824174076930,0.01666774397347624
6545402399622742017,6893653391593440258,0.022139885290931687
6545402399622742017,6924145368151442437,0.01647858954787404
6545402399622742017,6958677518510654470,0.026967771500189922
6545402399622742017,7096068961858765826,0.01606733466693618
6545402399622742017,7179742607488353306,0.02486138835501721
6545402399622742017,7206554298104415258,0.019666366457666135
6545402399622742017,7211458676926071835,0.020137874727947286
6545402399622742017,7257089825308165126,0.028687516206649583
6545402399622742017,7325664758940943366,0.015443834442101633
6545402399622742017,7444920523094967314,0.0166205403906673
6545402399622742017,95653080293068800,0.015429930626435134
6549151766277226498,6587370056387461121,0.016221376798556224
6549151766277226498,6602756020421099521,0.01602889222120053
6549151766277226498,6778685305375572993,0.015676103029015363
6549151766277226498,6796501145089229825,0.01670603366358649
6549151766277226498,6816804544841368577,0.01621835876422837
6549151766277226498,6879236273988191237,0.0839591903051539
6549151766277226498,6967196401395139585,0.016263280480995717
6549151766277226498,6978315681420264450,0.01622385280620325
6549151766277226498,7091908720364061723,0.020766562676111305
6549151766277226498,7348055396504044550,0.016384700437423322
6549151766277226498,7361451922681119749,0.02687627541869952
6549151766277226498,7545554271439078416,0.01611375261883891
6549151766277226498,7602605744538141716,0.01586598718220402
6549151766277226498,7626262691652420629,0.01603936649716778
6549151766277226498,7627890544752886791,0.02184597622263827
6549604284051374082,6674884689213981698,0.024413602267607467
6549604284051374082,6775037590875603969,0.015162016127768964
6549604284051374082,6806265446909510657,0.01903759652541661
6549604284051374082,6808778790597116929,0.029216368587440762
6549604284051374082,6826232852025263106,0.019967593583461143
6549604284051374082,6871174504082342914,0.018836856580882046
6549604284051374082,6917841879556539394,0.014871957478634366
6549604284051374082,6921629815418848258,0.021701590065259284
6549604284051374082,6959045098000991234,0.03754864185588236
6549604284051374082,6987731969648788507,0.03262935608110337
6549604284051374082,7050182429319627803,0.06480762736956176
6549604284051374082,7078619125920564226,0.014905278759881468
6549604284051374082,7274448121809142789,0.014945978097361977
6549604284051374082,7328024330810950662,0.017052152202843705
6549604284051374082,7355093638134744070,0.0195246612065436
6549604284051374082,7358103277785891846,0.023458386120426746
6549604284051374082,7377398977324647430,0.03954082686363478
6549604284051374082,7479292129044612104,0.020022115854146906
6549604284051374082,7497789201774920725,0.018683037373300862
6549604284051374082,7506867441839244344,0.01631915822828576
6549604284051374082,7516118321939727361,0.02605779310428789
6549604284051374082,81308061605,0.01631915822828576
6551544070509002753,6603342286892646401,0.01607069821673986
6551544070509002753,6797983925664302082,0.01615802527165007
6551544070509002753,6822083868406711298,0.021550300252951102
6551544070509002753,6840741607329154049,0.02104010903771447
6551544070509002753,6843726665424585734,0.01727565997591296
6551544070509002753,6869604967994541057,0.015902250158555134
6551544070509002753,6883775352537023489,0.016777812894190537
6551544070509002753,6889263520413484033,0.016021669675236966
6551544070509002753,6891120589751452673,0.050263525292267394
6551544070509002753,6916793805480805377,0.03980093223659537
6551544070509002753,6924904614709969921,0.015547335239361172
6551544070509002753,6956088875182720002,0.027143403920603344
6551544070509002753,7022223240064025601,0.015897624535730664
6551544070509002753,7027699921625777153,0.03590746308170907
6551544070509002753,7058993133036782618,0.016732257789840235
6551544070509002753,7064593869828932614,0.015583086945894232
6551544070509002753,7226016778555556890,0.01574695143994443
6551544070509002753,7267057918439506950,0.020800238400863133
6551544070509002753,7326825435546174471,0.016015671366128775
6551544070509002753,7328024330810950662,0.015799961935722077
6551544070509002753,7334668853316273157,0.015822881642267677
6551544070509002753,7445331089281270789,0.026856366469815755
6551544070509002753,7507818955039278088,0.026829042614655414
6551544070509002753,7546553409273627653,0.04369864691354392
6551544070509002753,7592061582878065685,0.03000330730833429
6551544070509002753,7627890544752886791,0.0275007322126891
6554992932365287430,6587752430208942081,0.0155619244588137
6554992932365287430,6790253944469586946,0.015809939456178174
6554992932365287430,6815404286269621250,0.01587328505193183
6554992932365287430,6870129679489238018,0.01568732378272048
6554992932365287430,6870707962155992065,0.015597672347760275
6554992932365287430,6912475609672451073,0.015593993350320459
6554992932365287430,6924145368151442437,0.015253819861684897
6554992932365287430,6958320233292530689,0.01564532680655451
6554992932365287430,6992412727014048794,0.015570372495528294
6554992932365287430,7100750102336177154,0.01536508986655334
6554992932365287430,7344283645127885830,0.015117269702080346
6554992932365287430,7406882852758012934,0.015737747167275776
6554992932365287430,7627890544752886791,0.015854658243936896
6554992932365287430,7639298353755030529,0.019021598584514004
6559114891730108417,6768352150184772610,0.01553283116751782
6559114891730108417,6817789563286914050,0.015389987608938175
6559114891730108417,6860294785044874241,0.01579629562711272
6559114891730108417,6934684942018905089,0.015295405917018046
6559114891730108417,6956078953695413249,0.015212884639894885
6559114891730108417,6985727260917662725,0.01580733497927679
6559114891730108417,7039368916711457819,0.01565517411681216
6559114891730108417,7058797886825792518,0.015434281284175398
6559114891730108417,7066706295660151835,0.01566498895315007
6559114891730108417,7086761864990589954,0.015337488635606831
6559114891730108417,7097167337245525019,0.015290686501897943
6559114891730108417,7206554298104415258,0.015472040305736966
6559114891730108417,7254140507394245638,0.01904878625505027
6559114891730108417,7311615611494614021,0.015083145025119227
6559114891730108417,7523217404127364112,0.015451101211346824
6559114891730108417,7568781196831409172,0.015600023413123575
6559114891730108417,7627890544752886791,0.031506894351385574
6562119496403255298,6796118400902300673,0.022960542543405387
6562119496403255298,6796561541916591105,0.015639684934697796
6562119496403255298,6805891388057224193,0.015093035636614124
6562119496403255298,6870096820917584898,0.014523804734718008
6562119496403255298,6876032316125824006,0.014906979318410089
6562119496403255298,6878826082558428161,0.01945053908252108
6562119496403255298,6892279591021413378,0.017249284480540406
6562119496403255298,6904463856761816065,0.015693644672134046
6562119496403255298,6949832392740242434,0.01561844831051873
6562119496403255298,6958281584488236033,0.03596847691391699
6562119496403255298,7001471155397248001,0.015705266327141483
6562119496403255298,7012228858045465601,0.014881736464494928
6562119496403255298,7012403129132663810,0.05319015656562568
6562119496403255298,7040064114538382337,0.03590460188111032
6562119496403255298,7060374955943003137,0.014269216414949082
6562119496403255298,7257262932941259782,0.023696818877058354
6562119496403255298,7316445862590301189,0.02683542660592513
6562119496403255298,7455150278313755655,0.015294772501573444
6562119496403255298,7491833609532605441,0.01591931820192692
6562119496403255298,86855738395926528,0.016395686039138865
6564590006748348418,6669629025386594306,0.015625088857829567
6564590006748348418,6790507954094392321,0.015169406496628877
6564590006748348418,6792123587908043778,0.01511433035733978
6564590006748348418,6799184260408050690,0.015699081055813354
6564590006748348418,6964587861862876161,0.015354912181406095
6564590006748348418,7041167510071526405,0.015877466529173632
6564590006748348418,7080283755537499137,0.015568215244423145
6564590006748348418,7091443935339791362,0.015529495955126382
6564590006748348418,7142783450839401473,0.015494329296358566
6564590006748348418,7144680901561107483,0.015423815053433165
6564590006748348418,7231031844086088705,0.0158626014457375
6564590006748348418,7274849324386223109,0.01560914360696551
6564590006748348418,7316163220909196294,0.015720142857678084
6564590006748348418,7355866766130152464,0.015554468471808391
6564590006748348418,7477500974065042449,0.0156929746252438
6564590006748348418,7481929553658512439,0.014871038247325942
6573577516697600001,6712589171594314753,0.03515583196243897
6573577516697600001,6741279666139956225,0.09752263726588069
6573577516697600001,6770581281769686017,0.04941727880793939
6573577516697600001,6788503463644070913,0.04201933353676122
6573577516697600001,6788785074981815297,0.16253772877646783
6573577516697600001,6803764186801095681,0.0154207790400563
6573577516697600001,6838394070915974146,0.04386040729456322
6573577516697600001,6853326473168716802,0.057875921326736274
6573577516697600001,6859721993622471682,0.015698878196030226
6573577516697600001,6880772801029506050,0.02359291499824046
6573577516697600001,6883679263939478530,0.08439258055566119
6573577516697600001,6887524111863694337,0.015124668306750468
6573577516697600001,6903068209902994434,0.05103529113038022
6573577516697600001,6930270659085009921,0.03881534533640314
6573577516697600001,6935026650749322242,0.02580302763844922
6573577516697600001,6940145353048474626,0.029985937298300343
6573577516697600001,6948118808767104001,0.050816632770721626
6573577516697600001,6950174197022065669,0.029633283459133106
6573577516697600001,6959045098000991234,0.032739872278660945
6573577516697600001,6959507281902257158,0.08439258055566119
6573577516697600001,6960139444470023169,0.0644204436261472
6573577516697600001,6961407924980515846,0.13420935807218082
6573577516697600001,6968101486514226177,0.046349960236713034
6573577516697600001,6997282145090028546,0.08439258055566119
6573577516697600001,7005422961205330971,0.16253772877646783
6573577516697600001,7005748432673948673,0.02250909997282869
6573577516697600001,7012854598687966235,0.053288863219242595
6573577516697600001,7014057563453752325,0.13420935807218082
6573577516697600001,7016971336972452891,0.030864383485309572
6573577516697600001,7022223240064025601,0.036190699906078004
6573577516697600001,7039129332460274714,0.03950727644537938
6573577516697600001,7045303752488469506,0.5
6573577516697600001,7045814535378863130,0.014966581825469262
6573577516697600001,7053697914639533083,0.04093694431406343
6573577516697600001,7056589938901664769,0.0788749552847187
6573577516697600001,7077082709159904282,0.03915355769607575
6573577516697600001,7084862600232731674,0.033045788794744436
6573577516697600001,7091443935339791362,0.033163564445285766
6573577516697600001,7096479885301138458,0.04304226554865739
6573577516697600001,7096897188358456322,0.03839598581256644
6573577516697600001,7124524290486535170,0.04384675360233287
6573577516697600001,7127610987100308481,0.08439258055566119
6573577516697600001,7135414649268880411,0.014977337763758026
6573577516697600001,7139827943400326149,0.04214462223431429
6573577516697600001,7144680901561107483,0.0566900895951654
6573577516697600001,7157712033605370881,0.04017042085976724
6573577516697600001,7177602177161561114,0.1197943822979049
6573577516697600001,7193229205185250330,0.037266479083248365
6573577516697600001,7198497671228834818,0.033511002130990314
6573577516697600001,7203897797036459035,0.023722444625243182
6573577516697600001,7207116376669438978,0.08601025899388862
6573577516697600001,7237187612749874182,0.08439258055566119
6573577516697600001,7260730044916745221,0.08439258055566119
6573577516697600001,7270110578827150342,0.026528314241457036
6573577516697600001,7286348668494988294,0.044314378978132486
6573577516697600001,7313018902039839746,0.035694970522544674
6573577516697600001,7323833518098056198,0.015245405393174411
6573577516697600001,7326825435546174471,0.028738904505672826
6573577516697600001,7327004404379370501,0.5
6573577516697600001,7346971685042701317,0.015048934937465095
6573577516697600001,7355012714336912390,0.03460039369429814
6573577516697600001,7359896669410853893,0.020837593860465756
6573577516697600001,7446786283143169041,0.040733653202333936
6573577516697600001,7453528540971172870,0.08439258055566119
6573577516697600001,7456307417581437958,0.043174696039553095
6573577516697600001,7459425028325852176,0.035461687940885424
6573577516697600001,7476128992287441937,0.045435513789989626
6573577516697600001,7486331907643393040,0.015032708665744467
6573577516697600001,7490286723617670162,0.16253772877646783
6573577516697600001,7491832625380934672,0.020190278317299023
6573577516697600001,7501201778134893584,0.03693928583704477
6573577516697600001,7507877861438964754,0.05976896023198068
6573577516697600001,7534390074759922704,0.01498045871582734
6573577516697600001,7544921032646804487,0.04372417729779706
6573577516697600001,7545673249791706113,0.09752263726588069
6573577516697600001,7547223971999417351,0.09752263726588069
6573577516697600001,7566639233809695765,0.03206421976699905
6573577516697600001,7584050819944596487,0.053805602376290965
6573577516697600001,7629259435181491218,0.03381583196025071
6573577516697600001,7629938843277640725,0.03581034272070765
6573577516697600001,7631155532019663879,0.05368918744618698
6573577516697600001,7640716169255715857,0.0419383664804912
6573577516697600001,7650741089351484436,0.015918938931654324
6587370056387461121,6695165915192312834,0.02095982057744924
6587370056387461121,6715985786107462657,0.028032593044726842
6587370056387461121,6806265446909510657,0.019781649456865193
6587370056387461121,6823738969319965698,0.026584163324532915
6587370056387461121,6840741607329154049,0.017053311835437047
6587370056387461121,6878826082558428161,0.018796899751285973
6587370056387461121,6921629815418848258,0.031309644435362084
6587370056387461121,6924145368151442437,0.020014278758423393
6587370056387461121,6998723476065862683,0.018504884712718748
6587370056387461121,6999097948136129562,0.019321570771248034
6587370056387461121,7029208338990875674,0.015954251446766935
6587370056387461121,7108182400240223233,0.02024061982068763
6587370056387461121,7140728189923607558,0.014603601136158405
6587370056387461121,7144565544971797531,0.01794426955434147
6587370056387461121,7179742607488353306,0.01704672372159978
6587370056387461121,7276081914455933957,0.035983232190760585
6587370056387461121,7348055396504044550,0.016391474432336402
6587370056387461121,7384728630012806150,0.0178029711978119
6587370056387461121,7488350271514821639,0.018356935810448304
6587370056387461121,7545554271439078416,0.01610701456942735
6587370056387461121,7592061582878065685,0.020019258035155973
6587752430208942081,6602756020421099521,0.019893732757049493
6587752430208942081,6790253944469586946,0.01572500115749625
6587752430208942081,6797983925664302082,0.024037485910373985
6587752430208942081,6814495638986720257,0.015885262427240265
6587752430208942081,6815404286269621250,0.015790029809842766
6587752430208942081,6852682568228963330,0.015722746150915564
6587752430208942081,6870707962155992065,0.015507040254523846
6587752430208942081,6879408727230465026,0.022233380979917786
6587752430208942081,6883679263939478530,0.015733983384410035
6587752430208942081,6887101241328288770,0.02464088656028049
6587752430208942081,6949516198539346945,0.022368079303871774
6587752430208942081,6958320233292530689,0.015555979845966215
6587752430208942081,7344283645127885830,0.016060414441591855
6587752430208942081,7406882852758012934,0.015650880235617795
6587752430208942081,7583691841695859720,0.020237096440415204
6587752430208942081,7627890544752886791,0.035199753334747744
6589861717978136578,6764349228010849282,0.01785565511998068
6589861717978136578,6772352601625592834,0.016597838980711373
6589861717978136578,6803169593541624833,0.016615540562423058
6589861717978136578,6867549943109288962,0.01606874934153953
6589861717978136578,6910753120483165186,0.016558630040198773
6589861717978136578,6922656772109452290,0.016612359249361042
6589861717978136578,6949516198539346945,0.018088610092527515
6589861717978136578,6958672722403836933,0.022360101736717933
6589861717978136578,6961159945572844550,0.016565548242712908
6589861717978136578,6964970683512931333,0.016503959141437125
6589861717978136578,7032542326535341083,0.01538495284085662
6589861717978136578,7108182400240223233,0.016534066273884398
6589861717978136578,7192220822001746970,0.016024264927752257
6589861717978136578,7203897797036459035,0.014723241188304825
6589861717978136578,7325141798954058758,0.015562143932803769
6589861717978136578,7369653419626202117,0.016022914406920868
6589861717978136578,7501664443560084488,0.01651491242764142
6589861717978136578,7526895629398737928,0.016564032582392023
6594351527597654017,6633310396705865730,0.02047352035641729
6594351527597654017,6647373619029852161,0.016563730692260702
6594351527597654017,6724125314186691586,0.01599735025162529
6594351527597654017,6733504201782395905,0.021670415515638673
6594351527597654017,6793966950622020610,0.017551497031762293
6594351527597654017,6820978069932540930,0.018648135318585262
6594351527597654017,6832172451021308929,0.015999558299434797
6594351527597654017,6839577391792669697,0.024907908278054856
6594351527597654017,6887819547920745477,0.02703791153392912
6594351527597654017,6902777439399920641,0.015652921050440666
6594351527597654017,6904463856761816065,0.04046101514098561
6594351527597654017,6924145368151442437,0.018673209869490143
6594351527597654017,6926515660747768833,0.015859455338007852
6594351527597654017,6939127500590416898,0.01626477280234701
6594351527597654017,6958042743239672833,0.015766930602514478
6594351527597654017,6959168054680978434,0.015631063767508335
6594351527597654017,6962343424021726209,0.033004102107991505
6594351527597654017,6983637584456647681,0.01648506187339633
6594351527597654017,7135414649268880411,0.03030972463686281
6594351527597654017,7186497865421161499,0.02016339897863857
6594351527597654017,7193163348693943298,0.019018252987312304
6594351527597654017,7203897797036459035,0.036653900406955285
6594351527597654017,7257262932941259782,0.018738127808958303
6594351527597654017,7637056590491091976,0.017085565673491152
6596423911494434817,6772083611405140994,0.015517784055503558
6596423911494434817,6823738969319965698,0.019942382973421782
6596423911494434817,6830724950749840385,0.01905085111656094
6596423911494434817,6871752909106938881,0.03908465433482514
6596423911494434817,6878826082558428161,0.01873049357304849
6596423911494434817,6921359025180574721,0.01988165272700895
6596423911494434817,6921629815418848258,0.02348725113027891
6596423911494434817,6943828295310328834,0.016215289923428883
6596423911494434817,6986850469483676673,0.0182700378636941
6596423911494434817,7010662492184495131,0.02498390791897904
6596423911494434817,7137364417810252826,0.035212362903293964
6596423911494434817,7149906885037179905,0.018231204524082983
6596423911494434817,7240198843681489922,0.016966900535394416
6596423911494434817,7254140507394245638,0.029770083362582286
6596423911494434817,7276081914455933957,0.01814213217778953
6596423911494434817,7305828667954021382,0.01563253782732007
6596423911494434817,7334668853316273157,0.02554981831395646
6596423911494434817,7352218265122636806,0.01773653337862964
6596423911494434817,7479292129044612104,0.020033743373411638
6596423911494434817,7554403762245895188,0.015865062471882883
6596423911494434817,7566446773142979591,0.015533078974856698
6596423911494434817,7627890544752886791,0.017998725880258637
6601382080231391234,6603246825996615681,0.02046566500470627
6601382080231391234,6789909107152815105,0.018174715598362732
6601382080231391234,6796494815040848898,0.016180952766187164
6601382080231391234,6807970882242675714,0.037822547153373035
6601382080231391234,6814495638986720257,0.021674538771084387
6601382080231391234,6870129679489238018,0.023557037986911316
6601382080231391234,6968111084863783938,0.016153141246906515
6601382080231391234,6978315681420264450,0.024206524599922518
6601382080231391234,6993562834723374086,0.016634812749510616
6601382080231391234,7024101314976498690,0.015620171890901752
6601382080231391234,7054007488706429979,0.01717456089530515
6601382080231391234,7058993133036782618,0.016218152693497943
6601382080231391234,7091908720364061723,0.019007612924989824
6601382080231391234,7159615477097841669,0.015334115036903483
6601382080231391234,7254140507394245638,0.032895658978494995
6601382080231391234,7319387104206259206,0.014839456605408361
6601382080231391234,7333255393327449094,0.018617863849187684
6601382080231391234,7531066706552275986,0.016604395559033258
6601382080231391234,7627890544752886791,0.019888420915494632
6601382080231391234,7637056590491091976,0.01783631339890294
6601382080231391234,7650649289911452693,0.017267116299165403
6602756020421099521,6603246825996615681,0.03721299014927427
6602756020421099521,6607359622843416578,0.09895540188948386
6602756020421099521,6797983925664302082,0.02803705248293677
6602756020421099521,6812815188275495938,0.01767990467247172
6602756020421099521,6879408727230465026,0.02054121975758468
6602756020421099521,6949516198539346945,0.0216806235308131
6602756020421099521,7097167337245525019,0.03608215369215854
6602756020421099521,7183388245819507738,0.035740854423219295
6602756020421099521,7225233704317715482,0.018593491010924314
6602756020421099521,7254140507394245638,0.02050666168375196
6602756020421099521,7257262932941259782,0.021462607121350025
6602756020421099521,7345372771347792902,0.0315283959399729
6602756020421099521,7348055396504044550,0.01623428844172949
6602756020421099521,7627890544752886791,0.03391823576151911
6603246825996615681,6789909107152815105,0.022763177062273123
6603246825996615681,6800380754986042369,0.017807086288967818
6603246825996615681,6812815188275495938,0.018063000669015263
6603246825996615681,6912475609672451073,0.02089886396695024
6603246825996615681,6922656772109452290,0.019891143047772973
6603246825996615681,6958672722403836933,0.014793481261953128
6603246825996615681,7113171980896257050,0.026131076272242218
6603246825996615681,7226016778555556890,0.027152157814653716
6603246825996615681,7319387104206259206,0.10122971292039593
6603246825996615681,7343513808779904005,0.018877762904858757
6603246825996615681,7455566091059020817,0.021359303034633653
6603246825996615681,7534390074759922704,0.023196120571594623
6603246825996615681,7627890544752886791,0.01741665490253036
6603246825996615681,95775519061,0.026959788992921046
6603342286892646401,6699947806573986818,0.01596797309659182
6603342286892646401,6797983925664302082,0.016037242292122444
6603342286892646401,6869604967994541057,0.015784072396299628
6603342286892646401,6921359025180574721,0.01596055735591456
6603342286892646401,7022223240064025601,0.015676398526630674
6603342286892646401,7064593869828932614,0.015371360404683964
6603342286892646401,7091443935339791362,0.01934783524084988
6603342286892646401,7096068961858765826,0.015637069025478036
6603342286892646401,7226016778555556890,0.015632717181346775
6603342286892646401,7257262932941259782,0.018121615895061272
6603342286892646401,7326825435546174471,0.015897584653944363
6603342286892646401,7328024330810950662,0.015685183681117102
6603342286892646401,7334668853316273157,0.01570786501714338
6603342286892646401,7420280666741621765,0.0154510153916225
6603342286892646401,7507818955039278088,0.01590523877115578
6603342286892646401,7627890544752886791,0.024035991701685883
6606388140461195266,6633310396705865730,0.020096710703416114
6606388140461195266,6707846729381004289,0.015324683261015276
6606388140461195266,6770581281769686017,0.036592331558552585
6606388140461195266,6822083868406711298,0.01580062569355678
6606388140461195266,6833204431723512834,0.03325602064901698
6606388140461195266,6840120098842379265,0.22421185391918985
6606388140461195266,6848106255912207361,0.01580219573626873
6606388140461195266,6859637966656177154,0.2646255157368941
6606388140461195266,6927689178639418369,0.0157030969334192
6606388140461195266,6940465180879586305,0.01567259691819212
6606388140461195266,6958728103464993798,0.032864008995934606
6606388140461195266,6964970683512931333,0.02848247164585734
6606388140461195266,6980621105678599169,0.028274449940054843
6606388140461195266,6983814849088898049,0.04171469386013776
6606388140461195266,6992412727014048794,0.02848247164585734
6606388140461195266,7011714332183741467,0.04101570499454288
6606388140461195266,7039129332460274714,0.02588895088966383
6606388140461195266,7053697914639533083,0.015256063278895378
6606388140461195266,7060028465760486402,0.02848247164585734
6606388140461195266,7077992421984797722,0.06131921945920165
6606388140461195266,7106791086807614491,0.016200514255581947
6606388140461195266,7254140507394245638,0.03180516538260676
6606388140461195266,7311554831675458565,0.04315293640882905
6606388140461195266,7353257468749988869,0.06131921945920165
6606388140461195266,7359896669410853893,0.01584397048601781
6606388140461195266,7421159900989047814,0.44976299380646706
6606388140461195266,7448914803424510994,0.04101570499454288
6606388140461195266,7488005359321629703,0.24318276330257207
6606388140461195266,7627890544752886791,0.05260608062481998
6607359622843416578,6715985786107462657,0.017893421920776226
6607359622843416578,6803764186801095681,0.023247612823328996
6607359622843416578,6887524111863694337,0.014959266127764118
6607359622843416578,6924145368151442437,0.0187915812174807
6607359622843416578,6958268752132178946,0.016306367949503138
6607359622843416578,7045814535378863130,0.015155029414277214
6607359622843416578,7086761864990589954,0.02573051538347287
6607359622843416578,7097167337245525019,0.02473472723087179
6607359622843416578,7119475270255870977,0.016597691116990384
6607359622843416578,7183388245819507738,0.038976709729704136
6607359622843416578,7214120131030975514,0.02583024727522045
6607359622843416578,7257262932941259782,0.024483844261982232
6607359622843416578,7345372771347792902,0.03438286959354726
6607359622843416578,7372140179509216261,0.03087060051227698
6607359622843416578,7396645252126671877,0.016076061060975373
6607359622843416578,7406972070422119441,0.016535969945686634
6607359622843416578,7433436837475779590,0.015709789720096925
6607359622843416578,7483938801250042888,0.01682462220934156
6607359622843416578,7563951994022413330,0.021651378196328095
6607359622843416578,7599093536964871189,0.015981251871575057
6607359622843416578,7637056590491091976,0.022561950027565003
6611842835128795137,6806491020194350081,0.01648389275391001
6611842835128795137,6907064109915046914,0.01793145593336495
6611842835128795137,6916793805480805377,0.016262533929426868
6611842835128795137,6941853637615748098,0.024981342126875406
6611842835128795137,6987280497861067778,0.016914011448926996
6611842835128795137,7002112944796779546,0.020790025427521185
6611842835128795137,7046489917002564609,0.0200636654954356
6611842835128795137,7057223811220997147,0.016037050933813204
6611842835128795137,7078619125920564226,0.02734952867190306
6611842835128795137,7157712033605370881,0.025284784491527552
6611842835128795137,7209646992757638170,0.023024178103947888
6611842835128795137,7248186267946959873,0.015801268662225736
6611842835128795137,7333255393327449094,0.01662674197645437
6611842835128795137,7400503260173730822,0.016850480553337783
6611842835128795137,7453778116689118215,0.01603875080484529
6611842835128795137,7464192594000741377,0.015944115422997892
6611842835128795137,7583691841695859720,0.01604257643156156
6611842835128795137,7627890544752886791,0.02015179449726177
6616116714084532226,6681996891755430913,0.014506420701645033
6616116714084532226,6789909107152815105,0.01545596399580015
6616116714084532226,6827980326506120194,0.015510835785430645
6616116714084532226,6877103683433464833,0.01431347711526917
6616116714084532226,6877339287446422529,0.01577459283802505
6616116714084532226,6883390292378043398,0.015416359911806591
6616116714084532226,7012403129132663810,0.014807759718808943
6616116714084532226,7024874583044637697,0.014738941100341388
6616116714084532226,7052126774599140379,0.014709792588794403
6616116714084532226,7077082709159904282,0.015412484499233017
6616116714084532226,7078619125920564226,0.015506535438378675
6616116714084532226,7105261059741565979,0.015011160156607195
6616116714084532226,7135823212835259393,0.015416359911806591
6616116714084532226,7174653124672898049,0.015568190012262418
6616116714084532226,7267937623179576325,0.01463999814917646
6616116714084532226,7423293361527014405,0.014659187276608596
6616116714084532226,7642911089734927378,0.015430283825399366
6616200298652958722,6638886953512255490,0.0188632251894101
6616200298652958722,6792529910911321090,0.024962993756844166
6616200298652958722,6793966950622020610,0.032993642917210284
6616200298652958722,6816166239204983809,0.01713977414796754
6616200298652958722,6836139867615151105,0.01634472018271615
6616200298652958722,6840729921989297153,0.11880547652748105
6616200298652958722,6870516830428201985,0.01596522208798952
6616200298652958722,6877714053142348801,0.015086960618915714
6616200298652958722,6923227293196944385,0.017019886182534815
6616200298652958722,6960359847695074309,0.0164376865718291
6616200298652958722,6966276498689721345,0.016363110945647203
6616200298652958722,6995145012439450625,0.021890347306834545
6616200298652958722,7241559016605746182,0.01619513106161658
6616200298652958722,7361451922681119749,0.022379270901251216
6616200298652958722,7455566091059020817,0.01610482935253074
6616200298652958722,7495411659411948599,0.017027327358287957
6616200298652958722,7534390074759922704,0.01512307060211466
6616200298652958722,7607445622497264647,0.016152281671281
6621731363206873090,6674884689213981698,0.02055041992403408
6621731363206873090,6692715763562480642,0.0315702236252143
6621731363206873090,6753066957236569090,0.017402991228994687
6621731363206873090,6813298623070798850,0.015216981679888133
6621731363206873090,6826232852025263106,0.017671934913625426
6621731363206873090,6832456761011995649,0.024466023800759417
6621731363206873090,6860294785044874241,0.015361134780970901
6621731363206873090,6870707962155992065,0.017011101257062858
6621731363206873090,6983967123942065178,0.016859729461074186
6621731363206873090,6985727260917662725,0.015349419270118387
6621731363206873090,6993562834723374086,0.02063707998093978
6621731363206873090,7084186676168508442,0.015381930098687973
6621731363206873090,7182146153348219931,0.017842828000558038
6621731363206873090,7313053731345220614,0.015266323128256336
6621731363206873090,7491832625380934672,0.02113777624396736
6633310396705865730,6638886953512255490,0.020857501025626685
6633310396705865730,6733504201782395905,0.4021745730424104
6633310396705865730,6787238343676888066,0.015576978876759278
6633310396705865730,6797030305159152641,0.027452588726847714
6633310396705865730,6816166239204983809,0.016470736785281263
6633310396705865730,6840120098842379265,0.020084620375598074
6633310396705865730,6859637966656177154,0.026064723397650168
6633310396705865730,6885133273098388482,0.020452034971168338
6633310396705865730,6891957094863389697,0.05355244501381634
6633310396705865730,6897937907282740225,0.01711655625557596
6633310396705865730,6910687261839967233,0.016478036754870896
6633310396705865730,6914229795971515394,0.015855902321877398
6633310396705865730,6960359847695074309,0.019442370240420465
6633310396705865730,6988040833657242625,0.02866434223376182
6633310396705865730,6994452656194847745,0.016637958956547867
6633310396705865730,6995145012439450625,0.025891735748281127
6633310396705865730,7000964924840608769,0.01859956107183105
6633310396705865730,7004849025783022619,0.016532929723535
6633310396705865730,7098020878919943170,0.016460300209258972
6633310396705865730,7361451922681119749,0.017974788768526418
6633310396705865730,7421159900989047814,0.01991559231469503
6633310396705865730,7446786283143169041,0.01591508770878122
6633310396705865730,7488005359321629703,0.04132017917407133
6633310396705865730,7515323874088748050,0.016216963433799723
6633310396705865730,7530213210042729490,0.016532579554304056
6633310396705865730,7544921032646804487,0.01587692141957768
6633310396705865730,7608910206895195157,0.016555918631670948
6633310396705865730,7637056590491091976,0.02039805241255319
6638886953512255490,6733504201782395905,0.022076843941570435
6638886953512255490,6734999320108155906,0.033588036063026565
6638886953512255490,6817789563286914050,0.015426623719845224
6638886953512255490,6846562081585742849,0.035458110664602166
6638886953512255490,6884391295285806086,0.03267916619081656
6638886953512255490,6885133273098388482,0.03151640787800386
6638886953512255490,6891957094863389697,0.032292151490984654
6638886953512255490,6897937907282740225,0.01605569681316126
6638886953512255490,6940581217293599745,0.034496456490786684
6638886953512255490,6960359847695074309,0.03820676661802529
6638886953512255490,6978315681420264450,0.03716035438121074
6638886953512255490,6982233082511180827,0.022400422598352975
6638886953512255490,6988040833657242625,0.034354742002821355
6638886953512255490,6995145012439450625,0.08480100358456139
6638886953512255490,6996939727140979714,0.030341138343553634
6638886953512255490,7002112944796779546,0.035699106842317814
6638886953512255490,7025843669941208090,0.027356422503667575
6638886953512255490,7039368916711457819,0.01569274975132417
6638886953512255490,7040064114538382337,0.023380136432889158
6638886953512255490,7066706295660151835,0.01570257030719395
6638886953512255490,70836239101,0.03351466468816858
6638886953512255490,7144238456486331418,0.03297887648730591
6638886953512255490,7165117173925708826,0.017051498977195167
6638886953512255490,7202086685571138562,0.02098072378446442
6638886953512255490,7354443424308167685,0.0230442400412124
6638886953512255490,7453778116689118215,0.028917642743338974
6638886953512255490,7495411659411948599,0.03957729207598792
6638886953512255490,7521728838495011848,0.017087739126616274
6638886953512255490,7550661278433231879,0.03285303612386504
6638886953512255490,7602605744538141716,0.033537593997477695
6638886953512255490,7607445622497264647,0.03199841419943692
6647060730984808449,6775037590875603969,0.01655692309277335
6647060730984808449,6789909107152815105,0.016160073737604714
6647060730984808449,6961407924980515846,0.022429904007472308
6647060730984808449,6966148415672173569,0.01627115982422616
6647060730984808449,7002112944796779546,0.01631187743421825
6647060730984808449,7078619125920564226,0.01608854840817528
6647060730984808449,7144565544971797531,0.016241391923234625
6647060730984808449,7166227528167867418,0.01629710488295628
6647060730984808449,7174653124672898049,0.01600632379187767
6647060730984808449,7254140507394245638,0.01904878625505027
6647060730984808449,7363450236825797637,0.01656656010495237
6647060730984808449,7379787571319522310,0.015745420556832708
6647060730984808449,7383901183393448966,0.016014761330296
6647060730984808449,7393933502537204742,0.016346730149862414
6647060730984808449,7627890544752886791,0.031506894351385574
6647373619029852161,6674884689213981698,0.02054393250334931
6647373619029852161,6724125314186691586,0.015933023059914737
6647373619029852161,6796118400902300673,0.015788425823414224
6647373619029852161,6813298623070798850,0.01798345183821979
6647373619029852161,6832172451021308929,0.015935230671571363
6647373619029852161,6866036800730088449,0.015717137804806377
6647373619029852161,6902777439399920641,0.015713536275159482
6647373619029852161,6926515660747768833,0.01579574439985114
6647373619029852161,6958042743239672833,0.015703788722431354
6647373619029852161,6959168054680978434,0.01556846218573191
6647373619029852161,6959317815221093378,0.015785654662477125
6647373619029852161,6962343424021726209,0.016564966268998855
6647373619029852161,6982233082511180827,0.016617773933181108
6647373619029852161,6983637584456647681,0.016548782542643605
6647373619029852161,7197170815606031362,0.01831626026587752
6647373619029852161,7627890544752886791,0.01612985685469515
6669273744996024321,6829077348115170306,0.015566047947184853
6669273744996024321,6871132695309796354,0.025655436304590818
6669273744996024321,6921629815418848258,0.01562851844635324
6669273744996024321,6959507281902257158,0.016230954287074547
6669273744996024321,7182583625258632193,0.015572800625625709
6669273744996024321,7213282682464814107,0.01578177878574063
6669273744996024321,7257262932941259782,0.01588219506552453
6669273744996024321,7260730044916745221,0.015993193359071574
6669273744996024321,7321759691690951685,0.01553422671854675
6669273744996024321,7322146719038014469,0.03009516766728669
6669273744996024321,7338600730439353346,0.027626368020608087
6669273744996024321,7343513808779904005,0.018463181009500496
6669273744996024321,7473109249481589776,0.015290001370534656
6669273744996024321,7575529166674773008,0.016214137798372916
6669273744996024321,7627263245217350674,0.015567721971702572
6669273744996024321,7627890544752886791,0.01898158884420145
6669273744996024321,7634034175490606101,0.016613563481394183
6669629025386594306,6770581281769686017,0.03408091041456451
6669629025386594306,6799184260408050690,0.016132500640220624
6669629025386594306,6958784923474166786,0.0617461284369361
6669629025386594306,6978315681420264450,0.017942144719796372
6669629025386594306,7041167510071526405,0.01631221625495745
6669629025386594306,7056589938901664769,0.022444894653795427
6669629025386594306,7086761864990589954,0.024059210125233838
6669629025386594306,7144680901561107483,0.015671165264632202
6669629025386594306,7154310477883032578,0.030269224568313467
6669629025386594306,7231031844086088705,0.016297234115229153
6669629025386594306,7316163220909196294,0.01564587830632523
6669629025386594306,7477500974065042449,0.015674999367560786
6669629025386594306,7602605744538141716,0.01588803794253926
6669629025386594306,7627890544752886791,0.01604456295393922
6674884689213981698,6790507954094392321,0.01604137332038775
6674884689213981698,6803764186801095681,0.035595308039156164
6674884689213981698,6826232852025263106,0.03194370075097295
6674884689213981698,6847672141748634626,0.01544531411567621
6674884689213981698,6883390292378043398,0.046229229552336985
6674884689213981698,6900485384896267265,0.016064963294527855
6674884689213981698,6917248103146374146,0.015559684267004338
6674884689213981698,6936501950632805377,0.03574964834590969
6674884689213981698,6964587861862876161,0.015818493446718436
6674884689213981698,7035968949859959835,0.01680994244114216
6674884689213981698,7477085819511178248,0.016234114860055365
6674884689213981698,7481929553658512439,0.016412557085584836
6680342943012242433,6699947806573986818,0.01499479180258784
6680342943012242433,6797030305159152641,0.015121745229706916
6680342943012242433,6816166239204983809,0.015490797752583146
6680342943012242433,6840120098842379265,0.014854287185786179
6680342943012242433,6854824681779348482,0.01484487216192448
6680342943012242433,6883775352537023489,0.015001359624522403
6680342943012242433,6908277550168081410,0.014857542058646771
6680342943012242433,6910687261839967233,0.01548453573780052
6680342943012242433,6956088875182720002,0.015024358472394759
6680342943012242433,6966494018633499650,0.015213005427068835
6680342943012242433,6983967123942065178,0.020933033611615907
6680342943012242433,7032227302164448283,0.014845689991902606
6680342943012242433,7098020878919943170,0.015500183460613255
6680342943012242433,7446786283143169041,0.015046154350587822
6680342943012242433,7512994775039083538,0.015018434231223598
6681996891755430913,6753066957236569090,0.014435889753477062
6681996891755430913,6789909107152815105,0.014628994767364928
6681996891755430913,6806265446909510657,0.029721489567357526
6681996891755430913,6827980326506120194,0.014690533478775192
6681996891755430913,6851242490378437633,0.014396252713233155
6681996891755430913,6877339287446422529,0.014923744946007633
6681996891755430913,6883390292378043398,0.014608396689385433
6681996891755430913,7077082709159904282,0.014604702261999163
6681996891755430913,7078619125920564226,0.01467740771183389
6681996891755430913,7135823212835259393,0.014608396689385433
6681996891755430913,7174653124672898049,0.014736319184708352
6681996891755430913,7477085819511178248,0.015372958698492964
6681996891755430913,7639298353755030529,0.017415145514506875
6681996891755430913,7642911089734927378,0.014621642082258243
6688554928719643649,6702776258872542209,0.015309078419283514
6688554928719643649,6712589171594314753,0.015290235964622957
6688554928719643649,6749192041500525569,0.015534908635506037
6688554928719643649,6844898370776122370,0.015277928357436266
6688554928719643649,6920046433724023810,0.027466010357777616
6688554928719643649,6966276498689721345,0.016709218966978766
6688554928719643649,6968643664378119170,0.015493725551283692
6688554928719643649,6987731969648788507,0.016050181071348438
6688554928719643649,7016971336972452891,0.015402750379614902
6688554928719643649,7052273815992304641,0.015357849526818002
6688554928719643649,7060924497801593882,0.01530828234800902
6688554928719643649,7089701400901600283,0.015369449883908532
6688554928719643649,7211458676926071835,0.07163006585497536
6688554928719643649,7282408479507563526,0.015510462598397164
6688554928719643649,7284988452844078087,0.0317853481191796
6692715763562480642,6704873244695118850,0.016680117354260515
6692715763562480642,6754421722797048833,0.01584417060319594
6692715763562480642,6871752909106938881,0.016620029523306757
6692715763562480642,6892279591021413378,0.017089132527002643
6692715763562480642,6893717255751025666,0.025577110880512233
6692715763562480642,6912475609672451073,0.02311658861598482
6692715763562480642,6919245969214080001,0.016492285771859704
6692715763562480642,6961362649994478593,0.016524256114072156
6692715763562480642,6987280497861067778,0.019138754095271212
6692715763562480642,7305828667954021382,0.015856545211803463
6692715763562480642,7343513808779904005,0.020881014382017647
6692715763562480642,7448255517355164673,0.027044871012192592
6692715763562480642,7522355226557662225,0.01625631648917333
6692715763562480642,7554403762245895188,0.016674796864402992
6692715763562480642,7566639233809695765,0.0165920552126257
6692715763562480642,7627890544752886791,0.019264857988695868
6694159198903698433,6789508052824949761,0.015721432977695196
6694159198903698433,6819425625885361153,0.016241563267381902
6694159198903698433,6914229795971515394,0.01555576187839814
6694159198903698433,6940581217293599745,0.015722189701582127
6694159198903698433,6978452201935291393,0.015729949809872752
6694159198903698433,7005748432673948673,0.015956743626002075
6694159198903698433,7040064114538382337,0.01574063377467494
6694159198903698433,7045303752488469506,0.015720778484118847
6694159198903698433,7113171980896257050,0.015380651501031352
6694159198903698433,7143935053655131163,0.017669215983893555
6694159198903698433,7196128414859936794,0.015432363230943406
6694159198903698433,7267057918439506950,0.015474723015167172
6694159198903698433,7530213210042729490,0.01592463918485995
6694159198903698433,7544921032646804487,0.015538410094001781
6694159198903698433,7608910206895195157,0.015904134450802444
6695165915192312834,6728194433164837890,0.022358260506973485
6695165915192312834,6753066957236569090,0.023542058312135912
6695165915192312834,6791117631681496066,0.01763290322952628
6695165915192312834,6823738969319965698,0.023070912493215526
6695165915192312834,6871426693903778821,0.02768657245213681
6695165915192312834,6881383602803934210,0.015258180646207715
6695165915192312834,6900485384896267265,0.01928857910245687
6695165915192312834,6905370655970051073,0.015224732057024556
6695165915192312834,6912352842767680514,0.02540000660651417
6695165915192312834,6921629815418848258,0.02717189396347582
6695165915192312834,6934684942018905089,0.021935099020230196
6695165915192312834,6935026650749322242,0.01639370862868443
6695165915192312834,6940145353048474626,0.02305796714536666
6695165915192312834,6941389168077702146,0.031255984670154745
6695165915192312834,6954923960769807361,0.014988332611566745
6695165915192312834,7022043784491222018,0.025156181602231195
6695165915192312834,7051051150916731905,0.02254614980388186
6695165915192312834,7060924497801593882,0.02545626419339631
6695165915192312834,7159615477097841669,0.01501848975364859
6695165915192312834,7186497865421161499,0.024689271701030215
6695165915192312834,7258982582568846338,0.016700411925361206
6695165915192312834,73466833727,0.016700411925361206
6695165915192312834,7518436263998063623,0.02159030570083696
6695165915192312834,7626262691652420629,0.02340408769425103
6695165915192312834,7634034175490606101,0.020719871330026316
6695181169878746113,6780503456405013506,0.01655646072171824
6695181169878746113,6797030305159152641,0.019235173525354907
6695181169878746113,6839577391792669697,0.01662360396333162
6695181169878746113,6869969581265306626,0.016158307411271732
6695181169878746113,6914228315911128066,0.015543045842050851
6695181169878746113,6918182823996785665,0.01576848170215843
6695181169878746113,6964714945469662210,0.016635793370336008
6695181169878746113,7007000291115598850,0.01668738532782836
6695181169878746113,7086761864990589954,0.021209973365942186
6695181169878746113,7174653124672898049,0.016927551129637335
6695181169878746113,7203897797036459035,0.014054916323615512
6695181169878746113,7322939222875325442,0.015366542685984565
6695181169878746113,7404745909576664070,0.0164027767844964
6695181169878746113,7478865824552420372,0.016055510545480864
6695181169878746113,7546553409273627653,0.015673338408668525
6695181169878746113,7576621338477184018,0.01640159400037848
6699947806573986818,6785509977571656706,0.03000868768282588
6699947806573986818,6796561541916591105,0.019303463006191676
6699947806573986818,6797030305159152641,0.03628313846646524
6699947806573986818,6803169593541624833,0.01587342577994653
6699947806573986818,6811330950171345921,0.017986111942092535
6699947806573986818,6884514024563622913,0.01668670938967867
6699947806573986818,6919513518389019649,0.019291042573745417
6699947806573986818,6921629815418848258,0.016616560068018323
6699947806573986818,6956088875182720002,0.015333046881669242
6699947806573986818,6966494018633499650,0.016499074471174276
6699947806573986818,6983967123942065178,0.0156597603990864
6699947806573986818,7096897188358456322,0.01534441980300512
6699947806573986818,7097167337245525019,0.01803527194414325
6699947806573986818,7170102652008580098,0.01626509311862871
6699947806573986818,7177726893490603034,0.01612878159410615
6699947806573986818,7240198843681489922,0.03264497062963968
6699947806573986818,7257262932941259782,0.015994824565227633
6699947806573986818,7354443424308167685,0.01762873955045354
6699947806573986818,7478421096736359430,0.02703227757878863
6699947806573986818,7512994775039083538,0.015339118256767878
6702776258872542209,6712589171594314753,0.015626773931665547
6702776258872542209,6749192041500525569,0.016010564635823905
6702776258872542209,6754421722797048833,0.015488493858833646
6702776258872542209,6772083611405140994,0.014965906078727144
6702776258872542209,6822219016431043585,0.01584125111856866
6702776258872542209,6844898370776122370,0.01588079156680889
6702776258872542209,6968643664378119170,0.016053260171937547
6702776258872542209,7000352128338478081,0.0156333137081617
6702776258872542209,7005422961205330971,0.015591845415011983
6702776258872542209,7016971336972452891,0.016015449811153586
6702776258872542209,7052273815992304641,0.01586165406081477
6702776258872542209,7060924497801593882,0.015911975594063717
6702776258872542209,7284988452844078087,0.01590703833623029
6702776258872542209,7377168369478452229,0.01571041312312494
6702776258872542209,7599311463005832209,0.015829560673046805
6703489151201870850,6810713854601102338,0.01674942822520165
6703489151201870850,6868244544707675138,0.01514053494710043
6703489151201870850,6917841879556539394,0.016646348904139883
6703489151201870850,6918182823996785665,0.016631087064545552
6703489151201870850,6921629815418848258,0.017871922275537484
6703489151201870850,6942299627752735746,0.016110941374995805
6703489151201870850,6958728103464993798,0.028177657997965445
6703489151201870850,7054007488706429979,0.050313526806014
6703489151201870850,7098020878919943170,0.02493652568201292
6703489151201870850,7274448121809142789,0.016725024142147334
6703489151201870850,7319472514870084614,0.016147886944986912
6703489151201870850,7343513808779904005,0.0186500259380166
6703489151201870850,7467010964014023688,0.016625235716488256
6703489151201870850,7627162419760890887,0.01654748156586968
6703489151201870850,7634034175490606101,0.01899836611374172
6703489151201870850,7635591227443250194,0.016207264775267252
6703489151201870850,86855738395926528,0.01617512936867558
6704873244695118850,6754421722797048833,0.01582920803415379
6704873244695118850,6772179954580112386,0.01815821305073854
6704873244695118850,6819425625885361153,0.11667826434735314
6704873244695118850,6871752909106938881,0.0166047032326137
6704873244695118850,6919245969214080001,0.016476957082848152
6704873244695118850,6950174197022065669,0.022846906806390357
6704873244695118850,6961362649994478593,0.016508928039258235
6704873244695118850,7120541706823533594,0.034406919751259306
6704873244695118850,7139827943400326149,0.027701898672117056
6704873244695118850,7305828667954021382,0.053548838158558675
6704873244695118850,7350473960612905989,0.017853909114996243
6704873244695118850,7448255517355164673,0.016399716546068907
6704873244695118850,7520091064683021319,0.02942883194805644
6704873244695118850,7554403762245895188,0.016688667027018933
6704873244695118850,7566639233809695765,0.016605927514798977
6704873244695118850,7627890544752886791,0.02079951035310676
6706016089120080897,6707846729381004289,0.01522454402914053
6706016089120080897,6768352150184772610,0.030941703337458527
6706016089120080897,6791345207919051777,0.016496545224580626
6706016089120080897,6796561541916591105,0.019964661981049986
6706016089120080897,6813298623070798850,0.015267288620459767
6706016089120080897,6860294785044874241,0.015456419180364216
6706016089120080897,6885133273098388482,0.022389171150557267
6706016089120080897,6892279591021413378,0.03526877988757479
6706016089120080897,6985727260917662725,0.015467192199123356
6706016089120080897,7084186676168508442,0.015436931863438372
6706016089120080897,7135823212835259393,0.02496531152507355
6706016089120080897,7177602177161561114,0.02934660241628803
6706016089120080897,7278599252681622533,0.01890496529518879
6706016089120080897,7393933502537204742,0.01812914349113391
6706433608792802305,6741313621483422721,0.016016781905366578
6706433608792802305,6749192041500525569,0.02074252112970309
6706433608792802305,6783222402173502465,0.014966061253774955
6706433608792802305,6833204431723512834,0.016119972832480508
6706433608792802305,6879236273988191237,0.015444370246917593
6706433608792802305,6885133273098388482,0.016099105838854044
6706433608792802305,6892279591021413378,0.016129629407164642
6706433608792802305,6912352842767680514,0.0155690563475831
6706433608792802305,6936501950632805377,0.01553348525385093
6706433608792802305,6942299627752735746,0.01795331782625369
6706433608792802305,6971392711799964673,0.015708043671315387
6706433608792802305,6987731969648788507,0.023629675246028502
6706433608792802305,7143935053655131163,0.027179443580628865
6706433608792802305,7179990250806297626,0.034618151540883706
6706433608792802305,7377398977324647430,0.014808163277017334
6706433608792802305,7491832625380934672,0.01610746045141178
6706433608792802305,7643821011835061269,0.015794728043943856
6707846729381004289,6863404694133572610,0.015592304477990966
6707846729381004289,6958281584488236033,0.01542058919540975
6707846729381004289,7004713749492286465,0.01572035406474609
6707846729381004289,7012403129132663810,0.023250414877209042
6707846729381004289,7049555900038759426,0.015934474742054117
6707846729381004289,7102360937428108314,0.015910268760196845
6707846729381004289,7106791086807614491,0.015475134071086883
6707846729381004289,7188777124807181314,0.01587100260760103
6707846729381004289,7265249858515158022,0.026687732513078485
6707846729381004289,7278599252681622533,0.015576387961664277
6707846729381004289,7313018902039839746,0.01579219968561108
6707846729381004289,7456307417581437958,0.015936152044520098
6707846729381004289,7496951292298249223,0.015775839440093115
6712589171594314753,6749192041500525569,0.015859949508134897
6712589171594314753,6772083611405140994,0.014950506415504036
6712589171594314753,6961407924980515846,0.01943865102418249
6712589171594314753,6968643664378119170,0.015818016848603997
6712589171594314753,7000964924840608769,0.02311085421937097
6712589171594314753,7014057563453752325,0.01943865102418249
6712589171594314753,7016971336972452891,0.01572543449948657
6712589171594314753,7045303752488469506,0.03515583196243897
6712589171594314753,7052273815992304641,0.015676418062777392
6712589171594314753,7096479885301138458,0.032150939824910366
6712589171594314753,7182583625258632193,0.02651470711198879
6712589171594314753,7282408479507563526,0.015752964943623025
6712589171594314753,7322939222875325442,0.020044488260327734
6712589171594314753,7327004404379370501,0.03515583196243897
6712589171594314753,7365461311374066694,0.015384612523330158
6712589171594314753,7627890544752886791,0.017077483027266423
6715985786107462657,6776674034375263234,0.03617071290932064
6715985786107462657,6796494815040848898,0.016056087847398048
6715985786107462657,6806491020194350081,0.01730564113895657
6715985786107462657,6829551693668516865,0.028827568414117235
6715985786107462657,6837516209820517378,0.017358823492976523
6715985786107462657,6840264030130144258,0.02030632682894693
6715985786107462657,6840741607329154049,0.030041452232931063
6715985786107462657,6889263520413484033,0.016383638988639666
6715985786107462657,6891120589751452673,0.026251759376963908
6715985786107462657,6916793805480805377,0.03245852192272622
6715985786107462657,6917841879556539394,0.015484546599514136
6715985786107462657,6934842504743879681,0.02306196217537611
6715985786107462657,6968101486514226177,0.031911042418971254
6715985786107462657,6968111084863783938,0.016086602488222117
6715985786107462657,6986850469483676673,0.02268153322349381
6715985786107462657,6999097948136129562,0.03499198000289541
6715985786107462657,7001471155397248001,0.03304806180386349
6715985786107462657,7005748432673948673,0.02010535016611157
6715985786107462657,7027699921625777153,0.019587755161693
6715985786107462657,7058993133036782618,0.015665388482400018
6715985786107462657,7077082709159904282,0.04258929957754155
6715985786107462657,7097167337245525019,0.02327675914691547
6715985786107462657,7137364417810252826,0.02343139832770538
6715985786107462657,7142783450839401473,0.048096252152966305
6715985786107462657,7192960927724127233,0.031020895116810703
6715985786107462657,7267057918439506950,0.0239277426155182
6715985786107462657,7482314927051932679,0.022269978795918237
6715985786107462657,7483938801250042888,0.03688305330616701
6715985786107462657,7501201778134893584,0.02698659234221122
6715985786107462657,7531066706552275986,0.01598363757219789
6715985786107462657,7546553409273627653,0.022823038320587973
6715985786107462657,7563951994022413330,0.018312358291149806
6715985786107462657,7592061582878065685,0.02443087251791262
6715985786107462657,7608910206895195157,0.019133600865499607
6715985786107462657,7627162419760890887,0.01559318320033775
6715985786107462657,7635591227443250194,0.015923905028816167
6715985786107462657,7637056590491091976,0.019004000825433968
6724125314186691586,6762475943270908929,0.015848536034138598
6724125314186691586,6819447568583541762,0.015964840049392557
6724125314186691586,6877807298031780866,0.016005260828183734
6724125314186691586,6939127500590416898,0.015838702098323637
6724125314186691586,6958281584488236033,0.019977913001463617
6724125314186691586,6982233082511180827,0.015942842659314324
6724125314186691586,6986032885317551131,0.015967880722174303
6724125314186691586,7088963677072950274,0.01575099066020206
6724125314186691586,7164308860937126914,0.01597755654997114
6724125314186691586,7455281387647304705,0.01597818084548316
6724125314186691586,7459425028325852176,0.028820062410086663
6724125314186691586,7639298353755030529,0.020641230576177
6728194433164837890,6744584940111905794,0.016460971686657902
6728194433164837890,6753066957236569090,0.029172259106067036
6728194433164837890,6859585767275381762,0.016616784556568443
6728194433164837890,6871132695309796354,0.03767855382261717
6728194433164837890,6877714053142348801,0.014945707061368215
6728194433164837890,6883544605590766594,0.06121447240388099
6728194433164837890,6888476693641200641,0.015311298085416902
6728194433164837890,6903068209902994434,0.02621100727550268
6728194433164837890,6919245969214080001,0.027363782761238232
6728194433164837890,6938596816996811778,0.023663440874303762
6728194433164837890,6940145353048474626,0.028409797406997908
6728194433164837890,6941853637615748098,0.02247949967358593
6728194433164837890,6949516198539346945,0.019751080776310062
6728194433164837890,6949929730662597634,0.02528831929357228
6728194433164837890,6977327001304876034,0.015191963620149984
6728194433164837890,7012228858045465601,0.016547491733864193
6728194433164837890,7063506594294924289,0.016565447259922282
6728194433164837890,7141082435111142402,0.023948975931197873
6728194433164837890,7155463663934489601,0.019606569667239164
6728194433164837890,7231559211711382529,0.01632438451553777
6728194433164837890,7278224508979872786,0.01668309683559375
6728194433164837890,7445331089281270789,0.01843628204401965
6728194433164837890,7489802306281440276,0.020160953918266222
6728194433164837890,7512754059523769352,0.015442408254171472
6728194433164837890,7518436263998063623,0.02299905803144019
6728194433164837890,7599311463005832209,0.02017727446748795
6731513762812380161,6734473434468008962,0.01579279507510826
6731513762812380161,6771295474496619521,0.01627456506651531
6731513762812380161,6796118400902300673,0.049016520188562666
6731513762812380161,6822219016431043585,0.02283664973935171
6731513762812380161,6915746450216748033,0.036799232663689556
6731513762812380161,6923227293196944385,0.018531333502708688
6731513762812380161,6953411710000038918,0.015934725565665157
6731513762812380161,6960359847695074309,0.03063215637554156
6731513762812380161,6961428341711406081,0.019189875092211362
6731513762812380161,7020605956485940251,0.016466705811008984
6731513762812380161,7169932462054196250,0.020677547061680995
6731513762812380161,7204083942915130395,0.01449281789863945
6731513762812380161,7214120131030975514,0.015660291168085587
6731513762812380161,7325141798954058758,0.01789755791939408
6731513762812380161,7367247089417896965,0.01633258287011026
6731513762812380161,7453528540971172870,0.01600552785665483
6731513762812380161,7493882569899394065,0.015370738825684183
6731513762812380161,7585530131923682324,0.01652478900930813
6731513762812380161,7653816056004543508,0.016420621091220024
6731513762812380161,7653909888418890773,0.030587821815101113
6733504201782395905,6778685305375572993,0.015780330416638202
6733504201782395905,6784144101794513921,0.016618186482977155
6733504201782395905,6797030305159152641,0.02905748470874272
6733504201782395905,6885133273098388482,0.021647674080958516
6733504201782395905,6891957094863389697,0.056683155369713474
6733504201782395905,6897937907282740225,0.018117201135801356
6733504201782395905,6899092861301539842,0.016431502756335706
6733504201782395905,6960359847695074309,0.020578983701097505
6733504201782395905,6970866552057267202,0.015641853834620304
6733504201782395905,6988040833657242625,0.030340078104515528
6733504201782395905,6995145012439450625,0.027405383261823835
6733504201782395905,6998723476065862683,0.015605596576557296
6733504201782395905,7000964924840608769,0.019686903366803753
6733504201782395905,7004849025783022619,0.017499455421576177
6733504201782395905,7135414649268880411,0.015367377343043921
6733504201782395905,7257262932941259782,0.020089217538822885
6733504201782395905,7361451922681119749,0.019025606473080724
6733504201782395905,7362078617574441989,0.016356939897680722
6733504201782395905,7495411659411948599,0.01992817479812484
6733504201782395905,7501201778134893584,0.019816912331021026
6733504201782395905,7545554271439078416,0.016318135943095384
6733504201782395905,7626262691652420629,0.01884546905130431
6733504201782395905,7637056590491091976,0.021590535667269886
6734473434468008962,6924145368151442437,0.02807292317908323
6734473434468008962,6925056214594274306,0.01488351763865748
6734473434468008962,6961362649994478593,0.016303215838784964
6734473434468008962,7035968949859959835,0.014892044982279183
6734473434468008962,7077264630486516762,0.015583043824562284
6734473434468008962,7205917572523803649,0.015501691893348931
6734473434468008962,7216684653520339994,0.015765588769857113
6734473434468008962,7325664758940943366,0.01571860261409613
6734473434468008962,7331684378399196166,0.015938131787994605
6734473434468008962,7354443424308167685,0.015611552402747818
6734473434468008962,7377168369478452229,0.03584390896921642
6734473434468008962,7444920523094967314,0.01566078496314045
6734473434468008962,7459425028325852176,0.015687555196549907
6734473434468008962,7479929990818104327,0.01737060685243621
6734473434468008962,93013606744592384,0.015280349496965866
6734473434468008962,95653080293068800,0.015467426122712798
6734999320108155906,6796501145089229825,0.016832239343784416
6734999320108155906,6846562081585742849,0.13441115442885593
6734999320108155906,6859585767275381762,0.021733200779767002
6734999320108155906,6884391295285806086,0.09477247795095822
6734999320108155906,6885133273098388482,0.02414380881644489
6734999320108155906,6929807010993357825,0.024723051482943195
6734999320108155906,6940581217293599745,0.06002566852047788
6734999320108155906,6958784923474166786,0.016596863211666032
6734999320108155906,6960359847695074309,0.029269099203527518
6734999320108155906,6961362649994478593,0.015824087221186472
6734999320108155906,6978315681420264450,0.062446929411184925
6734999320108155906,6982233082511180827,0.01716031607141582
6734999320108155906,6988040833657242625,0.02631817452246219
6734999320108155906,6995145012439450625,0.03897815815648057
6734999320108155906,6996939727140979714,0.0879919900000227
6734999320108155906,7002112944796779546,0.027348053555313726
6734999320108155906,7004640947586024474,0.020051450047545286
6734999320108155906,7025843669941208090,0.020956964302121912
6734999320108155906,70836239101,0.09719549763438594
6734999320108155906,7144238456486331418,0.025264163732516533
6734999320108155906,7225233704317715482,0.022089975158423782
6734999320108155906,7286348668494988294,0.024047294398358805
6734999320108155906,7305828667954021382,0.015771111836950315
6734999320108155906,7336845122908406789,0.01757234644696305
6734999320108155906,7384728630012806150,0.03348090900191389
6734999320108155906,7453778116689118215,0.02215296998693531
6734999320108155906,7495411659411948599,0.11477765432351371
6734999320108155906,7550661278433231879,0.09527671616499206
6734999320108155906,7554403762245895188,0.016010324343741406
6734999320108155906,7566446773142979591,0.015700000832384813
6734999320108155906,7602605744538141716,0.025692181062416698
6734999320108155906,95653080293068800,0.015454523254424417
6736354336395789314,6800380754986042369,0.0158390315777468
6736354336395789314,6837516209820517378,0.016198647935348517
6736354336395789314,6863404694133572610,0.03286155344790272
6736354336395789314,6891120589751452673,0.01461644826119737
6736354336395789314,6959317815221093378,0.014148356673650527
6736354336395789314,6964738659434152962,0.015370847620880946
6736354336395789314,6993582094237778970,0.013830939467255275
6736354336395789314,6995145012439450625,0.015116361156206858
6736354336395789314,7011714332183741467,0.014521131651035583
6736354336395789314,7032542326535341083,0.01741812909356148
6736354336395789314,7046489917002564609,0.016200929285349566
6736354336395789314,7075674626739536898,0.015394797579881863
6736354336395789314,7154310477883032578,0.015408895055762838
6736354336395789314,7192449099722916869,0.01759742506621707
6736354336395789314,7641155549304505352,0.015165530048704924
6736354336395789314,7650649289911452693,0.01716507056527928
6737078948611769345,6782765158793643009,0.016015878049802774
6737078948611769345,6782803103168234498,0.01573978937159102
6737078948611769345,6801315654327976962,0.01642897830089607
6737078948611769345,6880772801029506050,0.015845851863613886
6737078948611769345,6882458879956780033,0.025311858032273298
6737078948611769345,6960359847695074309,0.020443906940167962
6737078948611769345,6964587861862876161,0.03365535630524512
6737078948611769345,7052273815992304641,0.02026265180054478
6737078948611769345,7056720636374385691,0.016060000610920753
6737078948611769345,7077264630486516762,0.020365981214482312
6737078948611769345,7129411596997067778,0.01604080206258753
6737078948611769345,7197170815606031362,0.01580880884048477
6737078948611769345,7213282682464814107,0.016165922181937607
6737078948611769345,7225514834670093314,0.015500858929145777
6737078948611769345,7333255393327449094,0.020619955312530393
6737078948611769345,7383901183393448966,0.02289086439119097
6737078948611769345,7477085819511178248,0.028128055426901083
6737078948611769345,7529488293902566407,0.016635918554210465
6737078948611769345,7545857000773616658,0.01589309367528387
6737078948611769345,7607445622497264647,0.01712190431256254
6741279666139956225,6788785074981815297,0.031702215930975136
6741279666139956225,6853326473168716802,0.0188140416065865
6741279666139956225,6883679263939478530,0.027433956738204538
6741279666139956225,6948118808767104001,0.016519240149241835
6741279666139956225,6959507281902257158,0.027433956738204538
6741279666139956225,6960139444470023169,0.020941505187532895
6741279666139956225,6961407924980515846,0.04362816848319996
6741279666139956225,6997282145090028546,0.027433956738204538
6741279666139956225,7005422961205330971,0.031702215930975136
6741279666139956225,7012854598687966235,0.01732290159347109
6741279666139956225,7014057563453752325,0.04362816848319996
6741279666139956225,7045303752488469506,0.09752263726588069
6741279666139956225,7056589938901664769,0.025640312178647276
6741279666139956225,7127610987100308481,0.027433956738204538
6741279666139956225,7144680901561107483,0.01842855681386531
6741279666139956225,7177602177161561114,0.038942213637762735
6741279666139956225,7207116376669438978,0.02795982429668484
6741279666139956225,7237187612749874182,0.027433956738204538
6741279666139956225,7260730044916745221,0.0457232612303409
6741279666139956225,7327004404379370501,0.09752263726588069
6741279666139956225,7453528540971172870,0.027433956738204538
6741279666139956225,7490286723617670162,0.031702215930975136
6741279666139956225,7507877861438964754,0.019429422094874336
6741279666139956225,7545673249791706113,0.031702215930975136
6741279666139956225,7547223971999417351,0.031702215930975136
6741279666139956225,7584050819944596487,0.017490880811384106
6741279666139956225,7631155532019663879,0.01745303717471456
6741313621483422721,6762475943270908929,0.016424671322442335
6741313621483422721,6829551693668516865,0.04284496229947484
6741313621483422721,6830724950749840385,0.04925097630747031
6741313621483422721,6871752909106938881,0.04255999595613398
6741313621483422721,6879236273988191237,0.02807467973935928
6741313621483422721,6883775352537023489,0.01981228168585063
6741313621483422721,6892279591021413378,0.07450988177142784
6741313621483422721,6912352842767680514,0.05641887015281896
6741313621483422721,6912475609672451073,0.03180603931424258
6741313621483422721,6918182823996785665,0.039150433562575464
6741313621483422721,6922733815886889986,0.13609267611811499
6741313621483422721,6996114982522356737,0.049092300190551275
6741313621483422721,7050182429319627803,0.04730969857314172
6741313621483422721,7051051150916731905,0.03333657948446522
6741313621483422721,7143935053655131163,0.01578766951014247
6741313621483422721,7157712033605370881,0.02500593260043178
6741313621483422721,7166227528167867418,0.016548686984699707
6741313621483422721,7179990250806297626,0.015736304364493987
6741313621483422721,7258982582568846338,0.018699156722802885
6741313621483422721,7336152171828904965,0.039054410777628015
6741313621483422721,7343513808779904005,0.0717196236926834
6741313621483422721,73466833727,0.018699156722802885
6741313621483422721,7377168369478452229,0.021033550186771794
6741313621483422721,7501201778134893584,0.04098317307084929
6741313621483422721,7505361348164092936,0.017393453090584158
6741313621483422721,7522355226557662225,0.05583526163540813
6741313621483422721,7634034175490606101,0.02319967453545865
6744584940111905794,6859585767275381762,0.01629224896508105
6744584940111905794,6941389168077702146,0.015795080194386163
6744584940111905794,6950174197022065669,0.016014486240397214
6744584940111905794,6977327001304876034,0.014883382471727519
6744584940111905794,7063506594294924289,0.016726636293411923
6744584940111905794,7151777693745841157,0.015169880334906499
6744584940111905794,7174653124672898049,0.031143009582117607
6744584940111905794,7179742607488353306,0.021754179755554427
6744584940111905794,7231559211711382529,0.016714631299234423
6744584940111905794,7254140507394245638,0.020881139049968498
6744584940111905794,7278224508979872786,0.01635864602058805
6744584940111905794,7362078617574441989,0.017074633407543203
6744584940111905794,7516118321939727361,0.016227623781537467
6744584940111905794,7627890544752886791,0.03453762529408008
6749192041500525569,6772083611405140994,0.015184652012500629
6749192041500525569,6800548226338489346,0.017471454852632278
6749192041500525569,6844898370776122370,0.015978227846947447
6749192041500525569,6851103401436120066,0.019950434723127772
6749192041500525569,6900485384896267265,0.015936756365794634
6749192041500525569,6924145368151442437,0.01764852186845629
6749192041500525569,6962343424021726209,0.022864199726471385
6749192041500525569,6968643664378119170,0.016209737012174968
6749192041500525569,6983967123942065178,0.015521880496144707
6749192041500525569,6987731969648788507,0.028238028005075872
6749192041500525569,6996114982522356737,0.016076305600024484
6749192041500525569,7000352128338478081,0.01572732207033652
6749192041500525569,7016971336972452891,0.016115302364345205
6749192041500525569,7052273815992304641,0.016061216569800956
6749192041500525569,7060924497801593882,0.01600973750664785
6749192041500525569,7081966595417244674,0.02983237133252565
6749192041500525569,7089701400901600283,0.015864757190079036
6749192041500525569,7094307669989819418,0.016074755663434994
6749192041500525569,7203897797036459035,0.015043739091566796
6749192041500525569,7284988452844078087,0.01601662946987573
6749192041500525569,7322149836118082565,0.035181028606075304
6749192041500525569,7505361348164092936,0.01813246655496972
6749192041500525569,7599311463005832209,0.015926485865572968
6753066957236569090,6796118400902300673,0.034204612682517066
6753066957236569090,6822219016431043585,0.02314371571492134
6753066957236569090,6851242490378437633,0.015386978249852131
6753066957236569090,6869715594691150849,0.01505080398035682
6753066957236569090,6871753836990678018,0.014692616014122587
6753066957236569090,6877103683433464833,0.02556182649888721
6753066957236569090,6900164078850917378,0.01711131708854469
6753066957236569090,6940145353048474626,0.09467624881790758
6753066957236569090,6949516198539346945,0.02391890623698868
6753066957236569090,6949929730662597634,0.033974321797157134
6753066957236569090,6959306103192912897,0.021922046454944392
6753066957236569090,7001471155397248001,0.02318546094402874
6753066957236569090,7024874583044637697,0.014789797281739942
6753066957236569090,7049621725458105346,0.015438681320543688
6753066957236569090,7105261059741565979,0.015225384585811958
6753066957236569090,7150267271930446853,0.015315187924289816
6753066957236569090,7254140507394245638,0.017630942666774063
6753066957236569090,7267937623179576325,0.014683009435336129
6753066957236569090,7518436263998063623,0.046177274088882364
6753066957236569090,7626262691652420629,0.01832659470471968
6753066957236569090,7627890544752886791,0.02916176602958689
6753525995004068865,6764349228010849282,0.02988891986735364
6753525995004068865,6768768996311843841,0.016166923780496327
6753525995004068865,6793912738013316098,0.01870589587386192
6753525995004068865,6803764186801095681,0.01600604003821366
6753525995004068865,6811144195337307138,0.016266524840998026
6753525995004068865,6832456761011995649,0.01966482957775069
6753525995004068865,6851799698815845377,0.01620959408719285
6753525995004068865,6871752909106938881,0.019534757665621818
6753525995004068865,6909664281428820994,0.01830354017295554
6753525995004068865,6919186037361361922,0.015588554512266924
6753525995004068865,6978315681420264450,0.017463216474492123
6753525995004068865,7104942140773450754,0.015504752997845518
6753525995004068865,7150267271930446853,0.03756604764527021
6753525995004068865,7154384053285078043,0.029428700553981807
6753525995004068865,7179990250806297626,0.016665496446007587
6753525995004068865,7203897797036459035,0.013671430607085484
6753525995004068865,7233640485796660225,0.016917480574441326
6753525995004068865,7254140507394245638,0.06798641039618365
6753525995004068865,7309331808796460037,0.015594750598295546
6753525995004068865,7317979152307454981,0.016273812728078197
6753525995004068865,7377168369478452229,0.01768336788389752
6753525995004068865,7491833609532605441,0.016142117725540892
6753525995004068865,7515323874088748050,0.016318897613927557
6753525995004068865,7523217404127364112,0.015907570451934146
6753525995004068865,7546926530825077778,0.05608320913127913
6753525995004068865,7581801127412319248,0.019698272424591042
6753525995004068865,7627890544752886791,0.0411039750678593
6753525995004068865,81308061605,0.01622322164936512
6754421722797048833,6822219016431043585,0.01557042998021546
6754421722797048833,6871752909106938881,0.015925753670449135
6754421722797048833,6919245969214080001,0.016067379221364107
6754421722797048833,6961362649994478593,0.016031904755588418
6754421722797048833,7005422961205330971,0.01553700357487365
6754421722797048833,7016971336972452891,0.015724291760271278
6754421722797048833,7182146153348219931,0.02076556665079931
6754421722797048833,7371052403481969670,0.04465328952263809
6754421722797048833,7377168369478452229,0.016102292192683273
6754421722797048833,7448255517355164673,0.016152354179376657
6754421722797048833,7554403762245895188,0.015824007619858617
6754421722797048833,7581801127412319248,0.031165868706218083
6754421722797048833,7599311463005832209,0.015583696564503955
6756548800699122690,6829077348115170306,0.016211806440252104
6756548800699122690,6852682568228963330,0.14864191326895249
6756548800699122690,6855938496336659457,0.01489366481310737
6756548800699122690,6876032316125824006,0.014810688431720578
6756548800699122690,6878248128962954245,0.015284289854354068
6756548800699122690,6884514024563622913,0.018724198406545937
6756548800699122690,6934842504743879681,0.015030478962822908
6756548800699122690,7127708623191933953,0.017258953299073208
6756548800699122690,7131585685501363202,0.018724198406545937
6756548800699122690,7177602177161561114,0.023048830349781925
6756548800699122690,7196069191677543425,0.018724198406545937
6756548800699122690,7248502263702291463,0.017258953299073208
6756548800699122690,7254140507394245638,0.016300925134701588
6756548800699122690,7282408479507563526,0.017258953299073208
6756548800699122690,7319387104206259206,0.015294348603604246
6756548800699122690,7329677372679472133,0.01436333673856522
6756548800699122690,7331684378399196166,0.022892354555845675
6756548800699122690,7372215376808182789,0.05016477318100289
6756548800699122690,7481556266751230977,0.018724198406545937
6756548800699122690,7627890544752886791,0.026961902935559667
6756548800699122690,86855738395926528,0.017941000592647735
6762475943270908929,6871752909106938881,0.022197380103727325
6762475943270908929,6877807298031780866,0.01640251634455172
6762475943270908929,6892279591021413378,0.01726611222958235
6762475943270908929,6912475609672451073,0.023355990292544468
6762475943270908929,6919513518389019649,0.09304889259672802
6762475943270908929,6925056214594274306,0.01564001301767975
6762475943270908929,6939127500590416898,0.016228091381915218
6762475943270908929,6958042743239672833,0.01550465630293585
6762475943270908929,6967595976622998530,0.016731679451004507
6762475943270908929,6986032885317551131,0.016364360160273282
6762475943270908929,7076404041312404482,0.014935443148894586
6762475943270908929,7088963677072950274,0.016138651288175307
6762475943270908929,7164308860937126914,0.016374228308066504
6762475943270908929,7274849324386223109,0.0327641914628675
6762475943270908929,7343513808779904005,0.02109726384401069
6762475943270908929,7455281387647304705,0.03374356175600362
6762475943270908929,7467010964014023688,0.036013394123274825
6762475943270908929,7522355226557662225,0.016424671322442335
6762475943270908929,7565637171480052737,0.01684740115967496
6762475943270908929,7627890544752886791,0.019464370095685055
6764349228010849282,6793912738013316098,0.015303075518799454
6764349228010849282,6816804544841368577,0.01680366303214312
6764349228010849282,6823738969319965698,0.015318043414791043
6764349228010849282,6859721993622471682,0.02453873083344862
6764349228010849282,6876960008552416258,0.015102785147281455
6764349228010849282,6912770377378841601,0.017646298706871212
6764349228010849282,6987280497861067778,0.026736200254884036
6764349228010849282,7047332169534063617,0.015210277001300542
6764349228010849282,7150267271930446853,0.018124729170148964
6764349228010849282,7154384053285078043,0.024075277123027317
6764349228010849282,7233640485796660225,0.03321615943603089
6764349228010849282,7254140507394245638,0.05561889040549304
6764349228010849282,7627890544752886791,0.03362668320340849
6764349228010849282,7649746214976537620,0.015227943491864137
6764421783673816066,6792529910911321090,0.016595809231097172
6764421783673816066,6796501145089229825,0.025784113576641596
6764421783673816066,6884514024563622913,0.01579646211751387
6764421783673816066,6918283987047728130,0.015644493447673002
6764421783673816066,6980621105678599169,0.08604220099019852
6764421783673816066,6987731969648788507,0.01563964522914112
6764421783673816066,7005622091391714330,0.026134315516689037
6764421783673816066,7076404041312404482,0.01745359507992541
6764421783673816066,7099686562410054682,0.015454246558989835
6764421783673816066,7131585685501363202,0.01579646211751387
6764421783673816066,7177602177161561114,0.01944488984618157
6764421783673816066,7196069191677543425,0.01579646211751387
6764421783673816066,7286348668494988294,0.017721323203584907
6764421783673816066,7331684378399196166,0.019312880779755646
6764421783673816066,7384818817710916613,0.0196062572967961
6764421783673816066,7445226957769507895,0.015157968566745358
6764421783673816066,7476795457228145681,0.015436027450171976
6764421783673816066,7481556266751230977,0.03143885607825431
6768352150184772610,6768768996311843841,0.015923179426936118
6768352150184772610,6817789563286914050,0.0157478091048463
6768352150184772610,6870516830428201985,0.018148790354127094
6768352150184772610,6885133273098388482,0.019409155593546484
6768352150184772610,6899092861301539842,0.022986219341447543
6768352150184772610,7039368916711457819,0.016044147760872728
6768352150184772610,7058797886825792518,0.015679948161162274
6768352150184772610,7066706295660151835,0.016054149898588138
6768352150184772610,7104942140773450754,0.015303434751578138
6768352150184772610,7135823212835259393,0.021642409742329883
6768352150184772610,7166227528167867418,0.016953694827381127
6768352150184772610,7278599252681622533,0.0163887001639086
6768352150184772610,7311615611494614021,0.015316173636598068
6768352150184772610,7491833609532605441,0.028959828228755428
6768352150184772610,7523217404127364112,0.015831999604431247
6768352150184772610,7565406894694269953,0.015108830635893048
6768352150184772610,7568781196831409172,0.01598795588705671
6768352150184772610,7592061582878065685,0.015936228493444643
6768768996311843841,6811144195337307138,0.016156618785518127
6768768996311843841,6817789563286914050,0.015753838995466295
6768768996311843841,6829077348115170306,0.018937629031424656
6768768996311843841,6851799698815845377,0.016099694286395946
6768768996311843841,6884514024563622913,0.021872449849484228
6768768996311843841,7039368916711457819,0.016142702752184858
6768768996311843841,7066706295660151835,0.01613136016710539
6768768996311843841,7104942140773450754,0.01560694884631766
6768768996311843841,7127708623191933953,0.016432280829219523
6768768996311843841,7131585685501363202,0.021872449849484228
6768768996311843841,7177602177161561114,0.026924217259876447
6768768996311843841,7196069191677543425,0.021872449849484228
6768768996311843841,7248502263702291463,0.016432280829219523
6768768996311843841,7282408479507563526,0.016432280829219523
6768768996311843841,7317979152307454981,0.016163905355203737
6768768996311843841,7331684378399196166,0.02674143192075441
6768768996311843841,7459425028325852176,0.02639034326062963
6768768996311843841,7481556266751230977,0.021872449849484228
6768768996311843841,7491833609532605441,0.016253616730960624
6768768996311843841,7523217404127364112,0.016017842573413817
6768768996311843841,7568781196831409172,0.01620743069240949
6768768996311843841,81308061605,0.016113319386213843
6769926844173255682,6803764186801095681,0.015179098108509589
6769926844173255682,6829077348115170306,0.019625969913522053
6769926844173255682,6859721993622471682,0.015662147403000246
6769926844173255682,6884514024563622913,0.022667464969805894
6769926844173255682,6887524111863694337,0.015125978912845253
6769926844173255682,6891957094863389697,0.025936197105059972
6769926844173255682,6930270659085009921,0.01533902969879347
6769926844173255682,6982233082511180827,0.05340581568696262
6769926844173255682,6999586453593031681,0.08271857946756778
6769926844173255682,7045814535378863130,0.014969136744055074
6769926844173255682,7127708623191933953,0.017029557851706758
6769926844173255682,7131585685501363202,0.022667464969805894
6769926844173255682,7177602177161561114,0.02790285293954322
6769926844173255682,7196069191677543425,0.022667464969805894
6769926844173255682,7248502263702291463,0.017029557851706758
6769926844173255682,7282408479507563526,0.017029557851706758
6769926844173255682,7323833518098056198,0.015007140447133038
6769926844173255682,7331684378399196166,0.027713423758081834
6769926844173255682,7481556266751230977,0.022667464969805894
6769926844173255682,7486331907643393040,0.014797974428355969
6769926844173255682,7565406894694269953,0.016743816567615165
6770581281769686017,6840120098842379265,0.034466884495894363
6770581281769686017,6859637966656177154,0.04309140811940069
6770581281769686017,6874733816599708673,0.015272453205544137
6770581281769686017,6961407924980515846,0.02732420721371601
6770581281769686017,6977774091941102597,0.01502542102949387
6770581281769686017,6978562375062799362,0.015151738589535908
6770581281769686017,7011714332183741467,0.01871628044306322
6770581281769686017,7025256146383324187,0.015292513024625367
6770581281769686017,7039129332460274714,0.01832144922837278
6770581281769686017,7045303752488469506,0.04941727880793939
6770581281769686017,7056589938901664769,0.15218771295041017
6770581281769686017,7072731690099852289,0.014241552556012043
6770581281769686017,7077992421984797722,0.027981177163743848
6770581281769686017,7086761864990589954,0.03599637628087565
6770581281769686017,7174653124672898049,0.01949961307499548
6770581281769686017,7311554831675458565,0.019691541566255587
6770581281769686017,7327004404379370501,0.04941727880793939
6770581281769686017,7353257468749988869,0.027981177163743848
6770581281769686017,7421159900989047814,0.03626254902701093
6770581281769686017,7448914803424510994,0.01871628044306322
6770581281769686017,7488005359321629703,0.06658147357207062
6770581281769686017,7531066706552275986,0.0160196642843197
6770581281769686017,7602458307672884225,0.014739430080196606
6770581281769686017,7653816056004543508,0.017537026315041858
6771295474496619521,6840729921989297153,0.021145879288213532
6771295474496619521,6858020241664181249,0.017893783079394352
6771295474496619521,6953411710000038918,0.01567310918158447
6771295474496619521,6960359847695074309,0.016204921276491282
6771295474496619521,7004849025783022619,0.01623958506835061
6771295474496619521,7020605956485940251,0.016338566299649637
6771295474496619521,7165117173925708826,0.016041668335982265
6771295474496619521,7214120131030975514,0.015398181152240929
6771295474496619521,7367247089417896965,0.016850323644442906
6771295474496619521,7383901183393448966,0.015936167867521986
6771295474496619521,7453528540971172870,0.016644066447869945
6771295474496619521,7493882569899394065,0.026042466468710574
6771295474496619521,7507818955039278088,0.015804823529238995
6771295474496619521,7585530131923682324,0.016281201392693838
6771295474496619521,7627890544752886791,0.019635129058390207
6771295474496619521,7653816056004543508,0.016756581990114434
6771295474496619521,7653909888418890773,0.014717139156688257
6772083611405140994,6844898370776122370,0.014935247887711937
6772083611405140994,6968643664378119170,0.015144139887989367
6772083611405140994,7052273815992304641,0.015013896403492788
6772083611405140994,7060924497801593882,0.014965122919208327
6772083611405140994,7089701400901600283,0.015215065164037403
6772083611405140994,7240814661875057669,0.014936340019717147
6772083611405140994,7253614148146316294,0.014827699703393581
6772083611405140994,7282408479507563526,0.015352293812894175
6772083611405140994,7284988452844078087,0.01497164103857846
6772083611405140994,7350473960612905989,0.014936521013832752
6772083611405140994,7365461311374066694,0.015003776661545808
6772179954580112386,6792123587908043778,0.01592862066498672
6772179954580112386,6833204431723512834,0.028586568145006472
6772179954580112386,6918855608540644354,0.026791577386849768
6772179954580112386,6958677518510654470,0.020145346571189302
6772179954580112386,6964970683512931333,0.024483269517893532
6772179954580112386,6992412727014048794,0.024483269517893532
6772179954580112386,7060028465760486402,0.024483269517893532
6772179954580112386,7113527717450810370,0.03133256176870987
6772179954580112386,7195479055549924378,0.04275567827549779
6772179954580112386,7254140507394245638,0.019111795501489528
6772179954580112386,7423293361527014405,0.022534485029050748
6772179954580112386,7581801127412319248,0.026044695671767967
6772179954580112386,7627890544752886791,0.03161111231278958
6772352601625592834,6803169593541624833,0.016590332162978776
6772352601625592834,6812520051217761282,0.02236633396345007
6772352601625592834,6819447568583541762,0.05082470519960648
6772352601625592834,6910753120483165186,0.016533416322875034
6772352601625592834,6922656772109452290,0.01660852689482905
6772352601625592834,6961159945572844550,0.016540335448382293
6772352601625592834,6961428341711406081,0.015445540427322206
6772352601625592834,7017368046475068418,0.02216867285589656
6772352601625592834,7032542326535341083,0.015409168370730123
6772352601625592834,70729628102,0.15035884414028336
6772352601625592834,7102360937428108314,0.019209646128467112
6772352601625592834,7135220356252517402,0.015421356782813174
6772352601625592834,7144238456486331418,0.025792011555265854
6772352601625592834,7177602177161561114,0.017735306364155518
6772352601625592834,7192220822001746970,0.016049357933959597
6772352601625592834,7331684378399196166,0.01761490345858855
6772352601625592834,7501664443560084488,0.016489693037951492
6772352601625592834,7526895629398737928,0.016538819635931654
6772352601625592834,7584050819944596487,0.015789508601974558
6772352601625592834,7627890544752886791,0.020746285232964068
6773577287466288130,6885133273098388482,0.016267417817376593
6773577287466288130,6904567468456657921,0.014764824535229964
6773577287466288130,6918950409570698241,0.01536129049334727
6773577287466288130,6928398838458876929,0.01386986050152007
6773577287466288130,6958921737837741058,0.01475120545709284
6773577287466288130,6959419874189050881,0.01552191060220006
6773577287466288130,6959791068163621889,0.015585067015723916
6773577287466288130,7000316775146144770,0.015107037314072161
6773577287466288130,7029208338990875674,0.013999608435647851
6773577287466288130,7077992421984797722,0.014127299416326348
6773577287466288130,7153854260416955418,0.015987269364718858
6773577287466288130,7336845122908406789,0.015507863969634649
6773577287466288130,7388498135749903365,0.013726403747701253
6773577287466288130,7545554271439078416,0.022504312442270892
6773577287466288130,7617823686238143508,0.014282682616288634
6773577287466288130,7650741089351484436,0.014449558464327264
6774894159096153089,6796501145089229825,0.014897040450849103
6774894159096153089,6843726665424585734,0.014917205930719114
6774894159096153089,6928398838458876929,0.021559839150104124
6774894159096153089,6968718267481490433,0.014750071777917352
6774894159096153089,7081966595417244674,0.014874325654041683
6774894159096153089,7198497671228834818,0.01484260291781084
6774894159096153089,7257089825308165126,0.015216534517629356
6774894159096153089,7420280666741621765,0.014810679237468868
6774894159096153089,7476774838238430216,0.014934321532637646
6774894159096153089,7481214404483417096,0.015020417929834062
6774894159096153089,7526895629398737928,0.05360049111535855
6774894159096153089,7634034175490606101,0.014948024803893331
6774894159096153089,7642599508594115605,0.014791739181920623
6774894159096153089,7648650172402435093,0.014516010626096825
6774894159096153089,7654157094572098561,0.014889744795166164
6775037590875603969,6811330950171345921,0.015198483077785145
6775037590875603969,6961407924980515846,0.01569135581497194
6775037590875603969,6966148415672173569,0.016382159229987835
6775037590875603969,7002112944796779546,0.016422854208492595
6775037590875603969,7127708623191933953,0.01584084671177938
6775037590875603969,7144565544971797531,0.016352413583575604
6775037590875603969,7165117173925708826,0.015260413295299664
6775037590875603969,7166227528167867418,0.016408088584267087
6775037590875603969,7363450236825797637,0.016661717254997765
6775037590875603969,7379787571319522310,0.015854626058913534
6775037590875603969,7383901183393448966,0.016124810965082656
6775037590875603969,7393933502537204742,0.01645769514365613
6775037590875603969,7550661278433231879,0.015190754821016585
6776674034375263234,6797030305159152641,0.03022307573880134
6776674034375263234,6806491020194350081,0.04291955703812068
6776674034375263234,6871426693903778821,0.015103851719950366
6776674034375263234,6893717255751025666,0.016368041546755425
6776674034375263234,6938596816996811778,0.028329828059962578
6776674034375263234,6940145353048474626,0.03866475759751417
6776674034375263234,6941853637615748098,0.017896256884499414
6776674034375263234,6962343424021726209,0.024384580066066395
6776674034375263234,7001471155397248001,0.020318816244334594
6776674034375263234,7046489917002564609,0.018949883188486887
6776674034375263234,7097167337245525019,0.04299580036901681
6776674034375263234,7100750102336177154,0.01630880439310365
6776674034375263234,7183388245819507738,0.032167431709687555
6776674034375263234,7233640485796660225,0.01537692732216853
6776674034375263234,7257262932941259782,0.02569952092687001
6776674034375263234,7325141798954058758,0.015433180085647293
6776674034375263234,7344283645127885830,0.015567882123479865
6776674034375263234,7345372771347792902,0.03506446088512082
6776674034375263234,7361451922681119749,0.018732189909231436
6776674034375263234,7406882852758012934,0.023284668508865854
6776674034375263234,7563951994022413330,0.09524205632482977
6776674034375263234,7637056590491091976,0.020614906698644315
6778685305375572993,6784144101794513921,0.01579460282445939
6778685305375572993,6816804544841368577,0.01568621789827456
6778685305375572993,6870516830428201985,0.027271276590689765
6778685305375572993,6967196401395139585,0.0158559306054827
6778685305375572993,7003685691104576514,0.016661102056746528
6778685305375572993,7060028465760486402,0.02811507865574151
6778685305375572993,7166227528167867418,0.02454118270992667
6778685305375572993,7202086685571138562,0.015792543321509464
6778685305375572993,7348055396504044550,0.015822040365816484
6778685305375572993,7542789080502682641,0.015885046513782256
6778685305375572993,7545554271439078416,0.015715164128417183
6778685305375572993,7627890544752886791,0.02238159644181962
6780503456405013506,6839577391792669697,0.016712766039012786
6780503456405013506,6869969581265306626,0.016385375591221964
6780503456405013506,6878792033083933697,0.024986373441066613
6780503456405013506,6939349569991050242,0.016419607346214782
6780503456405013506,6960139444470023169,0.03417969763582702
6780503456405013506,6964714945469662210,0.01642199607643034
6780503456405013506,6993562834723374086,0.01678228622557409
6780503456405013506,7007000291115598850,0.016473608301094032
6780503456405013506,7047332169534063617,0.023278124406028895
6780503456405013506,7317979152307454981,0.0236741489333208
6780503456405013506,7322939222875325442,0.015582207850713594
6780503456405013506,7404745909576664070,0.03080666108760835
6780503456405013506,7473109249481589776,0.015110116040954188
6780503456405013506,7478865824552420372,0.015848161959299844
6780503456405013506,7576621338477184018,0.0166285983366008
6782315094518514690,6786845476277765121,0.014307437952663418
6782315094518514690,6792529910911321090,0.014770994795545793
6782315094518514690,6814393358795179010,0.01469923118869218
6782315094518514690,6907064109915046914,0.014652937630994227
6782315094518514690,6958784923474166786,0.015286885828307829
6782315094518514690,6972477904908207105,0.014981845695295565
6782315094518514690,7254140507394245638,0.024348030920173905
6782315094518514690,7270110578827150342,0.020927226246608283
6782315094518514690,7300420401526604806,0.02314017071015302
6782315094518514690,7450744199001637895,0.014491604865997177
6782315094518514690,7522349223884719105,0.014320418262876557
6782315094518514690,7531066706552275986,0.02634505483242816
6782315094518514690,7627890544752886791,0.015632994944806976
6782315094518514690,7641515667149145109,0.015045245906348238
6782315094518514690,7652473478721979400,0.01424350653080469
6782765158793643009,6830423953955341314,0.016765988361638864
6782765158793643009,6958672722403836933,0.015534334883029776
6782765158793643009,6959045098000991234,0.01634350168933323
6782765158793643009,6960359847695074309,0.016974839568154126
6782765158793643009,6997282145090028546,0.016746290649995447
6782765158793643009,7002925947272234011,0.026241081934533922
6782765158793643009,7003685691104576514,0.03145104737659172
6782765158793643009,7039129332460274714,0.016113575569214195
6782765158793643009,7049429937271440385,0.014156732276222264
6782765158793643009,7077264630486516762,0.016910136833221064
6782765158793643009,7132780297389507585,0.015817033236345417
6782765158793643009,7140728189923607558,0.01553736950796785
6782765158793643009,7333255393327449094,0.0171210148019699
6782765158793643009,7592061582878065685,0.015967451873458417
6782765158793643009,7629938843277640725,0.016235488787553272
6782803103168234498,6860294785044874241,0.020135107917851256
6782803103168234498,6880772801029506050,0.016524248942428675
6782803103168234498,6968718267481490433,0.0511176973756433
6782803103168234498,6983814849088898049,0.01563477698735743
6782803103168234498,7006234259389088770,0.015759374531355005
6782803103168234498,7012403129132663810,0.02134228272998497
6782803103168234498,7045814535378863130,0.05436923244951149
6782803103168234498,7120541706823533594,0.01603094832726666
6782803103168234498,7129411596997067778,0.01647372318625264
6782803103168234498,7197170815606031362,0.016341584835312457
6782803103168234498,7225514834670093314,0.015725751202912655
6782803103168234498,7264489075083461633,0.017285586627706365
6782803103168234498,7352218265122636806,0.015352007588373795
6782803103168234498,7448914803424510994,0.016173615288266677
6782803103168234498,7545857000773616658,0.01657285465475253
6783222402173502465,6833204431723512834,0.015171311991172606
6783222402173502465,6879236273988191237,0.014919853938137686
6783222402173502465,6885133273098388482,0.015190755375704084
6783222402173502465,6904567468456657921,0.020934072458365625
6783222402173502465,6914229795971515394,0.02370185364636798
6783222402173502465,6921629815418848258,0.015962871052209913
6783222402173502465,6999097948136129562,0.01610877555994654
6783222402173502465,7058797886825792518,0.015683521248555297
6783222402173502465,7066706295660151835,0.017037515714395678
6783222402173502465,7179990250806297626,0.015215560971735842
6783222402173502465,7343513808779904005,0.01665785887936757
6783222402173502465,7369653419626202117,0.02046285440630672
6783222402173502465,7377398977324647430,0.014717576041575023
6783222402173502465,7634034175490606101,0.01696898989379769
6783222402173502465,7643821011835061269,0.01515523771985937
6784144101794513921,6811330950171345921,0.024960041641746946
6784144101794513921,6832456761011995649,0.01590912244715341
6784144101794513921,6846562081585742849,0.016562403157067678
6784144101794513921,6908277550168081410,0.01837517565961296
6784144101794513921,6940465180879586305,0.01617771681808371
6784144101794513921,6967196401395139585,0.016567245971152333
6784144101794513921,6970866552057267202,0.015628371986584573
6784144101794513921,7016976235000710170,0.018611270960619406
6784144101794513921,7060028465760486402,0.016600656305022103
6784144101794513921,7202086685571138562,0.016630945859616126
6784144101794513921,7362078617574441989,0.016342924633611797
6784144101794513921,7444920523094967314,0.02134503219691768
6784144101794513921,7545554271439078416,0.016332864560576466
6784144101794513921,7602605744538141716,0.015897166502510166
6785509977571656706,6797030305159152641,0.015705615586667013
6785509977571656706,6840120098842379265,0.015334909167443634
6785509977571656706,6883775352537023489,0.015164233913504768
6785509977571656706,6884514024563622913,0.015497240195882599
6785509977571656706,6921359025180574721,0.017055618193637514
6785509977571656706,6921629815418848258,0.015429732628276155
6785509977571656706,6935727749428511746,0.01585084105487172
6785509977571656706,6956088875182720002,0.015141030926938703
6785509977571656706,6966494018633499650,0.015798333967307523
6785509977571656706,7096897188358456322,0.015153284799286855
6785509977571656706,7240198843681489922,0.015180873445724462
6785509977571656706,7334668853316273157,0.018961222339681973
6785509977571656706,7478421096736359430,0.015364537924744603
6785509977571656706,7512994775039083538,0.015146850959165233
6785509977571656706,7627890544752886791,0.015991366459832557
6786834111405474817,6800548226338489346,0.01663282998782152
6786834111405474817,6892279591021413378,0.015545842028119174
6786834111405474817,6912352842767680514,0.016159892177448253
6786834111405474817,6936501950632805377,0.01585862625459627
6786834111405474817,6940145353048474626,0.01645126240648403
6786834111405474817,6940465180879586305,0.015140482816789782
6786834111405474817,6941853637615748098,0.01662077991114002
6786834111405474817,6971392711799964673,0.015339976828930787
6786834111405474817,6986850469483676673,0.016539714317863757
6786834111405474817,7135008576062456859,0.01638764956006107
6786834111405474817,7270110578827150342,0.016573684086703528
6786834111405474817,7346971685042701317,0.015618520242122486
6786834111405474817,7359896669410853893,0.0156247665888052
6786834111405474817,7485973175349232646,0.01637791759320209
6786834111405474817,7536548421932319751,0.016290101586726502
6786834111405474817,7627890544752886791,0.019633363663154386
6786845476277765121,6792529910911321090,0.014752294478974366
6786845476277765121,6830724950749840385,0.014812968861285056
6786845476277765121,6858020241664181249,0.014341633594374594
6786845476277765121,6859721993622471682,0.028276715715544506
6786845476277765121,6972477904908207105,0.014181487848083974
6786845476277765121,7137486032777577473,0.014848183024697773
6786845476277765121,7219888027873690626,0.014505349992508455
6786845476277765121,7254140507394245638,0.024685494133990345
6786845476277765121,7322149836118082565,0.015099716135989542
6786845476277765121,7372215376808182789,0.014706384215604629
6786845476277765121,7384818817710916613,0.01483861417783639
6786845476277765121,7450744199001637895,0.014588997758302193
6786845476277765121,7476128992287441937,0.014705595588933753
6786845476277765121,7522349223884719105,0.014750676207466184
6786845476277765121,7627890544752886791,0.01782841503695822
6787238343676888066,6816166239204983809,0.015725344306987084
6787238343676888066,6840729921989297153,0.01522144251703441
6787238343676888066,6854824681779348482,0.01504617266932065
6787238343676888066,6908277550168081410,0.015033167852964295
6787238343676888066,6910687261839967233,0.015719039249683254
6787238343676888066,6950174197022065669,0.01733934630562127
6787238343676888066,6994452656194847745,0.015579450799921823
6787238343676888066,7000367216572122113,0.015306518489829054
6787238343676888066,7027245586970723355,0.026451949213011708
6787238343676888066,7032227302164448283,0.01504530663162773
6787238343676888066,7098020878919943170,0.015734797982432405
6787238343676888066,7165117173925708826,0.01541722218409615
6787238343676888066,7193163348693943298,0.016308669299227405
6787238343676888066,7264489075083461633,0.01570408120323335
6787238343676888066,7446786283143169041,0.015270375393851506
6788503463644070913,6824652061209756674,0.02009331054056177
6788503463644070913,6851242490378437633,0.019927053916197035
6788503463644070913,6853326473168716802,0.02858814929155869
6788503463644070913,6879408727230465026,0.016147650030849295
6788503463644070913,6889263520413484033,0.01780366857785305
6788503463644070913,6924904614709969921,0.01554923704447015
6788503463644070913,6961407924980515846,0.018797959268631943
6788503463644070913,7014057563453752325,0.018797959268631943
6788503463644070913,7016976235000710170,0.015080203721571385
6788503463644070913,7022223240064025601,0.016140869923426324
6788503463644070913,7045303752488469506,0.04201933353676122
6788503463644070913,7064593869828932614,0.015514396127838408
6788503463644070913,7076416253577790465,0.0161010049560541
6788503463644070913,7084862600232731674,0.029590027745048788
6788503463644070913,7121711391148819482,0.02118900776416383
6788503463644070913,7135823212835259393,0.021698009388897068
6788503463644070913,7144680901561107483,0.024295014027742378
6788503463644070913,7151061694003921947,0.015252199133234098
6788503463644070913,7270110578827150342,0.019423938357093613
6788503463644070913,7327004404379370501,0.04201933353676122
6788503463644070913,7456307417581437958,0.021326393216762902
6788503463644070913,7629259435181491218,0.016364329516849782
6788503463644070913,7637056590491091976,0.018956978868640728
6788785074981815297,6853326473168716802,0.0188140416065865
6788785074981815297,6855938496336659457,0.014453298109160356
6788785074981815297,6878248128962954245,0.015367219816425364
6788785074981815297,6883679263939478530,0.027433956738204538
6788785074981815297,6934842504743879681,0.01554182305665614
6788785074981815297,6948118808767104001,0.016519240149241835
6788785074981815297,6959507281902257158,0.027433956738204538
6788785074981815297,6960139444470023169,0.020941505187532895
6788785074981815297,6961407924980515846,0.04362816848319996
6788785074981815297,6997282145090028546,0.027433956738204538
6788785074981815297,7005422961205330971,0.052837026551625234
6788785074981815297,7012854598687966235,0.01732290159347109
6788785074981815297,7014057563453752325,0.04362816848319996
6788785074981815297,7045303752488469506,0.16253772877646783
6788785074981815297,7127610987100308481,0.027433956738204538
6788785074981815297,7177602177161561114,0.038942213637762735
6788785074981815297,7207116376669438978,0.02795982429668484
6788785074981815297,7237187612749874182,0.027433956738204538
6788785074981815297,7260730044916745221,0.027433956738204538
6788785074981815297,7319387104206259206,0.014850486801202508
6788785074981815297,7327004404379370501,0.16253772877646783
6788785074981815297,7329677372679472133,0.014892227882014112
6788785074981815297,7453528540971172870,0.027433956738204538
6788785074981815297,7490286723617670162,0.052837026551625234
6788785074981815297,7545673249791706113,0.031702215930975136
6788785074981815297,7547223971999417351,0.031702215930975136
6788785074981815297,7584050819944596487,0.017490880811384106
6788785074981815297,7631155532019663879,0.01745303717471456
6789508052824949761,6914229795971515394,0.015723868026478474
6789508052824949761,6919186037361361922,0.015488269431101667
6789508052824949761,6940581217293599745,0.01589200364021877
6789508052824949761,7005748432673948673,0.016134261784563227
6789508052824949761,7045303752488469506,0.015893996103811276
6789508052824949761,7113171980896257050,0.015517394892001046
6789508052824949761,7196128414859936794,0.015582945141616001
6789508052824949761,7254140507394245638,0.029872671579638015
6789508052824949761,7267057918439506950,0.015613631448789838
6789508052824949761,7515323874088748050,0.015703981901790478
6789508052824949761,7530213210042729490,0.016101840077029705
6789508052824949761,7544921032646804487,0.015706360214107335
6789508052824949761,7608910206895195157,0.016081137014051866
6789508052824949761,7627890544752886791,0.04940971539348136
6789508052824949761,95775519061,0.01542808392051789
6789909107152815105,6807970882242675714,0.05202606717533747
6789909107152815105,6814495638986720257,0.09760723714096917
6789909107152815105,6827980326506120194,0.015857669703772483
6789909107152815105,6833204431723512834,0.026641816845621943
6789909107152815105,6845216238998684674,0.032713587701655486
6789909107152815105,6870129679489238018,0.10608472075976891
6789909107152815105,6877103683433464833,0.01442888543855614
6789909107152815105,6877339287446422529,0.01631283705850646
6789909107152815105,6883390292378043398,0.015630044823817937
6789909107152815105,6893717255751025666,0.02193686497889963
6789909107152815105,6918855608540644354,0.024968939752582405
6789909107152815105,6978315681420264450,0.042574780113258
6789909107152815105,6979425797577245697,0.03974634839008989
6789909107152815105,7012403129132663810,0.014941971103584754
6789909107152815105,7052126774599140379,0.014840145475304177
6789909107152815105,7054007488706429979,0.07734242725093046
6789909107152815105,7078619125920564226,0.016250531222287916
6789909107152815105,7080283755537499137,0.022386000313212473
6789909107152815105,7091908720364061723,0.033430860238481026
6789909107152815105,7110469283298640898,0.016520042644880408
6789909107152815105,7135823212835259393,0.015630044823817937
6789909107152815105,7148170160443048961,0.023950474938005
6789909107152815105,7174653124672898049,0.016169147746607906
6789909107152815105,7219631248322511874,0.020437982023072496
6789909107152815105,7238588875538793480,0.041630155716086505
6789909107152815105,7333255393327449094,0.050305243520391334
6789909107152815105,7363450236825797637,0.01602679333279499
6789909107152815105,7384728630012806150,0.022826460038772898
6789909107152815105,7553154672204088340,0.02189160700712325
6789909107152815105,7650649289911452693,0.04665553993522909
6790253944469586946,6792123587908043778,0.019693826652461912
6790253944469586946,6822219016431043585,0.029939007649422228
6790253944469586946,6853606251437016066,0.019394909610454276
6790253944469586946,6870707962155992065,0.01612641210518879
6790253944469586946,6871132695309796354,0.042672041607257606
6790253944469586946,6903068209902994434,0.01670707132156947
6790253944469586946,6913152378868302850,0.015105870239789902
6790253944469586946,6921359025180574721,0.02193689149082148
6790253944469586946,6935026650749322242,0.02686845622641457
6790253944469586946,6938596816996811778,0.026799524692825153
6790253944469586946,6949929730662597634,0.02514762762843997
6790253944469586946,6958320233292530689,0.016174454376716177
6790253944469586946,6960845274243712002,0.015091510089188912
6790253944469586946,6968111084863783938,0.017913922480700565
6790253944469586946,7000367216572122113,0.12427079518625953
6790253944469586946,7047332169534063617,0.03794958825496258
6790253944469586946,7124524290486535170,0.04228491431304541
6790253944469586946,7362078617574441989,0.03495812809498414
6790253944469586946,7445331089281270789,0.018102162153941174
6790507954094392321,6871753836990678018,0.10497710222470041
6790507954094392321,6900485384896267265,0.01717381612455123
6790507954094392321,6964587861862876161,0.016686150954768997
6790507954094392321,7091443935339791362,0.015719441728493346
6790507954094392321,7142783450839401473,0.01575908042503296
6790507954094392321,7254140507394245638,0.022762387470548467
6790507954094392321,7274849324386223109,0.015985228266550914
6790507954094392321,7355866766130152464,0.015692454146248442
6790507954094392321,7477085819511178248,0.01674786797323774
6790507954094392321,7477500974065042449,0.015120316743650157
6790507954094392321,7481929553658512439,0.016603111870071935
6790507954094392321,7568781196831409172,0.027640421754408975
6790507954094392321,7627890544752886791,0.03764923011983162
6791117631681496066,6823738969319965698,0.020010954873191867
6791117631681496066,6858020241664181249,0.01882706421743738
6791117631681496066,6877339287446422529,0.014814689341579026
6791117631681496066,6881613830130418689,0.018452472017415743
6791117631681496066,6912352842767680514,0.025162339928337055
6791117631681496066,6915746450216748033,0.026074792167508992
6791117631681496066,6921629815418848258,0.0235680120620355
6791117631681496066,6941389168077702146,0.031125682872917858
6791117631681496066,6958728103464993798,0.018031485699445723
6791117631681496066,7005622091391714330,0.021784272715788068
6791117631681496066,7022043784491222018,0.024920796383256914
6791117631681496066,7054799740815311899,0.020065016450904423
6791117631681496066,7257262932941259782,0.019559540867013555
6791117631681496066,7384728630012806150,0.017211767263277434
6791117631681496066,7488350271514821639,0.01933503830318974
6791345207919051777,6796561541916591105,0.03163201623658724
6791345207919051777,6820978069932540930,0.024787617230307892
6791345207919051777,6837076813065094145,0.015378786413713345
6791345207919051777,6907338844421719041,0.021241032095235892
6791345207919051777,7032227302164448283,0.01752808303887392
6791345207919051777,7237187612749874182,0.01688305107332159
6791345207919051777,7277563253713224709,0.015884821366158628
6791345207919051777,7421159900989047814,0.01656580469944118
6791345207919051777,7478201262862681105,0.014715302209056813
6791345207919051777,7497789201774920725,0.019433088062573576
6791345207919051777,7510202614824551431,0.015079081466506132
6791345207919051777,7587437314005304341,0.01597443714230601
6791345207919051777,7592121729054213121,0.015817190392127846
6791345207919051777,7618421559720412178,0.017068527444053995
6791345207919051777,7641155549304505352,0.014951205778341269
6791345207919051777,7652473478721979400,0.01557015251855169
6791345207919051777,7652707278761018388,0.015855500327834185
6791345207919051777,7653078869913863175,0.015039761376289231
6792123587908043778,6799184260408050690,0.016168317236442346
6792123587908043778,6822219016431043585,0.01802760952372116
6792123587908043778,6871132695309796354,0.016580391358772366
6792123587908043778,6871174504082342914,0.01584707788716478
6792123587908043778,6881383602803934210,0.015104613771956273
6792123587908043778,6882631863488431106,0.015770658346479963
6792123587908043778,6923227293196944385,0.01729183393517049
6792123587908043778,6949929730662597634,0.028890944668937307
6792123587908043778,6958677518510654470,0.020497841643702927
6792123587908043778,7041167510071526405,0.01595425607677197
6792123587908043778,7124524290486535170,0.017740295345628824
6792123587908043778,7198497671228834818,0.02920771947979902
6792123587908043778,7231031844086088705,0.015971620362588253
6792123587908043778,7477500974065042449,0.015164252070835006
6792123587908043778,7515323874088748050,0.01836142122722354
6792123587908043778,7577673427314541589,0.032440978514230355
6792123587908043778,7581801127412319248,0.03134181226237044
6792123587908043778,7653909888418890773,0.01995777482094069
6792529910911321090,6816804544841368577,0.03639849992147727
6792529910911321090,6958784923474166786,0.014795987291914014
6792529910911321090,6959168054680978434,0.03025101299027219
6792529910911321090,6972477904908207105,0.01463689413132238
6792529910911321090,6980621105678599169,0.015292362489711987
6792529910911321090,7005622091391714330,0.015196872664690976
6792529910911321090,7135220356252517402,0.028318499415761617
6792529910911321090,7137486032777577473,0.014665076723732615
6792529910911321090,7177602177161561114,0.017233432518758897
6792529910911321090,7240198843681489922,0.015245915964128451
6792529910911321090,7271800847229633541,0.024346612555791416
6792529910911321090,7286348668494988294,0.03861074067891998
6792529910911321090,7300420401526604806,0.0147206905879499
6792529910911321090,7322149836118082565,0.015054177865277359
6792529910911321090,7331684378399196166,0.017116436775604184
6792529910911321090,7361451922681119749,0.029777792065074873
6792529910911321090,7372215376808182789,0.014488632051373717
6792529910911321090,7384818817710916613,0.03205045145031682
6792529910911321090,7450744199001637895,0.01493284597899004
6792529910911321090,7522349223884719105,0.014762072435074441
6792529910911321090,7641515667149145109,0.014759117554625167
6793092651313005570,6796118400902300673,0.01563924864184771
6793092651313005570,6855938496336659457,0.02076583869392672
6793092651313005570,6883544605590766594,0.022533819716910486
6793092651313005570,6902777439399920641,0.015437415192081461
6793092651313005570,6912770377378841601,0.01774233390330369
6793092651313005570,6919245969214080001,0.026900086945110147
6793092651313005570,6925056214594274306,0.01521958339269255
6793092651313005570,6949516198539346945,0.01606457856935783
6793092651313005570,6959317815221093378,0.01564188972709261
6793092651313005570,6983637584456647681,0.016223889689057282
6793092651313005570,7035968949859959835,0.015210981357080709
6793092651313005570,7121523637161001985,0.07379041784594344
6793092651313005570,7132780297389507585,0.031304134442700984
6793092651313005570,7420280666741621765,0.015814959512486397
6793092651313005570,7495411659411948599,0.01606093692190358
6793092651313005570,7546926530825077778,0.025714290982293036
6793092651313005570,7577673427314541589,0.023348466846527048
6793092651313005570,7607445622497264647,0.03181506848676537
6793092651313005570,93013606744592384,0.015543294117620867
6793912738013316098,6815404286269621250,0.020999993863630443
6793912738013316098,6905370655970051073,0.01522269210602444
6793912738013316098,6909664281428820994,0.023143401150445393
6793912738013316098,6922636080495952898,0.01787727966627343
6793912738013316098,6954923960769807361,0.015205626196259248
6793912738013316098,6978315681420264450,0.021202144094122143
6793912738013316098,7000316775146144770,0.014545423877229161
6793912738013316098,7091908720364061723,0.01664849270110517
6793912738013316098,7121523637161001985,0.015837961083696995
6793912738013316098,7154384053285078043,0.050680302013546376
6793912738013316098,7159615477097841669,0.015357594423595473
6793912738013316098,7254140507394245638,0.08254250709011676
6793912738013316098,7321759691690951685,0.019002407155493683
6793912738013316098,7331684378399196166,0.03635358797347095
6793912738013316098,7377168369478452229,0.017606523996210415
6793912738013316098,7457809067773297681,0.01883423413716571
6793912738013316098,7627890544752886791,0.06328956355111803
6793912738013316098,7642599508594115605,0.01894093187554062
6793966950622020610,6796561541916591105,0.01501767777960107
6793966950622020610,6826232852025263106,0.015969653739200788
6793966950622020610,6836139867615151105,0.017580913244074875
6793966950622020610,6840729921989297153,0.040403706313146284
6793966950622020610,6891957094863389697,0.019483279640656048
6793966950622020610,6904463856761816065,0.015069936979307813
6793966950622020610,6939349569991050242,0.022529164902928958
6793966950622020610,7001471155397248001,0.015081182844857873
6793966950622020610,7193163348693943298,0.01745048413872536
6793966950622020610,7233640485796660225,0.02017211123942435
6793966950622020610,7267057918439506950,0.016935631330779334
6793966950622020610,7369653419626202117,0.02498485374800976
6793966950622020610,7577673427314541589,0.019762978470692312
6796118400902300673,6820978069932540930,0.019117545436417093
6796118400902300673,6822219016431043585,0.021690355009141647
6796118400902300673,6887819547920745477,0.02428404575059194
6796118400902300673,6902777439399920641,0.015116673136790396
6796118400902300673,6923227293196944385,0.015731716215898525
6796118400902300673,6949929730662597634,0.02410921532124709
6796118400902300673,6959317815221093378,0.015307414776017391
6796118400902300673,6959419874189050881,0.01565271120028654
6796118400902300673,6962343424021726209,0.0414747368953447
6796118400902300673,6983637584456647681,0.015864395948100497
6796118400902300673,6998723476065862683,0.019742705487182054
6796118400902300673,7040064114538382337,0.030983201652398214
6796118400902300673,7051051150916731905,0.1230821833956596
6796118400902300673,7089701400901600283,0.028734292716428484
6796118400902300673,7169932462054196250,0.0154435775624332
6796118400902300673,7257262932941259782,0.021069363357603052
6796118400902300673,7316445862590301189,0.0278234616493772
6796118400902300673,7323833518098056198,0.015020316675100715
6796118400902300673,7369653419626202117,0.024930774201772643
6796118400902300673,7627890544752886791,0.026640519578664524
6796494815040848898,6807970882242675714,0.016188372167365437
6796494815040848898,6914228315911128066,0.01850939130704092
6796494815040848898,6942299627752735746,0.01606418794040263
6796494815040848898,6961159945572844550,0.022841579097864995
6796494815040848898,6968111084863783938,0.016303055821419544
6796494815040848898,6993562834723374086,0.016231567269539973
6796494815040848898,7058993133036782618,0.015932994043672006
6796494815040848898,7154310477883032578,0.019991384254772704
6796494815040848898,7353257468749988869,0.01622253423855238
6796494815040848898,7531066706552275986,0.01626023094119203
6796494815040848898,7627162419760890887,0.01563762113993111
6796494815040848898,7635591227443250194,0.015971711541938945
6796494815040848898,86855738395926528,0.01600192297268446
6796501145089229825,6816804544841368577,0.015442156383127029
6796501145089229825,6846562081585742849,0.024831183945743768
6796501145089229825,6884391295285806086,0.016376770164440706
6796501145089229825,6929807010993357825,0.017333105421598945
6796501145089229825,6940581217293599745,0.017287483289460455
6796501145089229825,6978315681420264450,0.018704179699937533
6796501145089229825,70836239101,0.016795470163821807
6796501145089229825,7091908720364061723,0.0341972410796007
6796501145089229825,7257089825308165126,0.01535516391649774
6796501145089229825,7481214404483417096,0.015161911225194195
6796501145089229825,7495411659411948599,0.019833682789664814
6796501145089229825,7550661278433231879,0.01646390298525429
6796501145089229825,7627890544752886791,0.01572347576266559
6796561541916591105,6820978069932540930,0.021432935401341353
6796561541916591105,6837076813065094145,0.0186119134793786
6796561541916591105,6868961500935226369,0.01625624655343751
6796561541916591105,6870096820917584898,0.014771580717072384
6796561541916591105,6881383602803934210,0.01980879432026206
6796561541916591105,6904463856761816065,0.016234248203683375
6796561541916591105,6907338844421719041,0.06321111606106866
6796561541916591105,6949832392740242434,0.01626925157943064
6796561541916591105,7005622091391714330,0.014909913802499019
6796561541916591105,7007000291115598850,0.022103667424927483
6796561541916591105,7012228858045465601,0.015144652641148018
6796561541916591105,7032227302164448283,0.02121306299487864
6796561541916591105,7060374955943003137,0.014505515775362774
6796561541916591105,7177726893490603034,0.0970335421622169
6796561541916591105,7204083942915130395,0.017164852358622903
6796561541916591105,7455150278313755655,0.015929869026372334
6796561541916591105,7481214404483417096,0.015152034545289418
6796561541916591105,7518436263998063623,0.01590131205733207
6796561541916591105,7617823686238143508,0.016327370850531583
6796561541916591105,7641155549304505352,0.023816995812564874
6797030305159152641,6811330950171345921,0.019709984831299286
6797030305159152641,6819447568583541762,0.018052340466596463
6797030305159152641,6883775352537023489,0.01548624589217217
6797030305159152641,6915746450216748033,0.026396903127346546
6797030305159152641,6921359025180574721,0.018346951937049244
6797030305159152641,6930532553419015170,0.014929856785064628
6797030305159152641,6956088875182720002,0.015462054708648155
6797030305159152641,6966494018633499650,0.0166330704574747
6797030305159152641,7096897188358456322,0.015472339053357943
6797030305159152641,7108182400240223233,0.022472808748647963
6797030305159152641,7139916028763800577,0.01751710588259145
6797030305159152641,7183388245819507738,0.022262773440889765
6797030305159152641,7240198843681489922,0.0402880811146898
6797030305159152641,7257262932941259782,0.023480699678783835
6797030305159152641,7265249858515158022,0.03319985302971308
6797030305159152641,7267057918439506950,0.02112669818608009
6797030305159152641,7345372771347792902,0.024267779770471714
6797030305159152641,7406882852758012934,0.01957599939232404
6797030305159152641,7478421096736359430,0.016390730215263983
6797030305159152641,7499493589689779218,0.015989239363542407
6797030305159152641,7512994775039083538,0.015468120987887447
6797030305159152641,7563951994022413330,0.0266139646222313
6797983925664302082,6869604967994541057,0.016040727452031143
6797983925664302082,6879408727230465026,0.024819840828005004
6797983925664302082,6924904614709969921,0.015413223744612528
6797983925664302082,6949516198539346945,0.024970208914773123
6797983925664302082,6958320233292530689,0.05840837244934664
6797983925664302082,6959419874189050881,0.11076554380049183
6797983925664302082,7006234259389088770,0.04681717469487572
6797983925664302082,7064593869828932614,0.0154489717312695
6797983925664302082,7148170160443048961,0.08926980232860277
6797983925664302082,7179990250806297626,0.017735048911461496
6797983925664302082,7193163348693943298,0.017335441159278316
6797983925664302082,7226016778555556890,0.015882511569441298
6797983925664302082,7326825435546174471,0.016094170401648334
6797983925664302082,7328024330810950662,0.015935508359484808
6797983925664302082,7334668853316273157,0.01595842618202404
6797983925664302082,7507818955039278088,0.016086754214566932
6797983925664302082,7572718529432126480,0.025175232245317657
6797983925664302082,7606263940389946389,0.03145400065669036
6797983925664302082,7627890544752886791,0.02168904541338815
6799184260408050690,6869604967994541057,0.01661258838266119
6799184260408050690,6871174504082342914,0.01593183237553556
6799184260408050690,6882631863488431106,0.015854424004165264
6799184260408050690,7041167510071526405,0.016576186808557165
6799184260408050690,7080283755537499137,0.015521978650887966
6799184260408050690,7144680901561107483,0.015745655247063315
6799184260408050690,7231031844086088705,0.016593983519001657
6799184260408050690,7316163220909196294,0.015720340154096984
6799184260408050690,7355866766130152464,0.015506463563836947
6799184260408050690,7477500974065042449,0.015750121301047346
6799184260408050690,7571687209402532882,0.016124313474297606
6799184260408050690,7577673427314541589,0.0156762628623837
6800380754986042369,6964738659434152962,0.013564791012490076
6800380754986042369,6995145012439450625,0.01329147995756913
6800380754986042369,7011714332183741467,0.012710149576199314
6800380754986042369,7046489917002564609,0.01741298641678569
6800380754986042369,7075674626739536898,0.01672881506261637
6800380754986042369,7113171980896257050,0.014287471828010587
6800380754986042369,7154310477883032578,0.017391025269785712
6800380754986042369,7192449099722916869,0.01576662814504857
6800380754986042369,7207116376669438978,0.01602063977838781
6800380754986042369,7226016778555556890,0.015828607701752786
6800380754986042369,7641155549304505352,0.017149471942175247
6800380754986042369,7650649289911452693,0.015332464315724057
6800380754986042369,95775519061,0.015716464474166966
6800548226338489346,6878826082558428161,0.026035820719757914
6800548226338489346,6912352842767680514,0.015979427826947737
6800548226338489346,6936501950632805377,0.015680180252946603
6800548226338489346,6940145353048474626,0.016622228046469848
6800548226338489346,6940465180879586305,0.015306509723052853
6800548226338489346,6941853637615748098,0.016438082387887822
6800548226338489346,6961428341711406081,0.020921082256392207
6800548226338489346,6986850469483676673,0.01635704531002442
6800548226338489346,7135008576062456859,0.016558637564117462
6800548226338489346,7193163348693943298,0.08173421021364552
6800548226338489346,7254140507394245638,0.016942817927253735
6800548226338489346,7270110578827150342,0.01674463174139988
6800548226338489346,7359896669410853893,0.015794172860564087
6800548226338489346,7485973175349232646,0.016548911612138957
6800548226338489346,7536548421932319751,0.01646116740202085
6800548226338489346,7627890544752886791,0.028023600417439627
6801315654327976962,6829551693668516865,0.022935522958160617
6801315654327976962,6870516830428201985,0.027308082480272628
6801315654327976962,6916793805480805377,0.021770480481088674
6801315654327976962,6947166484004373506,0.017785722028290596
6801315654327976962,6964587861862876161,0.028665252949333263
6801315654327976962,6968101486514226177,0.02538876798435534
6801315654327976962,7020605956485940251,0.018395275541275773
6801315654327976962,7063506594294924289,0.014700179055868777
6801315654327976962,7077082709159904282,0.024197877521853893
6801315654327976962,7081966595417244674,0.04767757206118875
6801315654327976962,7142783450839401473,0.025204860934886796
6801315654327976962,7355012714336912390,0.029298091234897253
6801315654327976962,7361451922681119749,0.019013309979038048
6801315654327976962,7367299781642208262,0.016405239345319813
6801315654327976962,7383901183393448966,0.019496819824192786
6801315654327976962,7400357743557297157,0.023909929390368685
6801315654327976962,7501201778134893584,0.023383222084860884
6801315654327976962,7604788544276333586,0.026024935136189076
6803169593541624833,6902777439399920641,0.06040820332691115
6803169593541624833,6910753120483165186,0.01656651473408712
6803169593541624833,6922656772109452290,0.016604852761762656
6803169593541624833,6961159945572844550,0.016573432774576975
6803169593541624833,6964970683512931333,0.01651184509771113
6803169593541624833,7032542326535341083,0.015377925323126203
6803169593541624833,7108182400240223233,0.01654195165283195
6803169593541624833,7177726893490603034,0.019079886118176407
6803169593541624833,7192220822001746970,0.01601699339605311
6803169593541624833,7369653419626202117,0.016015642841605705
6803169593541624833,7501664443560084488,0.016522798095218644
6803169593541624833,7526895629398737928,0.016571917134121168
6803764186801095681,6813610779519386626,0.01731280752782573
6803764186801095681,6849158272508838913,0.02499455284905136
6803764186801095681,6859721993622471682,0.02508402454541592
6803764186801095681,6883390292378043398,0.04687841765795143
6803764186801095681,6887524111863694337,0.014908010138163395
6803764186801095681,6930270659085009921,0.015462269916013752
6803764186801095681,6936501950632805377,0.03860978443036265
6803764186801095681,7004640947586024474,0.015182802235731591
6803764186801095681,7035968949859959835,0.01713595912380367
6803764186801095681,7150267271930446853,0.014810243330000814
6803764186801095681,7323833518098056198,0.0151677827610426
6803764186801095681,7346971685042701317,0.014973205883274186
6803764186801095681,7377398977324647430,0.014662498795212479
6803764186801095681,7486331907643393040,0.014957710511934381
6803764186801095681,7534390074759922704,0.014905975672770843
6803764186801095681,7581801127412319248,0.015554943932197949
6803764186801095681,7587437314005304341,0.014835777483069138
6805891388057224193,6813610779519386626,0.015072446963970913
6805891388057224193,6860294785044874241,0.02190471359681451
6805891388057224193,6891957094863389697,0.01541070038380414
6805891388057224193,6918283987047728130,0.015314169770200552
6805891388057224193,6987731969648788507,0.015309399900204029
6805891388057224193,7027245586970723355,0.015312078720126404
6805891388057224193,7099686562410054682,0.015130338540146643
6805891388057224193,7136425984111002625,0.01513168662635222
6805891388057224193,7183388245819507738,0.015262990690982218
6805891388057224193,7319919338914857990,0.015042553267985249
6805891388057224193,73466833727,0.015156172428799889
6805891388057224193,7476795457228145681,0.015112399736446751
6805891388057224193,7481556266751230977,0.015430972167647314
6806265446909510657,6823738969319965698,0.05000458729795961
6806265446909510657,6851242490378437633,0.015312911219482701
6806265446909510657,6858020241664181249,0.022565562662553846
6806265446909510657,6871752909106938881,0.02911396815105119
6806265446909510657,6921629815418848258,0.025923841997489133
6806265446909510657,6924145368151442437,0.02297889284354936
6806265446909510657,6941389168077702146,0.021782553393035458
6806265446909510657,6958672722403836933,0.015146876445009934
6806265446909510657,6998723476065862683,0.01963459695232678
6806265446909510657,7022043784491222018,0.028954144114569487
6806265446909510657,7024874583044637697,0.014696211727903228
6806265446909510657,7035968949859959835,0.02074241870537059
6806265446909510657,7049621725458105346,0.015366631882287015
6806265446909510657,7052126774599140379,0.01450846659023495
6806265446909510657,7096068961858765826,0.021029729786067524
6806265446909510657,7105261059741565979,0.015145907056548811
6806265446909510657,7136425984111002625,0.018220441776348344
6806265446909510657,7150267271930446853,0.015228860907422448
6806265446909510657,7267937623179576325,0.014586207187119178
6806265446909510657,7276081914455933957,0.021952694180648966
6806265446909510657,7355093638134744070,0.024988092961495557
6806265446909510657,7396645252126671877,0.0225097447517917
6806265446909510657,7497789201774920725,0.023386306162520656
6806491020194350081,6868961500935226369,0.0166812115047223
6806491020194350081,6916793805480805377,0.01672806465248192
6806491020194350081,6987280497861067778,0.016504127203633707
6806491020194350081,7097167337245525019,0.02283627925360822
6806491020194350081,7183388245819507738,0.015910003482250384
6806491020194350081,7333255393327449094,0.016178523042023416
6806491020194350081,7345372771347792902,0.01674252260239048
6806491020194350081,7400503260173730822,0.01657533261901333
6806491020194350081,7406882852758012934,0.022484333460012284
6806491020194350081,7464192594000741377,0.016409120701545085
6806491020194350081,7473109249481589776,0.014973229004833544
6806491020194350081,7505361348164092936,0.01669056222988685
6806491020194350081,7563951994022413330,0.024871930236769403
6806491020194350081,7583691841695859720,0.015599629218055043
6807970882242675714,6814495638986720257,0.0620444927457614
6807970882242675714,6833204431723512834,0.02822499062620364
6807970882242675714,6845216238998684674,0.03465757277662727
6807970882242675714,6870129679489238018,0.06743324450531876
6807970882242675714,6893717255751025666,0.0232404498531595
6807970882242675714,6899092861301539842,0.017234526226841403
6807970882242675714,6918855608540644354,0.026452703828218578
6807970882242675714,6961159945572844550,0.01710387108125998
6807970882242675714,6968111084863783938,0.016160562066718044
6807970882242675714,6978315681420264450,0.04952542467747335
6807970882242675714,6979425797577245697,0.0441717408817953
6807970882242675714,7054007488706429979,0.04916307240189019
6807970882242675714,7058993133036782618,0.016225487855703186
6807970882242675714,7080283755537499137,0.023716274781854636
6807970882242675714,7091908720364061723,0.03888869293604277
6807970882242675714,7110469283298640898,0.020100613173735214
6807970882242675714,7148170160443048961,0.02537371736077391
6807970882242675714,7159615477097841669,0.015326201377640139
6807970882242675714,7238588875538793480,0.044104002428311466
6807970882242675714,7333255393327449094,0.08882433675847845
6807970882242675714,7384728630012806150,0.026553046763747392
6807970882242675714,7531066706552275986,0.016611885588209172
6807970882242675714,7553154672204088340,0.040316777371966726
6807970882242675714,7627890544752886791,0.02846581881738284
6807970882242675714,7650649289911452693,0.04942801705164899
6808778790597116929,6830724950749840385,0.018372634484966295
6808778790597116929,6838394070915974146,0.019982105146177914
6808778790597116929,6849158272508838913,0.01583967379079366
6808778790597116929,6871174504082342914,0.020658128808215177
6808778790597116929,6878792033083933697,0.015017292838226039
6808778790597116929,6907338844421719041,0.02772115640197544
6808778790597116929,6921629815418848258,0.02052813013776451
6808778790597116929,6959045098000991234,0.02929750492135913
6808778790597116929,6960845274243712002,0.014825721010509873
6808778790597116929,6961362649994478593,0.01597728450568446
6808778790597116929,7027245586970723355,0.015925164801778906
6808778790597116929,7163041914702775297,0.015734859923071002
6808778790597116929,7219631248322511874,0.023283288583013647
6808778790597116929,7343513808779904005,0.020006889573623673
6808778790597116929,7345041413702272001,0.015763654966387715
6808778790597116929,7496951292298249223,0.017354602624308775
6808778790597116929,7516118321939727361,0.017595963474669185
6808778790597116929,7627890544752886791,0.020568641543537543
6808778790597116929,7634034175490606101,0.018002625323643114
6808778790597116929,7642911089734927378,0.020055368679409054
6810713854601102338,6868244544707675138,0.015133114162343732
6810713854601102338,6917841879556539394,0.016654626095450764
6810713854601102338,6942299627752735746,0.016119214080005367
6810713854601102338,7054799740815311899,0.01589914333005622
6810713854601102338,7164308860937126914,0.022934461225761114
6810713854601102338,7216684653520339994,0.017413850538971706
6810713854601102338,7274448121809142789,0.016733299293916374
6810713854601102338,7305828667954021382,0.021626616759433948
6810713854601102338,7319472514870084614,0.016140109461568183
6810713854601102338,7467010964014023688,0.016617367551138428
6810713854601102338,7583691841695859720,0.019348521417424044
6810713854601102338,7618421559720412178,0.016097174704746045
6810713854601102338,7627162419760890887,0.01655576071845943
6810713854601102338,7627890544752886791,0.01699407511737756
6810713854601102338,7635591227443250194,0.016215539331092148
6810713854601102338,7639298353755030529,0.017025288522599703
6810713854601102338,86855738395926528,0.01618340314041227
6811144195337307138,6840264030130144258,0.027842090904061877
6811144195337307138,6851799698815845377,0.016219075508066352
6811144195337307138,6919186037361361922,0.01559775891111622
6811144195337307138,6978452201935291393,0.016169690952108705
6811144195337307138,7040064114538382337,0.016158019167343968
6811144195337307138,7104942140773450754,0.01549528695304453
6811144195337307138,7267057918439506950,0.01576652833924907
6811144195337307138,7309331808796460037,0.015603954910071783
6811144195337307138,7317979152307454981,0.016269213652378274
6811144195337307138,7491833609532605441,0.01613181386524299
6811144195337307138,7507818955039278088,0.033485581825467764
6811144195337307138,7523217404127364112,0.01589738464578893
6811144195337307138,7568781196831409172,0.016085646016621654
6811144195337307138,81308061605,0.016232702994788496
6811330950171345921,6840729921989297153,0.016798624474222337
6811330950171345921,6966148415672173569,0.015109036397754072
6811330950171345921,7002112944796779546,0.015075421335984591
6811330950171345921,7144565544971797531,0.015135116862546637
6811330950171345921,7166227528167867418,0.01508727851415407
6811330950171345921,7240198843681489922,0.01759315452297673
6811330950171345921,7265249858515158022,0.01861926489601269
6811330950171345921,7267057918439506950,0.02123597403457046
6811330950171345921,7319472514870084614,0.015135701764861289
6811330950171345921,7363450236825797637,0.015191577129741545
6812518023523648514,6829551693668516865,0.015423850462770526
6812518023523648514,6871426693903778821,0.01638590756031693
6812518023523648514,6881383602803934210,0.015318571532999847
6812518023523648514,6887819547920745477,0.015182545689343253
6812518023523648514,6907338844421719041,0.01530239395029088
6812518023523648514,6932353646320108546,0.01848440096115561
6812518023523648514,6939349569991050242,0.015273195618436004
6812518023523648514,6994452656194847745,0.015508375335298415
6812518023523648514,7005748432673948673,0.015685503046589097
6812518023523648514,7284239018626466822,0.015546491684711615
6812518023523648514,7355012714336912390,0.016070324673448558
6812518023523648514,7571687209402532882,0.01522488850300721
6812518023523648514,7577673427314541589,0.015461833479536601
6812518023523648514,7637056590491091976,0.02071989406905315
6812520051217761282,6819447568583541762,0.12402360994476662
6812520051217761282,6876392341809824773,0.015301273509729737
6812520051217761282,6909417612863554561,0.01592440077069786
6812520051217761282,6935727749428511746,0.028213835588365703
6812520051217761282,7016976235000710170,0.014875494937215428
6812520051217761282,7017368046475068418,0.019460224382870067
6812520051217761282,7025843669941208090,0.026712743133016158
6812520051217761282,7040064114538382337,0.02442127962349355
6812520051217761282,70729628102,0.020197483477291608
6812520051217761282,7102360937428108314,0.03183853021573644
6812520051217761282,7151061694003921947,0.015162672335344182
6812520051217761282,7151777693745841157,0.01541710222893878
6812520051217761282,7160116207869428738,0.015915424993405227
6812520051217761282,7164308860937126914,0.01603764215302509
6812520051217761282,7186497865421161499,0.015906498101740957
6812520051217761282,7361451922681119749,0.016005008746956206
6812520051217761282,7506867441839244344,0.016045768632632667
6812520051217761282,7507877861438964754,0.01577707355154959
6812815188275495938,6854824681779348482,0.014936266622357619
6812815188275495938,6910170213696111618,0.016800096942047694
6812815188275495938,6919186037361361922,0.016224866865389896
6812815188275495938,6966494018633499650,0.018181853816020967
6812815188275495938,6980621105678599169,0.022586882088389826
6812815188275495938,7076404041312404482,0.014824075768465648
6812815188275495938,7113171980896257050,0.04958874575181011
6812815188275495938,7119475270255870977,0.030987887473563902
6812815188275495938,7177602177161561114,0.01651536655166265
6812815188275495938,7331684378399196166,0.01640324567376552
6812815188275495938,7345372771347792902,0.01796704777553079
6812815188275495938,7352412606437704710,0.030987887473563902
6812815188275495938,7563951994022413330,0.018031314063831936
6812815188275495938,7626262691652420629,0.024330905779667643
6812815188275495938,7627890544752886791,0.019319232392863275
6812815188275495938,86855738395926528,0.0198390121535451
6813298623070798850,6860294785044874241,0.016395909504528423
6813298623070798850,6888476693641200641,0.040338457763957676
6813298623070798850,6891957094863389697,0.016120414184024646
6813298623070798850,6899092861301539842,0.017090253518048156
6813298623070798850,6922636080495952898,0.015595459796483649
6813298623070798850,6945456727777772549,0.015747503721457723
6813298623070798850,6956078953695413249,0.015677687203241548
6813298623070798850,6958268752132178946,0.016332975624202956
6813298623070798850,6958281584488236033,0.019144302824123598
6813298623070798850,6964714945469662210,0.01894167212827584
6813298623070798850,6985727260917662725,0.01638339453947081
6813298623070798850,70836239101,0.018337908952781
6813298623070798850,7084186676168508442,0.016418111540867916
6813298623070798850,7120541706823533594,0.018648328913191587
6813298623070798850,7197170815606031362,0.01752308970329697
6813298623070798850,7206554298104415258,0.01601791875224698
6813298623070798850,7311615611494614021,0.01553951227162057
6813298623070798850,7481556266751230977,0.016098603206404383
6813298623070798850,7565406894694269953,0.015253322135837038
6813610779519386626,6816804544841368577,0.016459262581885806
6813610779519386626,6874567311643395073,0.015202563817872276
6813610779519386626,6899092861301539842,0.039110841731089564
6813610779519386626,6918283987047728130,0.015865508976153624
6813610779519386626,6940581217293599745,0.021802540833611737
6813610779519386626,6959419874189050881,0.016883698703685446
6813610779519386626,6979425797577245697,0.020584622228361583
6813610779519386626,6987731969648788507,0.015860617914482785
6813610779519386626,6988040833657242625,0.05867815877942687
6813610779519386626,7099686562410054682,0.015671274369545428
6813610779519386626,7319919338914857990,0.015341403949434571
6813610779519386626,73466833727,0.01570389012866124
6813610779519386626,7354443424308167685,0.03805248028856267
6813610779519386626,7423293361527014405,0.024093052085650653
6813610779519386626,7445226957769507895,0.015231118140050893
6813610779519386626,7476795457228145681,0.015652903664451892
6813610779519386626,7481556266751230977,0.015722829851831162
6813610779519386626,7627890544752886791,0.024515224876189776
6813610779519386626,7643821011835061269,0.021180899379441096
6814393358795179010,6829077348115170306,0.017560047680707444
6814393358795179010,6884514024563622913,0.020281380610713728
6814393358795179010,6907064109915046914,0.014951631473512958
6814393358795179010,6958784923474166786,0.014672192638609964
6814393358795179010,6972477904908207105,0.014379748183855496
6814393358795179010,7127708623191933953,0.015236946208263658
6814393358795179010,7131585685501363202,0.020281380610713728
6814393358795179010,7177602177161561114,0.024965666930354336
6814393358795179010,7196069191677543425,0.020281380610713728
6814393358795179010,7248502263702291463,0.015236946208263658
6814393358795179010,7254140507394245638,0.014744919142483673
6814393358795179010,7282408479507563526,0.015236946208263658
6814393358795179010,7300420401526604806,0.014513973312098463
6814393358795179010,7331684378399196166,0.02479617795868892
6814393358795179010,7481556266751230977,0.020281380610713728
6814393358795179010,7652473478721979400,0.014549561000120366
6814495638986720257,6833204431723512834,0.031772111592468684
6814495638986720257,6845216238998684674,0.039013096031317064
6814495638986720257,6852682568228963330,0.016734814673041845
6814495638986720257,6870129679489238018,0.1532549868005614
6814495638986720257,6893717255751025666,0.04188227270554763
6814495638986720257,6899092861301539842,0.01940044189117183
6814495638986720257,6918855608540644354,0.029777096087763306
6814495638986720257,6961159945572844550,0.0167640332495328
6814495638986720257,6964970683512931333,0.027211561993910834
6814495638986720257,6978315681420264450,0.05077321387732376
6814495638986720257,6979425797577245697,0.04740012378887721
6814495638986720257,6992412727014048794,0.027211561993910834
6814495638986720257,7054007488706429979,0.09223591032429035
6814495638986720257,7080283755537499137,0.026696771627168728
6814495638986720257,7091908720364061723,0.03986849051189203
6814495638986720257,7100750102336177154,0.015789046158895436
6814495638986720257,7110469283298640898,0.01970123289514825
6814495638986720257,7148170160443048961,0.028562510088270036
6814495638986720257,7238588875538793480,0.049646687412037545
6814495638986720257,7333255393327449094,0.05999229782554546
6814495638986720257,7344283645127885830,0.016759429329103688
6814495638986720257,7384728630012806150,0.027222048699433923
6814495638986720257,7553154672204088340,0.026107175227544143
6814495638986720257,7650649289911452693,0.055639787249440985
6815404286269621250,6829077348115170306,0.0200750790168266
6815404286269621250,6870707962155992065,0.0160750973535468
6815404286269621250,6884514024563622913,0.023186173849501186
6815404286269621250,6913152378868302850,0.015056926666927425
6815404286269621250,6922636080495952898,0.021186262609774697
6815404286269621250,6958320233292530689,0.016123153274164383
6815404286269621250,6960845274243712002,0.015042576670296742
6815404286269621250,6969984183800988674,0.06826116334139648
6815404286269621250,7131585685501363202,0.023186173849501186
6815404286269621250,7177602177161561114,0.028541365345224765
6815404286269621250,7196069191677543425,0.023186173849501186
6815404286269621250,7248502263702291463,0.01741925219497503
6815404286269621250,7321759691690951685,0.030072820883931657
6815404286269621250,7331684378399196166,0.2888297281544149
6815404286269621250,7481556266751230977,0.023186173849501186
6815404286269621250,7529488293902566407,0.018023578366957862
6815404286269621250,93013606744592384,0.08127490596942222
6816166239204983809,6854824681779348482,0.015718365484359315
6816166239204983809,6908277550168081410,0.01570470844043953
6816166239204983809,6910687261839967233,0.01661986941514766
6816166239204983809,6922636080495952898,0.05123396723386075
6816166239204983809,6923227293196944385,0.017432750093402807
6816166239204983809,6930532553419015170,0.01542920493650779
6816166239204983809,6994452656194847745,0.016473337591707448
6816166239204983809,7000367216572122113,0.016167152562121947
6816166239204983809,7022223240064025601,0.01780294192420866
6816166239204983809,7032227302164448283,0.015717455420327136
6816166239204983809,7098020878919943170,0.016616051398490733
6816166239204983809,7144238456486331418,0.021660171109595564
6816166239204983809,7170102652008580098,0.015475797125565143
6816166239204983809,7264489075083461633,0.016604188228587093
6816166239204983809,7365461311374066694,0.017202399758080186
6816166239204983809,7446786283143169041,0.01606606053373614
6816166239204983809,7515323874088748050,0.016051088504657324
6816804544841368577,6959168054680978434,0.06351783831699978
6816804544841368577,6967595976622998530,0.019498162283408414
6816804544841368577,7077264630486516762,0.016410436384083675
6816804544841368577,7135220356252517402,0.05095205649868037
6816804544841368577,7240198843681489922,0.018382180630686414
6816804544841368577,7271800847229633541,0.029354997810489374
6816804544841368577,7286348668494988294,0.038867015898538054
6816804544841368577,7329677372679472133,0.014362289505485307
6816804544841368577,7348055396504044550,0.016374837543494
6816804544841368577,7384818817710916613,0.016306194323197572
6816804544841368577,7433436837475779590,0.018816933088664584
6816804544841368577,7545554271439078416,0.016124187890334866
6816804544841368577,7627890544752886791,0.024306193178938614
6817789563286914050,6934684942018905089,0.015408040740353037
6817789563286914050,6956078953695413249,0.015308437153603876
6817789563286914050,7039368916711457819,0.015873656884219642
6817789563286914050,7058797886825792518,0.015534373324754627
6817789563286914050,7066706295660151835,0.0158835645411736
6817789563286914050,7104942140773450754,0.0151378454688896
6817789563286914050,7238588875538793480,0.023131628808910027
6817789563286914050,7311615611494614021,0.015176633611416532
6817789563286914050,7331684378399196166,0.01647070600799311
6817789563286914050,7491833609532605441,0.01577658560470823
6817789563286914050,7523217404127364112,0.01566531582885765
6817789563286914050,7565406894694269953,0.014973391489472694
6817789563286914050,7568781196831409172,0.015817990941714835
6817789563286914050,7627890544752886791,0.019116385346161172
6817789563286914050,7653909888418890773,0.016780735814668175
6819425625885361153,6885133273098388482,0.01879449433465596
6819425625885361153,6891120589751452673,0.02084835317409698
6819425625885361153,6940465180879586305,0.014881207331948676
6819425625885361153,6950174197022065669,0.01641476763647252
6819425625885361153,6958728103464993798,0.02122644236487334
6819425625885361153,7003367467040949249,0.016467852674870283
6819425625885361153,7106791086807614491,0.015701653804032944
6819425625885361153,7120541706823533594,0.025754919451251888
6819425625885361153,7142783450839401473,0.020062613610031445
6819425625885361153,7188777124807181314,0.015388910142152577
6819425625885361153,7254140507394245638,0.018069750166360157
6819425625885361153,7284239018626466822,0.020708252608090314
6819425625885361153,7365461311374066694,0.021602615052631297
6819425625885361153,7520091064683021319,0.026916811527710662
6819425625885361153,7627890544752886791,0.029887558284533804
6819447568583541762,6877807298031780866,0.016576860244820024
6819447568583541762,6926515660747768833,0.01580187906793993
6819447568583541762,6935727749428511746,0.031051341765723484
6819447568583541762,6939127500590416898,0.01637075866575241
6819447568583541762,6958042743239672833,0.015615124522794227
6819447568583541762,6986032885317551131,0.016616518497283916
6819447568583541762,7017368046475068418,0.020798518446965213
6819447568583541762,7025843669941208090,0.029734913951129358
6819447568583541762,7040064114538382337,0.02610074913600844
6819447568583541762,70729628102,0.06227153598817186
6819447568583541762,7088963677072950274,0.016392103770295173
6819447568583541762,7102360937428108314,0.03928383944423774
6819447568583541762,7164308860937126914,0.016605513068104493
6819447568583541762,7177602177161561114,0.016639160087535614
6819447568583541762,7193229205185250330,0.01631932293116115
6819447568583541762,7240198843681489922,0.0174919265422599
6819447568583541762,7265249858515158022,0.01908901718005028
6819447568583541762,7455281387647304705,0.016604836340005587
6819447568583541762,7627890544752886791,0.019464042747558266
6820978069932540930,6839577391792669697,0.02469605515088726
6820978069932540930,6851799698815845377,0.02330178703174221
6820978069932540930,6885133273098388482,0.018112058444029713
6820978069932540930,6909417612863554561,0.015023662102528973
6820978069932540930,6924145368151442437,0.02007566486854243
6820978069932540930,6966148415672173569,0.016912938247514806
6820978069932540930,7022043784491222018,0.022607719762856877
6820978069932540930,7186497865421161499,0.03595641052009467
6820978069932540930,7372140179509216261,0.030177076694958928
6820978069932540930,7476774838238430216,0.01724093223636426
6820978069932540930,7497789201774920725,0.015812312888920772
6822083868406711298,6848106255912207361,0.015460448484591528
6822083868406711298,6921629815418848258,0.015516310691583872
6822083868406711298,6927689178639418369,0.015364096830563586
6822083868406711298,6940465180879586305,0.015334454258467344
6822083868406711298,6956088875182720002,0.018032505807919468
6822083868406711298,6962343424021726209,0.0205303007205891
6822083868406711298,7010662492184495131,0.016257223400274932
6822083868406711298,7040064114538382337,0.09133991124183026
6822083868406711298,7078619125920564226,0.015557618605920415
6822083868406711298,7106791086807614491,0.015626395625424713
6822083868406711298,7278224508979872786,0.01677713140637849
6822083868406711298,7343513808779904005,0.01619185627594504
6822083868406711298,7359896669410853893,0.015494330915524334
6822083868406711298,7445331089281270789,0.01918366356368185
6822083868406711298,7634034175490606101,0.016494283418900444
6822219016431043585,6844898370776122370,0.015874588902928602
6822219016431043585,6871132695309796354,0.02520589179953229
6822219016431043585,6887819547920745477,0.03865227377102975
6822219016431043585,6921359025180574721,0.018251405646263267
6822219016431043585,6923227293196944385,0.017810629978773824
6822219016431043585,6935026650749322242,0.019148681974303573
6822219016431043585,6940145353048474626,0.01895332538409703
6822219016431043585,6949929730662597634,0.0249747084505941
6822219016431043585,6968643664378119170,0.015981004122746414
6822219016431043585,7000352128338478081,0.015714342796161358
6822219016431043585,7000367216572122113,0.024244509457923353
6822219016431043585,7016971336972452891,0.01608031735498392
6822219016431043585,7047332169534063617,0.026105486308052216
6822219016431043585,7052273815992304641,0.015790096812786366
6822219016431043585,7124524290486535170,0.026969204483649454
6822219016431043585,7169932462054196250,0.017894344424345003
6822219016431043585,7325141798954058758,0.015124952330987033
6822219016431043585,7448255517355164673,0.01571672761314343
6822219016431043585,7518436263998063623,0.01755718048253303
6822219016431043585,7599311463005832209,0.01591142471925183
6822219016431043585,7653909888418890773,0.015763980690771937
6823738969319965698,6830724950749840385,0.029632525799539
6823738969319965698,6858020241664181249,0.03427083610241103
6823738969319965698,6860294785044874241,0.016919273401023387
6823738969319965698,6866036800730088449,0.016325571448223
6823738969319965698,6871752909106938881,0.03116257380254521
6823738969319965698,6876960008552416258,0.02934096067606107
6823738969319965698,6878826082558428161,0.03473399104901778
6823738969319965698,6912352842767680514,0.028825564308129287
6823738969319965698,6915746450216748033,0.02348642024301748
6823738969319965698,6918283987047728130,0.0175741957478853
6823738969319965698,6921629815418848258,0.06723183377051442
6823738969319965698,6924145368151442437,0.03248456201030164
6823738969319965698,6935727749428511746,0.027047828456303335
6823738969319965698,6939349569991050242,0.03865247510189805
6823738969319965698,6941389168077702146,0.034467357747107
6823738969319965698,6958672722403836933,0.025340761510831096
6823738969319965698,6971392711799964673,0.035523896094812046
6823738969319965698,6999097948136129562,0.029019715702514354
6823738969319965698,7022043784491222018,0.02854885598085325
6823738969319965698,7047408056128914434,0.02787756729998526
6823738969319965698,7096068961858765826,0.03689768402527419
6823738969319965698,7108182400240223233,0.020784027652221367
6823738969319965698,7136425984111002625,0.02134559173919028
6823738969319965698,7144565544971797531,0.03571365391474156
6823738969319965698,7177726893490603034,0.02874461143948427
6823738969319965698,7182146153348219931,0.024984546231364944
6823738969319965698,7193163348693943298,0.017034783847396567
6823738969319965698,7257262932941259782,0.02936238548380043
6823738969319965698,7258982582568846338,0.03444752254839348
6823738969319965698,7265249858515158022,0.02670848498459294
6823738969319965698,7276081914455933957,0.04577008549985744
6823738969319965698,7322149836118082565,0.020386136844943326
6823738969319965698,7328024330810950662,0.01599571132583246
6823738969319965698,73466833727,0.019542861578797668
6823738969319965698,7355093638134744070,0.02104390980222589
6823738969319965698,7406882852758012934,0.02065213855183887
6823738969319965698,7479292129044612104,0.02477459910439087
6823738969319965698,7483938801250042888,0.02834163868829898
6823738969319965698,7488350271514821639,0.0344180148253825
6823738969319965698,7497789201774920725,0.02432888020547202
6823738969319965698,7568781196831409172,0.025664569889202637
6823738969319965698,7626262691652420629,0.018973302910157405
6823738969319965698,7634034175490606101,0.024246442491534213
6824652061209756674,6856714213596726273,0.014606679539522218
6824652061209756674,6893653391593440258,0.014357388643194212
6824652061209756674,6903068209902994434,0.014714252218101942
6824652061209756674,6918855608540644354,0.014669027888301269
6824652061209756674,6947166484004373506,0.014956206515328113
6824652061209756674,7003367467040949249,0.01463575260059039
6824652061209756674,7039368916711457819,0.0884856861290158
6824652061209756674,7056589938901664769,0.01456726558282502
6824652061209756674,7056720636374385691,0.014613958395768404
6824652061209756674,7084862600232731674,0.01580223293474436
6824652061209756674,7096479885301138458,0.014930244292272927
6824652061209756674,7238588875538793480,0.014800859756646901
6824652061209756674,7496951292298249223,0.023490387447189152
6824652061209756674,7566446773142979591,0.014796982938084135
6824652061209756674,7572718529432126480,0.014524371567601526
6826232852025263106,6939349569991050242,0.02002386707910299
6826232852025263106,6968718267481490433,0.014917425818617162
6826232852025263106,7022043784491222018,0.020537015585396407
6826232852025263106,7192960927724127233,0.01499608334667488
6826232852025263106,7211458676926071835,0.015011077673378732
6826232852025263106,7484436088774624274,0.014970792427825062
6826232852025263106,7512754059523769352,0.014850706356373328
6826232852025263106,7627890544752886791,0.02007232842224641
6826232852025263106,7628866672606708757,0.020657744495342523
6826232852025263106,7642599508594115605,0.015366290920664785
6826232852025263106,7648650172402435093,0.01509003519255779
6826232852025263106,7654157094572098561,0.015464616591438475
6827980326506120194,6877103683433464833,0.014491977992581472
6827980326506120194,6877339287446422529,0.016186629064002207
6827980326506120194,6883390292378043398,0.015683321391437313
6827980326506120194,6918283987047728130,0.019775484319730297
6827980326506120194,7012403129132663810,0.015001080683999088
6827980326506120194,7052126774599140379,0.014900038622455675
6827980326506120194,7077082709159904282,0.01568784185461675
6827980326506120194,7078619125920564226,0.015909030900923844
6827980326506120194,7135823212835259393,0.015683321391437313
6827980326506120194,7174653124672898049,0.01597170687808338
6827980326506120194,7267937623179576325,0.014828964291092069
6827980326506120194,7423293361527014405,0.014848511235214011
6827980326506120194,7546553409273627653,0.02015164870805255
6827980326506120194,7642911089734927378,0.015668282539176303
6829077348115170306,6852682568228963330,0.018003488181987392
6829077348115170306,6874733816599708673,0.015307102869680062
6829077348115170306,6884514024563622913,0.028424847735641957
6829077348115170306,6904567468456657921,0.01819415691144469
6829077348115170306,6959306103192912897,0.015958972070711088
6829077348115170306,6961399341378683910,0.01859840238782931
6829077348115170306,6977774091941102597,0.015274688172153331
6829077348115170306,6978452201935291393,0.019497322737603486
6829077348115170306,6978562375062799362,0.015414271617213388
6829077348115170306,7054799740815311899,0.015660809236924873
6829077348115170306,7119475270255870977,0.019625969913522053
6829077348115170306,7127708623191933953,0.021354950347772204
6829077348115170306,7131585685501363202,0.028424847735641957
6829077348115170306,7150266661496472582,0.015361766336585075
6829077348115170306,7177602177161561114,0.034989988834349894
6829077348115170306,7182583625258632193,0.01602150088252401
6829077348115170306,7196069191677543425,0.028424847735641957
6829077348115170306,7213282682464814107,0.015856908742863787
6829077348115170306,7231559211711382529,0.01859840238782931
6829077348115170306,7248502263702291463,0.021354950347772204
6829077348115170306,7282408479507563526,0.021354950347772204
6829077348115170306,7331684378399196166,0.03475244592221131
6829077348115170306,7338600730439353346,0.015705287355476254
6829077348115170306,7352412606437704710,0.019625969913522053
6829077348115170306,7481556266751230977,0.028424847735641957
6829077348115170306,7536548421932319751,0.01859840238782931
6829077348115170306,7575529166674773008,0.01552100772789294
6829077348115170306,7639298353755030529,0.015676048687931345
6829551693668516865,6830724950749840385,0.037792537570339436
6829551693668516865,6871752909106938881,0.03855435673640228
6829551693668516865,6881383602803934210,0.015799314688909265
6829551693668516865,6892279591021413378,0.045039922748661414
6829551693668516865,6905370655970051073,0.01520027726304403
6829551693668516865,6912352842767680514,0.03454177723486507
6829551693668516865,6912475609672451073,0.024406235690497036
6829551693668516865,6918182823996785665,0.030041926926924468
6829551693668516865,6922733815886889986,0.02817154352571292
6829551693668516865,6934842504743879681,0.052091002703694066
6829551693668516865,6947166484004373506,0.0164958839876057
6829551693668516865,6954923960769807361,0.014959705678093129
6829551693668516865,6968101486514226177,0.0954589811814637
6829551693668516865,6996114982522356737,0.03767077809347667
6829551693668516865,6999097948136129562,0.023197579397419926
6829551693668516865,7050182429319627803,0.03630290594860144
6829551693668516865,7051051150916731905,0.02558068950284267
6829551693668516865,7077082709159904282,0.08063779792278203
6829551693668516865,7081966595417244674,0.023657501543611684
6829551693668516865,7142783450839401473,0.05173925711173574
6829551693668516865,7192960927724127233,0.03806666296553212
6829551693668516865,7248186267946959873,0.020423401844243017
6829551693668516865,7284239018626466822,0.01611398757655178
6829551693668516865,7336152171828904965,0.029968244231071296
6829551693668516865,7343513808779904005,0.055033763310905676
6829551693668516865,7493882569899394065,0.01471809875948268
6829551693668516865,7501201778134893584,0.15938731152263064
6829551693668516865,7522355226557662225,0.04284496229947484
6829551693668516865,7571687209402532882,0.015518532900136127
6829551693668516865,7604788544276333586,0.021393407618836187
6830423953955341314,6958672722403836933,0.01577053953477658
6830423953955341314,6959045098000991234,0.01611504138220931
6830423953955341314,6997282145090028546,0.01698945715070472
6830423953955341314,7002925947272234011,0.016567464276568054
6830423953955341314,7003685691104576514,0.015775248816634235
6830423953955341314,7039129332460274714,0.0158848968853628
6830423953955341314,7049429937271440385,0.01393886264073281
6830423953955341314,7132780297389507585,0.016061999759295755
6830423953955341314,7140728189923607558,0.01577357375338629
6830423953955341314,7225514834670093314,0.01678707620164966
6830423953955341314,7473109249481589776,0.015927058373898056
6830423953955341314,7545554271439078416,0.0200712486844422
6830423953955341314,7592061582878065685,0.015741018111071977
6830423953955341314,7629938843277640725,0.016003012042447504
6830724950749840385,6860294785044874241,0.04920044090455267
6830724950749840385,6871174504082342914,0.02781164863118445
6830724950749840385,6871752909106938881,0.04657056298046745
6830724950749840385,6878826082558428161,0.025611995555916547
6830724950749840385,6883775352537023489,0.016277094569355794
6830724950749840385,6892279591021413378,0.051774118802569366
6830724950749840385,6900485384896267265,0.016993392187582872
6830724950749840385,6912352842767680514,0.038450003585518325
6830724950749840385,6912475609672451073,0.026130756568250712
6830724950749840385,6918182823996785665,0.0345336803185108
6830724950749840385,6918283987047728130,0.01701933549154166
6830724950749840385,6920046433724023810,0.02126740702174368
6830724950749840385,6921629815418848258,0.1884108211966568
6830724950749840385,6922733815886889986,0.03238364438347894
6830724950749840385,6996114982522356737,0.043303167975678944
6830724950749840385,6999097948136129562,0.021033105519560204
6830724950749840385,7050182429319627803,0.04161553470511234
6830724950749840385,7051051150916731905,0.029405415829918964
6830724950749840385,7137486032777577473,0.014692811423320476
6830724950749840385,7166227528167867418,0.02209892178581831
6830724950749840385,7211458676926071835,0.01850504072007963
6830724950749840385,7219888027873690626,0.014692702215989797
6830724950749840385,7258982582568846338,0.01892584573688611
6830724950749840385,7322149836118082565,0.036851136239579356
6830724950749840385,7336152171828904965,0.03444898086931137
6830724950749840385,7343513808779904005,0.06326219997559822
6830724950749840385,73466833727,0.01892584573688611
6830724950749840385,7372215376808182789,0.01488500416012677
6830724950749840385,7450744199001637895,0.01443334044825484
6830724950749840385,7476128992287441937,0.014883364834023326
6830724950749840385,7479292129044612104,0.02399240453872903
6830724950749840385,7497789201774920725,0.04470237107032286
6830724950749840385,7501201778134893584,0.035957575938991494
6830724950749840385,7522349223884719105,0.014595216748269838
6830724950749840385,7522355226557662225,0.04925097630747031
6830724950749840385,7581801127412319248,0.03597054212324802
6830724950749840385,7634034175490606101,0.02348092311930958
6832172451021308929,6840264030130144258,0.01795100526580336
6832172451021308929,6846562081585742849,0.01842550172242705
6832172451021308929,6877807298031780866,0.01600318047629122
6832172451021308929,6885133273098388482,0.016561446730566965
6832172451021308929,6986032885317551131,0.015965800157522157
6832172451021308929,6995145012439450625,0.0176115598530537
6832172451021308929,7002112944796779546,0.025890110056545797
6832172451021308929,7005748432673948673,0.018818060089432945
6832172451021308929,7041167510071526405,0.032033963692683985
6832172451021308929,7164308860937126914,0.01597547608621539
6832172451021308929,7202086685571138562,0.019068716581856004
6832172451021308929,7455281387647304705,0.01597610038617162
6832172451021308929,7495411659411948599,0.020565998854617643
6832456761011995649,6871753836990678018,0.01892613691917358
6832456761011995649,6881383602803934210,0.01709524501399247
6832456761011995649,6967196401395139585,0.015971020595212614
6832456761011995649,6993562834723374086,0.016146716542465394
6832456761011995649,7099686562410054682,0.02202151052403627
6832456761011995649,7202086685571138562,0.0159070432611372
6832456761011995649,7348055396504044550,0.035200195502418534
6832456761011995649,7406882852758012934,0.01621672931958459
6832456761011995649,7491832625380934672,0.019709004308366584
6832456761011995649,7510202614824551431,0.03126949031496942
6832456761011995649,7568781196831409172,0.01637156666079204
6832456761011995649,7653909888418890773,0.01662440489296405
6833204431723512834,6840120098842379265,0.033236013584303566
6833204431723512834,6859637966656177154,0.04313188323777914
6833204431723512834,6870129679489238018,0.034531615533460534
6833204431723512834,6879236273988191237,0.015653053643066715
6833204431723512834,6914228315911128066,0.023120899832957387
6833204431723512834,6918855608540644354,0.3632643694575949
6833204431723512834,6964970683512931333,0.4282303037164379
6833204431723512834,6992412727014048794,0.4282303037164379
6833204431723512834,7003685691104576514,0.018351521085377277
6833204431723512834,7004640947586024474,0.016742309397096162
6833204431723512834,7011714332183741467,0.019220896393852372
6833204431723512834,7054007488706429979,0.03382001403520274
6833204431723512834,7060028465760486402,0.4282303037164379
6833204431723512834,7077992421984797722,0.028735587120446295
6833204431723512834,7113527717450810370,0.0488703585736534
6833204431723512834,7143935053655131163,0.015870387249531655
6833204431723512834,7179990250806297626,0.016279559477896794
6833204431723512834,7195479055549924378,0.03070394059313378
6833204431723512834,7238588875538793480,0.02258503897467275
6833204431723512834,7311554831675458565,0.020222451861182426
6833204431723512834,7333255393327449094,0.027291415705644806
6833204431723512834,7346971685042701317,0.015151815634127805
6833204431723512834,7353257468749988869,0.028735587120446295
6833204431723512834,7377398977324647430,0.015011861141157738
6833204431723512834,7421159900989047814,0.03295630608556849
6833204431723512834,7423293361527014405,0.04366233789725784
6833204431723512834,7448914803424510994,0.019220896393852372
6833204431723512834,7481889367460938759,0.024290402261056054
6833204431723512834,7488005359321629703,0.06837659914169016
6833204431723512834,7489802306281440276,0.0206281247322213
6833204431723512834,7650649289911452693,0.02531139193924221
6834804156868690945,6878792033083933697,0.02173954176388182
6834804156868690945,6881383602803934210,0.01528191250908996
6834804156868690945,6887819547920745477,0.015473326838599755
6834804156868690945,6905370655970051073,0.0152011834364171
6834804156868690945,6921359025180574721,0.015465679780325889
6834804156868690945,6939349569991050242,0.016458349025922258
6834804156868690945,6954923960769807361,0.01496498035692711
6834804156868690945,6958921737837741058,0.013199002435829131
6834804156868690945,7022043784491222018,0.016913834432777317
6834804156868690945,7084862600232731674,0.016203322869212604
6834804156868690945,7121523637161001985,0.015464452267132393
6834804156868690945,7205917572523803649,0.019390096022012245
6834804156868690945,7284239018626466822,0.015510949575949486
6834804156868690945,7367247089417896965,0.035624331001836075
6834804156868690945,7497789201774920725,0.017899925201383098
6834804156868690945,7577673427314541589,0.015425543177113902
6834804156868690945,7627890544752886791,0.023846450600949764
6834804156868690945,7640716169255715857,0.03350526684696902
6836139867615151105,6870516830428201985,0.01603520251963662
6836139867615151105,6877714053142348801,0.015025446667646412
6836139867615151105,6915746450216748033,0.015770396514204366
6836139867615151105,6932353646320108546,0.035314159944725795
6836139867615151105,6966276498689721345,0.016393928051121113
6836139867615151105,6994452656194847745,0.021611203828891985
6836139867615151105,7099686562410054682,0.018057876359417854
6836139867615151105,7193163348693943298,0.03506384351214569
6836139867615151105,7203897797036459035,0.013815264209703785
6836139867615151105,7241559016605746182,0.01613085922229824
6836139867615151105,7277563253713224709,0.031301056880104185
6836139867615151105,7455566091059020817,0.01617398822379666
6836139867615151105,7464192594000741377,0.01585446680417504
6836139867615151105,7607445622497264647,0.016088656048054876
6837076813065094145,6859721993622471682,0.015057687326422426
6837076813065094145,6871752909106938881,0.015112726949593508
6837076813065094145,6921629815418848258,0.01587679424369959
6837076813065094145,6924145368151442437,0.027196664782978407
6837076813065094145,6930270659085009921,0.015053174617935264
6837076813065094145,6945456727777772549,0.02815949163438614
6837076813065094145,7032227302164448283,0.03057177531861193
6837076813065094145,7144565544971797531,0.027761680088748786
6837076813065094145,7177726893490603034,0.01587889423264588
6837076813065094145,7284988452844078087,0.016840713461927143
6837076813065094145,7323833518098056198,0.01485130195330513
6837076813065094145,7358103277785891846,0.018591822940850964
6837076813065094145,7486331907643393040,0.014821001752580077
6837076813065094145,7496951292298249223,0.04305021919253431
6837076813065094145,7534390074759922704,0.014806007947211873
6837076813065094145,7627890544752886791,0.01601746245432532
6837516209820517378,6840264030130144258,0.019000715413082896
6837516209820517378,6851103401436120066,0.021103685740239464
6837516209820517378,6863404694133572610,0.015770277696999103
6837516209820517378,6876731745220920321,0.017743561812408066
6837516209820517378,6907804284760900609,0.017335931534813845
6837516209820517378,6962343424021726209,0.020303447880474893
6837516209820517378,6998723476065862683,0.016787930240249823
6837516209820517378,7004849025783022619,0.01631926161434971
6837516209820517378,7005748432673948673,0.01700666571845748
6837516209820517378,7094307669989819418,0.017914054310711868
6837516209820517378,7137364417810252826,0.02312509013347778
6837516209820517378,7313053731345220614,0.0244133642695193
6837516209820517378,7316445862590301189,0.01582826465088337
6837516209820517378,7322149836118082565,0.025285956305862528
6837516209820517378,7481214404483417096,0.015100371273646893
6837516209820517378,7483938801250042888,0.019914901531068105
6837516209820517378,7493882569899394065,0.016678386068438467
6837516209820517378,7585530131923682324,0.014889038948412987
6837516209820517378,7592121729054213121,0.01947767693300406
6837516209820517378,7617823686238143508,0.018767457581841087
6837516209820517378,7653909888418890773,0.014879653060941307
6838394070915974146,6840741607329154049,0.026408153584757125
6838394070915974146,6866036800730088449,0.027764778544634963
6838394070915974146,6928708259923067906,0.0295545965725688
6838394070915974146,7014057563453752325,0.024251656228430025
6838394070915974146,7045303752488469506,0.04386040729456322
6838394070915974146,7108182400240223233,0.027032627920884338
6838394070915974146,7136425984111002625,0.025558306052162423
6838394070915974146,7241559016605746182,0.029446092147135783
6838394070915974146,7313018902039839746,0.04045288209637697
6838394070915974146,7327004404379370501,0.04386040729456322
6838394070915974146,7459425028325852176,0.037165648159592
6838394070915974146,7496951292298249223,0.037601384712553476
6838394070915974146,7497789201774920725,0.1422787384826924
6838394070915974146,7642911089734927378,0.022335473358172805
6839577391792669697,6863404694133572610,0.018893451048097958
6839577391792669697,6869969581265306626,0.0163146847797598
6839577391792669697,6891120589751452673,0.03425902192239496
6839577391792669697,6912352842767680514,0.02249279321573028
6839577391792669697,6922733815886889986,0.05137123833793405
6839577391792669697,6924145368151442437,0.022419959446870016
6839577391792669697,6964714945469662210,0.01648914512894349
6839577391792669697,7001471155397248001,0.02990949372122642
6839577391792669697,7007000291115598850,0.016540751971885963
6839577391792669697,7032542326535341083,0.020254928193428032
6839577391792669697,7186497865421161499,0.023511949352369558
6839577391792669697,7248186267946959873,0.01663844123232007
6839577391792669697,7316163220909196294,0.01648210494372301
6839577391792669697,7322939222875325442,0.015515054786164708
6839577391792669697,7323951027022283777,0.015660892367807024
6839577391792669697,7343513808779904005,0.019853582935733957
6839577391792669697,7404745909576664070,0.016257718426258554
6839577391792669697,7455281387647304705,0.020515020824988097
6839577391792669697,7473109249481589776,0.015043574836664146
6839577391792669697,7478865824552420372,0.015913274894532956
6839577391792669697,7569967093475968008,0.024922785975623116
6839577391792669697,7576621338477184018,0.029157577950051305
6839577391792669697,7627890544752886791,0.020411030373175723
6840120098842379265,6859637966656177154,0.30784369695534114
6840120098842379265,6956088875182720002,0.015176399401866585
6840120098842379265,6958728103464993798,0.017373923751417737
6840120098842379265,6964970683512931333,0.028465336383059935
6840120098842379265,6980621105678599169,0.028257439824633725
6840120098842379265,6983814849088898049,0.02767110012473691
6840120098842379265,6992412727014048794,0.028465336383059935
6840120098842379265,7011714332183741467,0.0409910296470997
6840120098842379265,7039129332460274714,0.025873375907879973
6840120098842379265,7060028465760486402,0.028465336383059935
6840120098842379265,7077992421984797722,0.061282329369288485
6840120098842379265,7311554831675458565,0.04312697528737025
6840120098842379265,7353257468749988869,0.061282329369288485
6840120098842379265,7421159900989047814,0.17347189829984452
6840120098842379265,7448914803424510994,0.0409910296470997
6840120098842379265,7478421096736359430,0.015323324587558043
6840120098842379265,7488005359321629703,0.24303646277750532
6840120098842379265,7512994775039083538,0.015182218411743918
6840264030130144258,6904463856761816065,0.015747789784177214
6840264030130144258,6986850469483676673,0.026809832509885625
6840264030130144258,7001471155397248001,0.01788208815262596
6840264030130144258,7005748432673948673,0.01872002631928726
6840264030130144258,7094307669989819418,0.015989685847600688
6840264030130144258,7137364417810252826,0.025939919922649247
6840264030130144258,7202086685571138562,0.01712725249165763
6840264030130144258,7204083942915130395,0.014949331617673733
6840264030130144258,7219888027873690626,0.015085138091170874
6840264030130144258,7240198843681489922,0.02294118415546378
6840264030130144258,7322149836118082565,0.018613874831959275
6840264030130144258,7483938801250042888,0.02356188359322178
6840264030130144258,7518436263998063623,0.019997026551173427
6840264030130144258,7585530131923682324,0.014303324758033873
6840729921989297153,6853326473168716802,0.016325591112842368
6840729921989297153,6859585767275381762,0.022858673347819335
6840729921989297153,6923227293196944385,0.0225666964759977
6840729921989297153,6939349569991050242,0.020583509579102332
6840729921989297153,7129411596997067778,0.015673171075967548
6840729921989297153,7149906885037179905,0.01606543987855575
6840729921989297153,7197170815606031362,0.015435634801242545
6840729921989297153,7225514834670093314,0.016148282811773336
6840729921989297153,7316445862590301189,0.01648388170601732
6840729921989297153,7371052403481969670,0.045896909062500386
6840729921989297153,7396645252126671877,0.016207199455175958
6840729921989297153,7406972070422119441,0.015749855249086776
6840729921989297153,7433436837475779590,0.016590833511733214
6840729921989297153,7481214404483417096,0.016568199996255143
6840729921989297153,7599093536964871189,0.016301438515355343
6840741607329154049,6869715594691150849,0.01501985451310886
6840741607329154049,6871753836990678018,0.014665131904650214
6840741607329154049,6889263520413484033,0.023209095370441902
6840741607329154049,6891120589751452673,0.03571915583509979
6840741607329154049,6916793805480805377,0.02954173243430328
6840741607329154049,6928708259923067906,0.026565822305034122
6840741607329154049,7027699921625777153,0.026651854796987333
6840741607329154049,7049621725458105346,0.015214133256814474
6840741607329154049,7105261059741565979,0.015004534880150307
6840741607329154049,7142783450839401473,0.01617295616025993
6840741607329154049,7150267271930446853,0.015093498411203127
6840741607329154049,7267057918439506950,0.026727621339583618
6840741607329154049,7267937623179576325,0.01447307414031579
6840741607329154049,7278599252681622533,0.015741886736941744
6840741607329154049,7482314927051932679,0.02494002779892578
6840741607329154049,7546553409273627653,0.031053905785792653
6840741607329154049,7592061582878065685,0.029449700340624507
6843726665424585734,6871426693903778821,0.020040845081658907
6843726665424585734,6891120589751452673,0.02789450958092509
6843726665424585734,6916793805480805377,0.021884435854294695
6843726665424585734,6968718267481490433,0.014818519027068652
6843726665424585734,7027699921625777153,0.019743622280776425
6843726665424585734,7056589938901664769,0.021050217856066925
6843726665424585734,7174653124672898049,0.014968550380587652
6843726665424585734,7182146153348219931,0.017298127188958304
6843726665424585734,7257089825308165126,0.015133764499009942
6843726665424585734,7267057918439506950,0.01630038047211327
6843726665424585734,7420280666741621765,0.01487909906931612
6843726665424585734,7476774838238430216,0.015006084331025142
6843726665424585734,7546553409273627653,0.024251230249280557
6843726665424585734,7592061582878065685,0.01570707133850986
6843726665424585734,7627890544752886791,0.018427187673956406
6843726665424585734,7648650172402435093,0.014588859030417345
6843726665424585734,7654157094572098561,0.014962167423864118
6844898370776122370,6918283987047728130,0.02568011648357691
6844898370776122370,6921629815418848258,0.016413849129215605
6844898370776122370,6939127500590416898,0.018075711669884958
6844898370776122370,6968643664378119170,0.01602092483200975
6844898370776122370,7000352128338478081,0.015666329733505006
6844898370776122370,7016971336972452891,0.01604914243220928
6844898370776122370,7052273815992304641,0.01582965043962225
6844898370776122370,7060924497801593882,0.015881610083093578
6844898370776122370,7284988452844078087,0.01587503534018745
6844898370776122370,7355093638134744070,0.017052521264615025
6844898370776122370,7377168369478452229,0.015744169198552094
6844898370776122370,7599311463005832209,0.015862899604541448
6845216238998684674,6870129679489238018,0.04240150136079576
6845216238998684674,6877714053142348801,0.019212456373518195
6845216238998684674,6940581217293599745,0.06165861570081116
6845216238998684674,6943828295310328834,0.015256208840685624
6845216238998684674,6953615639416374274,0.015215204877219512
6845216238998684674,6959162637768377349,0.01694537820013117
6845216238998684674,6978315681420264450,0.048301697948741375
6845216238998684674,6979425797577245697,0.11283545027449171
6845216238998684674,6980621105678599169,0.01824855845938081
6845216238998684674,6988040833657242625,0.06568529656197829
6845216238998684674,6995145012439450625,0.031108417749081935
6845216238998684674,6996939727140979714,0.025481886997002295
6845216238998684674,7036175301264753669,0.01575809819825555
6845216238998684674,7054007488706429979,0.03718962146682124
6845216238998684674,7091908720364061723,0.02679169941110509
6845216238998684674,7102360937428108314,0.016844373232221595
6845216238998684674,7150266661496472582,0.015167295302334724
6845216238998684674,7233267845730976769,0.0154598898999204
6845216238998684674,7238588875538793480,0.027732254805463007
6845216238998684674,7255353916123612165,0.014955427481421953
6845216238998684674,7300287082403218437,0.014797635075165447
6845216238998684674,7333255393327449094,0.033511232599576384
6845216238998684674,7354443424308167685,0.04118904042210387
6845216238998684674,7367299781642208262,0.015545326527505435
6845216238998684674,7400357743557297157,0.015570367150273283
6845216238998684674,7423293361527014405,0.029345200755741152
6845216238998684674,7479929990818104327,0.01467480098589345
6845216238998684674,7553154672204088340,0.017544070071094795
6845216238998684674,7606263940389946389,0.015785475418796383
6845216238998684674,7650649289911452693,0.03107995392556892
6846562081585742849,6884391295285806086,0.1000491069152687
6846562081585742849,6885133273098388482,0.025488059000296284
6846562081585742849,6929807010993357825,0.026099552048946578
6846562081585742849,6940581217293599745,0.06336770608206989
6846562081585742849,6960359847695074309,0.03089870919110776
6846562081585742849,6970866552057267202,0.015692484159472303
6846562081585742849,6978315681420264450,0.06592377504809885
6846562081585742849,6982233082511180827,0.018115747677477773
6846562081585742849,6995145012439450625,0.041148337545589615
6846562081585742849,6996939727140979714,0.11877673663211549
6846562081585742849,6998723476065862683,0.015656222593562343
6846562081585742849,7002112944796779546,0.028870705855089572
6846562081585742849,7003367467040949249,0.015652827921508822
6846562081585742849,7004640947586024474,0.021167850762023304
6846562081585742849,7025843669941208090,0.02212378115899274
6846562081585742849,7076404041312404482,0.01816699053914089
6846562081585742849,70836239101,0.1026070325979812
6846562081585742849,7084862600232731674,0.015646265781734253
6846562081585742849,7144238456486331418,0.042345938227072874
6846562081585742849,7202086685571138562,0.033532055375587295
6846562081585742849,7286348668494988294,0.02538617096758117
6846562081585742849,7336845122908406789,0.01855071858872476
6846562081585742849,7350473960612905989,0.05253033824214107
6846562081585742849,7362078617574441989,0.016409577749645375
6846562081585742849,7384728630012806150,0.03534501911078286
6846562081585742849,7445331089281270789,0.021703013208743117
6846562081585742849,7453778116689118215,0.035926299905796766
6846562081585742849,7481889367460938759,0.01729259837419555
6846562081585742849,7495411659411948599,0.14790830617121462
6846562081585742849,7545554271439078416,0.01626303290053459
6846562081585742849,7550661278433231879,0.10058141950303011
6846562081585742849,7602605744538141716,0.027122639668979768
6846562081585742849,7626262691652420629,0.035691462207106554
6846562081585742849,95653080293068800,0.016314981763023338
6847672141748634626,6871132695309796354,0.01527805170047764
6847672141748634626,6887101241328288770,0.0162401093862533
6847672141748634626,6900485384896267265,0.01589650300792863
6847672141748634626,6917248103146374146,0.016287536710069824
6847672141748634626,6928708259923067906,0.01595100745125297
6847672141748634626,6960139444470023169,0.01523438337476633
6847672141748634626,6961399341378683910,0.015940096415404455
6847672141748634626,6967595976622998530,0.01618527702315784
6847672141748634626,7110469283298640898,0.016259895355435643
6847672141748634626,7139916028763800577,0.016297490403740462
6847672141748634626,7155826010654409730,0.016329357327014973
6847672141748634626,7565637171480052737,0.016286390170663106
6847672141748634626,7640716169255715857,0.016141874917367793
6848106255912207361,6883544605590766594,0.01646179531617106
6848106255912207361,6922636080495952898,0.030313494517561573
6848106255912207361,6927689178639418369,0.015667525204159108
6848106255912207361,6940465180879586305,0.015637598193811383
6848106255912207361,7106791086807614491,0.015626234155831892
6848106255912207361,7149906885037179905,0.020330799898296545
6848106255912207361,7336152171828904965,0.01988584248731569
6848106255912207361,7343513808779904005,0.016237174421281208
6848106255912207361,7359896669410853893,0.01580522188384184
6848106255912207361,7420280666741621765,0.01613291956908814
6848106255912207361,7520091064683021319,0.025235409857814972
6848106255912207361,7536548421932319751,0.015501134419776321
6848106255912207361,7627890544752886791,0.01669308060716904
6849158272508838913,6882458879956780033,0.01970896120572474
6849158272508838913,6960845274243712002,0.014690422437392428
6849158272508838913,6999586453593031681,0.01558232264288776
6849158272508838913,7027245586970723355,0.015892666224025243
6849158272508838913,7027699921625777153,0.015577434843648295
6849158272508838913,7163041914702775297,0.01577823927915579
6849158272508838913,7204083942915130395,0.01708585755434535
6849158272508838913,7283325250002830342,0.015412645783883657
6849158272508838913,7336152171828904965,0.01590076467074933
6849158272508838913,7345041413702272001,0.015747666889883803
6849158272508838913,7534390074759922704,0.015377562282676933
6849158272508838913,7547223971999417351,0.01574052604506501
6849158272508838913,7581801127412319248,0.01565856508646742
6849158272508838913,7628866672606708757,0.015401240443456539
6851099711870354434,6882458879956780033,0.03400403993391278
6851099711870354434,6959507281902257158,0.015757570585536694
6851099711870354434,6969984183800988674,0.015967295571046414
6851099711870354434,6994452656194847745,0.024674907369992095
6851099711870354434,7047332169534063617,0.0161976644679952
6851099711870354434,7054007488706429979,0.01642863909879522
6851099711870354434,7141082435111142402,0.015867954198814156
6851099711870354434,7248186267946959873,0.016161486290688535
6851099711870354434,7257262932941259782,0.016375871651896596
6851099711870354434,7260730044916745221,0.01552347524717746
6851099711870354434,7284239018626466822,0.02002472658873915
6851099711870354434,7321759691690951685,0.01551672647385419
6851099711870354434,7322146719038014469,0.015601577667930796
6851099711870354434,7627263245217350674,0.015549709895890232
6851099711870354434,7649746214976537620,0.01583455831577723
6851103401436120066,6871752909106938881,0.018755475541738627
6851103401436120066,6888476693641200641,0.018690130150447817
6851103401436120066,6925056214594274306,0.01469400321133268
6851103401436120066,6949516198539346945,0.0343049675301596
6851103401436120066,6959317815221093378,0.01504642572562919
6851103401436120066,6962343424021726209,0.026823176051245637
6851103401436120066,7000367216572122113,0.023336142446548136
6851103401436120066,7035968949859959835,0.014685708754776821
6851103401436120066,7081966595417244674,0.021871780476571654
6851103401436120066,7094307669989819418,0.05002420064663706
6851103401436120066,7154384053285078043,0.02194742466044296
6851103401436120066,7254140507394245638,0.0507031092782079
6851103401436120066,7322149836118082565,0.03012657382640195
6851103401436120066,7325664758940943366,0.01498967205964635
6851103401436120066,7457809067773297681,0.019573146512883655
6851103401436120066,7484436088774624274,0.017831198807598366
6851103401436120066,7626262691652420629,0.023734607846912538
6851103401436120066,7627890544752886791,0.03065464594305735
6851223366805210113,6856714213596726273,0.0280589658754498
6851223366805210113,6893653391593440258,0.01438615076903964
6851223366805210113,6903068209902994434,0.01482405840974874
6851223366805210113,6918855608540644354,0.0146992582162949
6851223366805210113,6923227293196944385,0.014440641949930954
6851223366805210113,6947166484004373506,0.015068206813080697
6851223366805210113,7003367467040949249,0.014665576464701974
6851223366805210113,7056589938901664769,0.014597011383093222
6851223366805210113,7056720636374385691,0.014643678015712846
6851223366805210113,7096479885301138458,0.015043201186001078
6851223366805210113,7139827943400326149,0.014474347296180709
6851223366805210113,7238588875538793480,0.014912089768994025
6851223366805210113,7566446773142979591,0.014908194315998024
6851223366805210113,7572718529432126480,0.014553439090785365
6851223366805210113,7618421559720412178,0.054993531180244526
6851242490378437633,6869715594691150849,0.014807966851500147
6851242490378437633,6871174504082342914,0.019059352970738495
6851242490378437633,6871753836990678018,0.014458062322897708
6851242490378437633,6877103683433464833,0.014255111972386702
6851242490378437633,6938596816996811778,0.015317673297358642
6851242490378437633,7024874583044637697,0.02332040107573528
6851242490378437633,7049621725458105346,0.01528787897036417
6851242490378437633,7052126774599140379,0.014566354777921052
6851242490378437633,7084862600232731674,0.015671481663078485
6851242490378437633,7086761864990589954,0.016732399430878175
6851242490378437633,7096068961858765826,0.01635340948104248
6851242490378437633,7105261059741565979,0.015176523185211614
6851242490378437633,7137486032777577473,0.01933623571060299
6851242490378437633,7150267271930446853,0.01515512721331411
6851242490378437633,7177726893490603034,0.01949237222963502
6851242490378437633,7267937623179576325,0.014640580040980868
6851242490378437633,7331684378399196166,0.022082674478067735
6851242490378437633,7456307417581437958,0.01623900457792424
6851242490378437633,7516118321939727361,0.01679839283273673
6851799698815845377,6919186037361361922,0.015650388877699907
6851799698815845377,6961362649994478593,0.06353629535707597
6851799698815845377,6978452201935291393,0.01622390460513856
6851799698815845377,7040064114538382337,0.016212232504690328
6851799698815845377,7104942140773450754,0.015443056517776528
6851799698815845377,7267057918439506950,0.015819645503200298
6851799698815845377,7309331808796460037,0.01565658475660672
6851799698815845377,7317979152307454981,0.016212283254841045
6851799698815845377,7369653419626202117,0.03639753048540214
6851799698815845377,7491833609532605441,0.016074894197967673
6851799698815845377,7627890544752886791,0.016325752757893865
6851799698815845377,81308061605,0.016260625976943055
6851799698815845377,95775519061,0.015435794895223998
6852682568228963330,6870129679489238018,0.015883596135928574
6852682568228963330,6883679263939478530,0.016866294585927685
6852682568228963330,6884514024563622913,0.020793542408232377
6852682568228963330,7022043784491222018,0.016196005386990526
6852682568228963330,7100750102336177154,0.015826697037456317
6852682568228963330,7131585685501363202,0.020793542408232377
6852682568228963330,7177602177161561114,0.025596120107913053
6852682568228963330,7196069191677543425,0.020793542408232377
6852682568228963330,7331684378399196166,0.025422351063896845
6852682568228963330,7344283645127885830,0.016596725925064584
6852682568228963330,7372215376808182789,0.05167148834294537
6852682568228963330,7481556266751230977,0.020793542408232377
6852682568228963330,7505361348164092936,0.015858291646934634
6852682568228963330,86855738395926528,0.019923787847650826
6853326473168716802,6958268752132178946,0.01540688513778026
6853326473168716802,6961407924980515846,0.02589163416365772
6853326473168716802,7005422961205330971,0.0188140416065865
6853326473168716802,7014057563453752325,0.02589163416365772
6853326473168716802,7045303752488469506,0.057875921326736274
6853326473168716802,7084862600232731674,0.022482934973134958
6853326473168716802,7144680901561107483,0.11853732888723961
6853326473168716802,7149906885037179905,0.015510027270425384
6853326473168716802,7177602177161561114,0.023110700817528373
6853326473168716802,7225514834670093314,0.015581315806825806
6853326473168716802,7316445862590301189,0.016709511959462003
6853326473168716802,7325141798954058758,0.028022366696285984
6853326473168716802,7327004404379370501,0.057875921326736274
6853326473168716802,7396645252126671877,0.01674152254116902
6853326473168716802,7406972070422119441,0.016284774361305702
6853326473168716802,7433436837475779590,0.016613056939316365
6853326473168716802,7456307417581437958,0.19676619909553214
6853326473168716802,7545673249791706113,0.0188140416065865
6853326473168716802,7599093536964871189,0.01683563810715663
6853606251437016066,6869604967994541057,0.01614984554886032
6853606251437016066,6871752909106938881,0.02957827958819701
6853606251437016066,6881613830130418689,0.016625797132507676
6853606251437016066,6886446824174076930,0.016617504085004047
6853606251437016066,6924145368151442437,0.0162109198168254
6853606251437016066,6934684942018905089,0.02585709925979403
6853606251437016066,6983967123942065178,0.026758721222062517
6853606251437016066,7096068961858765826,0.02844483288030876
6853606251437016066,7226016778555556890,0.015623096758530648
6853606251437016066,7328024330810950662,0.028462115628263136
6853606251437016066,7444920523094967314,0.01635272500148613
6853606251437016066,7507818955039278088,0.015646034433763962
6853606251437016066,7507877861438964754,0.024591569864146668
6853606251437016066,7642911089734927378,0.017572711263774396
6854824681779348482,6883775352537023489,0.01500963025216679
6854824681779348482,6908277550168081410,0.015044097831532922
6854824681779348482,6910687261839967233,0.01571205936834597
6854824681779348482,6956088875182720002,0.015032800594218467
6854824681779348482,7000367216572122113,0.015299627875610029
6854824681779348482,7032227302164448283,0.015056238374100176
6854824681779348482,7098020878919943170,0.015727820640925885
6854824681779348482,7254140507394245638,0.01904878625505027
6854824681779348482,7264489075083461633,0.015697098687460144
6854824681779348482,7446786283143169041,0.015263548065246008
6854824681779348482,7512994775039083538,0.01502683215268556
6854824681779348482,7627890544752886791,0.031506894351385574
6855938496336659457,6876032316125824006,0.01488957086908517
6855938496336659457,6878248128962954245,0.014647738062137773
6855938496336659457,6881222858455581697,0.014817311498769838
6855938496336659457,6934842504743879681,0.014396928199147807
6855938496336659457,7012228858045465601,0.014425167140710939
6855938496336659457,7024101314976498690,0.01515003433293924
6855938496336659457,70836239101,0.01494488247885453
6855938496336659457,7169932462054196250,0.019743351959183166
6855938496336659457,7319387104206259206,0.014862501168261918
6855938496336659457,7457809067773297681,0.01489974440756248
6855938496336659457,7482314927051932679,0.01489519856519526
6856714213596726273,6893653391593440258,0.015446611605146859
6856714213596726273,6918855608540644354,0.015641886285596165
6856714213596726273,6923227293196944385,0.015503193990032162
6856714213596726273,6959306103192912897,0.06311461469911103
6856714213596726273,6959791068163621889,0.015416283714558185
6856714213596726273,6967659350089810946,0.015431890657087173
6856714213596726273,7003367467040949249,0.015397623470792678
6856714213596726273,7010662492184495131,0.014952469621312397
6856714213596726273,7056589938901664769,0.01566600191864359
6856714213596726273,7056720636374385691,0.01541927493528426
6856714213596726273,7124524290486535170,0.017564869844404047
6856714213596726273,7192449099722916869,0.029099615469897765
6856714213596726273,7222475408116515866,0.01494955865131462
6856714213596726273,7323951027022283777,0.015493719319199873
6856714213596726273,7367247089417896965,0.019068651109428052
6856714213596726273,7478201262862681105,0.014569788899391159
6856714213596726273,7572718529432126480,0.015252424885110482
6856714213596726273,7591058387967886348,0.008403862699321094
6856714213596726273,7627890544752886791,0.020367178448436742
6858020241664181249,6871752909106938881,0.0348000407705527
6858020241664181249,6912352842767680514,0.027120182608580193
6858020241664181249,6921629815418848258,0.040362665537750655
6858020241664181249,6924145368151442437,0.03267395512513334
6858020241664181249,6935727749428511746,0.018162886321560254
6858020241664181249,6941389168077702146,0.03503813283200923
6858020241664181249,6971392711799964673,0.02226831096805937
6858020241664181249,7022043784491222018,0.026859844934534225
6858020241664181249,7047408056128914434,0.020897267264908377
6858020241664181249,7144565544971797531,0.025139277506292402
6858020241664181249,7182146153348219931,0.02655468350502415
6858020241664181249,7204083942915130395,0.014941343130819648
6858020241664181249,7205917572523803649,0.016339543493908096
6858020241664181249,7219888027873690626,0.015195328148740894
6858020241664181249,7276081914455933957,0.030296760137955975
6858020241664181249,7355093638134744070,0.029288059739984575
6858020241664181249,7372215376808182789,0.014420955229278472
6858020241664181249,7488350271514821639,0.028638257019598073
6858020241664181249,7493882569899394065,0.014588653663696083
6858020241664181249,7501201778134893584,0.025709431255254555
6858020241664181249,7507818955039278088,0.01939120246955728
6858020241664181249,7604788544276333586,0.032228845852837695
6859585767275381762,6877714053142348801,0.022480124214937308
6859585767275381762,6888476693641200641,0.015455522025208362
6859585767275381762,6912770377378841601,0.015456762801121926
6859585767275381762,6941389168077702146,0.016262629972033007
6859585767275381762,6977327001304876034,0.015336242132419393
6859585767275381762,7063506594294924289,0.016396774086206815
6859585767275381762,7064593869828932614,0.02421844764364862
6859585767275381762,7108182400240223233,0.01950966554489237
6859585767275381762,7231559211711382529,0.016155598964240115
6859585767275381762,7278224508979872786,0.016707415576502266
6859585767275381762,7516118321939727361,0.016704586249449274
6859637966656177154,6876960008552416258,0.014954575819922326
6859637966656177154,6958728103464993798,0.0292015547719037
6859637966656177154,6964970683512931333,0.036940758917552184
6859637966656177154,6980621105678599169,0.036670962118341276
6859637966656177154,6983814849088898049,0.024994577930511568
6859637966656177154,6992412727014048794,0.036940758917552184
6859637966656177154,7011714332183741467,0.05319591954222913
6859637966656177154,7039129332460274714,0.03357705417333464
6859637966656177154,7060028465760486402,0.036940758917552184
6859637966656177154,7077992421984797722,0.07952886010804838
6859637966656177154,7311554831675458565,0.05596783313904817
6859637966656177154,7353257468749988869,0.07952886010804838
6859637966656177154,7421159900989047814,0.2638061988376238
6859637966656177154,7448914803424510994,0.05319591954222913
6859637966656177154,7488005359321629703,0.3153994479046928
6859637966656177154,7571687209402532882,0.01913984626117495
6859721993622471682,6887524111863694337,0.015382280047986589
6859721993622471682,6930270659085009921,0.015636675431524954
6859721993622471682,6993562834723374086,0.01813592248544159
6859721993622471682,7004640947586024474,0.01566591925765336
6859721993622471682,7045814535378863130,0.015222858663188815
6859721993622471682,7135414649268880411,0.015022539997650314
6859721993622471682,7157712033605370881,0.015276928417970997
6859721993622471682,7323833518098056198,0.015293638533849666
6859721993622471682,7355012714336912390,0.01509574055351624
6859721993622471682,7486331907643393040,0.01507847057745276
6859721993622471682,7489802306281440276,0.025829246832140957
6859721993622471682,7534390074759922704,0.01502569190235144
6859721993622471682,7628866672606708757,0.02255446503970921
6860294785044874241,6871174504082342914,0.023362688956153847
6860294785044874241,6918283987047728130,0.041826848486735374
6860294785044874241,6920046433724023810,0.019980453464123464
6860294785044874241,6921629815418848258,0.059835234020530675
6860294785044874241,6922636080495952898,0.015747177353878563
6860294785044874241,6945456727777772549,0.015902221408679987
6860294785044874241,6956078953695413249,0.015876115358844083
6860294785044874241,6985727260917662725,0.016598308074848696
6860294785044874241,7012403129132663810,0.02025718728882022
6860294785044874241,7084186676168508442,0.01659018347570042
6860294785044874241,7206554298104415258,0.01622404098623457
6860294785044874241,7264489075083461633,0.020806187453996913
6860294785044874241,7311615611494614021,0.01573469680601186
6860294785044874241,7328024330810950662,0.03567347688093745
6860294785044874241,7464192594000741377,0.03378347268864499
6860294785044874241,7497789201774920725,0.029228554661913028
6860294785044874241,7565406894694269953,0.015442300852096918
6863404694133572610,6881222858455581697,0.015900443158846127
6863404694133572610,6891120589751452673,0.02709547965030819
6863404694133572610,6922733815886889986,0.016132768449046254
6863404694133572610,6958281584488236033,0.015469796109969767
6863404694133572610,6987731969648788507,0.025128293087739045
6863404694133572610,7004713749492286465,0.015665920345859317
6863404694133572610,7049555900038759426,0.01588075939093067
6863404694133572610,7097167337245525019,0.020864336872010496
6863404694133572610,7102360937428108314,0.015855898854201494
6863404694133572610,7106791086807614491,0.015525885006178759
6863404694133572610,7188777124807181314,0.015817281084429747
6863404694133572610,7284988452844078087,0.01643067068452265
6863404694133572610,7456307417581437958,0.015881791517889047
6863404694133572610,7489802306281440276,0.01985365806952588
6863404694133572610,7569967093475968008,0.04193236881652341
6866036800730088449,6871752909106938881,0.01596013771855595
6866036800730088449,6902777439399920641,0.015047538854717919
6866036800730088449,6910753120483165186,0.040883641451970494
6866036800730088449,6921629815418848258,0.019227531482108148
6866036800730088449,6959317815221093378,0.015110750254708776
6866036800730088449,6962343424021726209,0.015777436533336592
6866036800730088449,6967196401395139585,0.08319247258966521
6866036800730088449,6983637584456647681,0.015792432986344442
6866036800730088449,7007000291115598850,0.015537058577257162
6866036800730088449,7135414649268880411,0.02997402429538644
6866036800730088449,7516118321939727361,0.02329676794359896
6866036800730088449,7550661278433231879,0.022605249217792465
6866036800730088449,86855738395926528,0.031148923249045158
6867549943109288962,6884391295285806086,0.015271408076597952
6867549943109288962,6909664281428820994,0.015273128266739997
6867549943109288962,7036175301264753669,0.059422340787767716
6867549943109288962,7089701400901600283,0.015473915452511896
6867549943109288962,7240814661875057669,0.015418936930314316
6867549943109288962,7253614148146316294,0.015278066220034239
6867549943109288962,7254140507394245638,0.01759689525338561
6867549943109288962,7282408479507563526,0.015651449152956694
6867549943109288962,7343513808779904005,0.01523209858354985
6867549943109288962,7350473960612905989,0.015419122419177261
6867549943109288962,7365461311374066694,0.015381671870578591
6867549943109288962,7445331089281270789,0.015273700155662158
6867549943109288962,7488350271514821639,0.01896160262272496
6867549943109288962,7627890544752886791,0.029105451246996292
6868244544707675138,6917841879556539394,0.015035465134099566
6868244544707675138,6966148415672173569,0.015152553822060192
6868244544707675138,7002112944796779546,0.01511866342795087
6868244544707675138,7127708623191933953,0.01505124258240808
6868244544707675138,7144565544971797531,0.01517885000840453
6868244544707675138,7166227528167867418,0.015130617253801494
6868244544707675138,7225233704317715482,0.019601260785360734
6868244544707675138,7274448121809142789,0.015110034785035992
6868244544707675138,7319472514870084614,0.01534540549156186
6868244544707675138,7383901183393448966,0.015076189058188067
6868244544707675138,7393933502537204742,0.015091676879078494
6868244544707675138,7467010964014023688,0.015263902175106498
6868244544707675138,7627890544752886791,0.019900456076864356
6868961500935226369,6870096820917584898,0.014739119912809127
6868961500935226369,6891120589751452673,0.015924319339974097
6868961500935226369,6904463856761816065,0.016199386529641275
6868961500935226369,6949832392740242434,0.0162796454968837
6868961500935226369,7001471155397248001,0.016187674415330186
6868961500935226369,7012228858045465601,0.015111560413074031
6868961500935226369,7060374955943003137,0.014473636835998425
6868961500935226369,7081966595417244674,0.01645959764607267
6868961500935226369,7177726893490603034,0.015982976634001674
6868961500935226369,7183388245819507738,0.01618176909468545
6868961500935226369,7204083942915130395,0.017564097590149683
6868961500935226369,7348055396504044550,0.01563128986976952
6868961500935226369,7455150278313755655,0.015967453569616607
6868961500935226369,7518436263998063623,0.015938898448107953
6868961500935226369,7546926530825077778,0.028579448755139042
6868961500935226369,7581801127412319248,0.01774459754393795
6869604967994541057,6872243314772345857,0.018377417548456863
6869604967994541057,6881613830130418689,0.01601687606455147
6869604967994541057,6886446824174076930,0.016008682401276248
6869604967994541057,7096068961858765826,0.016184828082167334
6869604967994541057,7226016778555556890,0.015809116924556447
6869604967994541057,7326825435546174471,0.015841049359170262
6869604967994541057,7328024330810950662,0.01575281229610721
6869604967994541057,7358103277785891846,0.01586105661063354
6869604967994541057,7477085819511178248,0.01563147806209273
6869604967994541057,7507818955039278088,0.0248325696529736
6869604967994541057,7571687209402532882,0.44845316188941353
6869715594691150849,6871753836990678018,0.014561085938683693
6869715594691150849,6876731745220920321,0.014665961997161883
6869715594691150849,6881613830130418689,0.016257028217335573
6869715594691150849,6938596816996811778,0.014826849192428345
6869715594691150849,6983637584456647681,0.01657756948680535
6869715594691150849,6996114982522356737,0.014713769683071146
6869715594691150849,7044020860574942210,0.014733004309853217
6869715594691150849,7049555900038759426,0.017202575552424926
6869715594691150849,7049621725458105346,0.014858388032894632
6869715594691150849,7081966595417244674,0.017416538265634912
6869715594691150849,7105261059741565979,0.014655008616589613
6869715594691150849,7150267271930446853,0.014742460395015472
6869715594691150849,7542789080502682641,0.014709756804043048
6869941060425237506,6872243314772345857,0.015442387825914566
6869941060425237506,6876731745220920321,0.015538369186225377
6869941060425237506,6910170213696111618,0.015808838143078072
6869941060425237506,6932353646320108546,0.015666109893705402
6869941060425237506,6967196401395139585,0.015086123950241044
6869941060425237506,7006304525616579610,0.015789783656043978
6869941060425237506,7044020860574942210,0.015198230892961963
6869941060425237506,7051051150916731905,0.015728073946901212
6869941060425237506,7106791086807614491,0.015093963072603443
6869941060425237506,7182146153348219931,0.015825467105175687
6869941060425237506,7196069191677543425,0.016125611115521982
6869941060425237506,7238631407236580358,0.01404681845346841
6869941060425237506,7370877163489444869,0.015205907151058622
6869941060425237506,7371052403481969670,0.015567865399440413
6869941060425237506,7542789080502682641,0.015498005901215132
6869969581265306626,6871132695309796354,0.015727406766693187
6869969581265306626,6928708259923067906,0.015646242303545728
6869969581265306626,6960139444470023169,0.015475155543967976
6869969581265306626,6961399341378683910,0.01565860976140935
6869969581265306626,6964714945469662210,0.01602373041406069
6869969581265306626,7007000291115598850,0.016075404496262442
6869969581265306626,7322939222875325442,0.015998177541764816
6869969581265306626,7404745909576664070,0.015797272219173677
6869969581265306626,7473109249481589776,0.015522047238909258
6869969581265306626,7478865824552420372,0.015461678530287529
6869969581265306626,7546553409273627653,0.015089465547777793
6869969581265306626,7576621338477184018,0.01655680735209293
6870096820917584898,6870707962155992065,0.017177673746377846
6870096820917584898,6872243314772345857,0.017927260904056212
6870096820917584898,6876032316125824006,0.01443774829677682
6870096820917584898,6904463856761816065,0.014823180655010579
6870096820917584898,6949832392740242434,0.01475124780737451
6870096820917584898,7001471155397248001,0.014834280912231863
6870096820917584898,7024101314976498690,0.014451418784838221
6870096820917584898,7047408056128914434,0.014492704367626947
6870096820917584898,7056589938901664769,0.020042319047245707
6870096820917584898,7278599252681622533,0.01694503651317471
6870096820917584898,7455281387647304705,0.02975480762915094
6870096820917584898,7641155549304505352,0.016193722668195704
6870129679489238018,6871426693903778821,0.015077187163890515
6870129679489238018,6893717255751025666,0.04482026015208299
6870129679489238018,6899092861301539842,0.02108542891823371
6870129679489238018,6918855608540644354,0.03236332690110822
6870129679489238018,6961159945572844550,0.01822004021603136
6870129679489238018,6964970683512931333,0.02957496841542613
6870129679489238018,6978315681420264450,0.055183020993338945
6870129679489238018,6979425797577245697,0.05151696783363731
6870129679489238018,6992412727014048794,0.02957496841542613
6870129679489238018,7054007488706429979,0.10024687797118678
6870129679489238018,7060028465760486402,0.02957496841542613
6870129679489238018,7080283755537499137,0.029015466949087285
6870129679489238018,7091908720364061723,0.04333118943792252
6870129679489238018,7100750102336177154,0.01645482088125076
6870129679489238018,7110469283298640898,0.021412344530216496
6870129679489238018,7148170160443048961,0.046355985319169755
6870129679489238018,7233640485796660225,0.015352733943644694
6870129679489238018,7238588875538793480,0.05395865229897892
6870129679489238018,7325141798954058758,0.015410175795501859
6870129679489238018,7333255393327449094,0.06520281025236166
6870129679489238018,7344283645127885830,0.0159857007323928
6870129679489238018,7384728630012806150,0.029586365923025895
6870129679489238018,7553154672204088340,0.028374662319766555
6870129679489238018,7650649289911452693,0.06047227097479638
6870516830428201985,6897937907282740225,0.04271142280240968
6870516830428201985,6916793805480805377,0.016026150967990888
6870516830428201985,6964587861862876161,0.025338103150248297
6870516830428201985,6966276498689721345,0.016014505218437333
6870516830428201985,6987280497861067778,0.015374101893260606
6870516830428201985,7166227528167867418,0.0957137420533096
6870516830428201985,7241559016605746182,0.032386809243557906
6870516830428201985,7383901183393448966,0.0172338417065562
6870516830428201985,7400503260173730822,0.0154440787266316
6870516830428201985,7455566091059020817,0.015957368326099855
6870516830428201985,7464192594000741377,0.016315554787184765
6870516830428201985,7542789080502682641,0.024877449555235617
6870707962155992065,6912475609672451073,0.016312697216268362
6870707962155992065,6913152378868302850,0.01528643484037412
6870707962155992065,6958320233292530689,0.016271566914500067
6870707962155992065,6960845274243712002,0.015272027912605669
6870707962155992065,6992412727014048794,0.016288939198456656
6870707962155992065,7406882852758012934,0.01618845133832943
6870707962155992065,7481929553658512439,0.12211928830046048
6870707962155992065,7576621338477184018,0.015514745911177194
6870707962155992065,7627890544752886791,0.040893791118860885
6870707962155992065,7637056590491091976,0.015322399014179932
6871132695309796354,6883544605590766594,0.040404590791071684
6871132695309796354,6887101241328288770,0.015399504027339882
6871132695309796354,6903068209902994434,0.03456494085998956
6871132695309796354,6916793805480805377,0.02434435148994068
6871132695309796354,6921359025180574721,0.02104384088410761
6871132695309796354,6935026650749322242,0.022620769812874707
6871132695309796354,6938596816996811778,0.09796774007081607
6871132695309796354,6949929730662597634,0.05515746137602784
6871132695309796354,6968111084863783938,0.016133261295372375
6871132695309796354,7000367216572122113,0.030098130289183667
6871132695309796354,7047332169534063617,0.03195006416352773
6871132695309796354,7124524290486535170,0.038081753016389865
6871132695309796354,7313018902039839746,0.02186399323172396
6871132695309796354,7322146719038014469,0.014706093013930924
6871132695309796354,7322939222875325442,0.014979835476310557
6871132695309796354,7473109249481589776,0.029055949414024094
6871132695309796354,7512754059523769352,0.020364189839438933
6871132695309796354,7576621338477184018,0.01546984792877918
6871174504082342914,6882631863488431106,0.015688799885134917
6871174504082342914,6918182823996785665,0.019237746059895904
6871174504082342914,6920046433724023810,0.015741979058675734
6871174504082342914,6921629815418848258,0.03382320308007051
6871174504082342914,6959045098000991234,0.015973086172968075
6871174504082342914,6972477904908207105,0.014609227187951608
6871174504082342914,7024874583044637697,0.026928042292923622
6871174504082342914,7041167510071526405,0.015720153919837814
6871174504082342914,7231031844086088705,0.015737327900449644
6871174504082342914,7497789201774920725,0.016522093650166332
6871426693903778821,6891120589751452673,0.017503976555039158
6871426693903778821,6893717255751025666,0.015089170980927475
6871426693903778821,6900485384896267265,0.0344346775058145
6871426693903778821,7100750102336177154,0.015032777931412696
6871426693903778821,7186497865421161499,0.02255642558913548
6871426693903778821,7233640485796660225,0.01499138026325517
6871426693903778821,7546553409273627653,0.01521779633668632
6871426693903778821,7627890544752886791,0.020256696326125766
6871426693903778821,7637056590491091976,0.02181936787414822
6871752909106938881,6878826082558428161,0.047670294251713256
6871752909106938881,6892279591021413378,0.0447403574928834
6871752909106938881,6909664281428820994,0.016129411407763878
6871752909106938881,6912352842767680514,0.03835062928358852
6871752909106938881,6912475609672451073,0.024007234400009427
6871752909106938881,6918182823996785665,0.029842114916274518
6871752909106938881,6921629815418848258,0.036701892534192176
6871752909106938881,6922733815886889986,0.027984171631470666
6871752909106938881,6924145368151442437,0.03970098059688308
6871752909106938881,6958042743239672833,0.01940642512138638
6871752909106938881,6961362649994478593,0.01660783692748042
6871752909106938881,6967196401395139585,0.016583545020372726
6871752909106938881,6996114982522356737,0.037420225792623434
6871752909106938881,7050182429319627803,0.03721229123286097
6871752909106938881,7051051150916731905,0.025410549650768333
6871752909106938881,7144565544971797531,0.021812253334799987
6871752909106938881,7154384053285078043,0.02593310441290523
6871752909106938881,7166227528167867418,0.019378730155420344
6871752909106938881,7169932462054196250,0.01822960948609069
6871752909106938881,7182146153348219931,0.03180316375264531
6871752909106938881,7254140507394245638,0.05991085730165896
6871752909106938881,7258982582568846338,0.015739774088252268
6871752909106938881,7305828667954021382,0.01578339448004729
6871752909106938881,7322149836118082565,0.020036677237903772
6871752909106938881,7336152171828904965,0.02976892229176878
6871752909106938881,7343513808779904005,0.054667727972109545
6871752909106938881,7355093638134744070,0.048384438067757995
6871752909106938881,7377168369478452229,0.06554754839105761
6871752909106938881,7448255517355164673,0.01649863600080088
6871752909106938881,7457809067773297681,0.025321244784059845
6871752909106938881,7479292129044612104,0.019953403008963023
6871752909106938881,7497789201774920725,0.023188919664229157
6871752909106938881,7501201778134893584,0.04139078118147584
6871752909106938881,7522355226557662225,0.04255999595613398
6871752909106938881,7554403762245895188,0.016599382029501453
6871752909106938881,7566639233809695765,0.016516628152136996
6871752909106938881,7592121729054213121,0.01951222727554512
6871752909106938881,7604788544276333586,0.020726275457730082
6871752909106938881,7617823686238143508,0.015865767611948748
6871752909106938881,7634034175490606101,0.019528026933097083
6871753836990678018,6876731745220920321,0.01440434930881032
6871753836990678018,6918950409570698241,0.015911461000436847
6871753836990678018,6938596816996811778,0.014476549046013528
6871753836990678018,6996114982522356737,0.01445553428898244
6871753836990678018,7029208338990875674,0.014144711053185726
6871753836990678018,7044020860574942210,0.014472116959997765
6871753836990678018,7049621725458105346,0.014507415222708266
6871753836990678018,7150267271930446853,0.014396598962110815
6871753836990678018,7510202614824551431,0.025389170433251198
6871753836990678018,7542789080502682641,0.014447183205095459
6872243314772345857,6876731745220920321,0.01587706112221958
6872243314772345857,6878792033083933697,0.022616867263802336
6872243314772345857,6993562834723374086,0.019256573107953746
6872243314772345857,6998723476065862683,0.015486659636706299
6872243314772345857,7006304525616579610,0.015469875094712317
6872243314772345857,7044020860574942210,0.015537683120380646
6872243314772345857,7051051150916731905,0.015532130373457624
6872243314772345857,7313053731345220614,0.020529837757029327
6872243314772345857,7370877163489444869,0.014502971861780676
6872243314772345857,7371052403481969670,0.015906195072202357
6872243314772345857,7542789080502682641,0.01583721432848427
6872243314772345857,7571687209402532882,0.017837271024463197
6872243314772345857,7643821011835061269,0.016409881956641795
6874567311643395073,6891957094863389697,0.015533249901354003
6874567311643395073,6907804284760900609,0.0151460528835597
6874567311643395073,6918283987047728130,0.015448881349269715
6874567311643395073,6987731969648788507,0.01544407382968499
6874567311643395073,7017368046475068418,0.01516271597301628
6874567311643395073,7099686562410054682,0.015262234222615422
6874567311643395073,7136425984111002625,0.015265066957649485
6874567311643395073,7183388245819507738,0.015383098929281717
6874567311643395073,7254140507394245638,0.029872671579638015
6874567311643395073,7319919338914857990,0.015171232252612413
6874567311643395073,73466833727,0.01528973026500129
6874567311643395073,7476795457228145681,0.015244159792014704
6874567311643395073,7481556266751230977,0.015553689302606533
6874567311643395073,7627890544752886791,0.04940971539348136
6874733816599708673,6959306103192912897,0.015370234027589129
6874733816599708673,6977774091941102597,0.015468801339712679
6874733816599708673,6978562375062799362,0.015599838536321483
6874733816599708673,7000964924840608769,0.01516555959728121
6874733816599708673,7025256146383324187,0.015052384537645987
6874733816599708673,7054799740815311899,0.015357010712253686
6874733816599708673,7127610987100308481,0.015110509209342688
6874733816599708673,7182583625258632193,0.01530135531982742
6874733816599708673,7195479055549924378,0.015693062131311428
6874733816599708673,7213282682464814107,0.015137483223136466
6874733816599708673,7338600730439353346,0.0153165191512703
6874733816599708673,7602458307672884225,0.01449454392138751
6874733816599708673,7606263940389946389,0.015058821594475594
6874733816599708673,7639298353755030529,0.015342777386376884
6876032316125824006,6899092861301539842,0.02129706212261717
6876032316125824006,6929807010993357825,0.018684742994636964
6876032316125824006,6988040833657242625,0.015340618635924085
6876032316125824006,7012228858045465601,0.01465484541116004
6876032316125824006,7024101314976498690,0.015145972896903425
6876032316125824006,7047408056128914434,0.014874709753792771
6876032316125824006,7060374955943003137,0.014169196344465463
6876032316125824006,70836239101,0.015066761572069255
6876032316125824006,7089701400901600283,0.026135322602675672
6876032316125824006,7135220356252517402,0.026086536982849785
6876032316125824006,7329677372679472133,0.10818988372292213
6876032316125824006,7457809067773297681,0.014816801204244005
6876032316125824006,7482314927051932679,0.01511931129884632
6876032316125824006,7627890544752886791,0.020437662853672742
6876392341809824773,6879408727230465026,0.015486834475530961
6876392341809824773,6899092861301539842,0.015173637950148075
6876392341809824773,6909417612863554561,0.015286092285644403
6876392341809824773,6935026650749322242,0.015117141116137583
6876392341809824773,7076416253577790465,0.015209725801724203
6876392341809824773,7094307669989819418,0.051825088036282906
6876392341809824773,7160116207869428738,0.015277358574186037
6876392341809824773,7186497865421161499,0.015268664865869452
6876392341809824773,7219631248322511874,0.015135550844859517
6876392341809824773,7361451922681119749,0.015357780234887534
6876392341809824773,7501201778134893584,0.015288981126228871
6876392341809824773,7506867441839244344,0.015397528854930025
6876392341809824773,7507877861438964754,0.015160126977291338
6876392341809824773,7627890544752886791,0.019726334531617592
6876731745220920321,6910170213696111618,0.015546540005055535
6876731745220920321,6949516198539346945,0.016376365916942387
6876731745220920321,6949929730662597634,0.019623765807314463
6876731745220920321,6962343424021726209,0.02616769479287296
6876731745220920321,7000367216572122113,0.018627226177073825
6876731745220920321,7006304525616579610,0.015565160271281808
6876731745220920321,7024101314976498690,0.020893043261041817
6876731745220920321,7044020860574942210,0.015704423131338335
6876731745220920321,7058993133036782618,0.017669769764384634
6876731745220920321,7127708623191933953,0.021592193260937587
6876731745220920321,7248502263702291463,0.021592193260937587
6876731745220920321,7265249858515158022,0.024230267425900728
6876731745220920321,7282408479507563526,0.021592193260937587
6876731745220920321,7370877163489444869,0.014592650312027392
6876731745220920321,7371052403481969670,0.01601613637115944
6876731745220920321,7384818817710916613,0.016040100957808095
6876731745220920321,7467010964014023688,0.018187863300017308
6876731745220920321,7476774838238430216,0.01823643469199654
6876731745220920321,7627890544752886791,0.019660202052017673
6876960008552416258,6912352842767680514,0.017516771074972275
6876960008552416258,6921629815418848258,0.016922186724484888
6876960008552416258,6941389168077702146,0.022348707906131582
6876960008552416258,6958677518510654470,0.016639286148118316
6876960008552416258,7022043784491222018,0.017348620457984496
6876960008552416258,7047332169534063617,0.014910856600074348
6876960008552416258,7148170160443048961,0.014924219056980855
6876960008552416258,7211458676926071835,0.016183350151144478
6876960008552416258,7384728630012806150,0.017768503317925868
6876960008552416258,7649746214976537620,0.014913497185950673
6877103683433464833,6877339287446422529,0.014718309410805229
6877103683433464833,6883390292378043398,0.01441263100147093
6877103683433464833,6938596816996811778,0.014237748397612588
6877103683433464833,7049621725458105346,0.014209724179859159
6877103683433464833,7077082709159904282,0.014408976390059091
6877103683433464833,7078619125920564226,0.014476826475291275
6877103683433464833,7135823212835259393,0.01441263100147093
6877103683433464833,7174653124672898049,0.014535136980827607
6877103683433464833,7627890544752886791,0.014474879000610683
6877103683433464833,7642911089734927378,0.014425726848180486
6877339287446422529,6883390292378043398,0.015953387467794455
6877339287446422529,6979425797577245697,0.01479764503201196
6877339287446422529,7012403129132663810,0.015245608036686894
6877339287446422529,7052126774599140379,0.01514078199757392
6877339287446422529,7077082709159904282,0.01595801519174168
6877339287446422529,7078619125920564226,0.016365129792767903
6877339287446422529,7135823212835259393,0.015953387467794455
6877339287446422529,7174653124672898049,0.01642901026908229
6877339287446422529,7642911089734927378,0.015938000630320477
6877714053142348801,6915746450216748033,0.015018373653916957
6877714053142348801,6966276498689721345,0.01504307684300365
6877714053142348801,6980621105678599169,0.022497554983511858
6877714053142348801,7063506594294924289,0.014736123592766296
6877714053142348801,7225233704317715482,0.02173494748205888
6877714053142348801,7241559016605746182,0.015279419065948065
6877714053142348801,7278224508979872786,0.015031720719122892
6877714053142348801,7516118321939727361,0.015148100662146112
6877714053142348801,7607445622497264647,0.015015237773658796
6877714053142348801,7627890544752886791,0.022066711546570854
6877807298031780866,6926515660747768833,0.01584192649870553
6877807298031780866,6939127500590416898,0.016412012702329695
6877807298031780866,6958042743239672833,0.015654826845151838
6877807298031780866,6959168054680978434,0.01552704788041057
6877807298031780866,6986032885317551131,0.016579992586413534
6877807298031780866,7003685691104576514,0.01827653689699409
6877807298031780866,70729628102,0.01633248489014916
6877807298031780866,7088963677072950274,0.016349318782600104
6877807298031780866,7164308860937126914,0.016589969910717258
6877807298031780866,7193229205185250330,0.016276525774913758
6877807298031780866,7233267845730976769,0.027535618021753295
6877807298031780866,7455281387647304705,0.016590614260894875
6877807298031780866,7546926530825077778,0.016342282258897556
6878248128962954245,6882631863488431106,0.015812806741707063
6878248128962954245,6904567468456657921,0.10473559830525117
6878248128962954245,6934842504743879681,0.015311278974494979
6878248128962954245,7127708623191933953,0.041700146396884935
6878248128962954245,7177602177161561114,0.017153720849727057
6878248128962954245,7248502263702291463,0.041700146396884935
6878248128962954245,7282408479507563526,0.041700146396884935
6878248128962954245,7319387104206259206,0.01504641025570709
6878248128962954245,7329677372679472133,0.014653861552041384
6878248128962954245,7331684378399196166,0.017037266259702828
6878248128962954245,7369653419626202117,0.021178755877899854
6878248128962954245,7384818817710916613,0.029556347882499414
6878248128962954245,7457809067773297681,0.01527761476575978
6878248128962954245,7627890544752886791,0.020065962112407274
6878792033083933697,6912770377378841601,0.018608460695006504
6878792033083933697,6939349569991050242,0.024314115032663952
6878792033083933697,6992412727014048794,0.014891423022520847
6878792033083933697,6993562834723374086,0.025633666848433965
6878792033083933697,7027245586970723355,0.014964871479317535
6878792033083933697,7047332169534063617,0.035555566021227974
6878792033083933697,7317979152307454981,0.02874264990290358
6878792033083933697,7345041413702272001,0.014819893811010738
6878792033083933697,7404745909576664070,0.020699621851506898
6878792033083933697,7444920523094967314,0.020094708528223235
6878792033083933697,7640716169255715857,0.0161580643082465
6878792033083933697,7643821011835061269,0.01772715522319186
6878826082558428161,6892279591021413378,0.026443332703722847
6878826082558428161,6921629815418848258,0.04090814882115173
6878826082558428161,6971392711799964673,0.024351452207598205
6878826082558428161,7047408056128914434,0.020549471652449195
6878826082558428161,7144565544971797531,0.02629887318181148
6878826082558428161,7166227528167867418,0.01649374405798809
6878826082558428161,7254140507394245638,0.05099169753142042
6878826082558428161,7264489075083461633,0.017218643078589918
6878826082558428161,7276081914455933957,0.03373863523988313
6878826082558428161,7284988452844078087,0.019201282875673104
6878826082558428161,7343513808779904005,0.024600922354698424
6878826082558428161,7377168369478452229,0.039756538039243214
6878826082558428161,7482314927051932679,0.025796046198497475
6878826082558428161,7488350271514821639,0.023593376156257537
6878826082558428161,7568781196831409172,0.01882628069022193
6878826082558428161,7569967093475968008,0.016903444944656582
6878826082558428161,7627890544752886791,0.03082912381732368
6878826082558428161,7642911089734927378,0.019698998625011753
6879236273988191237,6885133273098388482,0.015672837241681784
6879236273988191237,6892279591021413378,0.028828825027671263
6879236273988191237,6912475609672451073,0.018397262999371004
6879236273988191237,7144238456486331418,0.017106085583882
6879236273988191237,7179990250806297626,0.015697964181116256
6879236273988191237,7343513808779904005,0.016618088406608143
6879236273988191237,7361451922681119749,0.018862224553867966
6879236273988191237,7377398977324647430,0.014766764806721653
6879236273988191237,7497789201774920725,0.03318609396233175
6879236273988191237,7522355226557662225,0.03270547496256895
6879236273988191237,7627890544752886791,0.015331875518107118
6879236273988191237,7643821011835061269,0.015631689110802014
6879408727230465026,6924904614709969921,0.015424666228121315
6879408727230465026,6935026650749322242,0.015872348306676012
6879408727230465026,6949516198539346945,0.02309609956799566
6879408727230465026,6971392711799964673,0.01884475595832458
6879408727230465026,7016976235000710170,0.015197126986840356
6879408727230465026,7022223240064025601,0.016012455729711654
6879408727230465026,7025843669941208090,0.01580488645954776
6879408727230465026,7076416253577790465,0.015975968858279295
6879408727230465026,7132780297389507585,0.02396601061588351
6879408727230465026,7151061694003921947,0.015370905879200675
6879408727230465026,7193163348693943298,0.016034350230563935
6879408727230465026,7323951027022283777,0.015392475859618322
6879408727230465026,7501201778134893584,0.016058280700306085
6879408727230465026,7627890544752886791,0.020061199892725996
6879408727230465026,7629259435181491218,0.016234418423825836
6880772801029506050,6983814849088898049,0.015739741159560842
6880772801029506050,6983942815932482561,0.01564939900818809
6880772801029506050,7006234259389088770,0.016003825554605788
6880772801029506050,7045303752488469506,0.02359291499824046
6880772801029506050,7120541706823533594,0.016281212422354713
6880772801029506050,7129411596997067778,0.016592136638083274
6880772801029506050,7154384053285078043,0.016410633388837446
6880772801029506050,7197170815606031362,0.016457254920642917
6880772801029506050,7225514834670093314,0.015834788491268445
6880772801029506050,7254140507394245638,0.03791197149151249
6880772801029506050,7327004404379370501,0.02359291499824046
6880772801029506050,7352218265122636806,0.015589499930963561
6880772801029506050,7448914803424510994,0.016422704935323454
6880772801029506050,7533017467783808007,0.015421093878706717
6880772801029506050,7545857000773616658,0.016730867177114757
6880772801029506050,7627890544752886791,0.02292123855163852
6881122811742979074,6919513518389019649,0.015668278692040103
6881122811742979074,6958677518510654470,0.015498354917985395
6881122811742979074,6958728103464993798,0.017665704229699507
6881122811742979074,6978315681420264450,0.027127131636823332
6881122811742979074,6980621105678599169,0.015422756117850218
6881122811742979074,6985015209039840257,0.015909863259386918
6881122811742979074,6999097948136129562,0.01577533786231267
6881122811742979074,7057223811220997147,0.015688645441996312
6881122811742979074,7099686562410054682,0.015591012861112813
6881122811742979074,7209646992757638170,0.015813834053178096
6881122811742979074,7254140507394245638,0.027768997138081793
6881122811742979074,7327004404379370501,0.015837637086718592
6881122811742979074,7453778116689118215,0.015687081936737762
6881122811742979074,7523245655259759624,0.01535267216065143
6881122811742979074,7602605744538141716,0.020560549375235587
6881122811742979074,7627890544752886791,0.016788887063924802
6881222858455581697,6953411710000038918,0.01744817824487609
6881222858455581697,6961428341711406081,0.01660238646253568
6881222858455581697,6971392711799964673,0.024824312923736512
6881222858455581697,6986850469483676673,0.01665226901761079
6881222858455581697,7004713749492286465,0.016474018678395777
6881222858455581697,7010662492184495131,0.021677532654813602
6881222858455581697,7032227302164448283,0.024775035303427763
6881222858455581697,7040064114538382337,0.03332076795595697
6881222858455581697,7052273815992304641,0.02675585728132446
6881222858455581697,7183388245819507738,0.019865275919139547
6881222858455581697,7192960927724127233,0.018737061682441606
6881222858455581697,7257262932941259782,0.017816806723458277
6881222858455581697,7319387104206259206,0.014820340271896089
6881222858455581697,7569967093475968008,0.032666206305852166
6881222858455581697,7608910206895195157,0.022880526630385548
6881222858455581697,7627890544752886791,0.021489054280372757
6881383602803934210,6882631863488431106,0.01539543766077217
6881383602803934210,6887819547920745477,0.015370016178433839
6881383602803934210,6905370655970051073,0.015096185945502433
6881383602803934210,6907338844421719041,0.02787022929756048
6881383602803934210,7284239018626466822,0.01592812834187916
6881383602803934210,7369653419626202117,0.01765983819660979
6881383602803934210,7571687209402532882,0.015411542355597363
6881383602803934210,7577673427314541589,0.015842151925241053
6881613830130418689,6886446824174076930,0.016766653429706794
6881613830130418689,6907804284760900609,0.02865485378790065
6881613830130418689,6918283987047728130,0.01677551740152677
6881613830130418689,6924145368151442437,0.016359821659608857
6881613830130418689,7012403129132663810,0.016982086304496626
6881613830130418689,7096068961858765826,0.0161818201700799
6881613830130418689,7192220822001746970,0.021327719274698502
6881613830130418689,7355093638134744070,0.018405363795317372
6881613830130418689,7444920523094967314,0.016501728552597593
6881613830130418689,7501201778134893584,0.018143078762002458
6882458879956780033,6889263520413484033,0.015575556222949257
6882458879956780033,6938596816996811778,0.016383135140099186
6882458879956780033,6943828295310328834,0.01510147259227681
6882458879956780033,6953615639416374274,0.01540276975894958
6882458879956780033,6964587861862876161,0.01983629029695064
6882458879956780033,7036175301264753669,0.016121813589580095
6882458879956780033,7150266661496472582,0.0160633090942859
6882458879956780033,7153854260416955418,0.01495705180958808
6882458879956780033,7157712033605370881,0.017495221166706196
6882458879956780033,7169932462054196250,0.02054281462739724
6882458879956780033,7311554831675458565,0.016071722610460117
6882458879956780033,7321759691690951685,0.01573858076028104
6882458879956780033,7400357743557297157,0.015009282602674149
6882458879956780033,7477085819511178248,0.01657852818066203
6882458879956780033,7529488293902566407,0.016358566638522278
6882458879956780033,7554403762245895188,0.019727351314993168
6882458879956780033,7627263245217350674,0.0157081238255746
6882631863488431106,6887524111863694337,0.016929095615531724
6882631863488431106,6900164078850917378,0.021124902738487817
6882631863488431106,6904567468456657921,0.021808022001913358
6882631863488431106,6936501950632805377,0.0169671858997705
6882631863488431106,7231031844086088705,0.015658117662610306
6882631863488431106,7284239018626466822,0.015782841673066202
6882631863488431106,7369653419626202117,0.021317131676228413
6882631863488431106,7523217404127364112,0.022162135355233707
6882631863488431106,7577673427314541589,0.01589245742213493
6882631863488431106,7627890544752886791,0.02019706724164824
6883390292378043398,6936501950632805377,0.08042891044540662
6883390292378043398,6964587861862876161,0.024135085286268943
6883390292378043398,7024874583044637697,0.0148449941839646
6883390292378043398,7035968949859959835,0.022160155035292926
6883390292378043398,7052126774599140379,0.014814856457520903
6883390292378043398,7077082709159904282,0.015582363891477654
6883390292378043398,7078619125920564226,0.015681000232342847
6883390292378043398,7135823212835259393,0.015586272326252966
6883390292378043398,7174653124672898049,0.01574314794306474
6883390292378043398,7267937623179576325,0.014744457970060541
6883390292378043398,7383901183393448966,0.01641560289384632
6883390292378043398,7642911089734927378,0.015571388340784524
6883544605590766594,6903068209902994434,0.028107369199313035
6883544605590766594,6919245969214080001,0.1718133376701572
6883544605590766594,6938596816996811778,0.025375486801753028
6883544605590766594,6949929730662597634,0.027894673967492307
6883544605590766594,7132780297389507585,0.027802529458033888
6883544605590766594,7141082435111142402,0.02480041155039148
6883544605590766594,7155463663934489601,0.0210251016520148
6883544605590766594,7240814661875057669,0.01528356708150266
6883544605590766594,7445331089281270789,0.039035121285523396
6883544605590766594,7489802306281440276,0.019635786965074783
6883544605590766594,7512754059523769352,0.016559663868094994
6883544605590766594,7546926530825077778,0.022837952406454472
6883544605590766594,7577673427314541589,0.02073676365301497
6883544605590766594,7599311463005832209,0.02433383778646141
6883544605590766594,7607445622497264647,0.0282563116521148
6883679263939478530,6959507281902257158,0.02374035884281254
6883679263939478530,6961407924980515846,0.03775424687476699
6883679263939478530,7005422961205330971,0.027433956738204538
6883679263939478530,7014057563453752325,0.03775424687476699
6883679263939478530,7045303752488469506,0.08439258055566119
6883679263939478530,7100750102336177154,0.015837729912223167
6883679263939478530,7127610987100308481,0.02374035884281254
6883679263939478530,7177602177161561114,0.033699190193972044
6883679263939478530,7207116376669438978,0.024195425702516756
6883679263939478530,7327004404379370501,0.08439258055566119
6883679263939478530,7344283645127885830,0.01660795406950783
6883679263939478530,7490286723617670162,0.027433956738204538
6883679263939478530,7505361348164092936,0.0158477383620361
6883679263939478530,7545673249791706113,0.027433956738204538
6883679263939478530,7547223971999417351,0.027433956738204538
6883775352537023489,6892279591021413378,0.020827270902193544
6883775352537023489,6912475609672451073,0.02817319443681114
6883775352537023489,6930532553419015170,0.014818076976160567
6883775352537023489,6956088875182720002,0.01532578756602922
6883775352537023489,6966494018633499650,0.015578983127845255
6883775352537023489,6996114982522356737,0.01741964578464057
6883775352537023489,7050182429319627803,0.017798300863887156
6883775352537023489,7343513808779904005,0.025448602646137925
6883775352537023489,7377168369478452229,0.01597271428412133
6883775352537023489,7501201778134893584,0.01623326312790372
6883775352537023489,7505361348164092936,0.015406795263223761
6883775352537023489,7512994775039083538,0.015331601495508742
6883775352537023489,7522355226557662225,0.01981228168585063
6883775352537023489,7627890544752886791,0.023478922384671273
6884391295285806086,6929807010993357825,0.024054062185689257
6884391295285806086,6940581217293599745,0.058401413932470544
6884391295285806086,6960359847695074309,0.028477096884520388
6884391295285806086,6970866552057267202,0.0150900309307953
6884391295285806086,6978315681420264450,0.06075715711704571
6884391295285806086,6988040833657242625,0.025606022258776805
6884391295285806086,6995145012439450625,0.03792343517249346
6884391295285806086,6996939727140979714,0.11060097309085645
6884391295285806086,7002112944796779546,0.026608033451328797
6884391295285806086,7004640947586024474,0.019508871171896203
6884391295285806086,70836239101,0.09456545224118135
6884391295285806086,7240814661875057669,0.01541947656867784
6884391295285806086,7253614148146316294,0.015260449986371858
6884391295285806086,7350473960612905989,0.02569883560569026
6884391295285806086,7362078617574441989,0.015603768358181785
6884391295285806086,7384728630012806150,0.03257493791658625
6884391295285806086,7495411659411948599,0.11167184748735848
6884391295285806086,7550661278433231879,0.0926985917196397
6884514024563622913,6904567468456657921,0.02101375963901662
6884514024563622913,6956088875182720002,0.015253568422031375
6884514024563622913,6961399341378683910,0.021480652241803986
6884514024563622913,6966494018633499650,0.01641661665905359
6884514024563622913,6978452201935291393,0.02251888095757883
6884514024563622913,7113171980896257050,0.019409303887851944
6884514024563622913,7119475270255870977,0.022667464969805894
6884514024563622913,7127708623191933953,0.024664390655493532
6884514024563622913,7131585685501363202,0.03282993111468097
6884514024563622913,7163041914702775297,0.017133115238222706
6884514024563622913,7177602177161561114,0.04041249169805695
6884514024563622913,7196069191677543425,0.03282993111468097
6884514024563622913,7231559211711382529,0.021480652241803986
6884514024563622913,7248502263702291463,0.024664390655493532
6884514024563622913,7282408479507563526,0.024664390655493532
6884514024563622913,7331684378399196166,0.04013813605278424
6884514024563622913,7352412606437704710,0.022667464969805894
6884514024563622913,7478421096736359430,0.016648720326388786
6884514024563622913,7481556266751230977,0.03282993111468097
6884514024563622913,7512994775039083538,0.015259643440095316
6884514024563622913,7536548421932319751,0.021480652241803986
6885133273098388482,6891120589751452673,0.030596627606551244
6885133273098388482,6907064109915046914,0.02131918414027852
6885133273098388482,6940581217293599745,0.02479680112274221
6885133273098388482,6960359847695074309,0.02746385251549626
6885133273098388482,6968643664378119170,0.016831356174196236
6885133273098388482,6978315681420264450,0.026711668703932188
6885133273098388482,6988040833657242625,0.024694933675132747
6885133273098388482,6995145012439450625,0.03657408038052139
6885133273098388482,6998723476065862683,0.01693727729681822
6885133273098388482,7002112944796779546,0.025661292279828978
6885133273098388482,7051051150916731905,0.024466626479584926
6885133273098388482,7135823212835259393,0.03057726874495315
6885133273098388482,7142783450839401473,0.02596634620327564
6885133273098388482,7143935053655131163,0.015849733668135784
6885133273098388482,7179990250806297626,0.016299939925257714
6885133273098388482,7278599252681622533,0.02315461611061539
6885133273098388482,7284239018626466822,0.027535003585478505
6885133273098388482,7346971685042701317,0.015171404380635667
6885133273098388482,7365461311374066694,0.022661523289557384
6885133273098388482,7377398977324647430,0.015031152613762661
6885133273098388482,7476774838238430216,0.017176436021657363
6885133273098388482,7495411659411948599,0.028449015940146302
6885133273098388482,7592061582878065685,0.019643848403233313
6885133273098388482,7643821011835061269,0.016027510269512386
6886446824174076930,6912770377378841601,0.02207621270202566
6886446824174076930,6918182823996785665,0.01566822015896565
6886446824174076930,6924145368151442437,0.016368539057294317
6886446824174076930,7077264630486516762,0.015505828086285289
6886446824174076930,7096068961858765826,0.016173624943742995
6886446824174076930,7226016778555556890,0.015484724061137045
6886446824174076930,7300420401526604806,0.014622317880660218
6886446824174076930,7328024330810950662,0.015427717471649132
6886446824174076930,7354443424308167685,0.015472325238547895
6886446824174076930,7358103277785891846,0.015537246895035526
6886446824174076930,7444920523094967314,0.016510450092347043
6886446824174076930,95653080293068800,0.015324656272379696
6887101241328288770,6900485384896267265,0.015753514050030455
6887101241328288770,6917248103146374146,0.016144782248466893
6887101241328288770,6928708259923067906,0.016074386931786953
6887101241328288770,6934684942018905089,0.018738258004627913
6887101241328288770,6961399341378683910,0.016063487485068653
6887101241328288770,6967595976622998530,0.0256051227255646
6887101241328288770,7110469283298640898,0.0163439535282875
6887101241328288770,7139916028763800577,0.016154740114338328
6887101241328288770,7155826010654409730,0.016287719793239726
6887101241328288770,7507877861438964754,0.019274760857400493
6887101241328288770,7565637171480052737,0.016319245819489618
6887101241328288770,7640716169255715857,0.01626511765487538
6887524111863694337,6930270659085009921,0.015064362995395136
6887524111863694337,6936501950632805377,0.024583617663852333
6887524111863694337,6958268752132178946,0.01484202310539607
6887524111863694337,7004640947586024474,0.015121871259516287
6887524111863694337,7045814535378863130,0.015029255207094333
6887524111863694337,7157712033605370881,0.015080290241915678
6887524111863694337,7483938801250042888,0.015011275850461027
6887524111863694337,7521728838495011848,0.01974691539097121
6887524111863694337,7627890544752886791,0.020744501407668675
6887819547920745477,6904463856761816065,0.08857169554867066
6887819547920745477,6905370655970051073,0.015389460199393662
6887819547920745477,6921359025180574721,0.015661946623139186
6887819547920745477,6940145353048474626,0.01922164645913805
6887819547920745477,6949832392740242434,0.02090079533501297
6887819547920745477,6954923960769807361,0.015149597086682388
6887819547920745477,6962343424021726209,0.01976515807441082
6887819547920745477,7121523637161001985,0.015660708550997035
6887819547920745477,7149906885037179905,0.018564850637335303
6887819547920745477,7159615477097841669,0.015181449610268105
6887819547920745477,7284239018626466822,0.015602839284092559
6887819547920745477,7323833518098056198,0.018297787171528596
6887819547920745477,7420280666741621765,0.01703549985768511
6887819547920745477,7571687209402532882,0.015348206580395454
6887819547920745477,7592061582878065685,0.02166194667881442
6888476693641200641,6910170213696111618,0.015431350433842046
6888476693641200641,6941389168077702146,0.01526648357997588
6888476693641200641,6949516198539346945,0.04701182470947401
6888476693641200641,7057223811220997147,0.017775811330367642
6888476693641200641,7063506594294924289,0.015102205734608803
6888476693641200641,70836239101,0.018419741149733795
6888476693641200641,7139916028763800577,0.017957807851598593
6888476693641200641,7254140507394245638,0.028361434992802328
6888476693641200641,7278224508979872786,0.015397183618249282
6888476693641200641,7516118321939727361,0.015513471654657919
6888476693641200641,7627890544752886791,0.04691011406225445
6889263520413484033,6891120589751452673,0.027199503331587636
6889263520413484033,6916793805480805377,0.022495505030332073
6889263520413484033,6943828295310328834,0.015254061633485116
6889263520413484033,6953615639416374274,0.015553659849883727
6889263520413484033,7027699921625777153,0.02029491449042868
6889263520413484033,7036175301264753669,0.016175272171073445
6889263520413484033,7137364417810252826,0.015618337485260904
6889263520413484033,7150266661496472582,0.015580637081789611
6889263520413484033,7233267845730976769,0.015057324383448301
6889263520413484033,7255353916123612165,0.014551594789177506
6889263520413484033,7300287082403218437,0.01439697668523164
6889263520413484033,7311554831675458565,0.015588984774974873
6889263520413484033,7367299781642208262,0.015139240825151128
6889263520413484033,7400357743557297157,0.015164285563304255
6889263520413484033,7546553409273627653,0.02364699820395731
6889263520413484033,7592061582878065685,0.022425424224106275
6889263520413484033,7606263940389946389,0.015570418945006829
6889263520413484033,7627263245217350674,0.015228276096882954
6891120589751452673,6916793805480805377,0.11261472856381705
6891120589751452673,6922733815886889986,0.02925314525958125
6891120589751452673,6987731969648788507,0.022605272788185696
6891120589751452673,7012228858045465601,0.014771420733400256
6891120589751452673,7027699921625777153,0.1015983541371405
6891120589751452673,7032542326535341083,0.01881669743590091
6891120589751452673,7142783450839401473,0.02880394367878972
6891120589751452673,7267057918439506950,0.03486004187241954
6891120589751452673,7278599252681622533,0.018448435577210084
6891120589751452673,7284239018626466822,0.030544023647475844
6891120589751452673,7365461311374066694,0.025137970332755156
6891120589751452673,7455150278313755655,0.01594584249208158
6891120589751452673,7464192594000741377,0.017216321132477307
6891120589751452673,7478421096736359430,0.015660253273857994
6891120589751452673,7482314927051932679,0.023750244962415387
6891120589751452673,7518436263998063623,0.01597797475948713
6891120589751452673,7546553409273627653,0.12101116651997951
6891120589751452673,7569967093475968008,0.026075189797812225
6891120589751452673,7592061582878065685,0.050935706055219
6891957094863389697,6900164078850917378,0.016394232362652448
6891957094863389697,6907804284760900609,0.015698971405453746
6891957094863389697,6939127500590416898,0.028268493566346864
6891957094863389697,6945456727777772549,0.01564453160974802
6891957094863389697,6960359847695074309,0.03010120744455797
6891957094863389697,6961428341711406081,0.015538083595283548
6891957094863389697,6982233082511180827,0.030361645988920976
6891957094863389697,6995145012439450625,0.040086290880233376
6891957094863389697,6999586453593031681,0.03507138110859225
6891957094863389697,7002112944796779546,0.034589055826223014
6891957094863389697,7017368046475068418,0.015655928284989056
6891957094863389697,7051051150916731905,0.02813883754538814
6891957094863389697,7060924497801593882,0.029799930701837854
6891957094863389697,7084186676168508442,0.016306238413747808
6891957094863389697,7165117173925708826,0.015380381488135036
6891957094863389697,7170102652008580098,0.015433081667609299
6891957094863389697,7179990250806297626,0.021217605024853578
6891957094863389697,7265249858515158022,0.027383612399324717
6891957094863389697,7319919338914857990,0.01566477168623082
6891957094863389697,7369653419626202117,0.043168989284757854
6891957094863389697,7445226957769507895,0.015511292265832524
6891957094863389697,7453778116689118215,0.02278276965248865
6891957094863389697,7495411659411948599,0.029149258889678627
6891957094863389697,7521728838495011848,0.017635198455605197
6891957094863389697,7577673427314541589,0.02448015218962293
6891957094863389697,7602605744538141716,0.026422599017661006
6891957094863389697,7607445622497264647,0.03532534334115396
6892279591021413378,6910687261839967233,0.019481924529989966
6892279591021413378,6912352842767680514,0.059092421470148704
6892279591021413378,6912475609672451073,0.03343547238159041
6892279591021413378,6918182823996785665,0.04115612218094106
6892279591021413378,6922733815886889986,0.03859377896065724
6892279591021413378,6936501950632805377,0.015791263092231656
6892279591021413378,6959306103192912897,0.01562127496962407
6892279591021413378,6966494018633499650,0.02325059657641086
6892279591021413378,6996114982522356737,0.05160731365992186
6892279591021413378,7050182429319627803,0.049733388819503704
6892279591021413378,7051051150916731905,0.03504442259022196
6892279591021413378,7143935053655131163,0.016054660431726278
6892279591021413378,7166227528167867418,0.01739648125193447
6892279591021413378,7179990250806297626,0.015843012997631058
6892279591021413378,7258982582568846338,0.019657120208750368
6892279591021413378,7336152171828904965,0.04105518011951701
6892279591021413378,7343513808779904005,0.12565640304465547
6892279591021413378,73466833727,0.019657120208750368
6892279591021413378,7377168369478452229,0.02211110535984545
6892279591021413378,7501201778134893584,0.04308275349162106
6892279591021413378,7505361348164092936,0.018284524982344983
6892279591021413378,7522355226557662225,0.09782619845059766
6892279591021413378,7634034175490606101,0.02438820091770632
6893653391593440258,6918855608540644354,0.015381156489538552
6893653391593440258,6923227293196944385,0.01566588957845882
6893653391593440258,6967659350089810946,0.01571708763728403
6893653391593440258,7003367467040949249,0.015139110329259412
6893653391593440258,7010662492184495131,0.014699944300666653
6893653391593440258,7056589938901664769,0.015489590338417741
6893653391593440258,7056720636374385691,0.015160788874197216
6893653391593440258,7206554298104415258,0.01564040035429434
6893653391593440258,7222475408116515866,0.014697028734933292
6893653391593440258,7225233704317715482,0.014276212887247544
6893653391593440258,7323951027022283777,0.015676564245895835
6893653391593440258,7572718529432126480,0.014996058900429945
6893653391593440258,7591058387967886348,0.008730366180500363
6893717255751025666,6913152378868302850,0.028971916235078637
6893717255751025666,6978315681420264450,0.01901848623108127
6893717255751025666,6979425797577245697,0.01775500372713112
6893717255751025666,7054007488706429979,0.020729679173969506
6893717255751025666,7100750102336177154,0.016324656326480558
6893717255751025666,7204083942915130395,0.01646208227589956
6893717255751025666,7219631248322511874,0.016210453623239977
6893717255751025666,7233640485796660225,0.015361887798020987
6893717255751025666,7238588875538793480,0.018596515147652117
6893717255751025666,7325141798954058758,0.015418386629242213
6893717255751025666,7333255393327449094,0.022471744509276338
6893717255751025666,7344283645127885830,0.015583984098868728
6893717255751025666,7650649289911452693,0.02084139346113737
6897937907282740225,6899092861301539842,0.020457026318017258
6897937907282740225,6988040833657242625,0.02819296872691497
6897937907282740225,6995145012439450625,0.019930952352831082
6897937907282740225,7155463663934489601,0.016944016513496724
6897937907282740225,7354443424308167685,0.017678862535336282
6897937907282740225,7421159900989047814,0.0158959750293318
6897937907282740225,7423293361527014405,0.022327870728770204
6897937907282740225,7456307417581437958,0.015915502894345637
6897937907282740225,7478201262862681105,0.016759306070204313
6897937907282740225,7510202614824551431,0.017121023344932592
6897937907282740225,7587437314005304341,0.015184830550284044
6897937907282740225,7618421559720412178,0.015375588135263869
6897937907282740225,7652707278761018388,0.01398694027359858
6897937907282740225,7653078869913863175,0.01708172159221458
6899092861301539842,6909417612863554561,0.015454143643608566
6899092861301539842,6988040833657242625,0.07829423729142866
6899092861301539842,7044020860574942210,0.022205014820743208
6899092861301539842,7151061694003921947,0.015038569823993486
6899092861301539842,7160116207869428738,0.015445335248285806
6899092861301539842,7333255393327449094,0.016664473904550985
6899092861301539842,7354443424308167685,0.049095683104232936
6899092861301539842,7423293361527014405,0.03201617350734103
6899092861301539842,7491833609532605441,0.02635783491072568
6900164078850917378,6918283987047728130,0.016056328589667896
6900164078850917378,6940145353048474626,0.016596097618334516
6900164078850917378,6987731969648788507,0.016061994459471287
6900164078850917378,6995145012439450625,0.01782252651271902
6900164078850917378,7004713749492286465,0.016504028841114876
6900164078850917378,7099686562410054682,0.015924165704408775
6900164078850917378,7102360937428108314,0.016256712290984042
6900164078850917378,7136425984111002625,0.016301444999993225
6900164078850917378,7165117173925708826,0.019853074079457054
6900164078850917378,7188777124807181314,0.01590240468500784
6900164078850917378,73466833727,0.01626819518857307
6900164078850917378,7445226957769507895,0.015262945444467328
6900164078850917378,7456307417581437958,0.016222592079249212
6900164078850917378,7476795457228145681,0.015946648017392883
6900164078850917378,7496951292298249223,0.016013388902695852
6900164078850917378,7515323874088748050,0.019606212269181796
6900485384896267265,6917248103146374146,0.016009459959501916
6900485384896267265,6921629815418848258,0.018798329910685304
6900485384896267265,7139916028763800577,0.015997160827921124
6900485384896267265,7155826010654409730,0.01584289841388932
6900485384896267265,7192449099722916869,0.01513014062890572
6900485384896267265,7313018902039839746,0.015805797969284305
6900485384896267265,7481929553658512439,0.015482984563071013
6900485384896267265,7565637171480052737,0.015799938634167825
6900485384896267265,7568781196831409172,0.01954727485352962
6900485384896267265,7627890544752886791,0.021162565296466197
6902777439399920641,6949516198539346945,0.01528450980435982
6902777439399920641,6959317815221093378,0.015114036525079205
6902777439399920641,6962343424021726209,0.01577383454706954
6902777439399920641,6982233082511180827,0.015704335231049683
6902777439399920641,6983637584456647681,0.01578883095483206
6902777439399920641,7316445862590301189,0.015824267024733284
6902777439399920641,7495411659411948599,0.015288160770114759
6903068209902994434,6916793805480805377,0.030317782362139452
6903068209902994434,6938596816996811778,0.021707983756881773
6903068209902994434,6947166484004373506,0.01567307094035852
6903068209902994434,6949929730662597634,0.020369924404981605
6903068209902994434,6961407924980515846,0.022831378872117312
6903068209902994434,7014057563453752325,0.037615443097248735
6903068209902994434,7045303752488469506,0.05103529113038022
6903068209902994434,7056589938901664769,0.06280956165117867
6903068209902994434,7124524290486535170,0.02206378332217648
6903068209902994434,7222475408116515866,0.014781739799342873
6903068209902994434,7313018902039839746,0.03330115679690818
6903068209902994434,7327004404379370501,0.05103529113038022
6903068209902994434,7476128992287441937,0.03618112611593741
6903068209902994434,7507877861438964754,0.04759511024717817
6903068209902994434,7512754059523769352,0.02536099907153064
6903068209902994434,7529488293902566407,0.014654692926611155
6903068209902994434,7566446773142979591,0.0157191767142542
6903068209902994434,7572718529432126480,0.014956314732872447
6904463856761816065,6927689178639418369,0.02226650534981091
6904463856761816065,6949832392740242434,0.01621239378395467
6904463856761816065,6958677518510654470,0.016401216806966636
6904463856761816065,6962343424021726209,0.022470976633250886
6904463856761816065,6964714945469662210,0.019067257118823604
6904463856761816065,6998723476065862683,0.01660404151736142
6904463856761816065,7001471155397248001,0.016278114500396998
6904463856761816065,7005622091391714330,0.014961811615756156
6904463856761816065,7012228858045465601,0.015197295020773617
6904463856761816065,7060374955943003137,0.027560023619016296
6904463856761816065,7177726893490603034,0.015886764638658915
6904463856761816065,7455150278313755655,0.01587355962333722
6904567468456657921,6918950409570698241,0.015815337684346977
6904567468456657921,6928398838458876929,0.015195446355873103
6904567468456657921,6958921737837741058,0.012898356340759056
6904567468456657921,6959419874189050881,0.015664942581228757
6904567468456657921,7029208338990875674,0.0153350271659013
6904567468456657921,7049429937271440385,0.014376168289497577
6904567468456657921,7131585685501363202,0.02101375963901662
6904567468456657921,7153854260416955418,0.015321171596076122
6904567468456657921,7177602177161561114,0.025867199781511807
6904567468456657921,7196069191677543425,0.02101375963901662
6904567468456657921,7248502263702291463,0.0157871661401561
6904567468456657921,7282408479507563526,0.0157871661401561
6904567468456657921,7331684378399196166,0.025691590409526562
6904567468456657921,7336845122908406789,0.01567756839754614
6904567468456657921,7369653419626202117,0.03193680917491553
6904567468456657921,7481556266751230977,0.02101375963901662
6904567468456657921,7617823686238143508,0.015585658469678118
6904567468456657921,7650741089351484436,0.015303931940971504
6904567468456657921,86855738395926528,0.01768535506187338
6905370655970051073,6907338844421719041,0.015079865088464654
6905370655970051073,6921359025180574721,0.015657891905659027
6905370655970051073,6954923960769807361,0.015150011081544184
6905370655970051073,6968101486514226177,0.015265814424734223
6905370655970051073,7121523637161001985,0.01565666514258179
6905370655970051073,7159615477097841669,0.015181625732139022
6905370655970051073,7284239018626466822,0.015321559665343314
6905370655970051073,7577673427314541589,0.01523601341998048
6907064109915046914,6958784923474166786,0.014624593632746619
6907064109915046914,6972477904908207105,0.014319323708323204
6907064109915046914,7135823212835259393,0.019437239749687158
6907064109915046914,7254140507394245638,0.014701710972383767
6907064109915046914,7278599252681622533,0.014718836675963215
6907064109915046914,7300420401526604806,0.014459355689238371
6907064109915046914,7322149836118082565,0.015369862358368765
6907064109915046914,7592121729054213121,0.014340140621370989
6907064109915046914,7641515667149145109,0.014380623673687887
6907064109915046914,7652473478721979400,0.014576623421268638
6907338844421719041,6921629815418848258,0.01821513994194073
6907338844421719041,6999097948136129562,0.015876480078662776
6907338844421719041,7022043784491222018,0.039277201832319565
6907338844421719041,7086761864990589954,0.029720679014209515
6907338844421719041,7177726893490603034,0.03327344100651338
6907338844421719041,7192220822001746970,0.09822835429686083
6907338844421719041,7284239018626466822,0.015945915466242813
6907338844421719041,7343513808779904005,0.019008186536642723
6907338844421719041,7571687209402532882,0.015395230235747303
6907338844421719041,7634034175490606101,0.019363216339839562
6907338844421719041,7641155549304505352,0.014666118183356565
6907804284760900609,6918283987047728130,0.015553534286977443
6907804284760900609,6950174197022065669,0.03051659186051569
6907804284760900609,6987731969648788507,0.015548686570491283
6907804284760900609,7022043784491222018,0.01635687722886811
6907804284760900609,7099686562410054682,0.01536427624215269
6907804284760900609,7170102652008580098,0.03568082823212357
6907804284760900609,7183388245819507738,0.015545851794467002
6907804284760900609,7233640485796660225,0.01535876426106675
6907804284760900609,7406882852758012934,0.015573745299804698
6907804284760900609,7445226957769507895,0.015124638879201277
6907804284760900609,7476795457228145681,0.015346055665527342
6907804284760900609,7481556266751230977,0.015719586311511494
6907804284760900609,7497789201774920725,0.017037536590548772
6908277550168081410,6910687261839967233,0.015698402110824843
6908277550168081410,6930532553419015170,0.014803621771388992
6908277550168081410,6956088875182720002,0.01504568521873231
6908277550168081410,7000367216572122113,0.015286260636143904
6908277550168081410,7032227302164448283,0.015044921418436698
6908277550168081410,7098020878919943170,0.015714163712055192
6908277550168081410,7204083942915130395,0.01935187865246983
6908277550168081410,7264489075083461633,0.01568344068643284
6908277550168081410,7446786283143169041,0.015250312370306916
6908277550168081410,7512994775039083538,0.015039716736895446
6908277550168081410,7546926530825077778,0.025825456674068065
6908277550168081410,7643821011835061269,0.015639473096575086
6909417612863554561,6950174197022065669,0.015338599547602059
6909417612863554561,7094307669989819418,0.015575790285304768
6909417612863554561,7151061694003921947,0.015147616075550457
6909417612863554561,7151777693745841157,0.015432620688188015
6909417612863554561,7160116207869428738,0.015931040213006707
6909417612863554561,7186497865421161499,0.015922113704274123
6909417612863554561,7219631248322511874,0.015786027778118415
6909417612863554561,7361451922681119749,0.016020795850346613
6909417612863554561,7506867441839244344,0.016061552318621587
6909417612863554561,7507877861438964754,0.015761612429170364
6909417612863554561,7520091064683021319,0.015265676681578808
6909664281428820994,6941389168077702146,0.028616034697466305
6909664281428820994,6970866552057267202,0.015088263618578332
6909664281428820994,6978315681420264450,0.020746095177500683
6909664281428820994,7000316775146144770,0.014232558123107185
6909664281428820994,7091908720364061723,0.01629039084942385
6909664281428820994,7154384053285078043,0.0349609491203899
6909664281428820994,7240814661875057669,0.01542121210968449
6909664281428820994,7253614148146316294,0.01526217039817933
6909664281428820994,7254140507394245638,0.13461175598397962
6909664281428820994,7282408479507563526,0.015635048838551314
6909664281428820994,7362078617574441989,0.015601930997608827
6909664281428820994,7377168369478452229,0.017227815307207232
6909664281428820994,7457809067773297681,0.018429117935921203
6909664281428820994,7627890544752886791,0.061928232510125136
6909664281428820994,7642599508594115605,0.018533520652256084
6910170213696111618,6924904614709969921,0.02737457861166032
6910170213696111618,6932353646320108546,0.015336818598753283
6910170213696111618,6949516198539346945,0.03346394033607035
6910170213696111618,7006304525616579610,0.015795295388802782
6910170213696111618,7044020860574942210,0.015209720942053633
6910170213696111618,7051051150916731905,0.015734212703064906
6910170213696111618,7119475270255870977,0.016323560505117057
6910170213696111618,7139916028763800577,0.019607289713075807
6910170213696111618,7182146153348219931,0.015798671283232677
6910170213696111618,7196069191677543425,0.015822952077516366
6910170213696111618,7238631407236580358,0.013722555553472635
6910170213696111618,7352412606437704710,0.016323560505117057
6910170213696111618,7370877163489444869,0.014875924753390227
6910170213696111618,7371052403481969670,0.015575733456212956
6910170213696111618,7542789080502682641,0.015506592007053515
6910687261839967233,6930532553419015170,0.015422993549259656
6910687261839967233,6959162637768377349,0.016578571406312716
6910687261839967233,6964587861862876161,0.0228898897209057
6910687261839967233,6994452656194847745,0.01648063761268795
6910687261839967233,7000367216572122113,0.016174283183967162
6910687261839967233,7032227302164448283,0.01571114929585665
6910687261839967233,7098020878919943170,0.016609434793089746
6910687261839967233,7102360937428108314,0.03376084179882925
6910687261839967233,7137486032777577473,0.020957236021441592
6910687261839967233,7264489075083461633,0.01661148849669955
6910687261839967233,7446786283143169041,0.016059645532827235
6910687261839967233,7515323874088748050,0.016058217449078902
6910753120483165186,6922656772109452290,0.01654794051647933
6910753120483165186,6961159945572844550,0.016620851931526646
6910753120483165186,6964970683512931333,0.016574121915960808
6910753120483165186,6967196401395139585,0.03704447076878676
6910753120483165186,7012228858045465601,0.017924141659711547
6910753120483165186,7108182400240223233,0.016604226070599314
6910753120483165186,7135414649268880411,0.02321206535798768
6910753120483165186,7192220822001746970,0.01596182181929449
6910753120483165186,7193229205185250330,0.016248599736784324
6910753120483165186,7501664443560084488,0.016585073419476203
6910753120483165186,7516118321939727361,0.03274867773872047
6910753120483165186,7526895629398737928,0.01662252415880295
6910753120483165186,86855738395926528,0.024453727195690275
6912352842767680514,6918182823996785665,0.028856586042584297
6912352842767680514,6921629815418848258,0.033949466760284035
6912352842767680514,6922733815886889986,0.02706000090072675
6912352842767680514,6925056214594274306,0.02603527924386596
6912352842767680514,6936501950632805377,0.016136245102048398
6912352842767680514,6941389168077702146,0.04483620991468565
6912352842767680514,6941853637615748098,0.01635215603201837
6912352842767680514,6996114982522356737,0.0361844315775651
6912352842767680514,7022043784491222018,0.03589813796030943
6912352842767680514,7050182429319627803,0.034774233352780785
6912352842767680514,7051051150916731905,0.024571372184713006
6912352842767680514,7135008576062456859,0.015737184459658392
6912352842767680514,7143935053655131163,0.015499648363943243
6912352842767680514,7258982582568846338,0.015814569744609326
6912352842767680514,7270110578827150342,0.01592101040573138
6912352842767680514,7316163220909196294,0.023614552282253808
6912352842767680514,7322149836118082565,0.022876373150064324
6912352842767680514,7336152171828904965,0.02878581058740432
6912352842767680514,7343513808779904005,0.052862339026764564
6912352842767680514,7476774838238430216,0.02352362771081974
6912352842767680514,7485973175349232646,0.015727553553907665
6912352842767680514,7488350271514821639,0.027851913791250245
6912352842767680514,7501201778134893584,0.03527273537015431
6912352842767680514,7522355226557662225,0.04115446203212798
6912352842767680514,7629259435181491218,0.015879338814716485
6912352842767680514,7634034175490606101,0.019620824427116355
6912475609672451073,6913152378868302850,0.015289864706590484
6912475609672451073,6918182823996785665,0.022301681636094573
6912475609672451073,6958320233292530689,0.0162678625942749
6912475609672451073,6959306103192912897,0.021131007472695723
6912475609672451073,6960845274243712002,0.015275456735867818
6912475609672451073,6966494018633499650,0.021520479451201082
6912475609672451073,6996114982522356737,0.027964973820362376
6912475609672451073,7050182429319627803,0.02857285526117874
6912475609672451073,7149906885037179905,0.01877811968233895
6912475609672451073,7166227528167867418,0.019877616864097253
6912475609672451073,7343513808779904005,0.040854418945278
6912475609672451073,7377168369478452229,0.025642113640992024
6912475609672451073,7501201778134893584,0.026060390894466642
6912475609672451073,7505361348164092936,0.024733604317696837
6912475609672451073,7522355226557662225,0.03180603931424258
6912475609672451073,7627890544752886791,0.053778347799473346
6912770377378841601,6913152378868302850,0.026295492388978242
6912770377378841601,6923227293196944385,0.017642904721889507
6912770377378841601,6987280497861067778,0.07457236523985761
6912770377378841601,6993562834723374086,0.01720583611376673
6912770377378841601,7047332169534063617,0.017336251860829037
6912770377378841601,7063506594294924289,0.015103448201747525
6912770377378841601,7105261059741565979,0.019435238594438558
6912770377378841601,7132780297389507585,0.017182662669039585
6912770377378841601,7278224508979872786,0.01539842447775619
6912770377378841601,7305650093284197382,0.017836233482517037
6912770377378841601,7516118321939727361,0.015514712396403629
6912770377378841601,7607445622497264647,0.03211624327918707
6913152378868302850,6942299627752735746,0.018872664080366922
6913152378868302850,6958320233292530689,0.015243895629905831
6913152378868302850,6960845274243712002,0.014651804494515702
6913152378868302850,6992412727014048794,0.015312862906688608
6913152378868302850,7219631248322511874,0.016590365895607778
6913152378868302850,7367247089417896965,0.021407373294584215
6913152378868302850,7406882852758012934,0.015164915532782411
6913152378868302850,7627890544752886791,0.026835564965423376
6913152378868302850,7628866672606708757,0.015532756559448222
6914228315911128066,6918855608540644354,0.02166910606359319
6914228315911128066,6961159945572844550,0.029169487857550386
6914228315911128066,6964714945469662210,0.015669530671078964
6914228315911128066,6964970683512931333,0.019802139915329357
6914228315911128066,6985015209039840257,0.015569625687643892
6914228315911128066,6992412727014048794,0.019802139915329357
6914228315911128066,7007000291115598850,0.01561952234117661
6914228315911128066,7060028465760486402,0.019802139915329357
6914228315911128066,7110469283298640898,0.08709582214779628
6914228315911128066,7135220356252517402,0.01688668295410304
6914228315911128066,7154310477883032578,0.015598028967587333
6914228315911128066,7404745909576664070,0.015542082529994538
6914228315911128066,7423293361527014405,0.01810580478705342
6914228315911128066,7478865824552420372,0.015255820938702126
6914228315911128066,7523245655259759624,0.015496510321787095
6914228315911128066,7627890544752886791,0.018885758232270997
6914229795971515394,6918950409570698241,0.01923661560124738
6914229795971515394,6940581217293599745,0.01572307951850411
6914229795971515394,7005748432673948673,0.01598619053461911
6914229795971515394,7045303752488469506,0.01574987710371409
6914229795971515394,7086761864990589954,0.018656575244401678
6914229795971515394,7174653124672898049,0.018178913215612744
6914229795971515394,7309331808796460037,0.027816378609931816
6914229795971515394,7515323874088748050,0.015563157632303414
6914229795971515394,7523245655259759624,0.026961140981996562
6914229795971515394,7530213210042729490,0.015954084937257786
6914229795971515394,7544921032646804487,0.01556689640436268
6914229795971515394,7608910206895195157,0.015933580204800554
6915746450216748033,6921359025180574721,0.021226232261331208
6915746450216748033,6921629815418848258,0.027661260499018837
6915746450216748033,6966276498689721345,0.015788447764032074
6915746450216748033,6971392711799964673,0.021376321196022195
6915746450216748033,6983942815932482561,0.016942401290822074
6915746450216748033,7108182400240223233,0.022903932445109704
6915746450216748033,7144565544971797531,0.018956269571401722
6915746450216748033,7276081914455933957,0.022302732552201474
6915746450216748033,7365461311374066694,0.0208458732279423
6915746450216748033,7455566091059020817,0.015540771209384815
6915746450216748033,7464192594000741377,0.029356495340206595
6915746450216748033,7483938801250042888,0.017054434857193653
6915746450216748033,7499493589689779218,0.015159521800865825
6915746450216748033,7626262691652420629,0.019713661547172696
6916793805480805377,6934842504743879681,0.01880017442295288
6916793805480805377,6947166484004373506,0.015657952121937317
6916793805480805377,6968101486514226177,0.024895746294564605
6916793805480805377,6987280497861067778,0.016282751833375318
6916793805480805377,7004849025783022619,0.016250267388259396
6916793805480805377,7027699921625777153,0.08402750074892995
6916793805480805377,7091443935339791362,0.016522647599965107
6916793805480805377,7142783450839401473,0.028565884040271137
6916793805480805377,7267057918439506950,0.03134752225728003
6916793805480805377,7313018902039839746,0.021204784449270767
6916793805480805377,7400503260173730822,0.016353894905361873
6916793805480805377,7464192594000741377,0.03476288759233418
6916793805480805377,7482314927051932679,0.023735568721391917
6916793805480805377,7501201778134893584,0.022613542878097154
6916793805480805377,7512754059523769352,0.019750200773149613
6916793805480805377,7546553409273627653,0.09790620996358765
6916793805480805377,7583691841695859720,0.0153812988357366
6916793805480805377,7592061582878065685,0.04510042315489011
6916793805480805377,7604788544276333586,0.02030669908157171
6917248103146374146,6928708259923067906,0.01585549563926577
6917248103146374146,6961399341378683910,0.01584457485284335
6917248103146374146,6967595976622998530,0.016089916893915725
6917248103146374146,7024874583044637697,0.019984420776760447
6917248103146374146,7110469283298640898,0.016164577440965833
6917248103146374146,7139916028763800577,0.0163880454827091
6917248103146374146,7155826010654409730,0.01623403770541525
6917248103146374146,7225233704317715482,0.021447353689730827
6917248103146374146,7565637171480052737,0.016191081176602718
6917248103146374146,7640716169255715857,0.0160464825048568
6917841879556539394,6942299627752735746,0.016236847220232414
6917841879556539394,7274448121809142789,0.016681633200047716
6917841879556539394,7319472514870084614,0.016038034658915158
6917841879556539394,7467010964014023688,0.016514233192770296
6917841879556539394,7550661278433231879,0.014834012135988606
6917841879556539394,7627162419760890887,0.01667360224938719
6917841879556539394,7627263245217350674,0.017204946454384466
6917841879556539394,7635591227443250194,0.016333224531164862
6917841879556539394,86855738395926528,0.016301068605617926
6918182823996785665,6922733815886889986,0.025742306305452052
6918182823996785665,6949832392740242434,0.017530319836227156
6918182823996785665,6964714945469662210,0.01589492145337773
6918182823996785665,6985015209039840257,0.015341901244560478
6918182823996785665,6996114982522356737,0.03442242018304352
6918182823996785665,7007000291115598850,0.015844920379784716
6918182823996785665,7050182429319627803,0.03317249989706647
6918182823996785665,7051051150916731905,0.023374862086836035
6918182823996785665,7278224508979872786,0.015656142453303084
6918182823996785665,7300420401526604806,0.015837680944592394
6918182823996785665,7336152171828904965,0.027384077188696072
6918182823996785665,7343513808779904005,0.05028819208993737
6918182823996785665,7404745909576664070,0.01576502353514126
6918182823996785665,7478865824552420372,0.015474449109255304
6918182823996785665,7501201778134893584,0.028736482063447727
6918182823996785665,7522355226557662225,0.039150433562575464
6918182823996785665,7523245655259759624,0.015273349237100366
6918182823996785665,7576621338477184018,0.015410380560542438
6918283987047728130,6921629815418848258,0.020698105612222007
6918283987047728130,6961428341711406081,0.015444287323780824
6918283987047728130,6987731969648788507,0.01626382601224356
6918283987047728130,7017368046475068418,0.015601523935625177
6918283987047728130,7099686562410054682,0.016066488673953088
6918283987047728130,7136425984111002625,0.01607880770016595
6918283987047728130,7170102652008580098,0.015293856831276915
6918283987047728130,7319919338914857990,0.015592672725919512
6918283987047728130,7328024330810950662,0.03160422845217808
6918283987047728130,73466833727,0.016104294250871558
6918283987047728130,7445226957769507895,0.015478073742905893
6918283987047728130,7464192594000741377,0.07109697847316447
6918283987047728130,7476795457228145681,0.016047773133248726
6918855608540644354,6964970683512931333,0.31112162252437237
6918855608540644354,6967659350089810946,0.015366428767487051
6918855608540644354,6978315681420264450,0.02907993372234864
6918855608540644354,6992412727014048794,0.31112162252437237
6918855608540644354,7003367467040949249,0.015462425718337926
6918855608540644354,7003685691104576514,0.01719920330524793
6918855608540644354,7010662492184495131,0.015015690314780814
6918855608540644354,7054007488706429979,0.031696407860233346
6918855608540644354,7056720636374385691,0.01548407459261745
6918855608540644354,7060028465760486402,0.31112162252437237
6918855608540644354,7113527717450810370,0.04580172012980314
6918855608540644354,7195479055549924378,0.028775997045517174
6918855608540644354,7222475408116515866,0.015012779944442684
6918855608540644354,7238588875538793480,0.021166892661113663
6918855608540644354,7323951027022283777,0.015428281157529105
6918855608540644354,7333255393327449094,0.02557774938794789
6918855608540644354,7423293361527014405,0.04092071838534089
6918855608540644354,7481889367460938759,0.02276517379189052
6918855608540644354,7489802306281440276,0.01933285581205506
6918855608540644354,7529488293902566407,0.014532152827352117
6918855608540644354,7572718529432126480,0.015316662349520392
6918855608540644354,7591058387967886348,0.008327445360983786
6918855608540644354,7650649289911452693,0.023722054094399914
6918950409570698241,6928398838458876929,0.014930159896775864
6918950409570698241,6958042743239672833,0.07905468502349253
6918950409570698241,6958921737837741058,0.013478554681017987
6918950409570698241,6959419874189050881,0.01626746981891139
6918950409570698241,7006234259389088770,0.018094755632963
6918950409570698241,7029208338990875674,0.015068771988931296
6918950409570698241,7049429937271440385,0.014111902145954888
6918950409570698241,7153854260416955418,0.015922140277354835
6918950409570698241,7309331808796460037,0.015829220161641427
6918950409570698241,7319472514870084614,0.019218803444670737
6918950409570698241,7336845122908406789,0.01628021005871564
6918950409570698241,7526895629398737928,0.016499007394172188
6918950409570698241,7617823686238143508,0.015327750020243811
6918950409570698241,7627890544752886791,0.02215104899954896
6918950409570698241,7650741089351484436,0.015515879354924269
6919186037361361922,6929807010993357825,0.027099173566063922
6919186037361361922,6978452201935291393,0.015674349706464585
6919186037361361922,7040064114538382337,0.015684935879735767
6919186037361361922,7119475270255870977,0.022967608716246257
6919186037361361922,7195479055549924378,0.016734075546842527
6919186037361361922,7254140507394245638,0.024697329778854842
6919186037361361922,7317979152307454981,0.015591166829287371
6919186037361361922,7352412606437704710,0.022967608716246257
6919186037361361922,7520091064683021319,0.01664270742158041
6919186037361361922,7627890544752886791,0.04084964520494878
6919186037361361922,81308061605,0.01563806200290784
6919245969214080001,6961362649994478593,0.016684671462417817
6919245969214080001,7024101314976498690,0.022437859751343745
6919245969214080001,7121523637161001985,0.018009567053733435
6919245969214080001,7132780297389507585,0.03318968861519043
6919245969214080001,7141082435111142402,0.029605865111248544
6919245969214080001,7155463663934489601,0.025099032013846292
6919245969214080001,7305828667954021382,0.015659402219731222
6919245969214080001,7445331089281270789,0.01591584641157504
6919245969214080001,7448255517355164673,0.01664380146868881
6919245969214080001,7489802306281440276,0.02067463701611393
6919245969214080001,7521728838495011848,0.017911137945692535
6919245969214080001,7546926530825077778,0.0683748144502315
6919245969214080001,7554403762245895188,0.016471634099634733
6919245969214080001,7566639233809695765,0.016388850617198622
6919245969214080001,7577673427314541589,0.024754824181347574
6919245969214080001,7599311463005832209,0.029048885647770924
6919245969214080001,7607445622497264647,0.03373139794934999
6919513518389019649,6925056214594274306,0.015761943681544672
6919513518389019649,6980621105678599169,0.025656608628408316
6919513518389019649,6985015209039840257,0.016046521128142168
6919513518389019649,6993582094237778970,0.05011731449368674
6919513518389019649,6999097948136129562,0.01563905777865099
6919513518389019649,7057223811220997147,0.015547966063007701
6919513518389019649,7076404041312404482,0.019491772483291092
6919513518389019649,7209646992757638170,0.015676226126165718
6919513518389019649,7327004404379370501,0.015700031983610988
6919513518389019649,7453778116689118215,0.015546402326983686
6919513518389019649,7523245655259759624,0.015486632504993877
6919513518389019649,7583691841695859720,0.015209621281275197
6919513518389019649,7599093536964871189,0.014804213716339887
6920046433724023810,6921629815418848258,0.02454622150470392
6920046433724023810,6949929730662597634,0.015660721417084775
6920046433724023810,7072731690099852289,0.015035062530655428
6920046433724023810,7121711391148819482,0.015244915193100523
6920046433724023810,7137486032777577473,0.022530599592385663
6920046433724023810,7211458676926071835,0.04619831861928279
6920046433724023810,7255353916123612165,0.014507909256282835
6920046433724023810,7300287082403218437,0.014435955035383285
6920046433724023810,7305650093284197382,0.014972976530927978
6920046433724023810,7334668853316273157,0.018362992137170044
6920046433724023810,7336113798451840018,0.03126443362030545
6920046433724023810,7398639237263229958,0.014664400593065004
6920046433724023810,7479929990818104327,0.014591590863748833
6920046433724023810,7516118321939727361,0.015068967605815041
6920046433724023810,7546553409273627653,0.02043990916333327
6920046433724023810,7602458307672884225,0.01468145356704495
6921359025180574721,6954923960769807361,0.015636734099636906
6921359025180574721,7000367216572122113,0.018618816222972435
6921359025180574721,7047332169534063617,0.019127996063220187
6921359025180574721,7108182400240223233,0.03854992328940704
6921359025180574721,7121523637161001985,0.01633554872102797
6921359025180574721,7124524290486535170,0.022515991595878058
6921359025180574721,7159615477097841669,0.01582692804443173
6921359025180574721,7196128414859936794,0.017133456378904736
6921359025180574721,7334668853316273157,0.02373189817239776
6921359025180574721,7372140179509216261,0.017743111752835425
6921359025180574721,7571687209402532882,0.015337954762839539
6921629815418848258,6924145368151442437,0.038258871410198333
6921629815418848258,6935727749428511746,0.026764900398468967
6921629815418848258,6939349569991050242,0.028319980178353396
6921629815418848258,6941389168077702146,0.04059411998467715
6921629815418848258,6943828295310328834,0.015292406978773597
6921629815418848258,6949832392740242434,0.01682545149989634
6921629815418848258,6958672722403836933,0.01717499728459734
6921629815418848258,6967196401395139585,0.0174219737442334
6921629815418848258,6971392711799964673,0.04183846382936164
6921629815418848258,6999097948136129562,0.02860351257064335
6921629815418848258,7022043784491222018,0.0336235720073233
6921629815418848258,7047408056128914434,0.03283295807470185
6921629815418848258,7136425984111002625,0.025139887964790487
6921629815418848258,7137364417810252826,0.016226174171880905
6921629815418848258,7140728189923607558,0.01672986722512102
6921629815418848258,7144565544971797531,0.04206195214450225
6921629815418848258,7154310477883032578,0.01679462856442802
6921629815418848258,7177726893490603034,0.01631072054962223
6921629815418848258,7182146153348219931,0.029425686613992634
6921629815418848258,7205917572523803649,0.015846330477814117
6921629815418848258,7211458676926071835,0.021532104974994037
6921629815418848258,7257262932941259782,0.034581710849761395
6921629815418848258,7258982582568846338,0.023016712612391566
6921629815418848258,7264489075083461633,0.017193099645664997
6921629815418848258,7265249858515158022,0.03145606495364491
6921629815418848258,7276081914455933957,0.05390596970393226
6921629815418848258,7284988452844078087,0.01696302302861603
6921629815418848258,7322149836118082565,0.024009884690889532
6921629815418848258,7328024330810950662,0.018839036910382363
6921629815418848258,73466833727,0.023016712612391566
6921629815418848258,7355093638134744070,0.024784580405789392
6921629815418848258,7358103277785891846,0.01751789142619079
6921629815418848258,7406882852758012934,0.024323169662864297
6921629815418848258,7455150278313755655,0.015536748470798903
6921629815418848258,7478421096736359430,0.016731058818673716
6921629815418848258,7479292129044612104,0.029178420231540117
6921629815418848258,7483938801250042888,0.033379520702359146
6921629815418848258,7488350271514821639,0.04053600608747693
6921629815418848258,7497789201774920725,0.047351766300147764
6921629815418848258,7542789080502682641,0.019531041104155517
6921629815418848258,7568781196831409172,0.030226588213738838
6921629815418848258,7626262691652420629,0.02234591176067741
6921629815418848258,7634034175490606101,0.028556380878529276
6922636080495952898,6985727260917662725,0.015735165632219363
6922636080495952898,7022223240064025601,0.03721002919401666
6922636080495952898,7084186676168508442,0.01576849400831148
6922636080495952898,7144238456486331418,0.04531683086788938
6922636080495952898,7206554298104415258,0.0153967305467946
6922636080495952898,7233267845730976769,0.014982995779626865
6922636080495952898,7321759691690951685,0.01917095742163002
6922636080495952898,7331684378399196166,0.03667604222244055
6922636080495952898,7520091064683021319,0.03217509971875857
6922636080495952898,7627890544752886791,0.02128364612166613
6922656772109452290,6925056214594274306,0.10364297950064781
6922656772109452290,6961159945572844550,0.016554859045600126
6922656772109452290,6964970683512931333,0.016493267060939603
6922656772109452290,6979425797577245697,0.02000608138360915
6922656772109452290,6985727260917662725,0.025929418195192993
6922656772109452290,7032542326535341083,0.015394940679732103
6922656772109452290,7108182400240223233,0.016523375441461714
6922656772109452290,7154384053285078043,0.13005648665711927
6922656772109452290,7192220822001746970,0.016034609246012674
6922656772109452290,7501664443560084488,0.016504220907988962
6922656772109452290,7526895629398737928,0.016553343334942433
6922656772109452290,7584050819944596487,0.015774909608797617
6922656772109452290,7627890544752886791,0.01891510571031217
6922733815886889986,6959317815221093378,0.027731173370092448
6922733815886889986,6983637584456647681,0.015653349004751873
6922733815886889986,6996114982522356737,0.03227931120416534
6922733815886889986,7032542326535341083,0.017295308605334413
6922733815886889986,7050182429319627803,0.03110720983311395
6922733815886889986,7157712033605370881,0.026800263802828187
6922733815886889986,7336152171828904965,0.025679169126179974
6922733815886889986,7343513808779904005,0.047157294395167366
6922733815886889986,7501201778134893584,0.026947374487511402
6922733815886889986,7522355226557662225,0.03671296271512297
6922733815886889986,7569967093475968008,0.02128110604178597
6923227293196944385,6967659350089810946,0.015651184206076505
6923227293196944385,7003367467040949249,0.015195260804026606
6923227293196944385,7105261059741565979,0.0248553673602756
6923227293196944385,7157712033605370881,0.01715928919997819
6923227293196944385,7222475408116515866,0.014751932234183973
6923227293196944385,7305650093284197382,0.02576196890950804
6923227293196944385,7323951027022283777,0.015712963251521352
6923227293196944385,7371052403481969670,0.033305177403805446
6923227293196944385,7396645252126671877,0.026860505585379026
6923227293196944385,7515323874088748050,0.02472463101492867
6923227293196944385,7572718529432126480,0.015051760198420647
6923227293196944385,7581801127412319248,0.04366066136493036
6923227293196944385,7591058387967886348,0.008655879513755342
6923227293196944385,7653909888418890773,0.014478178454151534
6924145368151442437,6934684942018905089,0.018237304629058926
6924145368151442437,6935727749428511746,0.02322798810488095
6924145368151442437,6971392711799964673,0.02646516654476636
6924145368151442437,7064593869828932614,0.021615264996813707
6924145368151442437,7077264630486516762,0.015884375637610762
6924145368151442437,7086761864990589954,0.0208910198108466
6924145368151442437,7096068961858765826,0.022015128814414562
6924145368151442437,7121711391148819482,0.022500599523627554
6924145368151442437,7135414649268880411,0.01537031654274732
6924145368151442437,7136425984111002625,0.03700947431784569
6924145368151442437,7144565544971797531,0.039624664046063664
6924145368151442437,7169932462054196250,0.017855184270440305
6924145368151442437,7182146153348219931,0.033177650079508424
6924145368151442437,7205917572523803649,0.032273493109199525
6924145368151442437,7214120131030975514,0.020225621863244506
6924145368151442437,7216684653520339994,0.015664842666745983
6924145368151442437,7276081914455933957,0.036735713439950704
6924145368151442437,7325664758940943366,0.01571590257731545
6924145368151442437,7355093638134744070,0.03531968062370788
6924145368151442437,7358103277785891846,0.016064249394972623
6924145368151442437,7406882852758012934,0.018655659093598783
6924145368151442437,7444920523094967314,0.016626744740587087
6924145368151442437,7459425028325852176,0.01575099498845824
6924145368151442437,7476774838238430216,0.0257499894423725
6924145368151442437,7483938801250042888,0.02111441228280607
6924145368151442437,7488350271514821639,0.026764162583554314
6924145368151442437,7604788544276333586,0.022548991291394056
6924145368151442437,7626262691652420629,0.03704439839135133
6924145368151442437,7643821011835061269,0.02565186702634616
6924145368151442437,95653080293068800,0.02722599592178819
6924904614709969921,6935727749428511746,0.01903819406953942
6924904614709969921,6964587861862876161,0.023207403797660623
6924904614709969921,7016971336972452891,0.016253353376262054
6924904614709969921,7022223240064025601,0.015691115488458515
6924904614709969921,7025843669941208090,0.015568242815990162
6924904614709969921,7076416253577790465,0.01538659808857784
6924904614709969921,7325141798954058758,0.022887944398067208
6924904614709969921,7383901183393448966,0.01578463553871415
6924904614709969921,7569967093475968008,0.018251674208634293
6924904614709969921,7627890544752886791,0.017754545357533857
6924904614709969921,7629259435181491218,0.015828117925576878
6925056214594274306,6949516198539346945,0.01506098285470369
6925056214594274306,6985727260917662725,0.019510965551994514
6925056214594274306,7205917572523803649,0.014736178704111813
6925056214594274306,7216684653520339994,0.014720573973117476
6925056214594274306,7254140507394245638,0.016561855065466268
6925056214594274306,7331684378399196166,0.014874954911867223
6925056214594274306,7495411659411948599,0.01505755371359763
6925056214594274306,7627890544752886791,0.027393483806468836
6926515660747768833,6962343424021726209,0.015735828144350216
6926515660747768833,6982233082511180827,0.015805469716556168
6926515660747768833,6986032885317551131,0.015804893376979563
6926515660747768833,7012228858045465601,0.015383938859440378
6926515660747768833,7049555900038759426,0.017452785350832153
6926515660747768833,7164308860937126914,0.01581448280576831
6926515660747768833,7257089825308165126,0.02362405099970822
6926515660747768833,7278599252681622533,0.07935385520671272
6926515660747768833,7300420401526604806,0.016707082204771524
6926515660747768833,7455281387647304705,0.029574997106951786
6926515660747768833,7641155549304505352,0.014773181617068396
6926515660747768833,7641515667149145109,0.025380954593571984
6927689178639418369,6940145353048474626,0.01544353107732576
6927689178639418369,6940465180879586305,0.01574060285646385
6927689178639418369,6998723476065862683,0.019643439566596085
6927689178639418369,7106791086807614491,0.015527182060251585
6927689178639418369,7135008576062456859,0.015505106312484515
6927689178639418369,7203897797036459035,0.0217366645121282
6927689178639418369,7359896669410853893,0.015910387300238034
6927689178639418369,7485973175349232646,0.015514994479474348
6927689178639418369,7518436263998063623,0.01765739919747698
6927689178639418369,7536548421932319751,0.015607379202719006
6927689178639418369,7637056590491091976,0.026886000627907268
6928398838458876929,6959419874189050881,0.0147789862148008
6928398838458876929,6959791068163621889,0.01429828452541109
6928398838458876929,7029208338990875674,0.016334638489945687
6928398838458876929,7049429937271440385,0.01391899479525591
6928398838458876929,7077992421984797722,0.016230007126334746
6928398838458876929,7153854260416955418,0.014430670381807066
6928398838458876929,7336845122908406789,0.014791693212338164
6928398838458876929,7345372771347792902,0.014317128423924269
6928398838458876929,7355012714336912390,0.014027292444598317
6928398838458876929,7526895629398737928,0.02727045955390808
6928398838458876929,7617823686238143508,0.015121902623221523
6928398838458876929,7650741089351484436,0.015893878080610366
6928708259923067906,6961399341378683910,0.016362806138293093
6928708259923067906,6967595976622998530,0.016130471666869216
6928708259923067906,7016976235000710170,0.0157528948341544
6928708259923067906,7094307669989819418,0.02139661080517059
6928708259923067906,7110469283298640898,0.01605505349794574
6928708259923067906,7139916028763800577,0.015865477278328814
6928708259923067906,7155826010654409730,0.015998684877505054
6928708259923067906,7309331808796460037,0.01671836620487365
6928708259923067906,7355093638134744070,0.026129730509969144
6928708259923067906,7459425028325852176,0.02320729778063601
6928708259923067906,7473109249481589776,0.015102155278076247
6928708259923067906,7563951994022413330,0.025018890462429836
6928708259923067906,7565637171480052737,0.016030322211266896
6928708259923067906,7576621338477184018,0.023906671822778246
6928708259923067906,7627890544752886791,0.016036984807574987
6928708259923067906,7640716169255715857,0.016176944480099424
6929807010993357825,6940581217293599745,0.04078578062728253
6929807010993357825,6966494018633499650,0.01639645299198015
6929807010993357825,6978315681420264450,0.029031690857256105
6929807010993357825,6996939727140979714,0.022333116586846533
6929807010993357825,7004640947586024474,0.020648108099672886
6929807010993357825,70836239101,0.02466904522087463
6929807010993357825,7254140507394245638,0.026102644991955998
6929807010993357825,7455281387647304705,0.025081149862592585
6929807010993357825,7495411659411948599,0.029131546355198254
6929807010993357825,7550661278433231879,0.02418204213956413
6929807010993357825,7553154672204088340,0.02709871162188593
6929807010993357825,7627890544752886791,0.04317405146142793
6929807010993357825,7639298353755030529,0.015902265123432797
6930270659085009921,7004640947586024474,0.015342765810803315
6930270659085009921,7045303752488469506,0.023231147128286143
6930270659085009921,7045814535378863130,0.014906314030434301
6930270659085009921,7135414649268880411,0.015018395282962144
6930270659085009921,7323833518098056198,0.015286642230650835
6930270659085009921,7327004404379370501,0.023231147128286143
6930270659085009921,7346971685042701317,0.015090296941311154
6930270659085009921,7355012714336912390,0.015090829404175256
6930270659085009921,7486331907643393040,0.01507374030589943
6930270659085009921,7489802306281440276,0.015243649606197398
6930270659085009921,7491832625380934672,0.016280371565593966
6930270659085009921,7534390074759922704,0.015021514180217225
6930532553419015170,6956088875182720002,0.01484089152291616
6930532553419015170,6966494018633499650,0.015020443371003287
6930532553419015170,7000367216572122113,0.015022774759617732
6930532553419015170,7032227302164448283,0.014791862855924785
6930532553419015170,7098020878919943170,0.015438513923035215
6930532553419015170,7254140507394245638,0.01904878625505027
6930532553419015170,7264489075083461633,0.015408252845403746
6930532553419015170,7446786283143169041,0.014989854115536943
6930532553419015170,7512994775039083538,0.014835015666986676
6930532553419015170,7627890544752886791,0.031506894351385574
6932353646320108546,6939349569991050242,0.0204526298915211
6932353646320108546,6994452656194847745,0.0216474304302404
6932353646320108546,7006304525616579610,0.015317702028092677
6932353646320108546,7051051150916731905,0.015255753462667332
6932353646320108546,7182146153348219931,0.015353491963306282
6932353646320108546,7196069191677543425,0.01564982970401005
6932353646320108546,7238631407236580358,0.014655770471747718
6932353646320108546,7355012714336912390,0.01520419497436875
6932353646320108546,7367299781642208262,0.018505329818024684
6932353646320108546,7370877163489444869,0.015806708784943925
6932353646320108546,7371052403481969670,0.015091490409590702
6934684942018905089,6935026650749322242,0.09432976796975157
6934684942018905089,6956078953695413249,0.015214620123970688
6934684942018905089,7039368916711457819,0.015673767289389382
6934684942018905089,7058797886825792518,0.01543761752039583
6934684942018905089,7066706295660151835,0.01568358792987914
6934684942018905089,7206554298104415258,0.015473971593934826
6934684942018905089,7276081914455933957,0.024423317128412517
6934684942018905089,7311615611494614021,0.015084785888336921
6934684942018905089,7371052403481969670,0.01723477775888399
6934684942018905089,7489802306281440276,0.022118193221389613
6934684942018905089,7491833609532605441,0.015577550189211975
6934684942018905089,7507877861438964754,0.04215878693586724
6934684942018905089,7568781196831409172,0.01561858451262374
6934842504743879681,6968101486514226177,0.0367150505641644
6934842504743879681,7077082709159904282,0.031014586490188824
6934842504743879681,7135823212835259393,0.02097839256026332
6934842504743879681,7142783450839401473,0.03766417701755998
6934842504743879681,7192960927724127233,0.024401745445891184
6934842504743879681,7267057918439506950,0.016550618035469044
6934842504743879681,7329677372679472133,0.015004326830511274
6934842504743879681,7457809067773297681,0.015023789424761756
6934842504743879681,7501201778134893584,0.04939420110322347
6935026650749322242,6949929730662597634,0.019661961667000526
6935026650749322242,6996114982522356737,0.017603274039626454
6935026650749322242,7000367216572122113,0.020344881928240334
6935026650749322242,7045303752488469506,0.02580302763844922
6935026650749322242,7047332169534063617,0.02169766827648503
6935026650749322242,7076416253577790465,0.01571821220911572
6935026650749322242,7124524290486535170,0.02618681404292941
6935026650749322242,7151061694003921947,0.015006409754819944
6935026650749322242,7203897797036459035,0.01496939808144742
6935026650749322242,7327004404379370501,0.02580302763844922
6935026650749322242,7629259435181491218,0.015965882286924016
6935727749428511746,6971392711799964673,0.01793809971834734
6935727749428511746,7025843669941208090,0.020680975234227468
6935727749428511746,7040064114538382337,0.018379185629407352
6935727749428511746,7072731690099852289,0.014329439965469034
6935727749428511746,7121711391148819482,0.015309565961472121
6935727749428511746,7142783450839401473,0.018549574603318426
6935727749428511746,7144565544971797531,0.019199265037078476
6935727749428511746,7169932462054196250,0.017073665883163235
6935727749428511746,7276081914455933957,0.021510832729805838
6935727749428511746,7284988452844078087,0.03947437352243522
6935727749428511746,7305650093284197382,0.014412330414121585
6935727749428511746,7334668853316273157,0.01768356297880409
6935727749428511746,7336113798451840018,0.015399390948320733
6935727749428511746,7398639237263229958,0.015742302018690583
6935727749428511746,7488350271514821639,0.019592405930362967
6936501950632805377,6941853637615748098,0.01604884965692438
6936501950632805377,6971392711799964673,0.015584670826703385
6936501950632805377,6986850469483676673,0.016128141147958523
6936501950632805377,7035968949859959835,0.01820814288098221
6936501950632805377,7135008576062456859,0.015440576826293443
6936501950632805377,7143935053655131163,0.015465082539322095
6936501950632805377,7204083942915130395,0.016961954289711343
6936501950632805377,7270110578827150342,0.015622408440710896
6936501950632805377,7485973175349232646,0.015431043945668613
6938596816996811778,6940145353048474626,0.027426850799856562
6938596816996811778,6949929730662597634,0.03464080209110497
6938596816996811778,7000367216572122113,0.018902671527102618
6938596816996811778,7001471155397248001,0.02284545692543249
6938596816996811778,7024874583044637697,0.014728178471694966
6938596816996811778,7046489917002564609,0.01748682862752499
6938596816996811778,7047332169534063617,0.020065750342307977
6938596816996811778,7049621725458105346,0.015307044486890334
6938596816996811778,7052126774599140379,0.01454856735027407
6938596816996811778,7105261059741565979,0.015158194855583495
6938596816996811778,7124524290486535170,0.02391666397642505
6938596816996811778,7150267271930446853,0.015174130785189909
6938596816996811778,7157712033605370881,0.01704543239086602
6938596816996811778,7192449099722916869,0.01641912937643209
6938596816996811778,7267937623179576325,0.014622791550735162
6938596816996811778,7313018902039839746,0.020194537997815915
6938596816996811778,7554403762245895188,0.016252001510935216
6939127500590416898,6986032885317551131,0.016373857597464122
6939127500590416898,7000367216572122113,0.02707792149858238
6939127500590416898,7088963677072950274,0.01614804641008656
6939127500590416898,7164308860937126914,0.01638372525256595
6939127500590416898,7233640485796660225,0.016869801588628556
6939127500590416898,7257262932941259782,0.030209138051975656
6939127500590416898,7455281387647304705,0.030650786678051576
6939127500590416898,7464192594000741377,0.019877118507692228
6939127500590416898,7627890544752886791,0.018377866689619025
6939349569991050242,6971392711799964673,0.027736912821393914
6939349569991050242,7001471155397248001,0.01914726842900899
6939349569991050242,7007000291115598850,0.017134510891036323
6939349569991050242,7022043784491222018,0.04066751372809542
6939349569991050242,7047332169534063617,0.022651826440031306
6939349569991050242,7100750102336177154,0.015942935102620515
6939349569991050242,7144565544971797531,0.023052865663904323
6939349569991050242,7267057918439506950,0.0178797889546245
6939349569991050242,7276081914455933957,0.02383597895232153
6939349569991050242,7317979152307454981,0.01965807227981417
6939349569991050242,7325141798954058758,0.01517140369261953
6939349569991050242,7344283645127885830,0.01521155425680563
6939349569991050242,7483938801250042888,0.027393119603511425
6939349569991050242,7626262691652420629,0.019167947167238884
6940145353048474626,6940465180879586305,0.015475025761983395
6940145353048474626,6941853637615748098,0.01625656224905897
6940145353048474626,6949516198539346945,0.022043010031375935
6940145353048474626,6962343424021726209,0.03352972174891566
6940145353048474626,7001471155397248001,0.023130652218885057
6940145353048474626,7045303752488469506,0.029985937298300343
6940145353048474626,7046489917002564609,0.015202629891661313
6940145353048474626,7135008576062456859,0.016732337306876954
6940145353048474626,7192449099722916869,0.01776582803461754
6940145353048474626,7270110578827150342,0.016678426675161048
6940145353048474626,7327004404379370501,0.029985937298300343
6940145353048474626,7359896669410853893,0.01596617453068008
6940145353048474626,7485973175349232646,0.016722616261721876
6940145353048474626,7518436263998063623,0.05300931570186335
6940145353048474626,7536548421932319751,0.016634934106172145
6940145353048474626,7563951994022413330,0.026128903162687938
6940145353048474626,7626262691652420629,0.018308048778868723
6940465180879586305,7106791086807614491,0.015496703025909008
6940465180879586305,7135008576062456859,0.01553660222159377
6940465180879586305,7270110578827150342,0.015361050573813668
6940465180879586305,7359896669410853893,0.01594156180483525
6940465180879586305,7485973175349232646,0.01554649104750441
6940465180879586305,7536548421932319751,0.01563888490158254
6940581217293599745,6960359847695074309,0.030060709870156833
6940581217293599745,6978315681420264450,0.07367215822660256
6940581217293599745,6979425797577245697,0.03701159041523599
6940581217293599745,6982233082511180827,0.017624433164682086
6940581217293599745,6988040833657242625,0.08452816313777244
6940581217293599745,6995145012439450625,0.04003235957032237
6940581217293599745,6996939727140979714,0.054223090308900955
6940581217293599745,7002112944796779546,0.028087707712600763
6940581217293599745,7004640947586024474,0.020593760612986556
6940581217293599745,7025843669941208090,0.02152376536307598
6940581217293599745,70836239101,0.059894545467678584
6940581217293599745,7144238456486331418,0.025947457104651437
6940581217293599745,7196128414859936794,0.015583695011614801
6940581217293599745,7233267845730976769,0.02365388102869057
6940581217293599745,7309331808796460037,0.015483113732659091
6940581217293599745,7354443424308167685,0.054186162731438454
6940581217293599745,7384728630012806150,0.039499313237932966
6940581217293599745,7423293361527014405,0.037763335885245865
6940581217293599745,7453778116689118215,0.022752118160824567
6940581217293599745,7495411659411948599,0.07072915518589926
6940581217293599745,7530213210042729490,0.01610102523942287
6940581217293599745,7544921032646804487,0.015705571647832515
6940581217293599745,7550661278433231879,0.05871213942256058
6940581217293599745,7602605744538141716,0.026387050570923113
6940581217293599745,7642599508594115605,0.026511640676964317
6940581217293599745,95775519061,0.015428827431310596
6941389168077702146,6977327001304876034,0.01514967670018565
6941389168077702146,7022043784491222018,0.04440580888196793
6941389168077702146,7063506594294924289,0.015897591326158873
6941389168077702146,7258982582568846338,0.01840868076879019
6941389168077702146,7276081914455933957,0.02412619811237661
6941389168077702146,7278224508979872786,0.027574844623102952
6941389168077702146,7343513808779904005,0.02242052226126832
6941389168077702146,73466833727,0.01840868076879019
6941389168077702146,7384728630012806150,0.031473941362161716
6941389168077702146,7488350271514821639,0.03400031992950389
6941389168077702146,7501201778134893584,0.022446361781990082
6941389168077702146,7634034175490606101,0.022839286754695605
6941853637615748098,6986850469483676673,0.016734184973148176
6941853637615748098,7135008576062456859,0.01619295006089335
6941853637615748098,7270110578827150342,0.016378954164675795
6941853637615748098,7278599252681622533,0.017594176289377088
6941853637615748098,7485973175349232646,0.016183215245940685
6941853637615748098,7536548421932319751,0.016095353626543255
6942299627752735746,6968111084863783938,0.016095427887103244
6942299627752735746,7010662492184495131,0.023051163232372402
6942299627752735746,7058797886825792518,0.026232071922723043
6942299627752735746,7058993133036782618,0.01566438634864805
6942299627752735746,7219631248322511874,0.02288967332318026
6942299627752735746,7274448121809142789,0.01614618626634134
6942299627752735746,7313053731345220614,0.018959468701159853
6942299627752735746,7371052403481969670,0.019763971366238784
6942299627752735746,7491832625380934672,0.019671657575472616
6942299627752735746,7531066706552275986,0.015989892253657
6942299627752735746,7627162419760890887,0.01634838488172955
6942299627752735746,7635591227443250194,0.01668704076073635
6942299627752735746,86855738395926528,0.01671763499510152
6943828295310328834,6953615639416374274,0.01514996580058783
6943828295310328834,7000964924840608769,0.019615449888533882
6943828295310328834,7036175301264753669,0.015680881132012273
6943828295310328834,7137364417810252826,0.015148251295352624
6943828295310328834,7192449099722916869,0.018399147845628717
6943828295310328834,7233267845730976769,0.01499730847684231
6943828295310328834,7255353916123612165,0.014500054104895257
6943828295310328834,7309331808796460037,0.017732854635665523
6943828295310328834,7311554831675458565,0.015109440478328445
6943828295310328834,7367299781642208262,0.015077379229910844
6943828295310328834,7400357743557297157,0.015101994764302313
6943828295310328834,7568781196831409172,0.01816415908712467
6943828295310328834,7606263940389946389,0.015500090715384654
6945456727777772549,6956078953695413249,0.01522359758286424
6945456727777772549,6958728103464993798,0.020863718616258645
6945456727777772549,6977327001304876034,0.015949397218658762
6945456727777772549,6985727260917662725,0.01589009767322522
6945456727777772549,7084186676168508442,0.01592373505078639
6945456727777772549,7086761864990589954,0.015378472760868265
6945456727777772549,7183388245819507738,0.015471897934021778
6945456727777772549,7206554298104415258,0.015545499741040296
6945456727777772549,7253614148146316294,0.0176934435008038
6945456727777772549,7311615611494614021,0.015093119931179705
6945456727777772549,7481556266751230977,0.015623375489776777
6945456727777772549,7484436088774624274,0.016249281109419228
6945456727777772549,7627890544752886791,0.01727653721806124
6947166484004373506,6968101486514226177,0.01826032796471065
6947166484004373506,6994452656194847745,0.019225035707824262
6947166484004373506,7003367467040949249,0.015331350467140188
6947166484004373506,7010662492184495131,0.015024477499736715
6947166484004373506,7056720636374385691,0.015308305426816146
6947166484004373506,7096479885301138458,0.01592060109626986
6947166484004373506,7142783450839401473,0.016067098988653605
6947166484004373506,7222475408116515866,0.015027695335210088
6947166484004373506,7238588875538793480,0.015773766564557725
6947166484004373506,7284239018626466822,0.015601926197141847
6947166484004373506,7501201778134893584,0.016817882002164698
6947166484004373506,7529488293902566407,0.014894481395719576
6947166484004373506,7566446773142979591,0.01576966854709494
6947166484004373506,7572718529432126480,0.015207886232269988
6947166484004373506,7604788544276333586,0.016589863760274586
6948118808767104001,6961407924980515846,0.022733558878494323
6948118808767104001,6996114982522356737,0.014796396533762824
6948118808767104001,7005422961205330971,0.016519240149241835
6948118808767104001,7014057563453752325,0.022733558878494323
6948118808767104001,7044020860574942210,0.014816194365152918
6948118808767104001,7045303752488469506,0.050816632770721626
6948118808767104001,7049621725458105346,0.014404880600548455
6948118808767104001,7177602177161561114,0.020291823777426898
6948118808767104001,7327004404379370501,0.050816632770721626
6948118808767104001,7490286723617670162,0.016519240149241835
6948118808767104001,7542789080502682641,0.014794026449356224
6948118808767104001,7545673249791706113,0.016519240149241835
6948118808767104001,7547223971999417351,0.016519240149241835
6949516198539346945,6958677518510654470,0.016434532421488096
6949516198539346945,6959317815221093378,0.015485575790251446
6949516198539346945,6966494018633499650,0.01788640454336169
6949516198539346945,6983637584456647681,0.016055008766349563
6949516198539346945,7035968949859959835,0.01505246728400082
6949516198539346945,7047408056128914434,0.028036700622249375
6949516198539346945,7186497865421161499,0.020538318510020307
6949516198539346945,7193163348693943298,0.02829860996374977
6949516198539346945,7214120131030975514,0.01526908014856183
6949516198539346945,7264489075083461633,0.028682152160357268
6949516198539346945,7265249858515158022,0.03650920802000837
6949516198539346945,7276081914455933957,0.04603135455850692
6949516198539346945,7277563253713224709,0.02163150282515017
6949516198539346945,7479292129044612104,0.09528408127973928
6949516198539346945,7542789080502682641,0.04086342108890598
6949516198539346945,7581801127412319248,0.021094107794568013
6949516198539346945,7592121729054213121,0.02191615488855287
6949516198539346945,7627890544752886791,0.03813692465996524
6949516198539346945,93013606744592384,0.015377713409301033
6949832392740242434,6958281584488236033,0.02564045431935081
6949832392740242434,6959419874189050881,0.026999834575097113
6949832392740242434,7001471155397248001,0.016200682342104308
6949832392740242434,7005622091391714330,0.014889467560416134
6949832392740242434,7012228858045465601,0.015123919939519455
6949832392740242434,7060374955943003137,0.014485550256449568
6949832392740242434,7177726893490603034,0.01596819849127011
6949832392740242434,7196128414859936794,0.026628915543366122
6949832392740242434,7343513808779904005,0.018279714005122103
6949832392740242434,7455150278313755655,0.015953031452917953
6949832392740242434,7518436263998063623,0.015924475948855075
6949832392740242434,7634034175490606101,0.018621137594017463
6949929730662597634,7000367216572122113,0.027307113659979374
6949929730662597634,7072731690099852289,0.015046450204157825
6949929730662597634,7121711391148819482,0.015256206964639201
6949929730662597634,7124524290486535170,0.022442463688719178
6949929730662597634,7149906885037179905,0.023238925768513972
6949929730662597634,7254140507394245638,0.03880786408550335
6949929730662597634,7255353916123612165,0.014496367726200936
6949929730662597634,7300287082403218437,0.014424504351972747
6949929730662597634,7305650093284197382,0.014984373008102536
6949929730662597634,7336113798451840018,0.015664680189394212
6949929730662597634,7398639237263229958,0.014675720787484095
6949929730662597634,7479929990818104327,0.014580125051947975
6949929730662597634,7602458307672884225,0.014669660960566797
6949929730662597634,7627890544752886791,0.023462887193363938
6950174197022065669,7005748432673948673,0.019673566350777185
6950174197022065669,7045303752488469506,0.029633283459133106
6950174197022065669,7063506594294924289,0.015891711466863502
6950174197022065669,7096068961858765826,0.01866304399399784
6950174197022065669,7120541706823533594,0.022815521754264195
6950174197022065669,7124524290486535170,0.01797736989059069
6950174197022065669,7144565544971797531,0.0465596861647745
6950174197022065669,7151777693745841157,0.01565806456449863
6950174197022065669,7160116207869428738,0.015348115553128625
6950174197022065669,7169932462054196250,0.014965883385212871
6950174197022065669,7231559211711382529,0.016174639153409852
6950174197022065669,7278224508979872786,0.015528917701008303
6950174197022065669,7326825435546174471,0.02511858516437834
6950174197022065669,7327004404379370501,0.029633283459133106
6950174197022065669,7520091064683021319,0.018730551419325094
6950174197022065669,7522349223884719105,0.014396737159207999
6950174197022065669,7566639233809695765,0.02187684952071301
6950174197022065669,7640716169255715857,0.017194922426065923
6953411710000038918,6960359847695074309,0.016011453779040785
6953411710000038918,7004849025783022619,0.01500673092302128
6953411710000038918,7020605956485940251,0.015870219140596675
6953411710000038918,7192960927724127233,0.02249646718509508
6953411710000038918,7204083942915130395,0.014794020300815235
6953411710000038918,7214120131030975514,0.0159593056406986
6953411710000038918,7219888027873690626,0.014585063870740744
6953411710000038918,7367247089417896965,0.01573070571095638
6953411710000038918,7453528540971172870,0.015405741026759096
6953411710000038918,7493882569899394065,0.014773253454117743
6953411710000038918,7585530131923682324,0.015927750415445755
6953411710000038918,7608910206895195157,0.01924797934580415
6953411710000038918,7653816056004543508,0.015818018161159766
6953411710000038918,93013606744592384,0.026410819275038747
6953615639416374274,7036175301264753669,0.015993440508273903
6953615639416374274,7137364417810252826,0.015446890763723145
6953615639416374274,7150266661496472582,0.015405896756754455
6953615639416374274,7233267845730976769,0.014954900374334414
6953615639416374274,7254140507394245638,0.029872671579638015
6953615639416374274,7311554831675458565,0.015414175501303773
6953615639416374274,7321759691690951685,0.015086371591353337
6953615639416374274,7367299781642208262,0.015035242258542516
6953615639416374274,7400357743557297157,0.015060065732006552
6953615639416374274,7606263940389946389,0.015460731402483743
6953615639416374274,7627263245217350674,0.015056465580815366
6953615639416374274,7627890544752886791,0.04940971539348136
6954923960769807361,6968101486514226177,0.015248135204527433
6954923960769807361,7056589938901664769,0.01591885867305789
6954923960769807361,7121523637161001985,0.01563551777073843
6954923960769807361,7159615477097841669,0.01516489874008317
6954923960769807361,7284239018626466822,0.015077481642138275
6954923960769807361,7553154672204088340,0.015102708522296714
6956078953695413249,6985727260917662725,0.0158871504719932
6956078953695413249,7000964924840608769,0.015422792716980287
6956078953695413249,7050182429319627803,0.0197520505131949
6956078953695413249,7058797886825792518,0.015352783141041045
6956078953695413249,7084186676168508442,0.015856148517472548
6956078953695413249,7086761864990589954,0.015414892963429024
6956078953695413249,7097167337245525019,0.015215816256217592
6956078953695413249,7206554298104415258,0.0155501871923765
6956078953695413249,7311615611494614021,0.015158583561190122
6956078953695413249,7501201778134893584,0.019790659196594982
6956078953695413249,7565406894694269953,0.014886224407081145
6956088875182720002,6966494018633499650,0.015554803524931615
6956088875182720002,7081966595417244674,0.01571779409259561
6956088875182720002,7096897188358456322,0.015092484438665817
6956088875182720002,7445331089281270789,0.028627361944331978
6956088875182720002,7446786283143169041,0.01524074903055464
6956088875182720002,7512994775039083538,0.015343156282478959
6956088875182720002,7545673249791706113,0.015117614624861763
6958042743239672833,6962343424021726209,0.015644398568547446
6958042743239672833,6982233082511180827,0.01571342703738472
6958042743239672833,6983637584456647681,0.015629031571383706
6958042743239672833,6986032885317551131,0.015618114829440553
6958042743239672833,7053697914639533083,0.01711172579498429
6958042743239672833,7164308860937126914,0.01562762502784139
6958042743239672833,7455281387647304705,0.015628238307584735
6958268752132178946,7045814535378863130,0.01503362074034984
6958268752132178946,7119475270255870977,0.01603340751709694
6958268752132178946,7120541706823533594,0.030634245230992046
6958268752132178946,7157712033605370881,0.015271935118047433
6958268752132178946,7225514834670093314,0.022672140178802546
6958268752132178946,7316445862590301189,0.015259499662111391
6958268752132178946,7372140179509216261,0.0158108383291899
6958268752132178946,7396645252126671877,0.015523230511473111
6958268752132178946,7406972070422119441,0.015973079524866412
6958268752132178946,7433436837475779590,0.015164659221934747
6958268752132178946,7455566091059020817,0.02160074003635908
6958268752132178946,7483938801250042888,0.01636018353733618
6958268752132178946,7599093536964871189,0.02603262917227929
6958268752132178946,7627890544752886791,0.018192044064027954
6958281584488236033,7004713749492286465,0.015487891186725193
6958281584488236033,7049555900038759426,0.015703098315908364
6958281584488236033,7097167337245525019,0.02081610117194378
6958281584488236033,7102360937428108314,0.015676382031694098
6958281584488236033,7188777124807181314,0.015640157701273694
6958281584488236033,7278599252681622533,0.015485266554458357
6958281584488236033,7313018902039839746,0.015562013655371281
6958281584488236033,7456307417581437958,0.015702074482891765
6958281584488236033,7496951292298249223,0.01554578438021233
6958281584488236033,86855738395926528,0.017841153525789785
6958320233292530689,6960845274243712002,0.015229500748437643
6958320233292530689,6992412727014048794,0.016244101495712485
6958320233292530689,7254140507394245638,0.03132537608195288
6958320233292530689,7406882852758012934,0.016236483743287053
6958320233292530689,7572718529432126480,0.10023430395933751
6958320233292530689,7627890544752886791,0.0679502564832773
6958320233292530689,7637056590491091976,0.015279862358240954
6958672722403836933,6959045098000991234,0.014912476987127318
6958672722403836933,6997282145090028546,0.015791784876904393
6958672722403836933,7002925947272234011,0.015340957238180278
6958672722403836933,7003685691104576514,0.016129127504937626
6958672722403836933,7132780297389507585,0.015465141910970048
6958672722403836933,7140728189923607558,0.01611765417364092
6958672722403836933,7479292129044612104,0.015213312035914917
6958672722403836933,7634034175490606101,0.01506201680202641
6958672722403836933,7653078869913863175,0.013916287824703373
6958677518510654470,6962071372596593669,0.014048158698410555
6958677518510654470,6993562834723374086,0.02159424564208014
6958677518510654470,7049429937271440385,0.014038936800933962
6958677518510654470,7157712033605370881,0.01712610861651011
6958677518510654470,7179742607488353306,0.018393808024666794
6958677518510654470,7204083942915130395,0.020828841173612854
6958677518510654470,7211458676926071835,0.019983691764629583
6958677518510654470,7257089825308165126,0.02290706399507821
6958677518510654470,7398639237263229958,0.015261903218497384
6958677518510654470,7481889367460938759,0.015446731140220412
6958677518510654470,7491832625380934672,0.019605669703972834
6958677518510654470,7499493589689779218,0.014493247590382573
6958677518510654470,7563951994022413330,0.0160288506437506
6958677518510654470,7569967093475968008,0.015976975556568098
6958677518510654470,7581801127412319248,0.03054387146403899
6958677518510654470,7649746214976537620,0.0157563564437796
6958728103464993798,7003367467040949249,0.01682852858035891
6958728103464993798,7005622091391714330,0.029677773290650983
6958728103464993798,7054007488706429979,0.03296025823060783
6958728103464993798,7054799740815311899,0.020910532169081023
6958728103464993798,7257262932941259782,0.02087874199455091
6958728103464993798,7284239018626466822,0.0158328820835728
6958728103464993798,7365461311374066694,0.02041462163574268
6958728103464993798,7421159900989047814,0.046856579891395016
6958728103464993798,7486331907643393040,0.01481008320708903
6958728103464993798,7488005359321629703,0.033562112213419926
6958728103464993798,7534390074759922704,0.014817637796250078
6958784923474166786,6972477904908207105,0.015006511667515805
6958784923474166786,6978315681420264450,0.03495577783247881
6958784923474166786,7225233704317715482,0.017288449225113172
6958784923474166786,7254140507394245638,0.03393678666494184
6958784923474166786,7300420401526604806,0.015146905855778502
6958784923474166786,7336113798451840018,0.021394739071834663
6958784923474166786,7384728630012806150,0.018741533454657247
6958784923474166786,7450744199001637895,0.014516241704472299
6958784923474166786,7522349223884719105,0.014345061510668253
6958784923474166786,7602605744538141716,0.030909347527804894
6958784923474166786,7627890544752886791,0.031537579275667735
6958784923474166786,7641515667149145109,0.015070062156421041
6958784923474166786,7652473478721979400,0.014214942887354743
6958921737837741058,6959419874189050881,0.013639877768173726
6958921737837741058,6959791068163621889,0.014759694973065838
6958921737837741058,7000316775146144770,0.0147934348959528
6958921737837741058,7153854260416955418,0.014101587015524103
6958921737837741058,7154310477883032578,0.012997025561466336
6958921737837741058,7207116376669438978,0.014528087670773142
6958921737837741058,7336845122908406789,0.013625802276280996
6958921737837741058,7367247089417896965,0.022622042618237633
6958921737837741058,7388498135749903365,0.015858688495009748
6958921737837741058,7627890544752886791,0.014433195934344549
6958921737837741058,7641155549304505352,0.013274496210381133
6959045098000991234,6997282145090028546,0.0160954996024131
6959045098000991234,7002925947272234011,0.016544758262697856
6959045098000991234,7039129332460274714,0.01643178494901851
6959045098000991234,7045303752488469506,0.032739872278660945
6959045098000991234,7049429937271440385,0.014477271979243657
6959045098000991234,7076404041312404482,0.014907960377868021
6959045098000991234,7140728189923607558,0.014915485847766335
6959045098000991234,7284988452844078087,0.01672130756453502
6959045098000991234,7327004404379370501,0.032739872278660945
6959045098000991234,7358103277785891846,0.017268269336504345
6959045098000991234,7516118321939727361,0.01999494547693716
6959045098000991234,7592061582878065685,0.016283857415194003
6959045098000991234,7629938843277640725,0.015799983929878077
6959162637768377349,6962071372596593669,0.01606470286868012
6959162637768377349,6964738659434152962,0.013906370677623599
6959162637768377349,6988040833657242625,0.016065196022854757
6959162637768377349,6993582094237778970,0.01497549083726583
6959162637768377349,6995145012439450625,0.014431105419697138
6959162637768377349,7011714332183741467,0.014753054491822296
6959162637768377349,7102360937428108314,0.017401497829971007
6959162637768377349,7478201262862681105,0.016166603891893686
6959162637768377349,7497789201774920725,0.01572640587891526
6959162637768377349,7499493589689779218,0.016452316765166106
6959162637768377349,7563951994022413330,0.013821206356931978
6959162637768377349,93013606744592384,0.016054617059840917
6959168054680978434,6962343424021726209,0.015509566687766587
6959168054680978434,6967595976622998530,0.016205040366891146
6959168054680978434,6982233082511180827,0.015578017819528289
6959168054680978434,7135220356252517402,0.029650615346524904
6959168054680978434,7164308860937126914,0.015500074150866525
6959168054680978434,7271800847229633541,0.0243971158704412
6959168054680978434,7286348668494988294,0.0323026115190538
6959168054680978434,7455281387647304705,0.01550068239856665
6959168054680978434,7627890544752886791,0.020201023865993848
6959306103192912897,6977774091941102597,0.015337238153767188
6959306103192912897,6978562375062799362,0.01547735517825297
6959306103192912897,7054799740815311899,0.01572385999209911
6959306103192912897,7182583625258632193,0.015953185508854478
6959306103192912897,7192449099722916869,0.02382277561201242
6959306103192912897,7213282682464814107,0.015788533857998197
6959306103192912897,7254140507394245638,0.019275561098851108
6959306103192912897,7338600730439353346,0.015768339006409757
6959306103192912897,7343513808779904005,0.019087456123987614
6959306103192912897,7575529166674773008,0.01545249933445628
6959306103192912897,7627890544752886791,0.03188198234646929
6959306103192912897,7639298353755030529,0.01573909901104613
6959317815221093378,6962343424021726209,0.015846494647426095
6959317815221093378,6982233082511180827,0.01577637218981342
6959317815221093378,6983637584456647681,0.015861624498049898
6959317815221093378,7032542326535341083,0.08953398946918703
6959317815221093378,7495411659411948599,0.015489259689826305
6959317815221093378,7569967093475968008,0.01974213276764609
6959419874189050881,6959791068163621889,0.014459448542139123
6959419874189050881,6999097948136129562,0.015767115833595375
6959419874189050881,7000316775146144770,0.01400077587715003
6959419874189050881,7006234259389088770,0.045245161150444135
6959419874189050881,7029208338990875674,0.01491625032891744
6959419874189050881,7049429937271440385,0.01396586368280186
6959419874189050881,7148170160443048961,0.06576069289180314
6959419874189050881,7153854260416955418,0.01608247090398015
6959419874189050881,7336845122908406789,0.01641330384551039
6959419874189050881,7343513808779904005,0.015540901611390295
6959419874189050881,7388498135749903365,0.012616956045034265
6959419874189050881,7606263940389946389,0.023170622354346186
6959419874189050881,7617823686238143508,0.015178459466544253
6959419874189050881,7627890544752886791,0.015977257900673045
6959419874189050881,7650741089351484436,0.015363450357509547
6959507281902257158,6960139444470023169,0.018122024927170192
6959507281902257158,6961407924980515846,0.03775424687476699
6959507281902257158,6969984183800988674,0.015615184064266667
6959507281902257158,6997282145090028546,0.02374035884281254
6959507281902257158,7005422961205330971,0.027433956738204538
6959507281902257158,7014057563453752325,0.03775424687476699
6959507281902257158,7045303752488469506,0.08439258055566119
6959507281902257158,7177602177161561114,0.033699190193972044
6959507281902257158,7207116376669438978,0.024195425702516756
6959507281902257158,7237187612749874182,0.02374035884281254
6959507281902257158,7248186267946959873,0.015674651283028786
6959507281902257158,7260730044916745221,0.040427403743966146
6959507281902257158,7322146719038014469,0.016766141582815454
6959507281902257158,7327004404379370501,0.08439258055566119
6959507281902257158,7453528540971172870,0.02374035884281254
6959507281902257158,7490286723617670162,0.027433956738204538
6959507281902257158,7505361348164092936,0.015759752833687662
6959507281902257158,7545673249791706113,0.027433956738204538
6959507281902257158,7547223971999417351,0.027433956738204538
6959507281902257158,7575529166674773008,0.015510430846135407
6959791068163621889,7000316775146144770,0.016651239295911908
6959791068163621889,7029208338990875674,0.014433927949247945
6959791068163621889,7077992421984797722,0.014563893400856261
6959791068163621889,7153854260416955418,0.014927951791184123
6959791068163621889,7254140507394245638,0.019408653397779634
6959791068163621889,7336845122908406789,0.025292367545687953
6959791068163621889,7367247089417896965,0.02754096201160695
6959791068163621889,7388498135749903365,0.015266117655507831
6959791068163621889,7627890544752886791,0.03210211841945464
6959791068163621889,7650741089351484436,0.014890853572149223
6960139444470023169,6961407924980515846,0.02881942128596776
6960139444470023169,7005422961205330971,0.020941505187532895
6960139444470023169,7014057563453752325,0.02881942128596776
6960139444470023169,7045303752488469506,0.0644204436261472
6960139444470023169,7177602177161561114,0.0257240241718377
6960139444470023169,7207116376669438978,0.018469396802620407
6960139444470023169,7327004404379370501,0.0644204436261472
6960139444470023169,7490286723617670162,0.020941505187532895
6960139444470023169,7545673249791706113,0.020941505187532895
6960139444470023169,7547223971999417351,0.020941505187532895
6960359847695074309,6978315681420264450,0.030401163380504356
6960359847695074309,6982233082511180827,0.020880608331935797
6960359847695074309,6988040833657242625,0.03202385619985404
6960359847695074309,6995145012439450625,0.04742847687528458
6960359847695074309,6996939727140979714,0.02643970568743645
6960359847695074309,7002112944796779546,0.029205705858395645
6960359847695074309,7020605956485940251,0.01639790944601724
6960359847695074309,7025843669941208090,0.023838781243743532
6960359847695074309,7040064114538382337,0.021793850962359796
6960359847695074309,7056720636374385691,0.01702160399742767
6960359847695074309,7060924497801593882,0.04187134901612955
6960359847695074309,7077264630486516762,0.02158540809869211
6960359847695074309,70836239101,0.029205162328939563
6960359847695074309,7144238456486331418,0.028738268760833872
6960359847695074309,7202086685571138562,0.03145591856059167
6960359847695074309,7204083942915130395,0.014566448215375814
6960359847695074309,7214120131030975514,0.01573621828726288
6960359847695074309,7219888027873690626,0.014353993187800467
6960359847695074309,7354443424308167685,0.02008108323364025
6960359847695074309,7453778116689118215,0.026955650919322536
6960359847695074309,7493882569899394065,0.01530032939912682
6960359847695074309,7495411659411948599,0.03448822330086224
6960359847695074309,7550661278433231879,0.028628609652619052
6960359847695074309,7585530131923682324,0.016456005232901295
6960359847695074309,7602605744538141716,0.031262149701957065
6960359847695074309,7607445622497264647,0.1857426399656406
6960359847695074309,7653816056004543508,0.016351039566873955
6960845274243712002,6992412727014048794,0.015298447481902311
6960845274243712002,7027245586970723355,0.014772942434076005
6960845274243712002,7192960927724127233,0.018943527703861
6960845274243712002,7345041413702272001,0.014628751657849
6960845274243712002,7406882852758012934,0.0151505412953649
6960845274243712002,7547223971999417351,0.014635453936032035
6960845274243712002,7627890544752886791,0.029542670846941177
6961159945572844550,6996939727140979714,0.04409659931692583
6961159945572844550,7004640947586024474,0.06794926762558724
6961159945572844550,7032542326535341083,0.015331061183494678
6961159945572844550,7108182400240223233,0.01659629228040474
6961159945572844550,7110469283298640898,0.01645712767406415
6961159945572844550,7154310477883032578,0.019248802217413073
6961159945572844550,7192220822001746970,0.01596853468348634
6961159945572844550,7501664443560084488,0.016577139706190624
6961159945572844550,7526895629398737928,0.016626253635724047
6961159945572844550,7627890544752886791,0.02330603601867107
6961362649994478593,7305828667954021382,0.01569043404119681
6961362649994478593,7377168369478452229,0.016140589757409864
6961362649994478593,7448255517355164673,0.016607439552960488
6961362649994478593,7479929990818104327,0.032265571271620726
6961362649994478593,7554403762245895188,0.016503605506495427
6961362649994478593,7566639233809695765,0.01642082951040244
6961399341378683910,6967595976622998530,0.016119574088336804
6961399341378683910,7110469283298640898,0.016044153108249495
6961399341378683910,7127708623191933953,0.01613793207716284
6961399341378683910,7131585685501363202,0.021480652241803986
6961399341378683910,7155826010654409730,0.015987777756030077
6961399341378683910,7177602177161561114,0.026441928170923234
6961399341378683910,7196069191677543425,0.021480652241803986
6961399341378683910,7248502263702291463,0.01613793207716284
6961399341378683910,7282408479507563526,0.01613793207716284
6961399341378683910,7331684378399196166,0.026262417035609175
6961399341378683910,7473109249481589776,0.015113805982039858
6961399341378683910,7481556266751230977,0.021480652241803986
6961399341378683910,7565637171480052737,0.01601942021464712
6961399341378683910,7640716169255715857,0.016166047762534465
6961407924980515846,6966148415672173569,0.015594212422863837
6961407924980515846,6997282145090028546,0.03775424687476699
6961407924980515846,7000316775146144770,0.014983165014814287
6961407924980515846,7005422961205330971,0.04362816848319996
6961407924980515846,7012854598687966235,0.023839547083502652
6961407924980515846,7014057563453752325,0.5
6961407924980515846,7022223240064025601,0.02001085869754961
6961407924980515846,7039129332460274714,0.017674154036381853
6961407924980515846,7045303752488469506,0.13420935807218082
6961407924980515846,7053697914639533083,0.018313736726090216
6961407924980515846,7056589938901664769,0.03528585705578021
6961407924980515846,7096479885301138458,0.019255582764192175
6961407924980515846,7096897188358456322,0.017177002028177013
6961407924980515846,7127610987100308481,0.03775424687476699
6961407924980515846,7139827943400326149,0.023302950276759785
6961407924980515846,7144680901561107483,0.025361135112071886
6961407924980515846,7177602177161561114,0.0535917571628508
6961407924980515846,7193229205185250330,0.020605687345793215
6961407924980515846,7198497671228834818,0.014991633614518982
6961407924980515846,7207116376669438978,0.03847793882397269
6961407924980515846,7237187612749874182,0.03775424687476699
6961407924980515846,7254140507394245638,0.039415858800251745
6961407924980515846,7260730044916745221,0.03775424687476699
6961407924980515846,7286348668494988294,0.019824681186741685
6961407924980515846,7327004404379370501,0.13420935807218082
6961407924980515846,7363450236825797637,0.015684312184452556
6961407924980515846,7379787571319522310,0.015469275655762007
6961407924980515846,7393933502537204742,0.015532514340850368
6961407924980515846,7446786283143169041,0.0182227914940669
6961407924980515846,7453528540971172870,0.03775424687476699
6961407924980515846,7456307417581437958,0.01931482746809983
6961407924980515846,7459425028325852176,0.015864301249007427
6961407924980515846,7476128992287441937,0.020326237131447426
6961407924980515846,7490286723617670162,0.04362816848319996
6961407924980515846,7507877861438964754,0.02673851261791944
6961407924980515846,7544921032646804487,0.01956064589123855
6961407924980515846,7545673249791706113,0.04362816848319996
6961407924980515846,7547223971999417351,0.04362816848319996
6961407924980515846,7584050819944596487,0.024070717852030056
6961407924980515846,7627890544752886791,0.06519424819832889
6961407924980515846,7629938843277640725,0.01980054848219603
6961407924980515846,7631155532019663879,0.024018637941899144
6961407924980515846,7640716169255715857,0.01876173747980863
6961428341711406081,6987731969648788507,0.015439479684872645
6961428341711406081,7040064114538382337,0.030846170975672816
6961428341711406081,7077264630486516762,0.01580143385334829
6961428341711406081,7177602177161561114,0.01532223433139103
6961428341711406081,7183388245819507738,0.01538788166913235
6961428341711406081,7202086685571138562,0.03007299057811763
6961428341711406081,73466833727,0.015285128927310543
6961428341711406081,7476795457228145681,0.01523960926821632
6961428341711406081,7481556266751230977,0.015558523073718925
6961428341711406081,7627890544752886791,0.017923538354421252
6962071372596593669,6964738659434152962,0.013340481350385607
6962071372596593669,6988040833657242625,0.01555412178124779
6962071372596593669,6993582094237778970,0.014416474244283935
6962071372596593669,6995145012439450625,0.013859184399768805
6962071372596593669,7011714332183741467,0.01418566096967043
6962071372596593669,7254140507394245638,0.029872671579638015
6962071372596593669,7398639237263229958,0.013070402058024518
6962071372596593669,7481889367460938759,0.013509470819381105
6962071372596593669,7497789201774920725,0.016256500668342812
6962071372596593669,7499493589689779218,0.016987406474019143
6962071372596593669,7563951994022413330,0.014340908023997517
6962071372596593669,7569967093475968008,0.013767592642004296
6962071372596593669,7627890544752886791,0.04940971539348136
6962343424021726209,6983637584456647681,0.016612261387996437
6962343424021726209,6996114982522356737,0.049071030860853064
6962343424021726209,7001471155397248001,0.022753480081964202
6962343424021726209,7081966595417244674,0.040703365150901734
6962343424021726209,7094307669989819418,0.02561310294706891
6962343424021726209,7196128414859936794,0.01708529697420873
6962343424021726209,7322149836118082565,0.027511383570761102
6962343424021726209,7457809067773297681,0.044587581011460466
6962343424021726209,7642911089734927378,0.02070439592071458
6964587861862876161,7020605956485940251,0.02339366072149592
6964587861862876161,7091443935339791362,0.015906427547952306
6964587861862876161,7121711391148819482,0.017811469979066217
6964587861862876161,7183388245819507738,0.017402638397094782
6964587861862876161,7274849324386223109,0.01617405215155157
6964587861862876161,7355866766130152464,0.015879458493196563
6964587861862876161,7383901183393448966,0.06656656772204612
6964587861862876161,7476774838238430216,0.01788439033999222
6964587861862876161,7477085819511178248,0.01652472322206976
6964587861862876161,7477500974065042449,0.015305880542095475
6964587861862876161,7481929553658512439,0.016379882336737248
6964714945469662210,7007000291115598850,0.01671455143273909
6964714945469662210,7020605956485940251,0.015904937975430966
6964714945469662210,7322939222875325442,0.015238641047040036
6964714945469662210,7404745909576664070,0.016531678218414805
6964714945469662210,7478865824552420372,0.01618186139409504
6964714945469662210,7523245655259759624,0.015386990487847809
6964714945469662210,7546553409273627653,0.015797497275792438
6964714945469662210,7576621338477184018,0.016267081830181086
6964738659434152962,6993582094237778970,0.01397148423053192
6964738659434152962,6995145012439450625,0.01679316400615951
6964738659434152962,7011714332183741467,0.016193958323336293
6964738659434152962,7046489917002564609,0.013922714344197023
6964738659434152962,7075674626739536898,0.014703492675490107
6964738659434152962,7192449099722916869,0.015437894561394813
6964738659434152962,7219888027873690626,0.02282053373352696
6964738659434152962,7254140507394245638,0.015377267722804778
6964738659434152962,7499493589689779218,0.013655875253807626
6964738659434152962,7627890544752886791,0.02543416378704613
6964738659434152962,7650649289911452693,0.01586224375670272
6964970683512931333,6992412727014048794,0.3667623860421452
6964970683512931333,7003685691104576514,0.015717354896099447
6964970683512931333,7011714332183741467,0.016461940600883167
6964970683512931333,7054007488706429979,0.028965509763978114
6964970683512931333,7060028465760486402,0.3667623860421452
6964970683512931333,70729628102,0.016245633183901226
6964970683512931333,7077992421984797722,0.024610898400117754
6964970683512931333,7088963677072950274,0.016225740978393556
6964970683512931333,7113527717450810370,0.04185553698945363
6964970683512931333,7193229205185250330,0.01631042531081574
6964970683512931333,7195479055549924378,0.02629671561097829
6964970683512931333,7311554831675458565,0.017319733404810387
6964970683512931333,7353257468749988869,0.024610898400117754
6964970683512931333,7421159900989047814,0.028225777928789757
6964970683512931333,7423293361527014405,0.03739507243742491
6964970683512931333,7448914803424510994,0.016461940600883167
6964970683512931333,7481889367460938759,0.020803772675292962
6964970683512931333,7488005359321629703,0.0585618636350862
6964970683512931333,7501664443560084488,0.016624046525637867
6964970683512931333,7526895629398737928,0.016567860491351283
6966148415672173569,6983942815932482561,0.01624104163905635
6966148415672173569,7002112944796779546,0.016238837689804227
6966148415672173569,7127708623191933953,0.01574113959392757
6966148415672173569,7144565544971797531,0.016244752135542686
6966148415672173569,7165117173925708826,0.015170290808822913
6966148415672173569,7166227528167867418,0.016251275313896123
6966148415672173569,7363450236825797637,0.016374947677050167
6966148415672173569,7379787571319522310,0.015754759653213296
6966148415672173569,7383901183393448966,0.016020862236939003
6966148415672173569,7393933502537204742,0.01621081014640646
6966148415672173569,7499493589689779218,0.015258372205341427
6966276498689721345,7139916028763800577,0.01570396645628446
6966276498689721345,7177602177161561114,0.017534398900023392
6966276498689721345,7241559016605746182,0.016149257789018136
6966276498689721345,7254140507394245638,0.024801859305973808
6966276498689721345,7331684378399196166,0.01741535993156216
6966276498689721345,7455566091059020817,0.016153531153696474
6966276498689721345,7464192594000741377,0.015833519117401097
6966276498689721345,7496951292298249223,0.017201849489514
6966276498689721345,7607445622497264647,0.01610687032053568
6966276498689721345,7627890544752886791,0.04102253815064311
6966494018633499650,7096897188358456322,0.015564306730078
6966494018633499650,7119475270255870977,0.028767102039919154
6966494018633499650,7276081914455933957,0.020198424811275796
6966494018633499650,7343513808779904005,0.019439262790605354
6966494018633499650,7352412606437704710,0.028767102039919154
6966494018633499650,7478421096736359430,0.016278573687590732
6966494018633499650,7479292129044612104,0.02496418625020865
6966494018633499650,7512994775039083538,0.015560866392478728
6966494018633499650,7542789080502682641,0.01793075060058674
6966494018633499650,7627890544752886791,0.017934695614618218
6967196401395139585,7027245586970723355,0.02390796620996671
6967196401395139585,7106791086807614491,0.019340331556931597
6967196401395139585,7135414649268880411,0.04473478861279098
6967196401395139585,7225233704317715482,0.01731207919571067
6967196401395139585,7313018902039839746,0.0172858432381208
6967196401395139585,7362078617574441989,0.016277866284978137
6967196401395139585,7516118321939727361,0.025384308060342326
6967196401395139585,7545554271439078416,0.016396074797729757
6967196401395139585,7608910206895195157,0.022091794858079702
6967196401395139585,7627890544752886791,0.017576332227095412
6967196401395139585,7649746214976537620,0.01692169445706058
6967196401395139585,86855738395926528,0.028223889453047254
6967595976622998530,6979425797577245697,0.030488211108028775
6967595976622998530,7110469283298640898,0.016289157245165102
6967595976622998530,7139916028763800577,0.01609987905558084
6967595976622998530,7155826010654409730,0.016232899128444625
6967595976622998530,7254140507394245638,0.02293405527058216
6967595976622998530,7274849324386223109,0.03192627488858736
6967595976622998530,7506867441839244344,0.02638135166467594
6967595976622998530,7550661278433231879,0.023497795904942487
6967595976622998530,7565637171480052737,0.032680988667146006
6967595976622998530,7627890544752886791,0.03793317048048123
6967595976622998530,7640716169255715857,0.016321199575950084
6967595976622998530,81308061605,0.02638135166467594
6967659350089810946,6978452201935291393,0.02138611761276194
6967659350089810946,7003367467040949249,0.015124493966807855
6967659350089810946,7004849025783022619,0.015928715629654904
6967659350089810946,7010662492184495131,0.014685642244985572
6967659350089810946,7032227302164448283,0.018851123014396034
6967659350089810946,7056589938901664769,0.015474873051751898
6967659350089810946,7056720636374385691,0.015146175322237646
6967659350089810946,7222475408116515866,0.014682726251037776
6967659350089810946,7225233704317715482,0.01429465899410429
6967659350089810946,7271800847229633541,0.021178314795784817
6967659350089810946,7323951027022283777,0.01566185941374203
6967659350089810946,7572718529432126480,0.014981555958836119
6967659350089810946,7591058387967886348,0.008750483266139383
6968101486514226177,6999097948136129562,0.02567885468293631
6968101486514226177,7045303752488469506,0.046349960236713034
6968101486514226177,7077082709159904282,0.16639427400222342
6968101486514226177,7121523637161001985,0.015927738019374513
6968101486514226177,7142783450839401473,0.05578660353640915
6968101486514226177,7159615477097841669,0.015494932427296125
6968101486514226177,7192960927724127233,0.039010068886109146
6968101486514226177,7327004404379370501,0.046349960236713034
6968101486514226177,7361451922681119749,0.019520673681939316
6968101486514226177,7459425028325852176,0.026153156905223702
6968101486514226177,7501201778134893584,0.16237293287177781
6968101486514226177,7604788544276333586,0.023681703853895092
6968111084863783938,6987731969648788507,0.019414734859995383
6968111084863783938,6993562834723374086,0.016203763490669935
6968111084863783938,7058993133036782618,0.015905763086168274
6968111084863783938,7124524290486535170,0.01726188568623144
6968111084863783938,7179742607488353306,0.018930386991881574
6968111084863783938,7316163220909196294,0.020847136231076747
6968111084863783938,7353257468749988869,0.016195039275628268
6968111084863783938,7531066706552275986,0.0162324313426965
6968111084863783938,7627162419760890887,0.015668820933568577
6968111084863783938,7635591227443250194,0.016002944395640546
6968643664378119170,6983967123942065178,0.01548069876647869
6968643664378119170,7000352128338478081,0.015769623089757462
6968643664378119170,7005422961205330971,0.015727772756209825
6968643664378119170,7016971336972452891,0.016158463033676344
6968643664378119170,7052273815992304641,0.01605721707607856
6968643664378119170,7060924497801593882,0.016052433033818002
6968643664378119170,7284988452844078087,0.01605932540351027
6968643664378119170,7377168369478452229,0.015850470403664163
6968643664378119170,7599311463005832209,0.015969196588824952
6968718267481490433,7045814535378863130,0.05871937682935122
6968718267481490433,7081966595417244674,0.014858477852682957
6968718267481490433,7198497671228834818,0.014939304895258429
6968718267481490433,7257089825308165126,0.014960254592597963
6968718267481490433,7420280666741621765,0.014920329900369008
6968718267481490433,7476774838238430216,0.014843127298133894
6968718267481490433,7484436088774624274,0.014933358145433442
6968718267481490433,7634034175490606101,0.014791499486530893
6968718267481490433,7642599508594115605,0.015038459388326453
6968718267481490433,7648650172402435093,0.01476360356211327
6968718267481490433,7654157094572098561,0.015136213299741148
6969984183800988674,7000352128338478081,0.020186370692276502
6969984183800988674,7047332169534063617,0.016183671806943255
6969984183800988674,7054007488706429979,0.01596000282566266
6969984183800988674,7141082435111142402,0.015965903986422857
6969984183800988674,7143935053655131163,0.01613378783205359
6969984183800988674,7248186267946959873,0.015883986820045742
6969984183800988674,7257262932941259782,0.015901979389303243
6969984183800988674,7260730044916745221,0.015628212540891764
6969984183800988674,7322146719038014469,0.015705393385517304
6969984183800988674,7331684378399196166,0.11816852056326854
6969984183800988674,7649746214976537620,0.015932889372838068
6969984183800988674,93013606744592384,0.03448608608465508
6970866552057267202,7060028465760486402,0.015657724235270575
6970866552057267202,7202086685571138562,0.015630319831162698
6970866552057267202,7240814661875057669,0.01521953744399544
6970866552057267202,7319472514870084614,0.027964327153841936
6970866552057267202,7343513808779904005,0.015131640800789502
6970866552057267202,7350473960612905989,0.015219363646182617
6970866552057267202,7362078617574441989,0.01554188388721699
6970866552057267202,7522355226557662225,0.015160349690239496
6970866552057267202,7544921032646804487,0.029403649889021954
6970866552057267202,7546926530825077778,0.019884738039454498
6971392711799964673,6986850469483676673,0.04414399700568853
6971392711799964673,6987731969648788507,0.020265066474439927
6971392711799964673,6999097948136129562,0.020576088122549678
6971392711799964673,7010662492184495131,0.038962044421293314
6971392711799964673,7032227302164448283,0.04217897301790119
6971392711799964673,7047408056128914434,0.02054636454613198
6971392711799964673,7084186676168508442,0.019246376253788486
6971392711799964673,7136425984111002625,0.017019945459479977
6971392711799964673,7143935053655131163,0.015638574102776883
6971392711799964673,7144565544971797531,0.032918703114344236
6971392711799964673,7179990250806297626,0.015427390297431684
6971392711799964673,7276081914455933957,0.03373353391521352
6971392711799964673,7323951027022283777,0.016826520016999406
6971392711799964673,7406882852758012934,0.017715027457806218
6971392711799964673,7483938801250042888,0.029495210174650843
6971392711799964673,7488350271514821639,0.025162274443590624
6971392711799964673,7568781196831409172,0.019132110194236565
6972477904908207105,7254140507394245638,0.014574410254644345
6972477904908207105,7300420401526604806,0.014930440397770394
6972477904908207105,7322149836118082565,0.014444086829458672
6972477904908207105,7346971685042701317,0.01466916093072488
6972477904908207105,7450744199001637895,0.014363651497998748
6972477904908207105,7522349223884719105,0.01419510654671728
6972477904908207105,7641515667149145109,0.014907703462198992
6977327001304876034,7063506594294924289,0.014982717746324562
6977327001304876034,7144680901561107483,0.04331848021986651
6977327001304876034,7241559016605746182,0.015032940360777824
6977327001304876034,7253614148146316294,0.017188140078435096
6977327001304876034,7278224508979872786,0.015277888198290505
6977327001304876034,7319472514870084614,0.01947339739299249
6977327001304876034,7484436088774624274,0.015785221224454065
6977327001304876034,7516118321939727361,0.015394202483086969
6977327001304876034,7627890544752886791,0.01678314013667513
6977774091941102597,6978562375062799362,0.015565006082623773
6977774091941102597,7000964924840608769,0.014919309927661186
6977774091941102597,7025256146383324187,0.014804701560378287
6977774091941102597,7054799740815311899,0.015324406098127031
6977774091941102597,7127610987100308481,0.014869082233499474
6977774091941102597,7182583625258632193,0.015268993237738164
6977774091941102597,7195479055549924378,0.015499937920874049
6977774091941102597,7213282682464814107,0.01510660943538612
6977774091941102597,7338600730439353346,0.015284283164467923
6977774091941102597,7602458307672884225,0.11529304138008477
6977774091941102597,7639298353755030529,0.015310302681594695
6978315681420264450,6979425797577245697,0.044992105256972385
6978315681420264450,6982233082511180827,0.017824039234023724
6978315681420264450,6988040833657242625,0.03749517317771118
6978315681420264450,6995145012439450625,0.040485747311399665
6978315681420264450,6996939727140979714,0.06700406729174516
6978315681420264450,7002112944796779546,0.0318811490407448
6978315681420264450,7004640947586024474,0.03207589080851553
6978315681420264450,7025843669941208090,0.023185881388239155
6978315681420264450,7054007488706429979,0.0484000706643707
6978315681420264450,7080283755537499137,0.01940787068413494
6978315681420264450,70836239101,0.06231051723579127
6978315681420264450,7091908720364061723,0.05041028800631247
6978315681420264450,7110469283298640898,0.018575799721529885
6978315681420264450,7135220356252517402,0.03433725080876635
6978315681420264450,7144238456486331418,0.02795118105993394
6978315681420264450,7148170160443048961,0.02076421486271798
6978315681420264450,7154384053285078043,0.03335587634271787
6978315681420264450,7202086685571138562,0.016694383431855638
6978315681420264450,7233640485796660225,0.015906009043112648
6978315681420264450,7238588875538793480,0.0360918729292318
6978315681420264450,7240198843681489922,0.019406616519998837
6978315681420264450,7254140507394245638,0.07705900211260044
6978315681420264450,7333255393327449094,0.04361286729730984
6978315681420264450,7336113798451840018,0.037953061190450506
6978315681420264450,7348055396504044550,0.016388912551241478
6978315681420264450,7354443424308167685,0.025901510705811353
6978315681420264450,7384728630012806150,0.22786820718623257
6978315681420264450,7453778116689118215,0.023009797987054634
6978315681420264450,7481889367460938759,0.015209993971602737
6978315681420264450,7495411659411948599,0.07358216359889083
6978315681420264450,7545554271439078416,0.016109492058318197
6978315681420264450,7550661278433231879,0.061080416369698416
6978315681420264450,7553154672204088340,0.02469269284620309
6978315681420264450,7602605744538141716,0.17911506157486656
6978315681420264450,7642599508594115605,0.017682638447344513
6978315681420264450,7650649289911452693,0.04044870334550082
6978452201935291393,7040064114538382337,0.01623651486058996
6978452201935291393,7057223811220997147,0.023131849198109483
6978452201935291393,70729628102,0.10731663236128207
6978452201935291393,7127708623191933953,0.01691793001703579
6978452201935291393,7131585685501363202,0.02251888095757883
6978452201935291393,7177602177161561114,0.02771995124110179
6978452201935291393,7196069191677543425,0.02251888095757883
6978452201935291393,7196128414859936794,0.015576454129924488
6978452201935291393,7248502263702291463,0.01691793001703579
6978452201935291393,7282408479507563526,0.01691793001703579
6978452201935291393,7309331808796460037,0.015680541109094347
6978452201935291393,7317979152307454981,0.016162903208383577
6978452201935291393,7331684378399196166,0.02753176375772407
6978452201935291393,7481556266751230977,0.02251888095757883
6978452201935291393,7521728838495011848,0.03921477523681862
6978452201935291393,81308061605,0.016211211915741992
6978452201935291393,95775519061,0.015459699759410464
6978562375062799362,7000964924840608769,0.023705211923935654
6978562375062799362,7025256146383324187,0.014930435513706323
6978562375062799362,7054799740815311899,0.01546308091158484
6978562375062799362,7127610987100308481,0.014991955430343734
6978562375062799362,7182583625258632193,0.015408529626025838
6978562375062799362,7195479055549924378,0.02387879062278118
6978562375062799362,7213282682464814107,0.015244871262853638
6978562375062799362,7338600730439353346,0.01542262194454369
6978562375062799362,7639298353755030529,0.015448857700523835
6979425797577245697,6988040833657242625,0.037649912020045355
6979425797577245697,7054007488706429979,0.0375591066114458
6979425797577245697,7080283755537499137,0.018118519641660443
6979425797577245697,7091908720364061723,0.02970979014542737
6979425797577245697,7135220356252517402,0.01641181750218497
6979425797577245697,7148170160443048961,0.01938475585275585
6979425797577245697,7154384053285078043,0.044365439583707186
6979425797577245697,7238588875538793480,0.03369412952174906
6979425797577245697,7333255393327449094,0.040715470832222316
6979425797577245697,7345372771347792902,0.02164705105074746
6979425797577245697,7354443424308167685,0.024724393766749
6979425797577245697,7423293361527014405,0.043759034194308294
6979425797577245697,7553154672204088340,0.01858665174413061
6979425797577245697,7650649289911452693,0.03776151634420367
6980621105678599169,6985015209039840257,0.01593158691154628
6980621105678599169,7005622091391714330,0.02408170766104254
6980621105678599169,7076404041312404482,0.01608277722370682
6980621105678599169,7077992421984797722,0.024431152725999997
6980621105678599169,7209646992757638170,0.015428320347397006
6980621105678599169,7345372771347792902,0.019492616690225364
6980621105678599169,7353257468749988869,0.024431152725999997
6980621105678599169,7421159900989047814,0.02801963098531678
6980621105678599169,7478865824552420372,0.014910359347143212
6980621105678599169,7488005359321629703,0.05813415711720345
6980621105678599169,7523245655259759624,0.015709758104882128
6980621105678599169,7563951994022413330,0.019562339782166146
6982233082511180827,6983637584456647681,0.016539111579775986
6982233082511180827,6988040833657242625,0.018775415341406674
6982233082511180827,6995145012439450625,0.027807061922412345
6982233082511180827,6999586453593031681,0.024328318853566868
6982233082511180827,7202086685571138562,0.07501816203749412
6982233082511180827,7495411659411948599,0.020220260571361774
6982233082511180827,7602605744538141716,0.018328830902074565
6982233082511180827,7607445622497264647,0.01748764455315817
6983637584456647681,7495411659411948599,0.01605885038640416
6983814849088898049,7129411596997067778,0.01593473999825842
6983814849088898049,7154384053285078043,0.017150693960882497
6983814849088898049,7197170815606031362,0.01570381489037727
6983814849088898049,7225514834670093314,0.01562136682288577
6983814849088898049,7254140507394245638,0.03962166511786875
6983814849088898049,7421159900989047814,0.030077837900569282
6983814849088898049,7433436837475779590,0.014972867115022274
6983814849088898049,7488005359321629703,0.02808755957347937
6983814849088898049,7545857000773616658,0.015787006137273133
6983814849088898049,7627890544752886791,0.030379957925687037
6983814849088898049,7642911089734927378,0.016145654316175307
6983942815932482561,6999586453593031681,0.015615589266343958
6983942815932482561,7006234259389088770,0.016056199136995686
6983942815932482561,7120541706823533594,0.0161483931908807
6983942815932482561,7129411596997067778,0.01546501907304482
6983942815932482561,7283325250002830342,0.015803013239190377
6983942815932482561,7352218265122636806,0.01602052112119152
6983942815932482561,7448914803424510994,0.015645058123430436
6983942815932482561,7521728838495011848,0.01599912340801889
6983942815932482561,7533017467783808007,0.015855824460305507
6983942815932482561,7545857000773616658,0.015601290173037161
6983942815932482561,7627890544752886791,0.018535312886788582
6983942815932482561,7628866672606708757,0.015470171710814527
6983967123942065178,7016971336972452891,0.03971813900860689
6983967123942065178,7089701400901600283,0.015381235054996466
6983967123942065178,7254140507394245638,0.018241206817685433
6983967123942065178,7282408479507563526,0.015522364078629345
6983967123942065178,7362078617574441989,0.024201025359240368
6983967123942065178,7568781196831409172,0.02307025567663849
6983967123942065178,7627890544752886791,0.030171149402981864
6983967123942065178,7635591227443250194,0.0307516479431199
6983967123942065178,7642911089734927378,0.03182720668384008
6985015209039840257,6999097948136129562,0.015880060845216187
6985015209039840257,7057223811220997147,0.015794612957264885
6985015209039840257,7209646992757638170,0.015920233257030795
6985015209039840257,7327004404379370501,0.01594450600728126
6985015209039840257,7333255393327449094,0.015261193456673351
6985015209039840257,7404745909576664070,0.01533202615661239
6985015209039840257,7453778116689118215,0.015793017942672925
6985015209039840257,7478865824552420372,0.015044277278899898
6985015209039840257,7523245655259759624,0.015860147666514012
6985015209039840257,7583691841695859720,0.015446946140749554
6985727260917662725,7084186676168508442,0.016577514850351253
6985727260917662725,7086761864990589954,0.01605458522229744
6985727260917662725,7097167337245525019,0.015810388044942243
6985727260917662725,7206554298104415258,0.016235283621292427
6985727260917662725,7238631407236580358,0.015702799015834164
6985727260917662725,7311615611494614021,0.01574563846073243
6985727260917662725,7565406894694269953,0.015453074419254285
6985727260917662725,7627890544752886791,0.01609967381613583
6986032885317551131,6993562834723374086,0.016195423140499224
6986032885317551131,70729628102,0.01637168827125018
6986032885317551131,7088963677072950274,0.026744544879843027
6986032885317551131,7164308860937126914,0.01660864498400682
6986032885317551131,7193229205185250330,0.016315737969160287
6986032885317551131,7406882852758012934,0.015985327213841286
6986032885317551131,7455281387647304705,0.016607968262970688
6986032885317551131,7491832625380934672,0.01807315774820418
6986032885317551131,7546926530825077778,0.016381483925524153
6986850469483676673,7001471155397248001,0.01806426638112303
6986850469483676673,7010662492184495131,0.022929025592617124
6986850469483676673,7032227302164448283,0.025977696211410845
6986850469483676673,7113527717450810370,0.018821255382500488
6986850469483676673,7135008576062456859,0.016111931943538497
6986850469483676673,7137364417810252826,0.02270185998690589
6986850469483676673,7143935053655131163,0.015484428590444741
6986850469483676673,7166227528167867418,0.019402201547380205
6986850469483676673,7254140507394245638,0.031407310562198906
6986850469483676673,7270110578827150342,0.01629792418843517
6986850469483676673,7369653419626202117,0.022259913983505058
6986850469483676673,7483938801250042888,0.02023773862816263
6986850469483676673,7485973175349232646,0.016102195901480095
6986850469483676673,7542789080502682641,0.017820811525614384
6986850469483676673,7627890544752886791,0.018988578787645555
6986850469483676673,7643821011835061269,0.02728423358261084
6987280497861067778,7057223811220997147,0.01601880677699247
6987280497861067778,7209646992757638170,0.015171024313194167
6987280497861067778,7327004404379370501,0.015145333916412174
6987280497861067778,7333255393327449094,0.016608505249981396
6987280497861067778,7400503260173730822,0.016870732354508058
6987280497861067778,7453778116689118215,0.016020506702725566
6987280497861067778,7464192594000741377,0.015964298634205037
6987280497861067778,7583691841695859720,0.016024532117223683
6987731969648788507,7017368046475068418,0.015596676313650618
6987731969648788507,7084186676168508442,0.016078947258340373
6987731969648788507,7097167337245525019,0.024513999308642294
6987731969648788507,7099686562410054682,0.01607201419172608
6987731969648788507,7170102652008580098,0.015289086279470315
6987731969648788507,7179742607488353306,0.017635808695795376
6987731969648788507,7284988452844078087,0.01871573102476329
6987731969648788507,7300420401526604806,0.014715449476399528
6987731969648788507,7319919338914857990,0.015587824945776091
6987731969648788507,7322149836118082565,0.02208418246631719
6987731969648788507,7323951027022283777,0.01600575920479427
6987731969648788507,7328024330810950662,0.02212843631147445
6987731969648788507,73466833727,0.016109885413658726
6987731969648788507,7354443424308167685,0.02325981245415017
6987731969648788507,7445226957769507895,0.015473265618694474
6987731969648788507,7476795457228145681,0.01605329890276147
6987731969648788507,7482314927051932679,0.016864504109343537
6987731969648788507,7489802306281440276,0.019135830484439967
6987731969648788507,7569967093475968008,0.030619014358945255
6987731969648788507,7608910206895195157,0.018551025648139815
6987731969648788507,7642911089734927378,0.022653397450204515
6988040833657242625,6993582094237778970,0.01591367217048863
6988040833657242625,6995145012439450625,0.05647210781039585
6988040833657242625,7025843669941208090,0.021435343835249535
6988040833657242625,7040064114538382337,0.019596584409908604
6988040833657242625,7044020860574942210,0.01599463166369367
6988040833657242625,70836239101,0.02626068379436955
6988040833657242625,7144238456486331418,0.025840862660709934
6988040833657242625,7202086685571138562,0.01758546301914915
6988040833657242625,7354443424308167685,0.10348587137859389
6988040833657242625,7423293361527014405,0.09136032882042436
6988040833657242625,7453778116689118215,0.02423796920869362
6988040833657242625,7495411659411948599,0.03101110401417298
6988040833657242625,7499493589689779218,0.01593250858636849
6988040833657242625,7602605744538141716,0.028110284709557648
6988040833657242625,7607445622497264647,0.0268201867274132
6992412727014048794,7003685691104576514,0.015717354896099447
6992412727014048794,7011714332183741467,0.016461940600883167
6992412727014048794,7054007488706429979,0.028965509763978114
6992412727014048794,7060028465760486402,0.3667623860421452
6992412727014048794,7077992421984797722,0.024610898400117754
6992412727014048794,7113527717450810370,0.04185553698945363
6992412727014048794,7195479055549924378,0.02629671561097829
6992412727014048794,7311554831675458565,0.017319733404810387
6992412727014048794,7353257468749988869,0.024610898400117754
6992412727014048794,7421159900989047814,0.028225777928789757
6992412727014048794,7423293361527014405,0.03739507243742491
6992412727014048794,7448914803424510994,0.016461940600883167
6992412727014048794,7481889367460938759,0.020803772675292962
6992412727014048794,7488005359321629703,0.07340738533789885
6993562834723374086,6998723476065862683,0.02347085638838825
6993562834723374086,7047332169534063617,0.023881164158854117
6993562834723374086,7058993133036782618,0.016268195693327145
6993562834723374086,7157712033605370881,0.019126259317572183
6993562834723374086,7159615477097841669,0.025263893445563575
6993562834723374086,7313053731345220614,0.01930603990764526
6993562834723374086,7317979152307454981,0.01930521764952081
6993562834723374086,7491832625380934672,0.032699456113586524
6993562834723374086,7531066706552275986,0.01665552096316114
6993562834723374086,7643821011835061269,0.023407429781249604
6993582094237778970,6995145012439450625,0.01449533440541973
6993582094237778970,7011714332183741467,0.01481578455610237
6993582094237778970,7046489917002564609,0.012400180163488332
6993582094237778970,7192449099722916869,0.013897162941972864
6993582094237778970,7481889367460938759,0.012847670930907678
6993582094237778970,7497789201774920725,0.0140521319966717
6993582094237778970,7499493589689779218,0.014757302590929918
6993582094237778970,7563951994022413330,0.012192407056193823
6993582094237778970,7650649289911452693,0.01431516404605612
6994452656194847745,7005748432673948673,0.016494749386133857
6994452656194847745,7045303752488469506,0.016365757089082444
6994452656194847745,7098020878919943170,0.016462900979546637
6994452656194847745,7264489075083461633,0.01649854328303528
6994452656194847745,7284239018626466822,0.029365969737172492
6994452656194847745,7446786283143169041,0.015917605233109297
6994452656194847745,7515323874088748050,0.01621441041026661
6994452656194847745,7518436263998063623,0.02418081096305681
6994452656194847745,7530213210042729490,0.01652996866217289
6994452656194847745,7544921032646804487,0.015874395478407997
6994452656194847745,7608910206895195157,0.016553307560974923
6995145012439450625,6996939727140979714,0.03521020659807296
6995145012439450625,7002112944796779546,0.03889373615854219
6995145012439450625,7011714332183741467,0.016747374586342845
6995145012439450625,7025843669941208090,0.031746511196504186
6995145012439450625,7040064114538382337,0.029023242695055212
6995145012439450625,7046489917002564609,0.01365325867310571
6995145012439450625,7060374955943003137,0.014648968615512395
6995145012439450625,7075674626739536898,0.014440715223755896
6995145012439450625,70836239101,0.03889301233110375
6995145012439450625,7144238456486331418,0.038271242210564
6995145012439450625,7165117173925708826,0.01978787990732825
6995145012439450625,7192449099722916869,0.01518409540450336
6995145012439450625,7202086685571138562,0.026044699955550296
6995145012439450625,7350473960612905989,0.017184429896930906
6995145012439450625,7354443424308167685,0.026742320725058253
6995145012439450625,7453778116689118215,0.03589729965511225
6995145012439450625,7495411659411948599,0.04592855465107764
6995145012439450625,7521728838495011848,0.019829935783209168
6995145012439450625,7550661278433231879,0.03812520730755679
6995145012439450625,7602605744538141716,0.04163233746693495
6995145012439450625,7607445622497264647,0.0397216561944757
6996114982522356737,7006304525616579610,0.014965653180049322
6996114982522356737,7044020860574942210,0.01549716818481626
6996114982522356737,7050182429319627803,0.04159632920577772
6996114982522356737,7051051150916731905,0.04433795115436469
6996114982522356737,7081966595417244674,0.040012816256254254
6996114982522356737,7150267271930446853,0.01454355217994197
6996114982522356737,7258982582568846338,0.016440947678193752
6996114982522356737,7336152171828904965,0.034337993617362596
6996114982522356737,7343513808779904005,0.06305838269130286
6996114982522356737,73466833727,0.016440947678193752
6996114982522356737,7457809067773297681,0.11744684454786637
6996114982522356737,7501201778134893584,0.036033828377004674
6996114982522356737,7522355226557662225,0.049092300190551275
6996114982522356737,7634034175490606101,0.02039795916162718
6996114982522356737,7642911089734927378,0.032722106658344526
6996939727140979714,7004640947586024474,0.0522878467984199
6996939727140979714,70836239101,0.08779977592502657
6996939727140979714,7170102652008580098,0.024063432930966997
6996939727140979714,7350473960612905989,0.025202386112897532
6996939727140979714,7384728630012806150,0.03592421758612883
6996939727140979714,7495411659411948599,0.1036822957449363
6996939727140979714,7521728838495011848,0.016209857979349287
6996939727140979714,7550661278433231879,0.08606647976252742
6997282145090028546,7002925947272234011,0.0165477507181157
6997282145090028546,7003685691104576514,0.01579671423015967
6997282145090028546,7005422961205330971,0.027433956738204538
6997282145090028546,7014057563453752325,0.03775424687476699
6997282145090028546,7045303752488469506,0.08439258055566119
6997282145090028546,7127610987100308481,0.02374035884281254
6997282145090028546,7132780297389507585,0.016084041934603093
6997282145090028546,7140728189923607558,0.015794819153350525
6997282145090028546,7177602177161561114,0.033699190193972044
6997282145090028546,7207116376669438978,0.024195425702516756
6997282145090028546,7327004404379370501,0.08439258055566119
6997282145090028546,7490286723617670162,0.027433956738204538
6997282145090028546,7545673249791706113,0.027433956738204538
6997282145090028546,7547223971999417351,0.027433956738204538
6997282145090028546,7629938843277640725,0.015983122286763903
6998723476065862683,7060028465760486402,0.015621465674208523
6998723476065862683,7276081914455933957,0.027842635685720648
6998723476065862683,7362078617574441989,0.015506045973410806
6998723476065862683,7467010964014023688,0.016026928081449753
6998723476065862683,7592121729054213121,0.018932755875638495
6998723476065862683,7617823686238143508,0.015157126899988905
6999097948136129562,7057223811220997147,0.015718211882298664
6999097948136129562,7077082709159904282,0.03262565296136715
6999097948136129562,7142783450839401473,0.033983354327604486
6999097948136129562,7192960927724127233,0.02376364412355186
6999097948136129562,7209646992757638170,0.01584275019141298
6999097948136129562,7265249858515158022,0.019736274180139648
6999097948136129562,7276081914455933957,0.020762703988171097
6999097948136129562,7501201778134893584,0.022639768458162155
6999097948136129562,7523245655259759624,0.015323476629564209
6999586453593031681,7006234259389088770,0.01558754161639421
6999586453593031681,7027245586970723355,0.015474414929462705
6999586453593031681,7027699921625777153,0.0160607943119018
6999586453593031681,7163041914702775297,0.015362698572327393
6999586453593031681,7283325250002830342,0.01623502679887965
6999586453593031681,7336152171828904965,0.016055355423013052
6999586453593031681,7345041413702272001,0.015331769984722524
6999586453593031681,7352218265122636806,0.01567558348503609
6999586453593031681,7533017467783808007,0.015855532434309188
6999586453593031681,7565406894694269953,0.022641282747678845
6999586453593031681,7628866672606708757,0.01621441515302882
6999586453593031681,95653080293068800,0.019716626930432257
7000316775146144770,7014057563453752325,0.014983165014814287
7000316775146144770,7077992421984797722,0.014102566240229557
7000316775146144770,7153854260416955418,0.014460771430798719
7000316775146144770,7154384053285078043,0.018043725940136646
7000316775146144770,7254140507394245638,0.04168475446587171
7000316775146144770,7388498135749903365,0.026648059221822798
7000316775146144770,7627890544752886791,0.06894702567579426
7000316775146144770,7650741089351484436,0.014425030567823688
7000352128338478081,7016971336972452891,0.015867956260515816
7000352128338478081,7060924497801593882,0.015634124759050284
7000352128338478081,7099686562410054682,0.015820866862404578
7000352128338478081,7284988452844078087,0.015627608137277704
7000352128338478081,7355012714336912390,0.021819071133982293
7000352128338478081,7377168369478452229,0.01570275262369815
7000352128338478081,7379787571319522310,0.017476155573908674
7000352128338478081,7599311463005832209,0.015727461956026048
7000352128338478081,7627890544752886791,0.01757304961884312
7000367216572122113,7047332169534063617,0.026767213582873716
7000367216572122113,7098020878919943170,0.016156954069201188
7000367216572122113,7124524290486535170,0.029825075443415148
7000367216572122113,7154384053285078043,0.023880672102433585
7000367216572122113,7233640485796660225,0.021899247937322584
7000367216572122113,7254140507394245638,0.05516931238994411
7000367216572122113,7362078617574441989,0.024657228818642983
7000367216572122113,7530213210042729490,0.01609650996668067
7000367216572122113,7608910206895195157,0.016119298934265766
7000367216572122113,7627890544752886791,0.03335487236011651
7000964924840608769,7025256146383324187,0.015424622453979464
7000964924840608769,7072731690099852289,0.014373609185303848
7000964924840608769,7076416253577790465,0.020117644447569635
7000964924840608769,7096479885301138458,0.028295263369937415
7000964924840608769,7182146153348219931,0.020430871179691813
7000964924840608769,7182583625258632193,0.026512896220121197
7000964924840608769,7192960927724127233,0.02441563776181546
7000964924840608769,7205917572523803649,0.021927127517879723
7000964924840608769,7322939222875325442,0.020043119269124953
7000964924840608769,7501201778134893584,0.027522715775356515
7000964924840608769,7568781196831409172,0.0216048165349075
7000964924840608769,7602458307672884225,0.014871586720396792
7000964924840608769,7637056590491091976,0.022977028360902624
7001471155397248001,7005622091391714330,0.014972978076943422
7001471155397248001,7005748432673948673,0.018380870279288163
7001471155397248001,7012228858045465601,0.015208625303494575
7001471155397248001,7060374955943003137,0.026857899966230576
7001471155397248001,7137364417810252826,0.02063407793860714
7001471155397248001,7203897797036459035,0.014625305428699394
7001471155397248001,7328024330810950662,0.021463952492533963
7001471155397248001,7455150278313755655,0.015861955746663627
7001471155397248001,7483938801250042888,0.036872694129570525
7001471155397248001,7649746214976537620,0.01743981633025542
7002112944796779546,7025843669941208090,0.02227414863757522
7002112944796779546,7060924497801593882,0.030063695295742095
7002112944796779546,70836239101,0.027288313108290333
7002112944796779546,7144238456486331418,0.026852063594207328
7002112944796779546,7165117173925708826,0.029020365849822854
7002112944796779546,7363450236825797637,0.01641564439375582
7002112944796779546,7379787571319522310,0.015720100830844567
7002112944796779546,7383901183393448966,0.015985897796561573
7002112944796779546,7393933502537204742,0.01625101237507723
7002112944796779546,7453778116689118215,0.022104989320966998
7002112944796779546,7495411659411948599,0.03222462609118924
7002112944796779546,7521728838495011848,0.01881277636857209
7002112944796779546,7550661278433231879,0.04181737937546491
7002112944796779546,7599311463005832209,0.021737044643548534
7002112944796779546,7607445622497264647,0.03427442533223364
7002112944796779546,7627890544752886791,0.044757167740332095
7002925947272234011,7003685691104576514,0.015341214376303439
7002925947272234011,7039129332460274714,0.016314916416810137
7002925947272234011,7049429937271440385,0.014347701826785242
7002925947272234011,7076404041312404482,0.01478254585244739
7002925947272234011,7132780297389507585,0.015616599114402458
7002925947272234011,7140728189923607558,0.015343993529366858
7002925947272234011,7479292129044612104,0.014396423193546535
7002925947272234011,7592061582878065685,0.016166752538760463
7002925947272234011,7629938843277640725,0.016252169465772924
7002925947272234011,7641515667149145109,0.018721155088755246
7002925947272234011,7654157094572098561,0.02219471762064231
7003367467040949249,7010662492184495131,0.014978919556673333
7003367467040949249,7056589938901664769,0.015356698903557961
7003367467040949249,7056720636374385691,0.01539810472433474
7003367467040949249,7222475408116515866,0.01497603480663801
7003367467040949249,7323951027022283777,0.015185861900283829
7003367467040949249,7350473960612905989,0.019584791932040917
7003367467040949249,7495411659411948599,0.01747122254551416
7003367467040949249,7520091064683021319,0.018791125657311683
7003367467040949249,7529488293902566407,0.014500269269071725
7003367467040949249,7572718529432126480,0.015276652629428884
7003367467040949249,7591058387967886348,0.008121732226175583
7003367467040949249,7627890544752886791,0.022815960355246412
7003367467040949249,7642599508594115605,0.0359804825345441
7003685691104576514,7060028465760486402,0.015717354896099447
7003685691104576514,7132780297389507585,0.015466628444920024
7003685691104576514,7140728189923607558,0.016125942516706043
7003685691104576514,7455566091059020817,0.017005903480699726
7003685691104576514,7478201262862681105,0.014581197436056337
7003685691104576514,7479292129044612104,0.01552632378452943
7003685691104576514,7653078869913863175,0.01422180309718275
7004640947586024474,7045814535378863130,0.014965027133774622
7004640947586024474,7054007488706429979,0.017243590134957534
7004640947586024474,70836239101,0.020007648663769115
7004640947586024474,7323833518098056198,0.015010814982185677
7004640947586024474,7384728630012806150,0.017197482589478324
7004640947586024474,7486331907643393040,0.01480162226342201
7004640947586024474,7495411659411948599,0.023626927564018855
7004640947586024474,7550661278433231879,0.019612668377268664
7004640947586024474,7627890544752886791,0.018730632471982995
7004713749492286465,7049555900038759426,0.016074557545402397
7004713749492286465,7099686562410054682,0.015672745054992453
7004713749492286465,7102360937428108314,0.01650513426206034
7004713749492286465,7121711391148819482,0.01630023702439
7004713749492286465,7136425984111002625,0.01604686071044712
7004713749492286465,7188777124807181314,0.016147875044361475
7004713749492286465,7313018902039839746,0.01623910889454129
7004713749492286465,73466833727,0.016013678067521967
7004713749492286465,7456307417581437958,0.01647096712300258
7004713749492286465,7476795457228145681,0.01569519381761439
7004713749492286465,7496951292298249223,0.016258924837384316
7004849025783022619,7142783450839401473,0.01667489162605439
7004849025783022619,7205917572523803649,0.021343097426440066
7004849025783022619,7271800847229633541,0.016206152841259657
7004849025783022619,7361451922681119749,0.019531562752744893
7004849025783022619,7367247089417896965,0.016174437018803757
7004849025783022619,7453528540971172870,0.016557839415961974
7004849025783022619,7493882569899394065,0.015854762447769906
7004849025783022619,7501201778134893584,0.017064258519095616
7004849025783022619,7585530131923682324,0.01561088232522791
7004849025783022619,7637056590491091976,0.021196632385412948
7004849025783022619,7653816056004543508,0.01608043749897571
7004849025783022619,7653909888418890773,0.015478106065501098
7005422961205330971,7012854598687966235,0.01732290159347109
7005422961205330971,7014057563453752325,0.04362816848319996
7005422961205330971,7045303752488469506,0.16253772877646783
7005422961205330971,7127610987100308481,0.027433956738204538
7005422961205330971,7177602177161561114,0.038942213637762735
7005422961205330971,7207116376669438978,0.02795982429668484
7005422961205330971,7237187612749874182,0.027433956738204538
7005422961205330971,7260730044916745221,0.027433956738204538
7005422961205330971,7327004404379370501,0.16253772877646783
7005422961205330971,7448255517355164673,0.015681342350991966
7005422961205330971,7453528540971172870,0.027433956738204538
7005422961205330971,7490286723617670162,0.052837026551625234
7005422961205330971,7545673249791706113,0.031702215930975136
7005422961205330971,7547223971999417351,0.031702215930975136
7005422961205330971,7584050819944596487,0.017490880811384106
7005422961205330971,7631155532019663879,0.01745303717471456
7005622091391714330,7054799740815311899,0.030167754297249633
7005622091391714330,7076404041312404482,0.01598235182612833
7005622091391714330,7177602177161561114,0.017805791260702978
7005622091391714330,7286348668494988294,0.016227511923316375
7005622091391714330,7331684378399196166,0.01768490984147695
7005622091391714330,7384818817710916613,0.017953556311811166
7005748432673948673,7045303752488469506,0.03888965373218942
7005748432673948673,7137364417810252826,0.021600971809784247
7005748432673948673,7193163348693943298,0.01566256395076291
7005748432673948673,7196128414859936794,0.015813075022737388
7005748432673948673,7326825435546174471,0.019079787274357746
7005748432673948673,7327004404379370501,0.02250909997282869
7005748432673948673,7483938801250042888,0.019620707573511333
7005748432673948673,7515323874088748050,0.016181171437500325
7005748432673948673,7530213210042729490,0.016598717592286222
7005748432673948673,7544921032646804487,0.016007217152134035
7005748432673948673,7608910206895195157,0.01657756490333837
7005748432673948673,7631155532019663879,0.01917744598979949
7005748432673948673,95775519061,0.015652861890253316
7006234259389088770,7120541706823533594,0.01650814100531675
7006234259389088770,7129411596997067778,0.015817679651082883
7006234259389088770,7148170160443048961,0.027795014058857072
7006234259389088770,7197170815606031362,0.01569300630116421
7006234259389088770,7283325250002830342,0.015776880238338568
7006234259389088770,7352218265122636806,0.015996962492690676
7006234259389088770,7448914803424510994,0.01599561149021758
7006234259389088770,7521728838495011848,0.01613034202626813
7006234259389088770,7533017467783808007,0.015830569446822707
7006234259389088770,7545857000773616658,0.01595521512018741
7006234259389088770,7606263940389946389,0.01632251085389127
7006234259389088770,7628866672606708757,0.015441009845510438
7006304525616579610,7044020860574942210,0.01522818025943954
7006304525616579610,7051051150916731905,0.01575269540870441
7006304525616579610,7182146153348219931,0.01577980971687891
7006304525616579610,7196069191677543425,0.015803898594544116
7006304525616579610,7238631407236580358,0.013702732658033555
7006304525616579610,7367299781642208262,0.02015718017193573
7006304525616579610,7370877163489444869,0.014856487445687605
7006304525616579610,7371052403481969670,0.015594351847360579
7006304525616579610,7542789080502682641,0.015525215952450815
7007000291115598850,7322939222875325442,0.015287785744566287
7007000291115598850,7404745909576664070,0.016480674060176722
7007000291115598850,7478865824552420372,0.01613188201899389
7007000291115598850,7523245655259759624,0.015336964888697043
7007000291115598850,7546553409273627653,0.015748402008249483
7007000291115598850,7576621338477184018,0.016318719579210942
7010662492184495131,7032227302164448283,0.03683228082690598
7010662492184495131,7056589938901664769,0.014912521653694352
7010662492184495131,7056720636374385691,0.014956810017578571
7010662492184495131,7058797886825792518,0.01659855421790942
7010662492184495131,7078619125920564226,0.0773977049659243
7010662492184495131,7323951027022283777,0.014745661209962931
7010662492184495131,7566446773142979591,0.014862998020170402
7010662492184495131,7572718529432126480,0.014863159132810893
7011714332183741467,7060028465760486402,0.016461940600883167
7011714332183741467,7075674626739536898,0.013847731171660084
7011714332183741467,7077992421984797722,0.059067518260639613
7011714332183741467,7311554831675458565,0.024940991243614725
7011714332183741467,7353257468749988869,0.059067518260639613
7011714332183741467,7421159900989047814,0.040646057517873556
7011714332183741467,7448914803424510994,0.039509568535034824
7011714332183741467,7488005359321629703,0.0843310283128711
7011714332183741467,7499493589689779218,0.01452508557761871
7012228858045465601,7024101314976498690,0.014670724084477303
7012228858045465601,7047408056128914434,0.014850004038772714
7012228858045465601,7455150278313755655,0.014812480608070597
7012228858045465601,7518436263998063623,0.014785314549618768
7012403129132663810,7049621725458105346,0.014615372474855459
7012403129132663810,7078619125920564226,0.014991195517303869
7012403129132663810,7174653124672898049,0.01505113727849874
7012403129132663810,7264489075083461633,0.028639426154244103
7012403129132663810,7265249858515158022,0.019976454158835606
7012403129132663810,7355012714336912390,0.018373311607941246
7012403129132663810,7640716169255715857,0.01575946309818452
7012403129132663810,7642911089734927378,0.014927874505621153
7012854598687966235,7014057563453752325,0.03820797981126584
7012854598687966235,7045303752488469506,0.053288863219242595
7012854598687966235,7096479885301138458,0.015549747853147182
7012854598687966235,7139827943400326149,0.03405849346856264
7012854598687966235,7177602177161561114,0.021279021509022368
7012854598687966235,7327004404379370501,0.053288863219242595
7012854598687966235,7490286723617670162,0.01732290159347109
7012854598687966235,7545673249791706113,0.01732290159347109
7012854598687966235,7547223971999417351,0.01732290159347109
7012854598687966235,7566446773142979591,0.015375449640967915
7012854598687966235,7631155532019663879,0.12548671869923284
7014057563453752325,7022223240064025601,0.02001085869754961
7014057563453752325,7039129332460274714,0.017674154036381853
7014057563453752325,7045303752488469506,0.13420935807218082
7014057563453752325,7053697914639533083,0.018313736726090216
7014057563453752325,7056589938901664769,0.04972184480306571
7014057563453752325,7096479885301138458,0.03425655276915036
7014057563453752325,7096897188358456322,0.017177002028177013
7014057563453752325,7124524290486535170,0.01961548218172726
7014057563453752325,7127610987100308481,0.03775424687476699
7014057563453752325,7139827943400326149,0.037740269562891775
7014057563453752325,7144680901561107483,0.025361135112071886
7014057563453752325,7177602177161561114,0.0535917571628508
7014057563453752325,7193229205185250330,0.020605687345793215
7014057563453752325,7198497671228834818,0.014991633614518982
7014057563453752325,7207116376669438978,0.03847793882397269
7014057563453752325,7237187612749874182,0.03775424687476699
7014057563453752325,7254140507394245638,0.039415858800251745
7014057563453752325,7260730044916745221,0.03775424687476699
7014057563453752325,7313018902039839746,0.019736755939883877
7014057563453752325,7327004404379370501,0.13420935807218082
7014057563453752325,7446786283143169041,0.0182227914940669
7014057563453752325,7453528540971172870,0.03775424687476699
7014057563453752325,7456307417581437958,0.01931482746809983
7014057563453752325,7459425028325852176,0.015864301249007427
7014057563453752325,7476128992287441937,0.020326237131447426
7014057563453752325,7490286723617670162,0.04362816848319996
7014057563453752325,7507877861438964754,0.02673851261791944
7014057563453752325,7544921032646804487,0.01956064589123855
7014057563453752325,7545673249791706113,0.04362816848319996
7014057563453752325,7547223971999417351,0.04362816848319996
7014057563453752325,7566446773142979591,0.01486727809446493
7014057563453752325,7584050819944596487,0.024070717852030056
7014057563453752325,7627890544752886791,0.06519424819832889
7014057563453752325,7629938843277640725,0.01980054848219603
7014057563453752325,7631155532019663879,0.0384567634443967
7014057563453752325,7640716169255715857,0.01876173747980863
7016971336972452891,7045303752488469506,0.030864383485309572
7016971336972452891,7052273815992304641,0.01596375650795464
7016971336972452891,7060924497801593882,0.01601627709945638
7016971336972452891,7177726893490603034,0.01731937703156404
7016971336972452891,7284988452844078087,0.02871774932899561
7016971336972452891,7327004404379370501,0.030864383485309572
7016971336972452891,7599311463005832209,0.01606851259476528
7016976235000710170,7022223240064025601,0.014952864806921868
7016976235000710170,7076416253577790465,0.014929194084518031
7016976235000710170,7143935053655131163,0.02184335642996228
7016976235000710170,7170102652008580098,0.016824510110317336
7016976235000710170,7233640485796660225,0.015246436482933027
7016976235000710170,7361451922681119749,0.014926346656732922
7016976235000710170,7444920523094967314,0.027469936148777272
7016976235000710170,7501201778134893584,0.01500663125715761
7016976235000710170,7506867441839244344,0.014965252118193712
7016976235000710170,7629259435181491218,0.015150256855145774
7017368046475068418,70729628102,0.02001898945317308
7017368046475068418,7096897188358456322,0.0199301999099253
7017368046475068418,7099686562410054682,0.015411757755210975
7017368046475068418,7102360937428108314,0.019641089504416277
7017368046475068418,7136425984111002625,0.01541630123385837
7017368046475068418,7183388245819507738,0.01550323330888864
7017368046475068418,7319919338914857990,0.015299928479991965
7017368046475068418,73466833727,0.015441152196382427
7017368046475068418,7445226957769507895,0.01517076128052684
7017368046475068418,7476795457228145681,0.015393539293205073
7017368046475068418,7481556266751230977,0.015676547178930893
7020605956485940251,7089701400901600283,0.03342293951053057
7020605956485940251,7214120131030975514,0.015596414055718877
7020605956485940251,7311554831675458565,0.016274362717637676
7020605956485940251,7367247089417896965,0.016396568684293705
7020605956485940251,7383901183393448966,0.015911319147313172
7020605956485940251,7448255517355164673,0.01757231940385576
7020605956485940251,7453528540971172870,0.016069631945554594
7020605956485940251,7493882569899394065,0.015435269184639555
7020605956485940251,7585530131923682324,0.016473263526983816
7020605956485940251,7653816056004543508,0.016484592936801983
7022043784491222018,7086761864990589954,0.027246683332737286
7022043784491222018,7192220822001746970,0.03670805568985895
7022043784491222018,7205917572523803649,0.028889340639519333
7022043784491222018,7322146719038014469,0.015574370289301616
7022043784491222018,7344283645127885830,0.015917541876672246
7022043784491222018,7372140179509216261,0.01706476937988075
7022043784491222018,7488350271514821639,0.027584551931678955
7022043784491222018,7497789201774920725,0.02479796440194624
7022043784491222018,7505361348164092936,0.01619764206309953
7022043784491222018,7626262691652420629,0.018679328623579003
7022223240064025601,7025843669941208090,0.016076686109242223
7022223240064025601,7045303752488469506,0.036190699906078004
7022223240064025601,7064593869828932614,0.015656266968219028
7022223240064025601,7076416253577790465,0.01596722682772389
7022223240064025601,7327004404379370501,0.036190699906078004
7022223240064025601,7520091064683021319,0.02752136947678553
7022223240064025601,7627890544752886791,0.017580185957518216
7022223240064025601,7629259435181491218,0.016435038385005034
7024101314976498690,7058993133036782618,0.025358605847719255
7024101314976498690,7060374955943003137,0.014180283418010666
7024101314976498690,7064593869828932614,0.01555586130145711
7024101314976498690,70836239101,0.01520206733270606
7024101314976498690,7169932462054196250,0.01504586757657374
7024101314976498690,7196128414859936794,0.015531035691125699
7024101314976498690,7309331808796460037,0.015527351558342136
7024101314976498690,7319387104206259206,0.015042026453726674
7024101314976498690,7319472514870084614,0.022462143021996072
7024101314976498690,7322149836118082565,0.0187199350576026
7024101314976498690,7457809067773297681,0.015081364950700737
7024101314976498690,7482314927051932679,0.015151678697592664
7024101314976498690,7546926530825077778,0.021448765420098968
7024874583044637697,7049621725458105346,0.014699288556858972
7024874583044637697,7077082709159904282,0.014841228693942006
7024874583044637697,7129411596997067778,0.019126766898677223
7024874583044637697,7135823212835259393,0.0148449941839646
7024874583044637697,7150267271930446853,0.014575332307505864
7024874583044637697,7267937623179576325,0.014292941976697475
7024874583044637697,7627890544752886791,0.015322181488600354
7024874583044637697,7642911089734927378,0.019050729188727925
7025256146383324187,7054799740815311899,0.014686539888187787
7025256146383324187,7072731690099852289,0.014797279342297635
7025256146383324187,7127610987100308481,0.014924603174277148
7025256146383324187,7195479055549924378,0.015023655668589875
7025256146383324187,7255353916123612165,0.014837969562542986
7025256146383324187,7300287082403218437,0.014680498765160506
7025256146383324187,7305650093284197382,0.014734657787297885
7025256146383324187,7338600730439353346,0.014645797561100835
7025256146383324187,7602458307672884225,0.015299481288443516
7025256146383324187,7639298353755030529,0.014672226948565716
7025843669941208090,7040064114538382337,0.0509779493970327
7025843669941208090,7064593869828932614,0.015533747891895582
7025843669941208090,7076416253577790465,0.015762227549257764
7025843669941208090,7358103277785891846,0.036045549498195606
7025843669941208090,7455281387647304705,0.01842544983173357
7025843669941208090,7495411659411948599,0.02469390873746708
7025843669941208090,7602605744538141716,0.020925491412041367
7025843669941208090,7629259435181491218,0.016220607920405264
7027245586970723355,7027699921625777153,0.015470693047531481
7027245586970723355,70836239101,0.03649845062159757
7027245586970723355,7163041914702775297,0.015787316840968894
7027245586970723355,7336152171828904965,0.027915743585428737
7027245586970723355,7345041413702272001,0.01581610690898009
7027245586970723355,7547223971999417351,0.01582310317278244
7027245586970723355,7581801127412319248,0.01562583390831399
7027245586970723355,7608910206895195157,0.017122357167852514
7027245586970723355,7628866672606708757,0.015294576929068415
7027699921625777153,7135823212835259393,0.017352303351593164
7027699921625777153,7163041914702775297,0.015360143764853847
7027699921625777153,7267057918439506950,0.029555743923009928
7027699921625777153,7283325250002830342,0.015891107758874267
7027699921625777153,7336152171828904965,0.016045318801820006
7027699921625777153,7345041413702272001,0.015329546461475371
7027699921625777153,7482314927051932679,0.01772124971411454
7027699921625777153,7533017467783808007,0.01551911870472335
7027699921625777153,7546553409273627653,0.08832867528929784
7027699921625777153,7592061582878065685,0.0380056865854521
7027699921625777153,7628866672606708757,0.015874423582878022
7029208338990875674,7049429937271440385,0.014038658259117065
7029208338990875674,7077992421984797722,0.01638087816102317
7029208338990875674,7153854260416955418,0.014565226872915575
7029208338990875674,7336845122908406789,0.014929068303856943
7029208338990875674,7345372771347792902,0.014440326285476065
7029208338990875674,7617823686238143508,0.015255133346045429
7029208338990875674,7650741089351484436,0.01604158769505145
7032227302164448283,7098020878919943170,0.015726910575907527
7032227302164448283,7177726893490603034,0.024557373531355228
7032227302164448283,7264489075083461633,0.01569618857914099
7032227302164448283,7627890544752886791,0.018256018675251798
7032542326535341083,7254140507394245638,0.016818560629714235
7032542326535341083,7348055396504044550,0.015494229391114094
7032542326535341083,7526895629398737928,0.015329639542157436
7032542326535341083,7569967093475968008,0.015416409090168568
7032542326535341083,7627890544752886791,0.027818077530388084
7032542326535341083,7652707278761018388,0.015242325165998
7035968949859959835,7205917572523803649,0.014744548112426507
7035968949859959835,7216684653520339994,0.014729023467408986
7035968949859959835,7331684378399196166,0.014883482255488929
7035968949859959835,7495411659411948599,0.015049038103897334
7035968949859959835,7627890544752886791,0.024153526895947963
7035968949859959835,93013606744592384,0.014693996040239694
7036175301264753669,7137364417810252826,0.016160319769432635
7036175301264753669,7150266661496472582,0.0161332868356483
7036175301264753669,7233267845730976769,0.015478312054199347
7036175301264753669,7311554831675458565,0.016141879411783272
7036175301264753669,7321759691690951685,0.01580163569551068
7036175301264753669,7367299781642208262,0.015566417860623226
7036175301264753669,7400357743557297157,0.015592239891489038
7036175301264753669,7488350271514821639,0.019118950614480306
7036175301264753669,7606263940389946389,0.01601899334763067
7036175301264753669,7627263245217350674,0.015770523481677966
7039129332460274714,7045303752488469506,0.03950727644537938
7039129332460274714,7049429937271440385,0.01471069462765297
7039129332460274714,7056720636374385691,0.015252023151707827
7039129332460274714,7076404041312404482,0.015141650151135989
7039129332460274714,7077992421984797722,0.022369910447144273
7039129332460274714,7096479885301138458,0.04186035364264479
7039129332460274714,7140728189923607558,0.014690782161421855
7039129332460274714,7164308860937126914,0.016900346117806494
7039129332460274714,7327004404379370501,0.03950727644537938
7039129332460274714,7353257468749988869,0.022369910447144273
7039129332460274714,7421159900989047814,0.025655630863316525
7039129332460274714,7488005359321629703,0.053229411776714544
7039129332460274714,7512754059523769352,0.01646510315444145
7039129332460274714,7629938843277640725,0.0155680983621935
7039368916711457819,7058797886825792518,0.015804978357086514
7039368916711457819,7066706295660151835,0.016253568975022545
7039368916711457819,7097167337245525019,0.015652151820879305
7039368916711457819,7104942140773450754,0.015516026978663958
7039368916711457819,7491833609532605441,0.016165914582329906
7039368916711457819,7523217404127364112,0.016048207785127968
7039368916711457819,7565406894694269953,0.015223863220826868
7039368916711457819,7568781196831409172,0.016208154668385294
7039368916711457819,7643821011835061269,0.019578870401904997
7040064114538382337,7196128414859936794,0.015587041790134138
7040064114538382337,7257262932941259782,0.02966820796363392
7040064114538382337,7309331808796460037,0.015691127216512675
7040064114538382337,7316445862590301189,0.033105182080764184
7040064114538382337,7317979152307454981,0.016151231405734996
7040064114538382337,7495411659411948599,0.021104621968237668
7040064114538382337,81308061605,0.016199539781928247
7040064114538382337,95775519061,0.015470197105504908
7041167510071526405,7080283755537499137,0.01569894808663689
7041167510071526405,7091443935339791362,0.015661198275684483
7041167510071526405,7144680901561107483,0.01592239929608374
7041167510071526405,7231031844086088705,0.016744140003446716
7041167510071526405,7274849324386223109,0.01574462141626565
7041167510071526405,7316163220909196294,0.0158987057544273
7041167510071526405,7319472514870084614,0.025903953864181147
7041167510071526405,7355866766130152464,0.01568695847652454
7041167510071526405,7477500974065042449,0.015928465558016473
7044020860574942210,7051051150916731905,0.015290396485746082
7044020860574942210,7182146153348219931,0.015194241515569144
7044020860574942210,7196069191677543425,0.015212359901987538
7044020860574942210,7344283645127885830,0.01833609881261076
7044020860574942210,7370877163489444869,0.014254231991743175
7044020860574942210,7371052403481969670,0.015672726707210177
7044020860574942210,7522349223884719105,0.01770187652239877
7044020860574942210,7542789080502682641,0.015749660855762463
7045303752488469506,7053697914639533083,0.04093694431406343
7045303752488469506,7056589938901664769,0.0788749552847187
7045303752488469506,7077082709159904282,0.03915355769607575
7045303752488469506,7084862600232731674,0.033045788794744436
7045303752488469506,7091443935339791362,0.033163564445285766
7045303752488469506,7096479885301138458,0.04304226554865739
7045303752488469506,7096897188358456322,0.03839598581256644
7045303752488469506,7124524290486535170,0.04384675360233287
7045303752488469506,7127610987100308481,0.08439258055566119
7045303752488469506,7139827943400326149,0.04214462223431429
7045303752488469506,7144680901561107483,0.0566900895951654
7045303752488469506,7157712033605370881,0.025152702722136742
7045303752488469506,7177602177161561114,0.1197943822979049
7045303752488469506,7193229205185250330,0.037266479083248365
7045303752488469506,7196128414859936794,0.015580829467736399
7045303752488469506,7198497671228834818,0.033511002130990314
7045303752488469506,7203897797036459035,0.023722444625243182
7045303752488469506,7207116376669438978,0.08601025899388862
7045303752488469506,7237187612749874182,0.08439258055566119
7045303752488469506,7260730044916745221,0.08439258055566119
7045303752488469506,7270110578827150342,0.026528314241457036
7045303752488469506,7286348668494988294,0.044314378978132486
7045303752488469506,7313018902039839746,0.035694970522544674
7045303752488469506,7326825435546174471,0.028738904505672826
7045303752488469506,7327004404379370501,0.5
7045303752488469506,7355012714336912390,0.019550584629805034
7045303752488469506,7359896669410853893,0.020837593860465756
7045303752488469506,7446786283143169041,0.040733653202333936
7045303752488469506,7453528540971172870,0.08439258055566119
7045303752488469506,7456307417581437958,0.043174696039553095
7045303752488469506,7459425028325852176,0.035461687940885424
7045303752488469506,7476128992287441937,0.045435513789989626
7045303752488469506,7490286723617670162,0.16253772877646783
7045303752488469506,7491832625380934672,0.020190278317299023
7045303752488469506,7501201778134893584,0.03693928583704477
7045303752488469506,7507877861438964754,0.05976896023198068
7045303752488469506,7515323874088748050,0.016058363907465588
7045303752488469506,7530213210042729490,0.016415353150416374
7045303752488469506,7544921032646804487,0.05949482473378704
7045303752488469506,7545673249791706113,0.09752263726588069
7045303752488469506,7547223971999417351,0.09752263726588069
7045303752488469506,7566639233809695765,0.03206421976699905
7045303752488469506,7584050819944596487,0.053805602376290965
7045303752488469506,7608910206895195157,0.016438411216459097
7045303752488469506,7629259435181491218,0.03381583196025071
7045303752488469506,7629938843277640725,0.03581034272070765
7045303752488469506,7631155532019663879,0.05368918744618698
7045303752488469506,7640716169255715857,0.0419383664804912
7045303752488469506,7650741089351484436,0.015918938931654324
7045303752488469506,95775519061,0.015424346136827426
7045814535378863130,7119475270255870977,0.014890749647493238
7045814535378863130,7157712033605370881,0.015268302446074274
7045814535378863130,7406972070422119441,0.014832365669631295
7045814535378863130,7483938801250042888,0.015207109332281891
7046489917002564609,7075674626739536898,0.01697122317184205
7046489917002564609,7154310477883032578,0.016985323492856228
7046489917002564609,7192449099722916869,0.0305943155879493
7046489917002564609,7207116376669438978,0.015613954904413172
7046489917002564609,7641155549304505352,0.01674349220748646
7046489917002564609,7650649289911452693,0.015694945148797466
7047332169534063617,7075674626739536898,0.021425830220628442
7047332169534063617,7124524290486535170,0.034185174662532215
7047332169534063617,7141082435111142402,0.03363042640670434
7047332169534063617,7248186267946959873,0.016110987497650303
7047332169534063617,7317979152307454981,0.026777594666821825
7047332169534063617,7322146719038014469,0.01582386833216804
7047332169534063617,7404745909576664070,0.019284446130352986
7047332169534063617,7643821011835061269,0.016515198799207157
7047332169534063617,7649746214976537620,0.01605098513024822
7047408056128914434,7060374955943003137,0.014238688635932827
7047408056128914434,7136425984111002625,0.021523087251573727
7047408056128914434,7140728189923607558,0.014801520610240891
7047408056128914434,7144565544971797531,0.021623746441942725
7047408056128914434,7182146153348219931,0.036211020691177646
7047408056128914434,7264489075083461633,0.020436919150633465
7047408056128914434,7265249858515158022,0.025403841725150103
7047408056128914434,7276081914455933957,0.08269601663987376
7047408056128914434,7455150278313755655,0.015326780341203057
7047408056128914434,7479292129044612104,0.04199905864144935
7047408056128914434,7542789080502682641,0.02906609315062325
7047408056128914434,7568781196831409172,0.019455166256322067
7047408056128914434,7592121729054213121,0.019649259956716368
7049429937271440385,7076404041312404482,0.014688987772574737
7049429937271440385,7336845122908406789,0.013978152537959294
7049429937271440385,7345372771347792902,0.014722322823467797
7049429937271440385,7592061582878065685,0.014556663745765891
7049429937271440385,7617823686238143508,0.014608894731857856
7049555900038759426,7053697914639533083,0.01545786655848996
7049555900038759426,7080283755537499137,0.021432397905156525
7049555900038759426,7102360937428108314,0.016267896605825387
7049555900038759426,7106791086807614491,0.015767432884011088
7049555900038759426,7188777124807181314,0.016223666590761375
7049555900038759426,7257089825308165126,0.020142116330630646
7049555900038759426,7274849324386223109,0.01875838568377172
7049555900038759426,7278599252681622533,0.03828549874646339
7049555900038759426,7313018902039839746,0.01614334405919884
7049555900038759426,7331684378399196166,0.019203164142719203
7049555900038759426,7456307417581437958,0.016294241299701154
7049555900038759426,7496951292298249223,0.016126677289513253
7049555900038759426,7641515667149145109,0.025493432003207372
7049621725458105346,7052126774599140379,0.014519869755679688
7049621725458105346,7105261059741565979,0.015128646436175938
7049621725458105346,7150267271930446853,0.015205884372614484
7049621725458105346,7267937623179576325,0.014594094888796042
7049621725458105346,7423293361527014405,0.014574619825662497
7050182429319627803,7051051150916731905,0.028246371211941776
7050182429319627803,7100750102336177154,0.015384755894919935
7050182429319627803,7336152171828904965,0.03309113896351017
7050182429319627803,7343513808779904005,0.06076865549293495
7050182429319627803,7377398977324647430,0.128925198885313
7050182429319627803,7497789201774920725,0.0202202167641751
7050182429319627803,7501201778134893584,0.03461676147309047
7050182429319627803,7522355226557662225,0.04730969857314172
7050182429319627803,7627890544752886791,0.043110072636253244
7051051150916731905,7060924497801593882,0.021331176472313963
7051051150916731905,7238631407236580358,0.01363835965683983
7051051150916731905,7323833518098056198,0.01784557452262389
7051051150916731905,7336152171828904965,0.023317531448293977
7051051150916731905,7343513808779904005,0.04282037669025421
7051051150916731905,7369653419626202117,0.029620147068001795
7051051150916731905,7370877163489444869,0.014793461228601744
7051051150916731905,7501201778134893584,0.02446910369155603
7051051150916731905,7522355226557662225,0.03333657948446522
7051051150916731905,7577673427314541589,0.01768171911803374
7052126774599140379,7077082709159904282,0.01481111738163393
7052126774599140379,7078619125920564226,0.014889090492150451
7052126774599140379,7135823212835259393,0.014814856457520903
7052126774599140379,7157712033605370881,0.01490587802982634
7052126774599140379,7174653124672898049,0.01494867818881715
7052126774599140379,7642911089734927378,0.014828269247510266
7052273815992304641,7060924497801593882,0.015860835604765106
7052273815992304641,7089701400901600283,0.015679465431987415
7052273815992304641,7213282682464814107,0.05958988275283572
7052273815992304641,7284988452844078087,0.015867654206415085
7052273815992304641,7477085819511178248,0.024092657840230583
7052273815992304641,7599311463005832209,0.015778404230637547
7052273815992304641,7627890544752886791,0.022053737114254447
7053697914639533083,7102360937428108314,0.015428485203193504
7053697914639533083,7106791086807614491,0.0350850777441052
7053697914639533083,7177602177161561114,0.016346719857556532
7053697914639533083,7188777124807181314,0.015395395893370478
7053697914639533083,7313018902039839746,0.030468981017764525
7053697914639533083,7327004404379370501,0.04093694431406343
7053697914639533083,7456307417581437958,0.01545401362295059
7053697914639533083,7496951292298249223,0.015301719680524847
7054007488706429979,7060028465760486402,0.028965509763978114
7054007488706429979,7060924497801593882,0.03528740841340127
7054007488706429979,7080283755537499137,0.02115409858827297
7054007488706429979,7091908720364061723,0.038005034755524476
7054007488706429979,7141082435111142402,0.01586065744192059
7054007488706429979,7148170160443048961,0.022632480165538447
7054007488706429979,7238588875538793480,0.03933924800954643
7054007488706429979,7248186267946959873,0.016154200988156286
7054007488706429979,7321759691690951685,0.015525787347262367
7054007488706429979,7322146719038014469,0.015594072668261716
7054007488706429979,7333255393327449094,0.047536945682492365
7054007488706429979,7553154672204088340,0.024886924213883308
7054007488706429979,7627263245217350674,0.015558773144263828
7054007488706429979,7649746214976537620,0.015827259567074703
7054007488706429979,7650649289911452693,0.04408808530644174
7054799740815311899,7132780297389507585,0.016007879988451074
7054799740815311899,7182583625258632193,0.015655073042076407
7054799740815311899,7213282682464814107,0.015491706425361403
7054799740815311899,7313053731345220614,0.022951255041572156
7054799740815311899,7338600730439353346,0.01566672555892366
7054799740815311899,7369653419626202117,0.0182020589038733
7054799740815311899,7546926530825077778,0.015735633117867045
7054799740815311899,7565637171480052737,0.03452748763752872
7054799740815311899,7575529166674773008,0.01515825554006353
7054799740815311899,7607445622497264647,0.016269154449636624
7054799740815311899,7639298353755030529,0.06400220701653764
7056589938901664769,7056720636374385691,0.015378353146270125
7056589938901664769,7086761864990589954,0.020943453796435745
7056589938901664769,7174653124672898049,0.03112334686288887
7056589938901664769,7177602177161561114,0.03149592182369249
7056589938901664769,7186497865421161499,0.020352314921424308
7056589938901664769,7222475408116515866,0.014909610154717057
7056589938901664769,7323951027022283777,0.015536689434171002
7056589938901664769,7327004404379370501,0.0788749552847187
7056589938901664769,7476128992287441937,0.05591786862261151
7056589938901664769,7507877861438964754,0.12259693600802979
7056589938901664769,7531066706552275986,0.02342992517179083
7056589938901664769,7545673249791706113,0.025640312178647276
7056589938901664769,7572718529432126480,0.015211849671709868
7056589938901664769,7591058387967886348,0.008453597839426471
7056589938901664769,7653816056004543508,0.027990860682592492
7056720636374385691,7077264630486516762,0.016956723011238718
7056720636374385691,7096479885301138458,0.016616727087165693
7056720636374385691,7100750102336177154,0.02045980903329211
7056720636374385691,7164308860937126914,0.018878426879609476
7056720636374385691,7222475408116515866,0.014953925171429398
7056720636374385691,7323951027022283777,0.01520753300492506
7056720636374385691,7333255393327449094,0.017168181933216318
7056720636374385691,7529488293902566407,0.014478624663830996
7056720636374385691,7572718529432126480,0.01525417922921778
7056720636374385691,7591058387967886348,0.00814733474044488
7056720636374385691,7604788544276333586,0.016256759336968574
7057223811220997147,7155463663934489601,0.021718947237237256
7057223811220997147,7209646992757638170,0.015994578821524476
7057223811220997147,7327004404379370501,0.01596891579247948
7057223811220997147,7333255393327449094,0.016320903339391495
7057223811220997147,7400503260173730822,0.01595520879926518
7057223811220997147,7453778116689118215,0.016857948321145948
7057223811220997147,7583691841695859720,0.016496008172988262
7057223811220997147,7627890544752886791,0.016721795349573545
7058797886825792518,7066706295660151835,0.01581488127072497
7058797886825792518,7086761864990589954,0.015479800501905339
7058797886825792518,7097167337245525019,0.015431322177255557
7058797886825792518,7206554298104415258,0.015616977823281145
7058797886825792518,7311615611494614021,0.015220687278305892
7058797886825792518,7491833609532605441,0.01570795403056554
7058797886825792518,7523217404127364112,0.015597493290319547
7058797886825792518,7565406894694269953,0.015016887535172666
7058797886825792518,7568781196831409172,0.015749336991976597
7058993133036782618,7353257468749988869,0.016025087999691566
7058993133036782618,7531066706552275986,0.01629653607918878
7058993133036782618,7546926530825077778,0.017888486176617494
7060028465760486402,7077992421984797722,0.024610898400117754
7060028465760486402,7113527717450810370,0.04185553698945363
7060028465760486402,7195479055549924378,0.02629671561097829
7060028465760486402,7311554831675458565,0.017319733404810387
7060028465760486402,7353257468749988869,0.024610898400117754
7060028465760486402,7362078617574441989,0.016373438663713352
7060028465760486402,7421159900989047814,0.028225777928789757
7060028465760486402,7423293361527014405,0.03739507243742491
7060028465760486402,7448914803424510994,0.016461940600883167
7060028465760486402,7481889367460938759,0.020803772675292962
7060028465760486402,7488005359321629703,0.0585618636350862
7060028465760486402,7545554271439078416,0.016300819935823822
7060374955943003137,7207116376669438978,0.0187079604322497
7060374955943003137,7313053731345220614,0.01938903323121126
7060374955943003137,7455150278313755655,0.01419128013969502
7060374955943003137,7482314927051932679,0.014163378951993119
7060374955943003137,7518436263998063623,0.014165078981126338
7060924497801593882,7369653419626202117,0.03929472546172374
7060924497801593882,7577673427314541589,0.018725507176934768
7060924497801593882,7599311463005832209,0.030623426349159585
7060924497801593882,7607445622497264647,0.0424178575875065
7060924497801593882,7627890544752886791,0.01675997020747144
7063506594294924289,7151777693745841157,0.015050508333203389
7063506594294924289,7231559211711382529,0.016590065926737205
7063506594294924289,7278224508979872786,0.016463146107007793
7063506594294924289,7516118321939727361,0.0163321773573814
7064593869828932614,7076416253577790465,0.03030942482171882
7064593869828932614,7136425984111002625,0.01778144834532082
7064593869828932614,7225233704317715482,0.015422700015332478
7064593869828932614,7604788544276333586,0.015342078148436413
7064593869828932614,7629259435181491218,0.01579288547481442
7066706295660151835,7097167337245525019,0.015661966768904627
7066706295660151835,7104942140773450754,0.015505596181443294
7066706295660151835,7177602177161561114,0.015365237901089485
7066706295660151835,7491833609532605441,0.016154571668200845
7066706295660151835,7523217404127364112,0.016036992658620856
7066706295660151835,7565406894694269953,0.01523344909247739
7066706295660151835,7568781196831409172,0.016196811516009976
7072731690099852289,7121711391148819482,0.014816294830531493
7072731690099852289,7254140507394245638,0.025570259114617626
7072731690099852289,7305650093284197382,0.01599125335233358
7072731690099852289,7336113798451840018,0.015222403823255926
7072731690099852289,7355093638134744070,0.014144505210886114
7072731690099852289,7398639237263229958,0.014227988769346524
7072731690099852289,7481889367460938759,0.014268628362918544
7072731690099852289,7602458307672884225,0.015475485309084698
7072731690099852289,7627890544752886791,0.042293479577903186
70729628102,7088963677072950274,0.01622954573179194
70729628102,7102360937428108314,0.017346897838437052
70729628102,7164308860937126914,0.01636081422818844
70729628102,7455281387647304705,0.016360145362142024
70729628102,7501664443560084488,0.016233105698276667
70729628102,7521728838495011848,0.023369310007657223
70729628102,7546926530825077778,0.016237854105377085
70729628102,7627890544752886791,0.01873452993649815
7075674626739536898,7076404041312404482,0.017681351661353456
7075674626739536898,7154310477883032578,0.01629793572256799
7075674626739536898,7192449099722916869,0.015322274725269279
7075674626739536898,7207116376669438978,0.014916866892376755
7075674626739536898,7254140507394245638,0.013931549244923392
7075674626739536898,7388498135749903365,0.012617186747733053
7075674626739536898,7627890544752886791,0.02304293010241289
7075674626739536898,7641155549304505352,0.016054221562666116
7075674626739536898,7650649289911452693,0.014887067649869589
7076404041312404482,7355093638134744070,0.01627452368075624
7076404041312404482,7592061582878065685,0.014983516787888099
7076404041312404482,7599093536964871189,0.023573777459709025
7076416253577790465,7151061694003921947,0.015097203389806028
7076416253577790465,7488350271514821639,0.015368383841738694
7076416253577790465,7501201778134893584,0.015848069111873832
7076416253577790465,7520091064683021319,0.032385517873033634
7076416253577790465,7604788544276333586,0.015336743326323746
7076416253577790465,7629259435181491218,0.016186390683527816
7077082709159904282,7078619125920564226,0.015685575220120297
7077082709159904282,7142783450839401473,0.06905735447100772
7077082709159904282,7174653124672898049,0.015747721597338525
7077082709159904282,7192960927724127233,0.04828994748261154
7077082709159904282,7267937623179576325,0.014740717115030666
7077082709159904282,7327004404379370501,0.03915355769607575
7077082709159904282,7459425028325852176,0.022092556985887406
7077082709159904282,7501201778134893584,0.13716253396999756
7077082709159904282,7604788544276333586,0.02257088527172656
7077264630486516762,7088963677072950274,0.030281000920583723
7077264630486516762,7216684653520339994,0.01546296903598449
7077264630486516762,7254140507394245638,0.01643596736146827
7077264630486516762,7325664758940943366,0.015512360784670247
7077264630486516762,7333255393327449094,0.021771286266386528
7077264630486516762,7354443424308167685,0.01564278321463932
7077264630486516762,7384818817710916613,0.018237664683644482
7077264630486516762,7444920523094967314,0.015755565072217887
7077264630486516762,7607445622497264647,0.018077918917115864
7077264630486516762,7627890544752886791,0.027185264209855335
7077264630486516762,95653080293068800,0.015498162652272178
7077992421984797722,7153854260416955418,0.01469298157452711
7077992421984797722,7311554831675458565,0.03728723219071131
7077992421984797722,7353257468749988869,0.08830700619717406
7077992421984797722,7388498135749903365,0.012716318696832318
7077992421984797722,7421159900989047814,0.060766589808012146
7077992421984797722,7448914803424510994,0.059067518260639613
7077992421984797722,7488005359321629703,0.12607640982948132
7077992421984797722,7617823686238143508,0.015150996973345252
7077992421984797722,7650741089351484436,0.0161701631886826
7078619125920564226,7135823212835259393,0.015681000232342847
7078619125920564226,7174653124672898049,0.016220938381263796
7078619125920564226,7642911089734927378,0.015665779662615797
7080283755537499137,7177726893490603034,0.019434151574731145
7080283755537499137,7231031844086088705,0.015684203394926325
7080283755537499137,7238588875538793480,0.018977260165498947
7080283755537499137,7316163220909196294,0.015548204206563627
7080283755537499137,7333255393327449094,0.02293183096613673
7080283755537499137,7448255517355164673,0.02370611884585643
7080283755537499137,7477500974065042449,0.015521262835636606
7080283755537499137,7650649289911452693,0.02126810011355636
7081966595417244674,7094307669989819418,0.017523111186522597
7081966595417244674,7198497671228834818,0.014956342775360565
7081966595417244674,7322149836118082565,0.03933258472234447
7081966595417244674,7379787571319522310,0.01689226809075931
7081966595417244674,7420280666741621765,0.014919049275373474
7081966595417244674,7457809067773297681,0.03635698404994552
7081966595417244674,7501201778134893584,0.020429584912324966
7081966595417244674,7581801127412319248,0.016844411845594435
7081966595417244674,7642911089734927378,0.016882490038194625
7081966595417244674,7648650172402435093,0.014631352256166135
7081966595417244674,7654157094572098561,0.015004460648276973
70836239101,7144238456486331418,0.025208975437963868
70836239101,7169932462054196250,0.014842999919023117
70836239101,7319387104206259206,0.014835970447829427
70836239101,7384728630012806150,0.033407771640731006
70836239101,7495411659411948599,0.11452692831247549
70836239101,7550661278433231879,0.09506858897220646
7084186676168508442,7086761864990589954,0.016023300631113218
7084186676168508442,7183388245819507738,0.01611946943647713
7084186676168508442,7206554298104415258,0.016203694083795434
7084186676168508442,7311615611494614021,0.015714900874151227
7084186676168508442,7565406894694269953,0.015422812726332658
7084186676168508442,7627890544752886791,0.017510451493811283
7084862600232731674,7121711391148819482,0.01666393577452082
7084862600232731674,7144680901561107483,0.01910663103744244
7084862600232731674,7327004404379370501,0.033045788794744436
7084862600232731674,7362078617574441989,0.015496203715449264
7084862600232731674,7456307417581437958,0.016771981530317677
7084862600232731674,7628866672606708757,0.01960772065872208
7084862600232731674,7640716169255715857,0.015886090334007966
7086761864990589954,7096068961858765826,0.0163890508427368
7086761864990589954,7174653124672898049,0.027854234436041975
7086761864990589954,7192220822001746970,0.02454982662871807
7086761864990589954,7206554298104415258,0.015710973384879378
7086761864990589954,7214120131030975514,0.027855173909534837
7086761864990589954,7311615611494614021,0.015281642230106876
7086761864990589954,7358103277785891846,0.016696513630834974
7086761864990589954,7565406894694269953,0.015004969597841686
7086761864990589954,7627890544752886791,0.01833372729377843
7086761864990589954,7653816056004543508,0.016356701873618575
7088963677072950274,7164308860937126914,0.016377645486780987
7088963677072950274,7193229205185250330,0.01617418867508615
7088963677072950274,7313053731345220614,0.018512680617282923
7088963677072950274,7455281387647304705,0.016376976667013834
7088963677072950274,7501664443560084488,0.016213215693615127
7088963677072950274,7546926530825077778,0.016239238134907154
7089701400901600283,7135220356252517402,0.024182451798668958
7089701400901600283,7177602177161561114,0.01619621308784753
7089701400901600283,7240814661875057669,0.015608039781508813
7089701400901600283,7253614148146316294,0.015488719945376702
7089701400901600283,7282408479507563526,0.016056778374121373
7089701400901600283,7311554831675458565,0.017228122009770256
7089701400901600283,7329677372679472133,0.019394000563508845
7089701400901600283,7331684378399196166,0.0160862589052178
7089701400901600283,7350473960612905989,0.01560822903531205
7089701400901600283,7365461311374066694,0.01567876640995738
7089701400901600283,7384818817710916613,0.01933872975304011
7089701400901600283,7445331089281270789,0.015458277844809123
7089701400901600283,7448255517355164673,0.018602145468724365
7089701400901600283,7627890544752886791,0.018945895239422327
7091443935339791362,7142783450839401473,0.016034328172576478
7091443935339791362,7231031844086088705,0.015646158081193982
7091443935339791362,7274849324386223109,0.01615609968249641
7091443935339791362,7316163220909196294,0.015509100023323234
7091443935339791362,7327004404379370501,0.033163564445285766
7091443935339791362,7355866766130152464,0.01604347946845857
7091443935339791362,7477085819511178248,0.015561109416971343
7091443935339791362,7477500974065042449,0.015481638599527111
7091443935339791362,7481929553658512439,0.015418898199857953
7091908720364061723,7148170160443048961,0.05032564695987527
7091908720364061723,7154384053285078043,0.026191929522102315
7091908720364061723,7238588875538793480,0.028340307487963498
7091908720364061723,7254140507394245638,0.06050879705990388
7091908720364061723,7333255393327449094,0.034245994162204765
7091908720364061723,7336845122908406789,0.01555636651933201
7091908720364061723,7345041413702272001,0.014835123327518402
7091908720364061723,7553154672204088340,0.01938936528285419
7091908720364061723,7627890544752886791,0.05143256035224097
7091908720364061723,7650649289911452693,0.03176140768722666
7094307669989819418,7151777693745841157,0.015556468771360056
7094307669989819418,7160116207869428738,0.015585074681475514
7094307669989819418,7219631248322511874,0.015770824292043805
7094307669989819418,7267057918439506950,0.016781035534019086
7094307669989819418,7322149836118082565,0.022974246357996702
7094307669989819418,7361451922681119749,0.015840299846059263
7094307669989819418,7506867441839244344,0.01579301303671084
7094307669989819418,7518436263998063623,0.04522221567405319
7094307669989819418,7563951994022413330,0.016745380631321374
7096068961858765826,7177726893490603034,0.0296416035242074
7096068961858765826,7226016778555556890,0.01566350770104002
7096068961858765826,7284988452844078087,0.016490823262067255
7096068961858765826,7326825435546174471,0.015694062075949075
7096068961858765826,7358103277785891846,0.03345860755615965
7096068961858765826,7444920523094967314,0.015912229895021897
7096068961858765826,7507818955039278088,0.01568663031543582
7096068961858765826,7604788544276333586,0.01720933875674317
7096479885301138458,7139827943400326149,0.01562318376012562
7096479885301138458,7164308860937126914,0.01841253690247548
7096479885301138458,7177602177161561114,0.017187405380346014
7096479885301138458,7182583625258632193,0.031097278144326477
7096479885301138458,7305828667954021382,0.025613132356549446
7096479885301138458,7322939222875325442,0.023508803022389644
7096479885301138458,7327004404379370501,0.04304226554865739
7096479885301138458,7358103277785891846,0.016166846496288644
7096479885301138458,7529488293902566407,0.014868124039117473
7096479885301138458,7566446773142979591,0.016083608604865046
7096479885301138458,7604788544276333586,0.01867648511735568
7096897188358456322,7119475270255870977,0.020973446013955874
7096897188358456322,7144680901561107483,0.015467884487280962
7096897188358456322,7225233704317715482,0.016293139468670333
7096897188358456322,7327004404379370501,0.03839598581256644
7096897188358456322,7352412606437704710,0.020973446013955874
7096897188358456322,7473109249481589776,0.018161705280411573
7096897188358456322,7478421096736359430,0.015134009862809874
7096897188358456322,7512994775039083538,0.015098253385662872
7096897188358456322,7520091064683021319,0.016042304535828476
7097167337245525019,7179742607488353306,0.02076734061359929
7097167337245525019,7183388245819507738,0.0355868149925873
7097167337245525019,7206554298104415258,0.015475027887000604
7097167337245525019,7311615611494614021,0.015086051578345618
7097167337245525019,7345372771347792902,0.02337205544097243
7097167337245525019,7406882852758012934,0.017875800764447888
7097167337245525019,7467010964014023688,0.023832636287791857
7097167337245525019,7489802306281440276,0.019610347758552762
7097167337245525019,7523217404127364112,0.026824716073315814
7097167337245525019,7563951994022413330,0.03617473944502342
7097167337245525019,7569967093475968008,0.03780729800281386
7098020878919943170,7264489075083461633,0.016593753144397615
7098020878919943170,7300420401526604806,0.02951142158799365
7098020878919943170,7446786283143169041,0.01607568408525474
7098020878919943170,7515323874088748050,0.01604089077819755
7099686562410054682,7136425984111002625,0.01594803663772591
7099686562410054682,7170102652008580098,0.01511021329193857
7099686562410054682,7319919338914857990,0.015402995003599922
7099686562410054682,73466833727,0.015973288042656755
7099686562410054682,7355012714336912390,0.015562866864423533
7099686562410054682,7359896669410853893,0.02315036490620938
7099686562410054682,7445226957769507895,0.015291095477041158
7099686562410054682,7476795457228145681,0.015918759700315373
7100750102336177154,7254140507394245638,0.023724938183247408
7100750102336177154,7325141798954058758,0.015361621353845686
7100750102336177154,7344283645127885830,0.015651947172158683
7100750102336177154,7627890544752886791,0.03924129920007636
7102360937428108314,7188777124807181314,0.016341146785634968
7102360937428108314,7216684653520339994,0.021835549540175282
7102360937428108314,7286348668494988294,0.06250229974913764
7102360937428108314,7313018902039839746,0.016432297912094416
7102360937428108314,7384818817710916613,0.02265967977210512
7102360937428108314,7456307417581437958,0.016666099464392646
7102360937428108314,7496951292298249223,0.01645210061021478
7104942140773450754,7188777124807181314,0.024775535968241225
7104942140773450754,7317979152307454981,0.015501977511004959
7104942140773450754,7355866766130152464,0.019229658531822957
7104942140773450754,7491833609532605441,0.015618019454969758
7104942140773450754,7523217404127364112,0.015390474575543767
7104942140773450754,7568781196831409172,0.01557558162287106
7104942140773450754,81308061605,0.01545556707877107
7105261059741565979,7150267271930446853,0.014998307363772941
7105261059741565979,7267937623179576325,0.014545181011126031
7105261059741565979,7305650093284197382,0.061911791531252106
7105261059741565979,7371052403481969670,0.024713977460623204
7105261059741565979,7515323874088748050,0.023440983245867394
7105261059741565979,7627890544752886791,0.020835784901796533
7106791086807614491,7254140507394245638,0.020069579474910556
7106791086807614491,7278599252681622533,0.015541841617996106
7106791086807614491,7313018902039839746,0.0190795958936858
7106791086807614491,7359896669410853893,0.015664243179937733
7106791086807614491,7627890544752886791,0.03319529715574913
7106791086807614491,7649746214976537620,0.0173377102525579
7108182400240223233,7179742607488353306,0.02313535386519868
7108182400240223233,7193229205185250330,0.016276863688082906
7108182400240223233,7196128414859936794,0.025968040281981252
7108182400240223233,7241559016605746182,0.019027697377373223
7108182400240223233,7313018902039839746,0.02199999763573773
7108182400240223233,7334668853316273157,0.016035647106540197
7108182400240223233,7336845122908406789,0.019919060957024077
7108182400240223233,7372140179509216261,0.023314819633917242
7108182400240223233,7481214404483417096,0.01845836931215812
7108182400240223233,7496951292298249223,0.031108036209887786
7108182400240223233,7499493589689779218,0.022251584735771202
7108182400240223233,7501664443560084488,0.016613705174318174
7108182400240223233,7516118321939727361,0.017045128217079226
7108182400240223233,7526895629398737928,0.01659796459628385
7110469283298640898,7139916028763800577,0.016174534037321574
7110469283298640898,7155826010654409730,0.016307502877637336
7110469283298640898,7254140507394245638,0.016559416009018633
7110469283298640898,7333255393327449094,0.01692284553673374
7110469283298640898,7565637171480052737,0.01633902241951317
7110469283298640898,7627890544752886791,0.027389449581254496
7110469283298640898,7640716169255715857,0.016245790411451824
7110469283298640898,7642599508594115605,0.016408086782230668
7113171980896257050,7127708623191933953,0.017890446474378686
7113171980896257050,7131585685501363202,0.019409303887851944
7113171980896257050,7177602177161561114,0.023892171125577562
7113171980896257050,7196069191677543425,0.019409303887851944
7113171980896257050,7226016778555556890,0.02178546695126107
7113171980896257050,7248502263702291463,0.017890446474378686
7113171980896257050,7282408479507563526,0.017890446474378686
7113171980896257050,7331684378399196166,0.023729969990465696
7113171980896257050,7455566091059020817,0.08686667776122647
7113171980896257050,7481556266751230977,0.019409303887851944
7113171980896257050,7627890544752886791,0.02794842033334236
7113171980896257050,86855738395926528,0.028700366525452256
7113171980896257050,95775519061,0.036755165251600226
7113527717450810370,7195479055549924378,0.03365332663568472
7113527717450810370,7238588875538793480,0.02379110225517972
7113527717450810370,7325664758940943366,0.015529825239416017
7113527717450810370,7348055396504044550,0.015502154063681576
7113527717450810370,7423293361527014405,0.038523979445735074
7113527717450810370,7489802306281440276,0.02260963922169431
7119475270255870977,7127708623191933953,0.017029557851706758
7119475270255870977,7131585685501363202,0.022667464969805894
7119475270255870977,7177602177161561114,0.02790285293954322
7119475270255870977,7195479055549924378,0.01908971154075471
7119475270255870977,7196069191677543425,0.022667464969805894
7119475270255870977,7316445862590301189,0.01607568394650429
7119475270255870977,7331684378399196166,0.027713423758081834
7119475270255870977,7352412606437704710,0.18158481214926225
7119475270255870977,7372140179509216261,0.016638980201563583
7119475270255870977,7396645252126671877,0.016345027876888744
7119475270255870977,7406972070422119441,0.016804819769995476
7119475270255870977,7433436837475779590,0.015979011425884565
7119475270255870977,7481556266751230977,0.022667464969805894
7119475270255870977,7520091064683021319,0.01917492842950325
7119475270255870977,7599093536964871189,0.016250242456964915
7120541706823533594,7129411596997067778,0.01609303215955467
7120541706823533594,7197170815606031362,0.015963858423561607
7120541706823533594,7283325250002830342,0.015866781435398342
7120541706823533594,7350473960612905989,0.017829382999799186
7120541706823533594,7352218265122636806,0.016088486308628972
7120541706823533594,7400503260173730822,0.015005794423212718
7120541706823533594,7448914803424510994,0.016269909282657254
7120541706823533594,7520091064683021319,0.029388405231541653
7120541706823533594,7521728838495011848,0.01622335962453765
7120541706823533594,7533017467783808007,0.015920240187573615
7120541706823533594,7545857000773616658,0.01623203885715151
7120541706823533594,7627890544752886791,0.020770937832451656
7120541706823533594,7628866672606708757,0.015526181907712927
7121523637161001985,7132780297389507585,0.02095807011536041
7121523637161001985,7159615477097841669,0.01582829661370621
7121523637161001985,7164308860937126914,0.021298370689224595
7121523637161001985,7170102652008580098,0.02423570366583239
7121523637161001985,7546926530825077778,0.01721567847084604
7121523637161001985,7553154672204088340,0.015776070424835184
7121523637161001985,7571687209402532882,0.015336726497620051
7121523637161001985,7577673427314541589,0.016313997450856578
7121523637161001985,7607445622497264647,0.021300139676153615
7121711391148819482,7149906885037179905,0.022884121663708727
7121711391148819482,7305650093284197382,0.014899387280458165
7121711391148819482,7336113798451840018,0.01588837996064494
7121711391148819482,7355866766130152464,0.01825656319870855
7121711391148819482,7398639237263229958,0.015209076613467098
7121711391148819482,7476774838238430216,0.01704186206654661
7121711391148819482,7637056590491091976,0.024854066048002412
7124524290486535170,7198497671228834818,0.016012388092562224
7124524290486535170,7257089825308165126,0.015648769656604153
7124524290486535170,7326825435546174471,0.0174347846826137
7124524290486535170,7327004404379370501,0.04384675360233287
7124524290486535170,7367247089417896965,0.01842449440046215
7124524290486535170,7476774838238430216,0.016108924629657764
7124524290486535170,7481214404483417096,0.01658488177932332
7124524290486535170,7493882569899394065,0.014608255692990391
7124524290486535170,7512754059523769352,0.01541462310775325
7124524290486535170,7566639233809695765,0.01945212516862937
7124524290486535170,7640716169255715857,0.02544238905778672
7127610987100308481,7177602177161561114,0.033699190193972044
7127610987100308481,7207116376669438978,0.024195425702516756
7127610987100308481,7237187612749874182,0.02374035884281254
7127610987100308481,7260730044916745221,0.02374035884281254
7127610987100308481,7327004404379370501,0.08439258055566119
7127610987100308481,7453528540971172870,0.02374035884281254
7127610987100308481,7490286723617670162,0.027433956738204538
7127610987100308481,7545673249791706113,0.027433956738204538
7127610987100308481,7547223971999417351,0.027433956738204538
7127708623191933953,7131585685501363202,0.024664390655493532
7127708623191933953,7177602177161561114,0.030360998295151362
7127708623191933953,7196069191677543425,0.024664390655493532
7127708623191933953,7248502263702291463,0.12301102530023689
7127708623191933953,7254140507394245638,0.02147234166391213
7127708623191933953,7282408479507563526,0.12301102530023689
7127708623191933953,7319472514870084614,0.01552689978715666
7127708623191933953,7331684378399196166,0.03015488105445694
7127708623191933953,7363450236825797637,0.015833747270368133
7127708623191933953,7379787571319522310,0.01561225094341293
7127708623191933953,7384818817710916613,0.08718810295180009
7127708623191933953,7393933502537204742,0.015678920844495032
7127708623191933953,7481556266751230977,0.024664390655493532
7127708623191933953,7627890544752886791,0.03551548068330976
7129411596997067778,7149906885037179905,0.015468274953102249
7129411596997067778,7197170815606031362,0.0165456482979146
7129411596997067778,7225514834670093314,0.01603593561980579
7129411596997067778,7352218265122636806,0.015405088580061076
7129411596997067778,7448914803424510994,0.01623675553536427
7129411596997067778,7485973175349232646,0.016090910896988306
7129411596997067778,7521728838495011848,0.015540138363849338
7129411596997067778,7545857000773616658,0.016641315985986935
7131585685501363202,7163041914702775297,0.017133115238222706
7131585685501363202,7177602177161561114,0.04041249169805695
7131585685501363202,7196069191677543425,0.054716551857801624
7131585685501363202,7231559211711382529,0.021480652241803986
7131585685501363202,7248502263702291463,0.024664390655493532
7131585685501363202,7282408479507563526,0.024664390655493532
7131585685501363202,7331684378399196166,0.04013813605278424
7131585685501363202,7352412606437704710,0.022667464969805894
7131585685501363202,7481556266751230977,0.054716551857801624
7131585685501363202,7536548421932319751,0.021480652241803986
7132780297389507585,7140728189923607558,0.01546820448284119
7132780297389507585,7488350271514821639,0.03961913282967051
7132780297389507585,7546926530825077778,0.03172663762775844
7132780297389507585,7577673427314541589,0.02880765202951119
7132780297389507585,7607445622497264647,0.039253858863034126
7132780297389507585,7629938843277640725,0.016604295962820648
7135008576062456859,7270110578827150342,0.016614841762471157
7135008576062456859,7355012714336912390,0.015200644486359922
7135008576062456859,7359896669410853893,0.027607753893363715
7135008576062456859,7485973175349232646,0.016786192836115797
7135008576062456859,7536548421932319751,0.016698525863829587
7135008576062456859,7566639233809695765,0.029789436145825972
7135008576062456859,7627890544752886791,0.023053047241587247
7135220356252517402,7271800847229633541,0.022838564505113488
7135220356252517402,7286348668494988294,0.030239036481986874
7135220356252517402,7329677372679472133,0.02340915316023336
7135220356252517402,7348055396504044550,0.015483761721359731
7135220356252517402,7453778116689118215,0.07326918049939252
7135220356252517402,7627890544752886791,0.018910529797163855
7135414649268880411,7179990250806297626,0.015011155481997957
7135414649268880411,7257262932941259782,0.01578910064857784
7135414649268880411,7346971685042701317,0.014903917422646764
7135414649268880411,7377398977324647430,0.01459920261092111
7135414649268880411,7482314927051932679,0.02348598350547226
7135414649268880411,7486331907643393040,0.01478710805071554
7135414649268880411,7534390074759922704,0.014832125699594106
7135414649268880411,7592061582878065685,0.0172583165063903
7135414649268880411,86855738395926528,0.018057026074898123
7135823212835259393,7174653124672898049,0.01574314794306474
7135823212835259393,7267057918439506950,0.01854248803238124
7135823212835259393,7267937623179576325,0.014744457970060541
7135823212835259393,7278599252681622533,0.02581883002982949
7136425984111002625,7144565544971797531,0.01791241386013347
7136425984111002625,7170102652008580098,0.015111330302659765
7136425984111002625,7182146153348219931,0.0173389700716549
7136425984111002625,7241559016605746182,0.016037450430145293
7136425984111002625,7276081914455933957,0.02115940182933097
7136425984111002625,7313018902039839746,0.01918988765376399
7136425984111002625,7319919338914857990,0.015407436330647733
7136425984111002625,73466833727,0.016287928459844492
7136425984111002625,7445226957769507895,0.015294261065597963
7136425984111002625,7476795457228145681,0.01597022970405542
7136425984111002625,7479929990818104327,0.0146146311566884
7136425984111002625,7496951292298249223,0.020479129808437285
7136425984111002625,7522355226557662225,0.017787025346526847
7137364417810252826,7150266661496472582,0.015683981415954177
7137364417810252826,7188777124807181314,0.022909035363590416
7137364417810252826,7233267845730976769,0.014951483111454215
7137364417810252826,7240198843681489922,0.019104550075015894
7137364417810252826,7311554831675458565,0.0156923226051691
7137364417810252826,7400357743557297157,0.015057502900513522
7137364417810252826,7483938801250042888,0.027187973702698275
7137364417810252826,7606263940389946389,0.015461612364363879
7137364417810252826,7627263245217350674,0.0153318866907068
7137364417810252826,7627890544752886791,0.01696220026220725
7137486032777577473,7219888027873690626,0.0143861157182751
7137486032777577473,7322149836118082565,0.015005427234172423
7137486032777577473,7372215376808182789,0.014587826277542747
7137486032777577473,7384818817710916613,0.014752062645653923
7137486032777577473,7450744199001637895,0.014504158892471846
7137486032777577473,7476128992287441937,0.014587052547638086
7137486032777577473,7522349223884719105,0.01466473659216223
7139827943400326149,7177602177161561114,0.016828963292460763
7139827943400326149,7327004404379370501,0.04214462223431429
7139827943400326149,7328024330810950662,0.01551764884439483
7139827943400326149,7350473960612905989,0.01757311925308378
7139827943400326149,7495411659411948599,0.015676647388180427
7139827943400326149,7566446773142979591,0.015448159484259039
7139827943400326149,7627890544752886791,0.020472394784058066
7139827943400326149,7631155532019663879,0.03427880375826723
7139916028763800577,7155826010654409730,0.016243993411296904
7139916028763800577,7345372771347792902,0.01601901456691687
7139916028763800577,7565637171480052737,0.016201036431895237
7139916028763800577,7627890544752886791,0.016893000394777816
7139916028763800577,7640716169255715857,0.01605644871250475
7140728189923607558,7479292129044612104,0.015210116541696914
7140728189923607558,7592061582878065685,0.014562175899772328
7140728189923607558,7629938843277640725,0.014786537808597098
7140728189923607558,7653078869913863175,0.013913038015298319
7141082435111142402,7155463663934489601,0.021213056028380528
7141082435111142402,7248186267946959873,0.0157857452388047
7141082435111142402,7257262932941259782,0.01580137770870593
7141082435111142402,7322146719038014469,0.01566484885267657
7141082435111142402,7481214404483417096,0.02083096139411575
7141082435111142402,7489802306281440276,0.018702279702634918
7141082435111142402,7599311463005832209,0.02183052216900644
7141082435111142402,7627890544752886791,0.016332300906254173
7141082435111142402,7649746214976537620,0.01602595160556945
7142783450839401473,7192960927724127233,0.051214329868826916
7142783450839401473,7274849324386223109,0.016195219162281484
7142783450839401473,7284239018626466822,0.025921702962504806
7142783450839401473,7316163220909196294,0.015473930887417721
7142783450839401473,7355866766130152464,0.01600799669119143
7142783450839401473,7365461311374066694,0.02133376425996144
7142783450839401473,7477085819511178248,0.015600768029716378
7142783450839401473,7477500974065042449,0.015446464849654215
7142783450839401473,7481929553658512439,0.015458581111630388
7142783450839401473,7501201778134893584,0.04848986034892553
7142783450839401473,7516118321939727361,0.018314763864099103
7142783450839401473,7604788544276333586,0.023510162159361463
7142783450839401473,7608910206895195157,0.03690393219558932
7143935053655131163,7179990250806297626,0.015815826111094493
7143935053655131163,7491832625380934672,0.016016386639652026
7143935053655131163,7643821011835061269,0.015551005564494453
7144238456486331418,7202086685571138562,0.03691974309957026
7144238456486331418,7495411659411948599,0.029769147121943684
7144238456486331418,7521728838495011848,0.01706004652769645
7144238456486331418,7602605744538141716,0.02522622234765432
7144565544971797531,7165117173925708826,0.015196361294506616
7144565544971797531,7182146153348219931,0.02259972390699917
7144565544971797531,7276081914455933957,0.035502406390943576
7144565544971797531,7363450236825797637,0.016345200389097567
7144565544971797531,7379787571319522310,0.015781684980716675
7144565544971797531,7383901183393448966,0.016048039704716143
7144565544971797531,7393933502537204742,0.016181416375150984
7144565544971797531,7406882852758012934,0.018916451959499925
7144565544971797531,7483938801250042888,0.02626316627162917
7144565544971797531,7488350271514821639,0.02854654118288704
7144565544971797531,7568781196831409172,0.01992638279787304
7144680901561107483,7177602177161561114,0.02263718088488575
7144680901561107483,7231031844086088705,0.015907670126436377
7144680901561107483,7319472514870084614,0.030854969824503514
7144680901561107483,7327004404379370501,0.0566900895951654
7144680901561107483,7456307417581437958,0.08842732913321054
7144680901561107483,7477500974065042449,0.015472807046374996
7144680901561107483,7545673249791706113,0.01842855681386531
7144680901561107483,7547223971999417351,0.01842855681386531
7148170160443048961,7233640485796660225,0.015408124934865767
7148170160443048961,7238588875538793480,0.020303510570288147
7148170160443048961,7333255393327449094,0.02453445167303352
7148170160443048961,7606263940389946389,0.019004317031104924
7148170160443048961,7650649289911452693,0.022754448835063685
7149906885037179905,7225514834670093314,0.015929931111477093
7149906885037179905,7316445862590301189,0.015663085709645704
7149906885037179905,7343513808779904005,0.016962112951347502
7149906885037179905,7406972070422119441,0.014952576375107527
7149906885037179905,7433436837475779590,0.015766382888140862
7149906885037179905,7545857000773616658,0.015319198663032534
7149906885037179905,7599093536964871189,0.015486645167134237
7149906885037179905,7627890544752886791,0.015649273125224187
7149906885037179905,7648650172402435093,0.015951380989135188
7150266661496472582,7182583625258632193,0.01536841134057855
7150266661496472582,7213282682464814107,0.015449221407163882
7150266661496472582,7257262932941259782,0.015600835743875826
7150266661496472582,7311554831675458565,0.016420375939399056
7150266661496472582,7321759691690951685,0.016102487547568444
7150266661496472582,7488350271514821639,0.019090064852179536
7150266661496472582,7606263940389946389,0.015419886732549624
7150266661496472582,7627263245217350674,0.016071696352751744
7150267271930446853,7267937623179576325,0.01447181068170358
7150267271930446853,7581801127412319248,0.01719769392121002
7150267271930446853,7627890544752886791,0.01901656721874672
7151061694003921947,7160116207869428738,0.015138952694187881
7151061694003921947,7186497865421161499,0.015130327376435968
7151061694003921947,7219631248322511874,0.01499814059268211
7151061694003921947,7361451922681119749,0.015217282736439831
7151061694003921947,7501201778134893584,0.015175813134940553
7151061694003921947,7506867441839244344,0.01525672926190588
7151061694003921947,7507877861438964754,0.015023956077230555
7151061694003921947,7520091064683021319,0.014947087477087104
7151777693745841157,7160116207869428738,0.015441916943255904
7151777693745841157,7186497865421161499,0.015451552936064707
7151777693745841157,7209646992757638170,0.017126081325551427
7151777693745841157,7219631248322511874,0.01562774716049937
7151777693745841157,7231559211711382529,0.01532559725587983
7151777693745841157,7254140507394245638,0.015195947214259268
7151777693745841157,7361451922681119749,0.015695943169444577
7151777693745841157,7506867441839244344,0.015648617717438223
7151777693745841157,7507877861438964754,0.015260244646023035
7151777693745841157,7627890544752886791,0.025134257744215273
7153854260416955418,7336845122908406789,0.0160684399588631
7153854260416955418,7345372771347792902,0.01402928201755452
7153854260416955418,7388498135749903365,0.013076791494459434
7153854260416955418,7617823686238143508,0.014835746476016171
7153854260416955418,7650741089351484436,0.015014039601519043
7154310477883032578,7192449099722916869,0.015336372263311861
7154310477883032578,7207116376669438978,0.016533280373525566
7154310477883032578,7316445862590301189,0.0959039177674282
7154310477883032578,7343513808779904005,0.017525829259825227
7154310477883032578,7634034175490606101,0.017853171991915023
7154310477883032578,7641155549304505352,0.017662148867061744
7154384053285078043,7233640485796660225,0.020192870249020715
7154384053285078043,7254140507394245638,0.12985845428147694
7154384053285078043,7345372771347792902,0.028064766878880976
7154384053285078043,7377168369478452229,0.02769913432507521
7154384053285078043,7388498135749903365,0.012930729855299996
7154384053285078043,7457809067773297681,0.029630606324539566
7154384053285078043,7484436088774624274,0.02308496413996698
7154384053285078043,7512994775039083538,0.016039339845054203
7154384053285078043,7617823686238143508,0.0195157698727156
7154384053285078043,7627890544752886791,0.07851125888293997
7154384053285078043,7642599508594115605,0.029798466544311765
7155463663934489601,7421159900989047814,0.015545936892162158
7155463663934489601,7476128992287441937,0.028666705982116337
7155463663934489601,7478201262862681105,0.017128574685122657
7155463663934489601,7479292129044612104,0.01548136059982375
7155463663934489601,7481214404483417096,0.01642778427303405
7155463663934489601,7510202614824551431,0.017117246395836987
7155463663934489601,7587437314005304341,0.014831482644294491
7155463663934489601,7599311463005832209,0.01727929183794134
7155463663934489601,7618421559720412178,0.015025441932492885
7155463663934489601,7652707278761018388,0.013649713671545226
7155463663934489601,7653078869913863175,0.01715883903446052
7155826010654409730,7254140507394245638,0.019409657936939852
7155826010654409730,7485973175349232646,0.10991970662674798
7155826010654409730,7565637171480052737,0.016333995539886462
7155826010654409730,7627890544752886791,0.032103779937872085
7155826010654409730,7640716169255715857,0.01618950935645753
7157712033605370881,7322149836118082565,0.017785446086720936
7157712033605370881,7327004404379370501,0.025152702722136742
7157712033605370881,7406972070422119441,0.015073569942624935
7157712033605370881,7491832625380934672,0.020097291871572037
7157712033605370881,7554403762245895188,0.01588314376208285
7157712033605370881,7566639233809695765,0.024957261757434332
7157712033605370881,7643821011835061269,0.01754852918358606
7157712033605370881,7649746214976537620,0.02069645250697797
7159615477097841669,7338600730439353346,0.016513516209827814
7159615477097841669,7553154672204088340,0.015347985389721682
7159615477097841669,7627890544752886791,0.02239416862673223
7160116207869428738,7186497865421161499,0.0159314740125539
7160116207869428738,7219631248322511874,0.015795398724875197
7160116207869428738,7361451922681119749,0.016030260076580934
7160116207869428738,7506867441839244344,0.01607101499468338
7160116207869428738,7507877861438964754,0.015752723250938152
7160116207869428738,7520091064683021319,0.015256866401614803
7163041914702775297,7177602177161561114,0.02109026287346983
7163041914702775297,7196069191677543425,0.017133115238222706
7163041914702775297,7331684378399196166,0.02094708356339774
7163041914702775297,7336152171828904965,0.015678028230342332
7163041914702775297,7345041413702272001,0.015644733177994696
7163041914702775297,7481556266751230977,0.017133115238222706
7163041914702775297,7547223971999417351,0.01563766519030974
7163041914702775297,7581801127412319248,0.015515968249517214
7164308860937126914,7193229205185250330,0.01630486270950732
7164308860937126914,7455281387647304705,0.016617944721294096
7164308860937126914,7583691841695859720,0.01943395745105959
7164308860937126914,7604788544276333586,0.025782780700183878
7164308860937126914,7627890544752886791,0.02375428266203589
7165117173925708826,7183388245819507738,0.018101020879765384
7165117173925708826,7363450236825797637,0.015253513207309591
7165117173925708826,7393933502537204742,0.015109940988025336
7165117173925708826,7495411659411948599,0.0153919307074388
7165117173925708826,7653909888418890773,0.021202611854257473
7166227528167867418,7241559016605746182,0.021625269842553602
7166227528167867418,7343513808779904005,0.021256560252204775
7166227528167867418,7363450236825797637,0.01640087822227445
7166227528167867418,7379787571319522310,0.015732318301419225
7166227528167867418,7383901183393448966,0.01599821969187525
7166227528167867418,7393933502537204742,0.01623642740769284
7166227528167867418,7522355226557662225,0.016548686984699707
7166227528167867418,7542789080502682641,0.03262391092242142
7166227528167867418,7627890544752886791,0.016565569963716102
7169932462054196250,7331684378399196166,0.016312206232100432
7169932462054196250,7491833609532605441,0.02032284997482318
7169932462054196250,7529488293902566407,0.0146577932195864
7169932462054196250,7604788544276333586,0.017171457238519556
7169932462054196250,7637056590491091976,0.01766506381234145
7170102652008580098,7183388245819507738,0.015285133502858497
7170102652008580098,73466833727,0.015135822146537248
7170102652008580098,7354443424308167685,0.01940729506714283
7170102652008580098,7481556266751230977,0.015453354444089686
7174653124672898049,7653816056004543508,0.02210554419848558
7177602177161561114,7196069191677543425,0.04041249169805695
7177602177161561114,7207116376669438978,0.03434515282485236
7177602177161561114,7231559211711382529,0.026441928170923234
7177602177161561114,7237187612749874182,0.033699190193972044
7177602177161561114,7248502263702291463,0.030360998295151362
7177602177161561114,7260730044916745221,0.033699190193972044
7177602177161561114,7282408479507563526,0.030360998295151362
7177602177161561114,7286348668494988294,0.036097568427377595
7177602177161561114,7327004404379370501,0.1197943822979049
7177602177161561114,7331684378399196166,0.049408635197630876
7177602177161561114,7352412606437704710,0.02790285293954322
7177602177161561114,7384818817710916613,0.020359544229794805
7177602177161561114,7446786283143169041,0.016265542747035566
7177602177161561114,7453528540971172870,0.033699190193972044
7177602177161561114,7456307417581437958,0.017240286809860214
7177602177161561114,7476128992287441937,0.018143064362865825
7177602177161561114,7481556266751230977,0.04041249169805695
7177602177161561114,7490286723617670162,0.038942213637762735
7177602177161561114,7507877861438964754,0.023866618905260564
7177602177161561114,7536548421932319751,0.026441928170923234
7177602177161561114,7544921032646804487,0.017459702702912253
7177602177161561114,7545673249791706113,0.038942213637762735
7177602177161561114,7547223971999417351,0.038942213637762735
7177602177161561114,7584050819944596487,0.021485363002781536
7177602177161561114,7631155532019663879,0.021438876820641332
7177602177161561114,7640716169255715857,0.016746602357045344
7177726893490603034,7355866766130152464,0.01982350652221991
7177726893490603034,7455150278313755655,0.016004621092078248
7177726893490603034,7478421096736359430,0.01638582376807238
7177726893490603034,7493882569899394065,0.02314620690876682
7177726893490603034,7518436263998063623,0.016037538129213224
7177726893490603034,7520091064683021319,0.016616463551764743
7179742607488353306,7179990250806297626,0.01537790742403238
7179742607488353306,7211458676926071835,0.018756992672994504
7179742607488353306,7254140507394245638,0.01645076621316669
7179742607488353306,7257089825308165126,0.01808150797864678
7179742607488353306,7300420401526604806,0.015745191221626428
7179742607488353306,7608910206895195157,0.016154039437985098
7179742607488353306,7627890544752886791,0.027209741667407798
7179990250806297626,7346971685042701317,0.015196400923120284
7179990250806297626,7377398977324647430,0.015055800601802487
7179990250806297626,7491832625380934672,0.015824083594511346
7179990250806297626,7643821011835061269,0.01605304130267537
7182146153348219931,7238631407236580358,0.013739809941014765
7182146153348219931,7264489075083461633,0.023343505372573195
7182146153348219931,7276081914455933957,0.02483676175831181
7182146153348219931,7355093638134744070,0.029759387219422697
7182146153348219931,7370877163489444869,0.023179104851836635
7182146153348219931,7371052403481969670,0.03495597353722234
7182146153348219931,7488350271514821639,0.01997057986931455
7182146153348219931,7501201778134893584,0.021140965632797517
7182583625258632193,7213282682464814107,0.015863492875475824
7182583625258632193,7322939222875325442,0.02299514470503945
7182583625258632193,7338600730439353346,0.015699551585623316
7182583625258632193,7575529166674773008,0.015527601078286839
7182583625258632193,7627890544752886791,0.019591380349034952
7182583625258632193,7639298353755030529,0.015670312706006505
7183388245819507738,7257262932941259782,0.0364621171995031
7183388245819507738,7319919338914857990,0.015511984774057332
7183388245819507738,7345372771347792902,0.08584168336845562
7183388245819507738,7361451922681119749,0.01888327330392221
7183388245819507738,7372140179509216261,0.017025635940840268
7183388245819507738,7406882852758012934,0.016424709518536827
7183388245819507738,7445226957769507895,0.015361334427498985
7183388245819507738,7563951994022413330,0.030756607461176696
7186497865421161499,7219631248322511874,0.015805116339673478
7186497865421161499,7361451922681119749,0.016040077199970623
7186497865421161499,7396645252126671877,0.015619299331810976
7186497865421161499,7506867441839244344,0.01608083100631804
7186497865421161499,7507877861438964754,0.015743880547940244
7188777124807181314,7278599252681622533,0.01580103788679213
7188777124807181314,7313018902039839746,0.01621570182435393
7188777124807181314,7456307417581437958,0.016367481362299253
7188777124807181314,7496951292298249223,0.01619903754626281
7192220822001746970,7276081914455933957,0.0222919600186402
7192220822001746970,7348055396504044550,0.01595686201589022
7192220822001746970,7489802306281440276,0.02053770703772374
7192220822001746970,7501664443560084488,0.015919405596598202
7192220822001746970,7526895629398737928,0.015967065109680382
7192220822001746970,7634034175490606101,0.015994372264851345
7192449099722916869,7568781196831409172,0.022298001520564444
7192449099722916869,7641155549304505352,0.0150929335556848
7192449099722916869,7650649289911452693,0.01723315839642125
7192960927724127233,7211458676926071835,0.031129091741207107
7192960927724127233,7355093638134744070,0.02796561775656526
7192960927724127233,7501201778134893584,0.037236751737316685
7192960927724127233,7522349223884719105,0.015846450668217948
7192960927724127233,7604788544276333586,0.022998270624886602
7192960927724127233,7642599508594115605,0.016495449921017827
7192960927724127233,7648650172402435093,0.0168893530630807
7192960927724127233,7654157094572098561,0.016363350403186462
7193163348693943298,7254140507394245638,0.016007374409961906
7193163348693943298,7257262932941259782,0.015658723359974126
7193163348693943298,7530213210042729490,0.015631027608302657
7193163348693943298,7608910206895195157,0.0156108787805693
7193163348693943298,7627890544752886791,0.026476366925689554
7193229205185250330,7327004404379370501,0.037266479083248365
7193229205185250330,7455281387647304705,0.016304193716972202
7193229205185250330,7501664443560084488,0.016297891088297902
7193229205185250330,7526895629398737928,0.016242418479417296
7193229205185250330,7627890544752886791,0.01810276214512891
7195479055549924378,7319919338914857990,0.01817170975861178
7195479055549924378,7338600730439353346,0.015347918999734672
7195479055549924378,7352412606437704710,0.01908971154075471
7195479055549924378,7423293361527014405,0.024203587017481775
7195479055549924378,7602458307672884225,0.014465653853394184
7196069191677543425,7231559211711382529,0.021480652241803986
7196069191677543425,7238631407236580358,0.014030019553176032
7196069191677543425,7248502263702291463,0.024664390655493532
7196069191677543425,7282408479507563526,0.024664390655493532
7196069191677543425,7331684378399196166,0.04013813605278424
7196069191677543425,7352412606437704710,0.022667464969805894
7196069191677543425,7370877163489444869,0.015189376062201127
7196069191677543425,7481556266751230977,0.054716551857801624
7196069191677543425,7536548421932319751,0.021480652241803986
7196128414859936794,7372140179509216261,0.02217420402012936
7196128414859936794,7481214404483417096,0.0704982034492833
7196128414859936794,7530213210042729490,0.015781265148989407
7196128414859936794,7608910206895195157,0.015760945150210762
7197170815606031362,7225514834670093314,0.015796940820326007
7197170815606031362,7448914803424510994,0.01610731020726794
7197170815606031362,7521728838495011848,0.015419809102089212
7197170815606031362,7545857000773616658,0.016505867848464768
7197170815606031362,7627890544752886791,0.01571694528441221
7198497671228834818,7257089825308165126,0.015066219924311744
7198497671228834818,7327004404379370501,0.033511002130990314
7198497671228834818,7420280666741621765,0.015002871867096576
7198497671228834818,7446786283143169041,0.05783898948465789
7198497671228834818,7476774838238430216,0.01644096429215785
7198497671228834818,7481214404483417096,0.016371353310392994
7198497671228834818,7512754059523769352,0.015936134948093355
7202086685571138562,7362078617574441989,0.016344949604815057
7202086685571138562,7495411659411948599,0.01893873653655225
7202086685571138562,7545554271439078416,0.016330739266987387
7202086685571138562,7602605744538141716,0.03306226973006825
7202086685571138562,7607445622497264647,0.02634453528058299
7203897797036459035,7313053731345220614,0.029430732627471645
7203897797036459035,7327004404379370501,0.023722444625243182
7203897797036459035,7355866766130152464,0.014165432811368046
7203897797036459035,7591058387967886348,0.01787840687489433
7204083942915130395,7214120131030975514,0.014776295353953466
7204083942915130395,7219888027873690626,0.014925230777985049
7204083942915130395,7546926530825077778,0.021361876256184426
7204083942915130395,7585530131923682324,0.014486111588218855
7205917572523803649,7257262932941259782,0.02040363323584281
7205917572523803649,7265249858515158022,0.01839550331851138
7205917572523803649,7267057918439506950,0.019135691833753198
7205917572523803649,7325664758940943366,0.015281595837738398
7205917572523803649,7367247089417896965,0.017469125142662884
7205917572523803649,7488350271514821639,0.019640814537479203
7205917572523803649,7497789201774920725,0.021744665113419655
7205917572523803649,7501201778134893584,0.020617152847813607
7205917572523803649,7627890544752886791,0.015940249405379157
7205917572523803649,93013606744592384,0.015122254031091825
7206554298104415258,7311615611494614021,0.015414506722812502
7206554298104415258,7565406894694269953,0.015133146048377824
7207116376669438978,7237187612749874182,0.024195425702516756
7207116376669438978,7260730044916745221,0.024195425702516756
7207116376669438978,7327004404379370501,0.08601025899388862
7207116376669438978,7388498135749903365,0.014137941053766914
7207116376669438978,7453528540971172870,0.024195425702516756
7207116376669438978,7490286723617670162,0.02795982429668484
7207116376669438978,7545673249791706113,0.02795982429668484
7207116376669438978,7547223971999417351,0.02795982429668484
7207116376669438978,7641155549304505352,0.016826143461408902
7209646992757638170,7327004404379370501,0.01608927822762463
7209646992757638170,7333255393327449094,0.01546685283655599
7209646992757638170,7400503260173730822,0.015108680965775865
7209646992757638170,7453778116689118215,0.015993000405292272
7209646992757638170,7523245655259759624,0.01535755647411483
7209646992757638170,7583691841695859720,0.015648172565316736
7211458676926071835,7257089825308165126,0.02930684195425116
7211458676926071835,7642599508594115605,0.016219004696314595
7211458676926071835,7648650172402435093,0.01593967737214984
7211458676926071835,7654157094572098561,0.016318621009253104
7213282682464814107,7311554831675458565,0.015439359107936647
7213282682464814107,7338600730439353346,0.015536219872709504
7213282682464814107,7477085819511178248,0.019221572557978076
7213282682464814107,7575529166674773008,0.01573162939974315
7213282682464814107,7618421559720412178,0.025351487935417517
7213282682464814107,7627890544752886791,0.01759488350879924
7213282682464814107,7639298353755030529,0.015506959970629595
7214120131030975514,7219888027873690626,0.01456917239084127
7214120131030975514,7254140507394245638,0.022254741456073614
7214120131030975514,7358103277785891846,0.015411473327901902
7214120131030975514,7367247089417896965,0.01545527293850329
7214120131030975514,7585530131923682324,0.01565338636236041
7214120131030975514,7627890544752886791,0.03680957823168465
7214120131030975514,7653816056004543508,0.015541781768887574
7216684653520339994,7241559016605746182,0.01621911329568461
7216684653520339994,7283325250002830342,0.01590155563005381
7216684653520339994,7286348668494988294,0.025572256475725343
7216684653520339994,7325664758940943366,0.015597342620640546
7216684653520339994,7331684378399196166,0.01577452491513629
7216684653520339994,7354443424308167685,0.01549122150005806
7216684653520339994,7384818817710916613,0.028292257545492222
7216684653520339994,7444920523094967314,0.015536108816663105
7216684653520339994,7459425028325852176,0.015566578849274355
7216684653520339994,7618421559720412178,0.015176440536308539
7216684653520339994,7639298353755030529,0.016051467640501513
7216684653520339994,93013606744592384,0.01510995579550603
7216684653520339994,95653080293068800,0.015349510549916422
7219631248322511874,7226016778555556890,0.017249442132980786
7219631248322511874,7361451922681119749,0.016055214559303147
7219631248322511874,7372140179509216261,0.01734772880267636
7219631248322511874,7398639237263229958,0.018863902127681215
7219631248322511874,7491832625380934672,0.017002388060955456
7219631248322511874,7506867441839244344,0.01600744980825243
7219631248322511874,7523217404127364112,0.01954169191820729
7219631248322511874,7650649289911452693,0.019417360926651098
7219888027873690626,7372215376808182789,0.014580181213544955
7219888027873690626,7384818817710916613,0.0143764466571944
7219888027873690626,7476128992287441937,0.014578550025957614
7219888027873690626,7522349223884719105,0.014287491996242532
7219888027873690626,7585530131923682324,0.01427316336183847
7222475408116515866,7238588875538793480,0.014870145075223322
7222475408116515866,7323951027022283777,0.014742746810010568
7222475408116515866,7566446773142979591,0.014866213617151939
7222475408116515866,7572718529432126480,0.014860297681636617
7222475408116515866,7602458307672884225,0.02388355634707419
7222475408116515866,7627890544752886791,0.01516123341481657
7225233704317715482,7254140507394245638,0.0202065115202434
7225233704317715482,7313053731345220614,0.016271477227924894
7225233704317715482,7355012714336912390,0.016592380444270426
7225233704317715482,7591058387967886348,0.011464104812966005
7225233704317715482,7627890544752886791,0.03342178420998216
7225514834670093314,7316445862590301189,0.015737550253456578
7225514834670093314,7433436837475779590,0.01584300094759001
7225514834670093314,7545857000773616658,0.015883535055758076
7225514834670093314,7599093536964871189,0.015557450640143366
7226016778555556890,7326825435546174471,0.015688498027245364
7226016778555556890,7455566091059020817,0.017807241673289637
7226016778555556890,7507818955039278088,0.015681224486951834
7226016778555556890,7650649289911452693,0.03844721754925392
7226016778555556890,95775519061,0.02396438792770716
7231031844086088705,7233267845730976769,0.01539040684460842
7231031844086088705,7274849324386223109,0.015729419964244696
7231031844086088705,7316163220909196294,0.015883842014748024
7231031844086088705,7355866766130152464,0.01567192070611082
7231031844086088705,7477500974065042449,0.015913603160177897
7231559211711382529,7278224508979872786,0.016222027991956916
7231559211711382529,7282408479507563526,0.01613793207716284
7231559211711382529,7331684378399196166,0.026262417035609175
7231559211711382529,7481556266751230977,0.021480652241803986
7233267845730976769,7255353916123612165,0.014714224279319336
7233267845730976769,7300287082403218437,0.014560817816205458
7233267845730976769,7367299781642208262,0.015293065360229077
7233267845730976769,7400357743557297157,0.015317693320337339
7233267845730976769,7479929990818104327,0.021772878794878003
7233267845730976769,7606263940389946389,0.01551079136533207
7233267845730976769,7642599508594115605,0.02137051261646212
7233640485796660225,7254140507394245638,0.046649724180263176
7233640485796660225,7406882852758012934,0.015991955148168667
7233640485796660225,7627890544752886791,0.035768730406086795
7237187612749874182,7277563253713224709,0.01619814732601047
7237187612749874182,7327004404379370501,0.08439258055566119
7237187612749874182,7478201262862681105,0.014403636497253822
7237187612749874182,7490286723617670162,0.027433956738204538
7237187612749874182,7545673249791706113,0.027433956738204538
7237187612749874182,7547223971999417351,0.027433956738204538
7237187612749874182,7587437314005304341,0.015662086349493922
7237187612749874182,7592121729054213121,0.0161394348723191
7237187612749874182,7618421559720412178,0.016759469673104765
7237187612749874182,7652473478721979400,0.015892211882358166
7237187612749874182,7652707278761018388,0.016168824030323967
7237187612749874182,7653078869913863175,0.014728721398905768
7238588875538793480,7305828667954021382,0.015519589960254626
7238588875538793480,7333255393327449094,0.04264521042697376
7238588875538793480,7529488293902566407,0.01474019315774202
7238588875538793480,7553154672204088340,0.018558148655516575
7238588875538793480,7566446773142979591,0.01592690282791931
7238588875538793480,7650649289911452693,0.0395512511000055
7238631407236580358,7271800847229633541,0.017267325876459884
7238631407236580358,7329677372679472133,0.014674532730048895
7238631407236580358,7352412606437704710,0.01519436910890881
7238631407236580358,7370877163489444869,0.015680987597767333
7238631407236580358,7384728630012806150,0.01583953088445554
7240198843681489922,7265249858515158022,0.027026051395742226
7240198843681489922,7274849324386223109,0.017137445343298478
7240198843681489922,7322149836118082565,0.020787495630175963
7240198843681489922,7478421096736359430,0.01516281440431661
7240198843681489922,7482314927051932679,0.023198202227771584
7240198843681489922,7483938801250042888,0.017353144740256704
7240198843681489922,7602605744538141716,0.019956228097696295
7240814661875057669,7253614148146316294,0.015407895139137514
7240814661875057669,7282408479507563526,0.015788581459324744
7240814661875057669,7283325250002830342,0.0197447903816629
7240814661875057669,7343513808779904005,0.01537982212832202
7240814661875057669,7350473960612905989,0.015569506704116796
7240814661875057669,7365461311374066694,0.015513641211497635
7240814661875057669,7377168369478452229,0.029861756693397724
7240814661875057669,7445331089281270789,0.01542178920043911
7240814661875057669,7522355226557662225,0.015349119133644673
7240814661875057669,7627890544752886791,0.02059459168831695
7241559016605746182,7313018902039839746,0.023964150267396945
7241559016605746182,7455566091059020817,0.01589315353281444
7241559016605746182,7496951292298249223,0.025574143680755643
7241559016605746182,7542789080502682641,0.01789214592357784
7241559016605746182,7591058387967886348,0.01798244392688101
7241559016605746182,7607445622497264647,0.016108648569867948
7248186267946959873,7257262932941259782,0.01609863086675511
7248186267946959873,7260730044916745221,0.015443181554905617
7248186267946959873,7322146719038014469,0.015520417712000174
7248186267946959873,7627263245217350674,0.01528458202700914
7248186267946959873,7627890544752886791,0.020942867717689405
7248186267946959873,7649746214976537620,0.015752712541616677
7248502263702291463,7254140507394245638,0.02147234166391213
7248502263702291463,7282408479507563526,0.12301102530023689
7248502263702291463,7325664758940943366,0.014916607425168042
7248502263702291463,7331684378399196166,0.045275796180574264
7248502263702291463,7352412606437704710,0.017029557851706758
7248502263702291463,7384818817710916613,0.08718810295180009
7248502263702291463,7481556266751230977,0.024664390655493532
7248502263702291463,7536548421932319751,0.01613793207716284
7248502263702291463,7627890544752886791,0.03551548068330976
7253614148146316294,7282408479507563526,0.015666427511691453
7253614148146316294,7350473960612905989,0.015408080645965046
7253614148146316294,7365461311374066694,0.01539631740292842
7253614148146316294,7445331089281270789,0.01526274235330769
7253614148146316294,7479929990818104327,0.024977950989176757
7253614148146316294,7484436088774624274,0.017511315070630223
7253614148146316294,7627890544752886791,0.018618355145543594
7253614148146316294,7641515667149145109,0.03127083609783766
7253614148146316294,7652707278761018388,0.014196045607968761
7254140507394245638,7274448121809142789,0.029872671579638015
7254140507394245638,7277563253713224709,0.029320926469685885
7254140507394245638,7278224508979872786,0.015854670082645413
7254140507394245638,7282408479507563526,0.02147234166391213
7254140507394245638,7300420401526604806,0.014709899232420467
7254140507394245638,7317979152307454981,0.018685144278539876
7254140507394245638,7334668853316273157,0.019217520321072764
7254140507394245638,7346971685042701317,0.015745361304799466
7254140507394245638,7355866766130152464,0.020047283463088223
7254140507394245638,7372215376808182789,0.028324935932354866
7254140507394245638,7377168369478452229,0.06399075318970486
7254140507394245638,7384818817710916613,0.04263285018612959
7254140507394245638,7388498135749903365,0.029872671579638015
7254140507394245638,7421159900989047814,0.03151852642003633
7254140507394245638,7450744199001637895,0.028524880728991807
7254140507394245638,7455150278313755655,0.029872671579638015
7254140507394245638,7457809067773297681,0.06845285466045953
7254140507394245638,7473109249481589776,0.019745771339542095
7254140507394245638,7478201262862681105,0.014925719516354399
7254140507394245638,7481929553658512439,0.03163403257210305
7254140507394245638,7484436088774624274,0.053331061734175816
7254140507394245638,7506867441839244344,0.019856674610018814
7254140507394245638,7512994775039083538,0.03705420629053813
7254140507394245638,7520091064683021319,0.02061901771142587
7254140507394245638,7523245655259759624,0.015366163029906834
7254140507394245638,7587437314005304341,0.017106897425489084
7254140507394245638,7599311463005832209,0.016086508065637377
7254140507394245638,7617823686238143508,0.04508548168241828
7254140507394245638,7627162419760890887,0.029872671579638015
7254140507394245638,7627890544752886791,0.18137731420881123
7254140507394245638,7641515667149145109,0.025655125410057895
7254140507394245638,7642599508594115605,0.06884064663141974
7254140507394245638,7652473478721979400,0.01429806699744289
7254140507394245638,81308061605,0.019856674610018814
7255353916123612165,7300287082403218437,0.01515312413196112
7255353916123612165,7305650093284197382,0.02887262818966356
7255353916123612165,7336113798451840018,0.014465916755885046
7255353916123612165,7355093638134744070,0.014658978907760682
7255353916123612165,7367299781642208262,0.014889401000657203
7255353916123612165,7400357743557297157,0.014864097461923876
7255353916123612165,7479929990818104327,0.015032322342620693
7255353916123612165,7606263940389946389,0.01500162313193065
7257089825308165126,7278599252681622533,0.03388146085918646
7257089825308165126,7420280666741621765,0.015023153768618685
7257089825308165126,7476774838238430216,0.015161568219152226
7257089825308165126,7481214404483417096,0.015619336237718297
7257089825308165126,7634034175490606101,0.015165782088603011
7257089825308165126,7641515667149145109,0.03294668558040103
7257089825308165126,7653909888418890773,0.030696498234976347
7257262932941259782,7276081914455933957,0.0244292582805724
7257262932941259782,7316445862590301189,0.02462508683963645
7257262932941259782,7321759691690951685,0.01599157991083286
7257262932941259782,7345372771347792902,0.0419976840711666
7257262932941259782,7406882852758012934,0.026428311812722458
7257262932941259782,7563951994022413330,0.03488432445216614
7257262932941259782,7627263245217350674,0.016025023929973955
7257262932941259782,7649746214976537620,0.015767551474524574
7258982582568846338,7322146719038014469,0.014969980605547098
7258982582568846338,7343513808779904005,0.024018808979296924
7258982582568846338,73466833727,0.019720976246403277
7258982582568846338,7501201778134893584,0.016017537496080713
7258982582568846338,7522355226557662225,0.018699156722802885
7258982582568846338,7634034175490606101,0.024467425842799588
7260730044916745221,7322146719038014469,0.01684134104905544
7260730044916745221,7327004404379370501,0.08439258055566119
7260730044916745221,7490286723617670162,0.027433956738204538
7260730044916745221,7505361348164092936,0.015995173591814953
7260730044916745221,7545673249791706113,0.027433956738204538
7260730044916745221,7547223971999417351,0.027433956738204538
7260730044916745221,7575529166674773008,0.01527838611683167
7260730044916745221,7649746214976537620,0.015712543011983066
7264489075083461633,7265249858515158022,0.018481942579487574
7264489075083461633,7276081914455933957,0.03355384373437284
7264489075083461633,7284988452844078087,0.016908300494167427
7264489075083461633,7446786283143169041,0.01604443244140706
7264489075083461633,7479292129044612104,0.043119870391353905
7264489075083461633,7515323874088748050,0.016075696899744127
7264489075083461633,7542789080502682641,0.02978675858704734
7264489075083461633,7592121729054213121,0.016470648104011106
7265249858515158022,7267057918439506950,0.02029198462408956
7265249858515158022,7276081914455933957,0.041708661135061824
7265249858515158022,7319387104206259206,0.015969394700436203
7265249858515158022,7479292129044612104,0.037563991388653906
7265249858515158022,7542789080502682641,0.025144056944347414
7267057918439506950,7278599252681622533,0.01745408033466258
7267057918439506950,7369653419626202117,0.01785712825686864
7267057918439506950,7482314927051932679,0.01685666119864709
7267057918439506950,7546553409273627653,0.03030700000281456
7267057918439506950,7592061582878065685,0.03222938248912176
7267057918439506950,81308061605,0.015807205997204143
7267937623179576325,7642911089734927378,0.014757874573246376
7270110578827150342,7327004404379370501,0.026528314241457036
7270110578827150342,7359896669410853893,0.015849836442351335
7270110578827150342,7485973175349232646,0.01660511751441175
7270110578827150342,7536548421932319751,0.01651739443388453
7271800847229633541,7286348668494988294,0.025997779560226603
7271800847229633541,7319919338914857990,0.06545472482139122
7271800847229633541,7329677372679472133,0.0257671195979472
7271800847229633541,7352412606437704710,0.015533984782824145
7271800847229633541,7370877163489444869,0.015390793564693351
7271800847229633541,7384728630012806150,0.016181471478557374
7271800847229633541,7575529166674773008,0.049463009738737844
7274448121809142789,7319472514870084614,0.01611595889452672
7274448121809142789,7467010964014023688,0.016592953960244693
7274448121809142789,7550661278433231879,0.014908023098559481
7274448121809142789,7627162419760890887,0.01658277046711131
7274448121809142789,7627890544752886791,0.04940971539348136
7274448121809142789,7635591227443250194,0.016242521199882617
7274448121809142789,86855738395926528,0.016210381236161166
7274849324386223109,7316163220909196294,0.015588529120863979
7274849324386223109,7355866766130152464,0.016129480590733537
7274849324386223109,7477085819511178248,0.015825368299049992
7274849324386223109,7477500974065042449,0.015560776076655538
7274849324386223109,7481929553658512439,0.01568182410485306
7274849324386223109,7565637171480052737,0.06281883189667904
7274849324386223109,7592061582878065685,0.016198554492105503
7276081914455933957,7346971685042701317,0.01493531484717507
7276081914455933957,7355093638134744070,0.01866815992619022
7276081914455933957,7377398977324647430,0.014692362867357808
7276081914455933957,7406882852758012934,0.019841504796174796
7276081914455933957,7479292129044612104,0.06895510229594816
7276081914455933957,7483938801250042888,0.02691325375326965
7276081914455933957,7488350271514821639,0.029966855838711785
7276081914455933957,7542789080502682641,0.04772143689351078
7276081914455933957,7568781196831409172,0.036730229851232366
7276081914455933957,7592121729054213121,0.026433773651327767
7277563253713224709,7421159900989047814,0.015282305337830239
7277563253713224709,7476774838238430216,0.01835658958616334
7277563253713224709,7587437314005304341,0.014704107602750864
7277563253713224709,7592121729054213121,0.015841744737659
7277563253713224709,7618421559720412178,0.01576610071370846
7277563253713224709,7627890544752886791,0.026607477287827596
7277563253713224709,7637056590491091976,0.02054369585252944
7277563253713224709,7652473478721979400,0.015604190582472966
7277563253713224709,7652707278761018388,0.015877204175140106
7278224508979872786,7459425028325852176,0.02555119388496175
7278224508979872786,7516118321939727361,0.016642899268991478
7278224508979872786,7627890544752886791,0.026223792349895546
7278599252681622533,7546553409273627653,0.01603890032997323
7278599252681622533,7641155549304505352,0.02008411159979237
7278599252681622533,7641515667149145109,0.03450535827553973
7282408479507563526,7331684378399196166,0.03015488105445694
7282408479507563526,7350473960612905989,0.015788772751516834
7282408479507563526,7365461311374066694,0.015860127343937686
7282408479507563526,7384818817710916613,0.08718810295180009
7282408479507563526,7445331089281270789,0.015635638089446825
7282408479507563526,7481556266751230977,0.024664390655493532
7282408479507563526,7536548421932319751,0.01613793207716284
7282408479507563526,7627890544752886791,0.03551548068330976
7283325250002830342,7336152171828904965,0.015883934308389448
7283325250002830342,7345041413702272001,0.015163728806846313
7283325250002830342,7352218265122636806,0.015863045289604857
7283325250002830342,7377168369478452229,0.021142919190444642
7283325250002830342,7448914803424510994,0.015361333017496306
7283325250002830342,7521728838495011848,0.01572218672080204
7283325250002830342,7533017467783808007,0.025164290481486613
7283325250002830342,7628866672606708757,0.016081583013481827
7284239018626466822,7365461311374066694,0.024969043615020278
7284239018626466822,7516118321939727361,0.017236392102599574
7284239018626466822,7571687209402532882,0.015643181977408896
7284239018626466822,7577673427314541589,0.016242035955913066
7284239018626466822,7627890544752886791,0.023186711610883756
7284988452844078087,7358103277785891846,0.023635407263295133
7284988452844078087,7496951292298249223,0.01945536346025687
7284988452844078087,7569967093475968008,0.04627448634996376
7284988452844078087,7642911089734927378,0.020892429571826774
7286348668494988294,7327004404379370501,0.044314378978132486
7286348668494988294,7336845122908406789,0.015425629321525799
7286348668494988294,7384818817710916613,0.03756091408727993
7300287082403218437,7336113798451840018,0.014392957506169526
7300287082403218437,7355093638134744070,0.014587527337669838
7300287082403218437,7367299781642208262,0.024665392431745047
7300287082403218437,7372140179509216261,0.01597765046840551
7300287082403218437,7400357743557297157,0.014708255932430012
7300287082403218437,7479929990818104327,0.014957576186064154
7300287082403218437,7606263940389946389,0.014841998351687726
7300287082403218437,7607445622497264647,0.02017635716805857
7300420401526604806,7322149836118082565,0.014530695817039014
7300420401526604806,7450744199001637895,0.014444211764756267
7300420401526604806,7608910206895195157,0.015129336661121894
7300420401526604806,7641515667149145109,0.01499303633164934
7300420401526604806,7652473478721979400,0.014051702446664148
7305650093284197382,7336113798451840018,0.015307146431044898
7305650093284197382,7371052403481969670,0.02304460937337286
7305650093284197382,7398639237263229958,0.01431081955123465
7305650093284197382,7481889367460938759,0.014352916080200038
7305650093284197382,7515323874088748050,0.021635847792293536
7305650093284197382,7602458307672884225,0.015413096366988734
7305828667954021382,7448255517355164673,0.015584449163183963
7305828667954021382,7510202614824551431,0.1515124613427129
7305828667954021382,7554403762245895188,0.01587490109369624
7305828667954021382,7566446773142979591,0.01552364956587518
7305828667954021382,7566639233809695765,0.0159516239450333
7309331808796460037,7317979152307454981,0.015597362872878622
7309331808796460037,7322149836118082565,0.016536677430062218
7309331808796460037,81308061605,0.01564425796522919
7311554831675458565,7321759691690951685,0.01609246597616505
7311554831675458565,7353257468749988869,0.03728723219071131
7311554831675458565,7421159900989047814,0.042764027476103944
7311554831675458565,7448914803424510994,0.024940991243614725
7311554831675458565,7488005359321629703,0.08872531881533363
7311554831675458565,7606263940389946389,0.015428326676847764
7311554831675458565,7627263245217350674,0.016061675520324968
7311615611494614021,7627890544752886791,0.022340426576151925
7313018902039839746,7327004404379370501,0.035694970522544674
7313018902039839746,7456307417581437958,0.016458620040957012
7313018902039839746,7496951292298249223,0.046890262262074614
7313018902039839746,7512754059523769352,0.037575687240628715
7313018902039839746,7568781196831409172,0.019703008307432535
7313053731345220614,7371052403481969670,0.0152635151421843
7313053731345220614,7491832625380934672,0.023063074297143642
7313053731345220614,7516118321939727361,0.018142365585323134
7313053731345220614,7591058387967886348,0.012400061151977147
7313053731345220614,7617823686238143508,0.0162518078928862
7313053731345220614,7643821011835061269,0.019284324962355607
7316163220909196294,7355866766130152464,0.015534073567184096
7316163220909196294,7476774838238430216,0.016988369334818974
7316163220909196294,7477500974065042449,0.01571356688396143
7316163220909196294,7481929553658512439,0.014850079808961733
7316445862590301189,7372140179509216261,0.01629866195574571
7316445862590301189,7396645252126671877,0.016591241813146477
7316445862590301189,7406972070422119441,0.02798169028819361
7316445862590301189,7433436837475779590,0.016771312746760508
7316445862590301189,7599093536964871189,0.01668538260637306
7316445862590301189,7627890544752886791,0.015957173914783563
7317979152307454981,7404745909576664070,0.015589291515292161
7317979152307454981,7491833609532605441,0.01613909969996299
7317979152307454981,7523217404127364112,0.015904587615772167
7317979152307454981,7627890544752886791,0.030905426668235713
7317979152307454981,81308061605,0.016225910755411327
7319387104206259206,7336152171828904965,0.015030810844320844
7319387104206259206,7457809067773297681,0.01530048116293661
7319387104206259206,7534390074759922704,0.01714754202286016
7319387104206259206,7627890544752886791,0.01604751383122945
7319472514870084614,7379787571319522310,0.015512980444240423
7319472514870084614,7383901183393448966,0.015557522845293452
7319472514870084614,7467010964014023688,0.016277350139819208
7319472514870084614,7627162419760890887,0.01594015489954448
7319919338914857990,73466833727,0.015432289226910988
7319919338914857990,7384728630012806150,0.016124161615180363
7319919338914857990,7445226957769507895,0.015162243073721228
7319919338914857990,7476795457228145681,0.015384775626565879
7319919338914857990,7481556266751230977,0.01568539042580963
7319919338914857990,7575529166674773008,0.06694960681406473
7321759691690951685,7331684378399196166,0.0520597742415456
7321759691690951685,7529488293902566407,0.016309117838412164
7321759691690951685,7575529166674773008,0.015489544420839399
7321759691690951685,7627263245217350674,0.016458959148252943
7322146719038014469,7505361348164092936,0.015912347039404855
7322146719038014469,7575529166674773008,0.015355836495548806
7322146719038014469,7649746214976537620,0.015630966112197362
7322149836118082565,7343513808779904005,0.019258419222468407
7322149836118082565,7372215376808182789,0.01481966898027654
7322149836118082565,7450744199001637895,0.014876404267213057
7322149836118082565,7476128992287441937,0.01481882380360947
7322149836118082565,7522349223884719105,0.015048111328976443
7322149836118082565,7627890544752886791,0.029963346140810847
7322149836118082565,7641515667149145109,0.014571504266009892
7322939222875325442,7404745909576664070,0.01503122479917254
7322939222875325442,7478865824552420372,0.01472568556785645
7322939222875325442,7546553409273627653,0.0290015675974415
7322939222875325442,7576621338477184018,0.01574487904869327
7323833518098056198,7346971685042701317,0.014886179892094651
7323833518098056198,7355012714336912390,0.014888278863425919
7323833518098056198,7486331907643393040,0.014871483042792327
7323833518098056198,7489802306281440276,0.015036867608773468
7323833518098056198,7534390074759922704,0.014820202452309267
7323951027022283777,7572718529432126480,0.015042438034864066
7323951027022283777,7591058387967886348,0.008668026558670267
7325141798954058758,7334668853316273157,0.017265230500364544
7325141798954058758,7336113798451840018,0.016364847439816727
7325141798954058758,7398639237263229958,0.03085000035154661
7325141798954058758,7456307417581437958,0.020904326647187894
7325664758940943366,7331684378399196166,0.01572753956907109
7325664758940943366,7354443424308167685,0.015540609220193086
7325664758940943366,7444920523094967314,0.015587169896915738
7325664758940943366,7459425028325852176,0.015615940007307219
7325664758940943366,93013606744592384,0.01506423373851566
7325664758940943366,95653080293068800,0.015398432083264201
7326825435546174471,7327004404379370501,0.028738904505672826
7326825435546174471,7328024330810950662,0.01574096192279845
7326825435546174471,7334668853316273157,0.015763643778119334
7326825435546174471,7507818955039278088,0.015946567162929665
7326825435546174471,7640716169255715857,0.01667595270927891
7327004404379370501,7355012714336912390,0.019550584629805034
7327004404379370501,7359896669410853893,0.020837593860465756
7327004404379370501,7400503260173730822,0.015082986967404243
7327004404379370501,7446786283143169041,0.040733653202333936
7327004404379370501,7453528540971172870,0.08439258055566119
7327004404379370501,7456307417581437958,0.043174696039553095
7327004404379370501,7459425028325852176,0.035461687940885424
7327004404379370501,7476128992287441937,0.045435513789989626
7327004404379370501,7490286723617670162,0.16253772877646783
7327004404379370501,7491832625380934672,0.020190278317299023
7327004404379370501,7501201778134893584,0.03693928583704477
7327004404379370501,7507877861438964754,0.05976896023198068
7327004404379370501,7523245655259759624,0.015381356768673162
7327004404379370501,7544921032646804487,0.04372417729779706
7327004404379370501,7545673249791706113,0.09752263726588069
7327004404379370501,7547223971999417351,0.09752263726588069
7327004404379370501,7566639233809695765,0.03206421976699905
7327004404379370501,7583691841695859720,0.015622794311802536
7327004404379370501,7584050819944596487,0.053805602376290965
7327004404379370501,7629259435181491218,0.03381583196025071
7327004404379370501,7629938843277640725,0.03581034272070765
7327004404379370501,7631155532019663879,0.05368918744618698
7327004404379370501,7640716169255715857,0.0419383664804912
7327004404379370501,7650741089351484436,0.015918938931654324
7328024330810950662,7355093638134744070,0.016579133587561752
7328024330810950662,7464192594000741377,0.021487866782114815
7328024330810950662,7479292129044612104,0.015874782152483443
7328024330810950662,7507818955039278088,0.015733689634641824
7329677372679472133,7352412606437704710,0.01676670744373463
7329677372679472133,7384728630012806150,0.016261922717964363
7329677372679472133,7455281387647304705,0.017866980336214998
7329677372679472133,7627890544752886791,0.015165990140116112
7331684378399196166,7352412606437704710,0.027713423758081834
7331684378399196166,7384818817710916613,0.020221325682511015
7331684378399196166,7444920523094967314,0.015670034413342953
7331684378399196166,7481556266751230977,0.04013813605278424
7331684378399196166,7529488293902566407,0.031201044439099507
7331684378399196166,7536548421932319751,0.026262417035609175
7331684378399196166,93013606744592384,0.16614955707666476
7331684378399196166,95653080293068800,0.015476287116165732
7333255393327449094,7384728630012806150,0.023383030279663992
7333255393327449094,7400503260173730822,0.016544945243773652
7333255393327449094,7553154672204088340,0.022425383026915713
7333255393327449094,7583691841695859720,0.016323325773067204
7333255393327449094,7650649289911452693,0.04779312697485535
7334668853316273157,7336113798451840018,0.01742821565128027
7334668853316273157,7446786283143169041,0.01670610492689701
7334668853316273157,7507818955039278088,0.01575637181643657
7334668853316273157,7516118321939727361,0.016087046686608673
7334668853316273157,7546553409273627653,0.02283061858409014
7334668853316273157,7627890544752886791,0.03178598228488795
7336113798451840018,7384728630012806150,0.020348526341375985
7336113798451840018,7398639237263229958,0.015297266668102036
7336113798451840018,7423293361527014405,0.016094697832921542
7336113798451840018,7516118321939727361,0.015930705392030783
7336113798451840018,7546553409273627653,0.01916571236403244
7336113798451840018,7602458307672884225,0.014641816553628654
7336113798451840018,7602605744538141716,0.030052294992436886
7336113798451840018,7627890544752886791,0.015331553584027394
7336152171828904965,7343513808779904005,0.050164852146671345
7336152171828904965,7345041413702272001,0.015647108807915082
7336152171828904965,7501201778134893584,0.028666001182746505
7336152171828904965,7522355226557662225,0.039054410777628015
7336152171828904965,7533017467783808007,0.015508339369249603
7336152171828904965,7545554271439078416,0.017512377576874166
7336152171828904965,7628866672606708757,0.015867239633797853
7336845122908406789,7388498135749903365,0.012602860676808303
7336845122908406789,7617823686238143508,0.015191000996482584
7336845122908406789,7627890544752886791,0.020081439572845704
7336845122908406789,7628866672606708757,0.03263037498105321
7336845122908406789,7650741089351484436,0.015376252529392852
7338600730439353346,7473109249481589776,0.0625847855740351
7338600730439353346,7575529166674773008,0.015202847958219573
7338600730439353346,7639298353755030529,0.015681814841704236
7343513808779904005,73466833727,0.024018808979296924
7343513808779904005,7362078617574441989,0.015647047530351243
7343513808779904005,7377168369478452229,0.027017305196252752
7343513808779904005,7457809067773297681,0.02247630324778415
7343513808779904005,7497789201774920725,0.02064679288459183
7343513808779904005,7501201778134893584,0.05264232071779996
7343513808779904005,7505361348164092936,0.022341650667254343
7343513808779904005,7522355226557662225,0.14496493033420577
7343513808779904005,7634034175490606101,0.02979966205478786
7344283645127885830,7400503260173730822,0.018319732859039494
7344283645127885830,7505361348164092936,0.01557925352667217
7345041413702272001,7488005359321629703,0.014867643077742809
7345041413702272001,7490286723617670162,0.014680777827481409
7345041413702272001,7547223971999417351,0.015666188386737345
7345041413702272001,7581801127412319248,0.015485986759671371
7345041413702272001,7628866672606708757,0.015155080385608475
7345372771347792902,7361451922681119749,0.01635579409702235
7345372771347792902,7406882852758012934,0.021132445556382894
7345372771347792902,7563951994022413330,0.03159168395703539
73466833727,7445226957769507895,0.015318923836917152
73466833727,7476795457228145681,0.01599547890613415
73466833727,7522355226557662225,0.018699156722802885
73466833727,7634034175490606101,0.024467425842799588
7346971685042701317,7377398977324647430,0.014771604572514219
7346971685042701317,7406972070422119441,0.01577964496323916
7346971685042701317,7486331907643393040,0.014855382953197167
7346971685042701317,7489802306281440276,0.014927715037564014
7346971685042701317,7491833609532605441,0.062027489149338026
7346971685042701317,7534390074759922704,0.01490075810811603
7346971685042701317,7627890544752886791,0.026042994472846644
7346971685042701317,7643821011835061269,0.015135869446839242
7348055396504044550,7369653419626202117,0.015958294324499776
7348055396504044550,7546926530825077778,0.04807779193436614
7348055396504044550,7584050819944596487,0.01590347370307546
7348055396504044550,7602605744538141716,0.01601538648612374
7348055396504044550,7626262691652420629,0.01622323911246702
7350473960612905989,7361451922681119749,0.03292345090269907
7350473960612905989,7365461311374066694,0.015513828516382
7350473960612905989,7445331089281270789,0.015421613996307414
7350473960612905989,7453778116689118215,0.027496089592051885
7350473960612905989,7481889367460938759,0.014652945822313728
7350473960612905989,7495411659411948599,0.13034684145195324
7352218265122636806,7448914803424510994,0.015585813568942612
7352218265122636806,7505361348164092936,0.02195292867175892
7352218265122636806,7521728838495011848,0.01594049675108221
7352218265122636806,7533017467783808007,0.01591525275695529
7352218265122636806,7545857000773616658,0.015541389920188248
7352218265122636806,7628866672606708757,0.015529533904100643
7352412606437704710,7481556266751230977,0.022667464969805894
7352412606437704710,7520091064683021319,0.01917492842950325
7353257468749988869,7421159900989047814,0.060766589808012146
7353257468749988869,7448914803424510994,0.059067518260639613
7353257468749988869,7488005359321629703,0.12607640982948132
7353257468749988869,7531066706552275986,0.016354210919736878
7354443424308167685,7423293361527014405,0.034373393807034
7354443424308167685,7444920523094967314,0.015722034320680367
7354443424308167685,7495411659411948599,0.020801417306144206
7354443424308167685,7604788544276333586,0.026080875916048393
7354443424308167685,95653080293068800,0.015526174215960292
7355012714336912390,7367299781642208262,0.017825220225819904
7355012714336912390,7400357743557297157,0.017888494948585267
7355012714336912390,7486331907643393040,0.014823818846206527
7355093638134744070,7377168369478452229,0.030227882861460335
7355093638134744070,7479292129044612104,0.0195807581036788
7355093638134744070,7479929990818104327,0.014739576480082771
7355093638134744070,7563951994022413330,0.030791638274520874
7355093638134744070,7602458307672884225,0.014632799733167947
7355093638134744070,7604788544276333586,0.020800367502214884
7355866766130152464,7477085819511178248,0.015534102849246485
7355866766130152464,7477500974065042449,0.015506614433425072
7355866766130152464,7481929553658512439,0.015391870201849598
7355866766130152464,7520091064683021319,0.09128012873952371
7355866766130152464,7627890544752886791,0.03315841931589424
7358103277785891846,7377168369478452229,0.017533463608734652
7358103277785891846,7479292129044612104,0.0161621913694262
7358103277785891846,7496951292298249223,0.021478346123561767
7358103277785891846,7533017467783808007,0.015318018449976361
7358103277785891846,7587437314005304341,0.01778568767926033
7358103277785891846,7627890544752886791,0.022480000582421614
7359896669410853893,7393933502537204742,0.016267252063006016
7359896669410853893,7485973175349232646,0.016039171573066193
7359896669410853893,7536548421932319751,0.016133649840624747
7361451922681119749,7495411659411948599,0.025991766013504666
7361451922681119749,7501201778134893584,0.017978668686568656
7361451922681119749,7506867441839244344,0.01624687060262227
7361451922681119749,7604788544276333586,0.017734912402340444
7362078617574441989,7445331089281270789,0.030938094828344267
7362078617574441989,7522355226557662225,0.015684115423777446
7362078617574441989,7635591227443250194,0.020417976716528372
7363450236825797637,7379787571319522310,0.015847527623059004
7363450236825797637,7383901183393448966,0.01611765942803105
7363450236825797637,7393933502537204742,0.016450486323788954
7363450236825797637,7550661278433231879,0.015183848275855947
7365461311374066694,7627890544752886791,0.019082844988456964
7367247089417896965,7453528540971172870,0.016578996207586304
7367247089417896965,7493882569899394065,0.015940380488815752
7367247089417896965,7512994775039083538,0.021179928466773888
7367247089417896965,7523217404127364112,0.015953463550612564
7367247089417896965,7585530131923682324,0.016339217069725943
7367247089417896965,7627890544752886791,0.021363947959795883
7367247089417896965,7653816056004543508,0.016815162695158172
7367247089417896965,7653909888418890773,0.014655307430322681
7367299781642208262,7393933502537204742,0.01765085653230595
7367299781642208262,7400357743557297157,0.026603714788134936
7367299781642208262,7479929990818104327,0.01461145084325859
7367299781642208262,7606263940389946389,0.015597455583772232
7367299781642208262,7627263245217350674,0.025585965386649322
7369653419626202117,7491832625380934672,0.02147362352290644
7369653419626202117,7526895629398737928,0.015965714249209055
7369653419626202117,7577673427314541589,0.03139271382783245
7370877163489444869,7371052403481969670,0.014622842417203099
7370877163489444869,7542789080502682641,0.01455127545752109
7371052403481969670,7507877861438964754,0.019766735609947874
7371052403481969670,7515323874088748050,0.018055468460758745
7371052403481969670,7542789080502682641,0.015975976473854556
7371052403481969670,7581801127412319248,0.01930027251981894
7372140179509216261,7396645252126671877,0.016567919925480637
7372140179509216261,7406972070422119441,0.016697606118604373
7372140179509216261,7433436837475779590,0.016202072622191005
7372140179509216261,7481214404483417096,0.020380161311866554
7372140179509216261,7497789201774920725,0.0169228248969351
7372140179509216261,7499493589689779218,0.01863406749850345
7372140179509216261,7599093536964871189,0.01647314334205258
7372215376808182789,7384818817710916613,0.014578324572748592
7372215376808182789,7476128992287441937,0.014776931280725101
7372215376808182789,7522349223884719105,0.014490951727481494
7372215376808182789,7627890544752886791,0.02427130321164269
7377168369478452229,7448255517355164673,0.01626236602619622
7377168369478452229,7457809067773297681,0.019624555578494813
7377168369478452229,7484436088774624274,0.02004547226284948
7377168369478452229,7501201778134893584,0.022119033468670824
7377168369478452229,7522355226557662225,0.021033550186771794
7377168369478452229,7627890544752886791,0.03868823649249196
7377398977324647430,7489802306281440276,0.01462024044143837
7377398977324647430,7643821011835061269,0.014997520718639197
7379787571319522310,7383901183393448966,0.015670376498736104
7379787571319522310,7393933502537204742,0.015692546064566017
7383901183393448966,7393933502537204742,0.015958119592103397
7384728630012806150,7488350271514821639,0.020160336765447318
7384728630012806150,7495411659411948599,0.03945106263586994
7384728630012806150,7550661278433231879,0.032748253301732366
7384728630012806150,7602605744538141716,0.08185865568227474
7384728630012806150,7626262691652420629,0.043498052454056496
7384818817710916613,7450744199001637895,0.01451295757155628
7384818817710916613,7522349223884719105,0.014673529125907941
7384818817710916613,7627890544752886791,0.04763209646698234
7388498135749903365,7627890544752886791,0.04940971539348136
7388498135749903365,7641155549304505352,0.012880814060653275
7388498135749903365,7650741089351484436,0.01304317437494676
7396645252126671877,7406972070422119441,0.016403678460330966
7396645252126671877,7433436837475779590,0.01649474794392973
7396645252126671877,7483938801250042888,0.016023746035013914
7396645252126671877,7581801127412319248,0.029025493225315363
7396645252126671877,7599093536964871189,0.016765646661400506
7398639237263229958,7481889367460938759,0.014456271088423445
7398639237263229958,7497789201774920725,0.013868633068017727
7398639237263229958,7563951994022413330,0.015033239178170291
7398639237263229958,7569967093475968008,0.01548722570068125
7400357743557297157,7479929990818104327,0.014586320353108924
7400357743557297157,7606263940389946389,0.01562273775254216
7400357743557297157,7608910206895195157,0.015469093405738907
7400503260173730822,7453778116689118215,0.015956908950489793
7400503260173730822,7464192594000741377,0.016035313702986165
7400503260173730822,7583691841695859720,0.015961631265063468
7404745909576664070,7478865824552420372,0.016048876631794218
7404745909576664070,7523245655259759624,0.015262595305411592
7404745909576664070,7546553409273627653,0.015670848645811787
7404745909576664070,7576621338477184018,0.016038029090370443
7406882852758012934,7467010964014023688,0.017608395098013752
7406882852758012934,7516118321939727361,0.017126244472303865
7406882852758012934,7546926530825077778,0.020981669760564578
7406882852758012934,7563951994022413330,0.020002590985527664
7406972070422119441,7433436837475779590,0.01603772690022366
7406972070422119441,7483938801250042888,0.016483688176207767
7406972070422119441,7599093536964871189,0.016308900633346824
7420280666741621765,7476774838238430216,0.014906691474886427
7420280666741621765,7484436088774624274,0.014870761806278153
7420280666741621765,7642599508594115605,0.01497213530285319
7420280666741621765,7648650172402435093,0.025479126427123258
7420280666741621765,7654157094572098561,0.015069936838498901
7421159900989047814,7448914803424510994,0.040646057517873556
7421159900989047814,7478201262862681105,0.015360295275846557
7421159900989047814,7488005359321629703,0.24099111756988925
7421159900989047814,7510202614824551431,0.015723266059961598
7421159900989047814,7587437314005304341,0.01651069016232239
7421159900989047814,7618421559720412178,0.0166893840859672
7421159900989047814,7627890544752886791,0.05213197674283101
7421159900989047814,7652473478721979400,0.014950347674591658
7421159900989047814,7652707278761018388,0.015252946678517044
7421159900989047814,7653078869913863175,0.01568396891687997
7423293361527014405,7489802306281440276,0.021163752809290226
7433436837475779590,7483938801250042888,0.01565741672739174
7433436837475779590,7599093536964871189,0.016588920048783994
7444920523094967314,7618421559720412178,0.021233695510955896
7444920523094967314,95653080293068800,0.01557202106972243
7445226957769507895,7476795457228145681,0.015273019853228624
7445226957769507895,7481556266751230977,0.015531736805510857
7445331089281270789,7476128992287441937,0.0206492796883043
7445331089281270789,7627890544752886791,0.017560195710869867
7446786283143169041,7456307417581437958,0.016124581141119036
7446786283143169041,7512994775039083538,0.015234673878815585
7448255517355164673,7554403762245895188,0.01639439259648965
7448255517355164673,7566639233809695765,0.01631159292282899
7448255517355164673,7599311463005832209,0.015730298141553578
7448914803424510994,7488005359321629703,0.0843310283128711
7448914803424510994,7533017467783808007,0.015419249951002382
7448914803424510994,7545857000773616658,0.01637409620205759
7450744199001637895,7522349223884719105,0.014599726779045823
7450744199001637895,7627890544752886791,0.023873466034551014
7450744199001637895,7641515667149145109,0.014482405332666325
7453528540971172870,7490286723617670162,0.027433956738204538
7453528540971172870,7493882569899394065,0.01626323569693088
7453528540971172870,7545673249791706113,0.027433956738204538
7453528540971172870,7547223971999417351,0.027433956738204538
7453528540971172870,7585530131923682324,0.016012177302706772
7453528540971172870,7653816056004543508,0.016485163687945028
7453528540971172870,7653909888418890773,0.015018535031528977
7453778116689118215,7495411659411948599,0.04009987102896333
7453778116689118215,7583691841695859720,0.016497687112665575
7453778116689118215,7602605744538141716,0.023661454671316546
7453778116689118215,7607445622497264647,0.022575532019110577
7453778116689118215,95653080293068800,0.018010929245361504
7455150278313755655,7478421096736359430,0.015609855111512104
7455150278313755655,7518436263998063623,0.015960282487707395
7455150278313755655,7627890544752886791,0.04940971539348136
7455281387647304705,7467010964014023688,0.024183071776740204
7455281387647304705,7496951292298249223,0.020837078941817494
7455281387647304705,7553154672204088340,0.016369534019400767
7455566091059020817,7464192594000741377,0.015777541834695465
7455566091059020817,7607445622497264647,0.015853680305967264
7455566091059020817,7627890544752886791,0.02284478346853615
7455566091059020817,95775519061,0.017681080131272123
7456307417581437958,7496951292298249223,0.016478420677893242
7457809067773297681,7533017467783808007,0.02694448754310265
7457809067773297681,7627890544752886791,0.04138598309413419
7457809067773297681,7642911089734927378,0.03019621385149545
7459425028325852176,7501201778134893584,0.027456525597712715
7459425028325852176,7576621338477184018,0.025238654389381533
7459425028325852176,93013606744592384,0.01503399567027657
7459425028325852176,95653080293068800,0.015432043215479488
7464192594000741377,7592061582878065685,0.02008724435491691
7467010964014023688,7592121729054213121,0.018111241600009025
7467010964014023688,7627162419760890887,0.016415318242091134
7467010964014023688,7635591227443250194,0.016075118891923097
7467010964014023688,86855738395926528,0.016042990726597626
7473109249481589776,7576621338477184018,0.015271197364227673
7473109249481589776,7627890544752886791,0.03265971506802066
7476128992287441937,7507877861438964754,0.042372802037068134
7476128992287441937,7522349223884719105,0.014490185919423549
7476774838238430216,7481214404483417096,0.016468738151996138
7476774838238430216,7512754059523769352,0.01583674000548842
7477085819511178248,7481929553658512439,0.016796216642070743
7477085819511178248,7529488293902566407,0.019780406707366915
7478201262862681105,7479292129044612104,0.01569407296733255
7478201262862681105,7510202614824551431,0.016932708496909782
7478201262862681105,7587437314005304341,0.014643570044170795
7478201262862681105,7618421559720412178,0.01483937640173218
7478201262862681105,7627890544752886791,0.02468729826791533
7478201262862681105,7653078869913863175,0.01697433025721098
7478421096736359430,7518436263998063623,0.01564273896192448
7478421096736359430,7545673249791706113,0.01510729846235058
7478865824552420372,7523245655259759624,0.01498169946095649
7478865824552420372,7546553409273627653,0.015386987552146127
7478865824552420372,7576621338477184018,0.015697812398359663
7479292129044612104,7510202614824551431,0.01529054568136794
7479292129044612104,7542789080502682641,0.06121352300781205
7479292129044612104,7592121729054213121,0.03505714263328252
7479292129044612104,7653078869913863175,0.01533117330182351
7479929990818104327,7484436088774624274,0.021631610496523592
7479929990818104327,7606263940389946389,0.014718033669412553
7481214404483417096,7499493589689779218,0.015562466652454596
7481214404483417096,7512754059523769352,0.01576127909637066
7481556266751230977,7536548421932319751,0.021480652241803986
7481889367460938759,7495411659411948599,0.019301485718795554
7481889367460938759,7563951994022413330,0.015503170089641326
7481889367460938759,7569967093475968008,0.015165331263840242
7481889367460938759,7627890544752886791,0.01707044078535912
7481929553658512439,7627890544752886791,0.052323025142522954
7482314927051932679,7546553409273627653,0.020648244680172283
7482314927051932679,7569967093475968008,0.02989933620879366
7482314927051932679,7592061582878065685,0.0236616247139122
7482314927051932679,7642911089734927378,0.03331296705496012
7483938801250042888,7488350271514821639,0.020074940230449905
7483938801250042888,7553154672204088340,0.021590522012632576
7483938801250042888,7599093536964871189,0.01592893005784003
7484436088774624274,7510202614824551431,0.01575932952606308
7484436088774624274,7520091064683021319,0.031831929850797205
7484436088774624274,7627890544752886791,0.032243482470830385
7484436088774624274,7642599508594115605,0.032696616405517354
7484436088774624274,7648650172402435093,0.01481984028974859
7484436088774624274,7654157094572098561,0.015192281223004415
7485973175349232646,7536548421932319751,0.01670875557277747
7486331907643393040,7489802306281440276,0.014912684890150048
7486331907643393040,7534390074759922704,0.014790149280859493
7486331907643393040,7639298353755030529,0.1429883942914599
7488005359321629703,7571687209402532882,0.030342231713351972
7488350271514821639,7626262691652420629,0.018028796405477315
7488350271514821639,7629259435181491218,0.01580952194117516
7489802306281440276,7534390074759922704,0.014861397302350653
7489802306281440276,7569967093475968008,0.025937841975884498
7489802306281440276,7635591227443250194,0.016957807590204467
7490286723617670162,7545673249791706113,0.031702215930975136
7490286723617670162,7547223971999417351,0.04638969599359953
7490286723617670162,7584050819944596487,0.017490880811384106
7490286723617670162,7631155532019663879,0.01745303717471456
7491832625380934672,7499493589689779218,0.027666143295557572
7491832625380934672,7643821011835061269,0.02969821324752172
7491833609532605441,7523217404127364112,0.0160408154153118
7491833609532605441,7568781196831409172,0.016230645046815997
7491833609532605441,7627890544752886791,0.01707951222815633
7491833609532605441,81308061605,0.01608851792385822
7493882569899394065,7585530131923682324,0.015377438333954288
7493882569899394065,7653816056004543508,0.015846063302222824
7493882569899394065,7653909888418890773,0.014339708793513555
7495411659411948599,7550661278433231879,0.11226599901903017
7495411659411948599,7602605744538141716,0.030273486430358636
7495411659411948599,7607445622497264647,0.028884110116322095
7495411659411948599,93013606744592384,0.01537420404461638
7496951292298249223,7627890544752886791,0.018504296416207586
7496951292298249223,7642911089734927378,0.01939851991175551
7497789201774920725,7499493589689779218,0.0167755634477061
7497789201774920725,7627890544752886791,0.025873929647526096
7499493589689779218,7563951994022413330,0.014794944314787766
7501201778134893584,7507877861438964754,0.022675337495844352
7501201778134893584,7522355226557662225,0.04098317307084929
7501201778134893584,7604788544276333586,0.021811004807510182
7501201778134893584,7629259435181491218,0.01610102879222298
7501201778134893584,7634034175490606101,0.019872642508815607
7501664443560084488,7526895629398737928,0.016578812039117003
7501664443560084488,7546926530825077778,0.0162216205189174
7505361348164092936,7522355226557662225,0.017393453090584158
7505361348164092936,7627890544752886791,0.020612443412153743
7506867441839244344,7507877861438964754,0.015880098555087766
7506867441839244344,7550661278433231879,0.028110632778093878
7506867441839244344,7627890544752886791,0.032843150252779826
7506867441839244344,81308061605,0.07014537282162675
7507877861438964754,7547223971999417351,0.019429422094874336
7510202614824551431,7533017467783808007,0.015211246708603486
7510202614824551431,7568781196831409172,0.016391059459083403
7510202614824551431,7587437314005304341,0.015010683633877862
7510202614824551431,7618421559720412178,0.015202965218116263
7510202614824551431,7652707278761018388,0.01382103348136103
7510202614824551431,7653078869913863175,0.01725486858954061
7512754059523769352,7642599508594115605,0.014996491319124406
7512754059523769352,7648650172402435093,0.014712574209069003
7512754059523769352,7654157094572098561,0.015097440686133152
7512994775039083538,7545673249791706113,0.015123383315072595
7512994775039083538,7627890544752886791,0.022402641390390148
7515323874088748050,7530213210042729490,0.016215586447673846
7515323874088748050,7544921032646804487,0.015583694897889435
7515323874088748050,7608910206895195157,0.016238385192109288
7516118321939727361,7546553409273627653,0.01682733798304402
7520091064683021319,7627890544752886791,0.03410407382207925
7520091064683021319,7642599508594115605,0.037106142537427084
7521728838495011848,7533017467783808007,0.015775800233974104
7521728838495011848,7545857000773616658,0.015676346940231158
7521728838495011848,7546926530825077778,0.018808343697750418
7521728838495011848,7607445622497264647,0.017474784386208104
7522349223884719105,7566639233809695765,0.06138419822324469
7522355226557662225,7634034175490606101,0.02319967453545865
7523217404127364112,7568781196831409172,0.016082624381284036
7523245655259759624,7627890544752886791,0.025415796507301608
7529488293902566407,7566446773142979591,0.014736342444322393
7530213210042729490,7544921032646804487,0.015975109658485646
7530213210042729490,7608910206895195157,0.016612784655726347
7530213210042729490,95775519061,0.015621324800529204
7531066706552275986,7627890544752886791,0.0167487045594716
7533017467783808007,7545857000773616658,0.015372963021873607
7533017467783808007,7628866672606708757,0.01570753731390348
7534390074759922704,7643821011835061269,0.029153079144524457
7542789080502682641,7592121729054213121,0.02346605773484479
7542789080502682641,7627890544752886791,0.020416977349608026
7544921032646804487,7608910206895195157,0.015954604242785445
7545554271439078416,7626262691652420629,0.01592613715992279
7545673249791706113,7547223971999417351,0.052837026551625234
7545673249791706113,7584050819944596487,0.017490880811384106
7545673249791706113,7631155532019663879,0.01745303717471456
7546553409273627653,7592061582878065685,0.04428303469079395
7546553409273627653,7627890544752886791,0.020294693949597726
7546926530825077778,7577673427314541589,0.027675384833444932
7546926530825077778,7607445622497264647,0.03224446760633162
7547223971999417351,7584050819944596487,0.017490880811384106
7547223971999417351,7631155532019663879,0.01745303717471456
7550661278433231879,81308061605,0.028110632778093878
7553154672204088340,7650649289911452693,0.020798395557929613
7554403762245895188,7566639233809695765,0.0166109891956823
7554403762245895188,7631155532019663879,0.015642020981767528
7565406894694269953,7627890544752886791,0.014890077905237182
7565637171480052737,7639298353755030529,0.06183386513522794
7565637171480052737,7640716169255715857,0.016221074037904282
7566446773142979591,7631155532019663879,0.015457893678321687
7566639233809695765,7640716169255715857,0.018605490421141718
7568781196831409172,7642911089734927378,0.01865516832526236
7569967093475968008,7642911089734927378,0.04165484355837939
7571687209402532882,7577673427314541589,0.01555785526778692
7575529166674773008,7627263245217350674,0.015522240299077499
7575529166674773008,7639298353755030529,0.015173540082712022
7576621338477184018,7627890544752886791,0.01706793894758544
7577673427314541589,7602458307672884225,0.03775105540935551
7577673427314541589,7607445622497264647,0.029277839447674092
7577673427314541589,7627890544752886791,0.016772808589681075
7581801127412319248,7627890544752886791,0.01623224301996005
7583691841695859720,7627890544752886791,0.02004015888220166
7585530131923682324,7653816056004543508,0.016427253042878738
7587437314005304341,7618421559720412178,0.016099042544174335
7587437314005304341,7627890544752886791,0.02829498964649137
7587437314005304341,7652473478721979400,0.014352682362213133
7587437314005304341,7652707278761018388,0.01467449121440343
7587437314005304341,7653078869913863175,0.014971011314869104
7591058387967886348,7629938843277640725,0.022911549887633244
7591058387967886348,7635591227443250194,0.009215777722186094
7592061582878065685,7629938843277640725,0.015426513145544447
7592121729054213121,7618421559720412178,0.0156950747353384
7592121729054213121,7652473478721979400,0.024707156950708842
7592121729054213121,7652707278761018388,0.01587197223343957
7599311463005832209,7627890544752886791,0.02660725483086225
7602458307672884225,7627890544752886791,0.015573568673182183
7602605744538141716,7607445622497264647,0.02618225260799963
7604788544276333586,7629259435181491218,0.015777230995165384
7608910206895195157,95775519061,0.01560117525524966
7617823686238143508,7627890544752886791,0.027258278591225277
7617823686238143508,7650741089351484436,0.01481948416754137
7618421559720412178,7652473478721979400,0.015448059492557276
7618421559720412178,7652707278761018388,0.015736775033594576
7618421559720412178,7653078869913863175,0.015163653312219465
7627162419760890887,7627890544752886791,0.04940971539348136
7627162419760890887,7635591227443250194,0.016444808251616462
7627162419760890887,86855738395926528,0.016412634713725283
7627890544752886791,7629938843277640725,0.01739542163777744
7627890544752886791,7641515667149145109,0.018228166670816184
7627890544752886791,7642599508594115605,0.041620438648015866
7627890544752886791,7654157094572098561,0.017354159759917595
7627890544752886791,81308061605,0.032843150252779826
7627890544752886791,93013606744592384,0.016263690140748365
7629259435181491218,7653078869913863175,0.015541501259586178
7634034175490606101,7648650172402435093,0.01456010840719861
7635591227443250194,86855738395926528,0.016751298760216145
7637056590491091976,7641155549304505352,0.014678147123341199
7641155549304505352,7650649289911452693,0.014657115292885072
7641515667149145109,7652707278761018388,0.013898536330718785
7642599508594115605,7648650172402435093,0.01659259877987178
7642599508594115605,7654157094572098561,0.02492927191449191
7643821011835061269,7649746214976537620,0.01992605137599023
7648650172402435093,7654157094572098561,0.016460585137796947
7652473478721979400,7652707278761018388,0.015634403496520035
7652473478721979400,7654157094572098561,0.020651350567076406
7652707278761018388,7653078869913863175,0.013783165233848387
7653816056004543508,7653909888418890773,0.014565900308656232
81308061605,95775519061,0.015423571314769952
