source,target,weight
106026740199636992,6545402399622742017,0.01612069060542805
106026740199636992,6603342286892646401,0.015592703588194975
106026740199636992,6797983925664302082,0.015847460865342198
106026740199636992,6853606251437016066,0.01636816723685822
106026740199636992,6869604967994541057,0.01614006413539549
106026740199636992,6881613830130418689,0.01623519987791974
106026740199636992,6886446824174076930,0.01622700329848719
106026740199636992,6924145368151442437,0.015825558524703295
106026740199636992,6924904614709969921,0.01827802199638926
106026740199636992,7096068961858765826,0.027081962409576013
106026740199636992,7226016778555556890,0.015619566850427246
106026740199636992,7254140507394245638,0.023968490710995227
106026740199636992,7326825435546174471,0.015649707778056424
106026740199636992,7358103277785891846,0.015671486993318943
106026740199636992,7398639237263229958,0.017045032360536793
106026740199636992,7444920523094967314,0.015965533056056497
106026740199636992,7507818955039278088,0.015642273775109263
119419377912877056,6788785074981815297,0.015092704700747786
119419377912877056,6801315654327976962,0.01782267620697701
119419377912877056,6870516830428201985,0.015804391540433217
119419377912877056,6922636080495952898,0.05770229438378579
119419377912877056,6934842504743879681,0.015186770540390953
119419377912877056,7020605956485940251,0.015126837978300944
119419377912877056,7144238456486331418,0.017327435550814906
119419377912877056,7238631407236580358,0.01581305029411461
119419377912877056,7271800847229633541,0.016129819370939234
119419377912877056,7321759691690951685,0.023785320391654815
119419377912877056,7329677372679472133,0.016744798322362028
119419377912877056,7331684378399196166,0.0422495298261066
119419377912877056,7352412606437704710,0.017087054883029452
119419377912877056,7370877163489444869,0.014213029791690167
119419377912877056,7384728630012806150,0.017422710787754214
119419377912877056,7476774838238430216,0.016320105574317588
121271840324419584,6528922039171481602,0.020882426174154204
121271840324419584,6596423911494434817,0.016266566335566335
121271840324419584,6808778790597116929,0.029950626314566856
121271840324419584,6858020241664181249,0.015028514990334715
121271840324419584,6959045098000991234,0.03891025473392446
121271840324419584,7001471155397248001,0.015809297159681553
121271840324419584,7005622091391714330,0.015852970551897983
121271840324419584,7012228858045465601,0.015723835420272947
121271840324419584,7060374955943003137,0.015806973650740786
121271840324419584,70836239101,0.01544062174471606
121271840324419584,7084186676168508442,0.01753319228131042
121271840324419584,7096897188358456322,0.014168459937296271
121271840324419584,7113527717450810370,0.015216493601026206
121271840324419584,7319387104206259206,0.015226460998106527
121271840324419584,7478421096736359430,0.015586672537567351
121271840324419584,7516118321939727361,0.020908040705000613
134975594403930112,6541639334453215233,0.015477045067123486
134975594403930112,6596423911494434817,0.019563253192015007
134975594403930112,6603342286892646401,0.021408570555515875
134975594403930112,6616200298652958722,0.015735205642907268
134975594403930112,6837516209820517378,0.01920688765025962
134975594403930112,6840729921989297153,0.016641252890572885
134975594403930112,6858020241664181249,0.021365052959962803
134975594403930112,6866036800730088449,0.018775637100943827
134975594403930112,6869941060425237506,0.01729135693626016
134975594403930112,6871752909106938881,0.027183434975133244
134975594403930112,6872243314772345857,0.03011377287015453
134975594403930112,6876731745220920321,0.01632701576547151
134975594403930112,6878826082558428161,0.031373630550470634
134975594403930112,6909664281428820994,0.015521612453306957
134975594403930112,6915746450216748033,0.018420911394167964
134975594403930112,6924145368151442437,0.02409911657920733
134975594403930112,6932353646320108546,0.016549573570238275
134975594403930112,6949516198539346945,0.03209349893491691
134975594403930112,6967196401395139585,0.028923597220630193
134975594403930112,6971392711799964673,0.025774413014690613
134975594403930112,7105261059741565979,0.01477588001487848
134975594403930112,7135414649268880411,0.020659794998153905
134975594403930112,7154384053285078043,0.023722985772723713
134975594403930112,7238631407236580358,0.014706791656917345
134975594403930112,7254140507394245638,0.03810410360997888
134975594403930112,7264489075083461633,0.02364331680145909
134975594403930112,7370877163489444869,0.01618570312954294
134975594403930112,7479292129044612104,0.04679310364288977
134975594403930112,7488350271514821639,0.02135732554276264
134975594403930112,7592121729054213121,0.02314141632590736
1690141112168498,6770581281769686017,0.03278559471243362
1690141112168498,6814495638986720257,0.03160193059788289
1690141112168498,6870129679489238018,0.03160193059788289
1690141112168498,6918855608540644354,0.3127029806200956
1690141112168498,6964970683512931333,0.37257136569038013
1690141112168498,6978315681420264450,0.027636713795678856
1690141112168498,6992412727014048794,0.37257136569038013
1690141112168498,7003685691104576514,0.01690406643896207
1690141112168498,7025256146383324187,0.014120334851023366
1690141112168498,7039129332460274714,0.015023496332675882
1690141112168498,7054007488706429979,0.02996865184194874
1690141112168498,7060028465760486402,0.37257136569038013
1690141112168498,7113527717450810370,0.04395437741608814
1690141112168498,7150266661496472582,0.01466692501343919
1690141112168498,7195479055549924378,0.04203905334488544
1690141112168498,7238588875538793480,0.020798555673653536
1690141112168498,7333255393327449094,0.02513843750710242
1690141112168498,7338600730439353346,0.023789193140710437
1690141112168498,7421159900989047814,0.04176325638773373
1690141112168498,7423293361527014405,0.03932587662501336
1690141112168498,7481889367460938759,0.021710136672539865
1690141112168498,7650649289911452693,0.024589392096509555
6509672677845843969,6770581281769686017,0.0441822356241953
6509672677845843969,6826232852025263106,0.015405810851669114
6509672677845843969,6829077348115170306,0.015725758833567
6509672677845843969,6843726665424585734,0.02928474635904861
6509672677845843969,6968718267481490433,0.015200407499857488
6509672677845843969,7056589938901664769,0.06560080725287741
6509672677845843969,7131585685501363202,0.015725758833567
6509672677845843969,7192960927724127233,0.03150421392083998
6509672677845843969,7198497671228834818,0.015125064873878389
6509672677845843969,7211458676926071835,0.016265458432615326
6509672677845843969,7254140507394245638,0.020249330082473694
6509672677845843969,7331684378399196166,0.01791794880879995
6509672677845843969,7420280666741621765,0.015134304710245464
6509672677845843969,7512754059523769352,0.015418876214758973
6509672677845843969,7642599508594115605,0.016734851202496633
6509672677845843969,7648650172402435093,0.016448295504405425
6509672677845843969,7653816056004543508,0.017649462814627485
6509672677845843969,7654157094572098561,0.01680528354553085
6522784619803181057,6692715763562480642,0.015456424004852712
6522784619803181057,6704873244695118850,0.015469760054486907
6522784619803181057,6829077348115170306,0.021923614046061028
6522784619803181057,6851223366805210113,0.014621222405378725
6522784619803181057,6947166484004373506,0.015452363920633816
6522784619803181057,7096479885301138458,0.015788932601853736
6522784619803181057,7131585685501363202,0.021923614046061028
6522784619803181057,7238588875538793480,0.01560671717031839
6522784619803181057,7248502263702291463,0.0199723768385429
6522784619803181057,7254140507394245638,0.028230020701566987
6522784619803181057,7282408479507563526,0.0199723768385429
6522784619803181057,7331684378399196166,0.02497979260261275
6522784619803181057,7384818817710916613,0.01647702285271719
6522784619803181057,7529488293902566407,0.014455560455356928
6522784619803181057,7554403762245895188,0.015474617434615333
6522784619803181057,7566446773142979591,0.015610737425672086
6522784619803181057,7566639233809695765,0.01555062016069486
6523428105334456322,6594351527597654017,0.016526291314840794
6523428105334456322,6638886953512255490,0.02791156014774669
6523428105334456322,6647373619029852161,0.01659000736403609
6523428105334456322,6724125314186691586,0.01589679423142512
6523428105334456322,6832172451021308929,0.03134464893312338
6523428105334456322,6846562081585742849,0.02253344663096374
6523428105334456322,6866036800730088449,0.015752712707216756
6523428105334456322,6885133273098388482,0.022702865261389815
6523428105334456322,6902777439399920641,0.0157491109691421
6523428105334456322,6926515660747768833,0.015759856613884803
6523428105334456322,6940581217293599745,0.021859277392006684
6523428105334456322,6958042743239672833,0.01566821753155356
6523428105334456322,6959168054680978434,0.015533189479818832
6523428105334456322,6959317815221093378,0.01582154780848659
6523428105334456322,6960359847695074309,0.027664200816000663
6523428105334456322,6961159945572844550,0.02204090803170756
6523428105334456322,6962343424021726209,0.04272207694758593
6523428105334456322,6978315681420264450,0.02178490122977954
6523428105334456322,6983637584456647681,0.016586219414363713
6523428105334456322,6988040833657242625,0.024510002177148642
6523428105334456322,6995145012439450625,0.034683513734914045
6523428105334456322,7081966595417244674,0.021573698513696202
6523428105334456322,7154310477883032578,0.022498635238161185
6523428105334456322,7495411659411948599,0.025232628946449794
6523428105334456322,7602605744538141716,0.022724966296056526
6523428105334456322,7607445622497264647,0.021706700931929727
6528922039171481602,6529308456757985282,0.014878595609348936
6528922039171481602,6616200298652958722,0.014896982962860787
6528922039171481602,6728194433164837890,0.014846809385147697
6528922039171481602,6801315654327976962,0.015140655027647472
6528922039171481602,6836139867615151105,0.014372711263804646
6528922039171481602,6859585767275381762,0.014992469903619727
6528922039171481602,6877714053142348801,0.014871103766295963
6528922039171481602,6915746450216748033,0.015357403730677389
6528922039171481602,6941389168077702146,0.01481164257762481
6528922039171481602,6966276498689721345,0.014545759408872441
6528922039171481602,7113527717450810370,0.015198702203455615
6528922039171481602,7241559016605746182,0.015627241976438215
6528922039171481602,7254140507394245638,0.016497709654664895
6528922039171481602,7278224508979872786,0.014933576468106963
6528922039171481602,7455566091059020817,0.014299419253837813
6528922039171481602,7516118321939727361,0.01505095214997226
6528922039171481602,7607445622497264647,0.014858015814535074
6529308456757985282,6728194433164837890,0.016746737665633407
6529308456757985282,6744584940111905794,0.01642235153601
6529308456757985282,6816804544841368577,0.019134861197053182
6529308456757985282,6859585767275381762,0.01664992392050468
6529308456757985282,6877714053142348801,0.014977213689692424
6529308456757985282,6888476693641200641,0.015342745298206301
6529308456757985282,6912770377378841601,0.015343986299936522
6529308456757985282,6941389168077702146,0.01614591199988013
6529308456757985282,6950174197022065669,0.01559181609677589
6529308456757985282,6968718267481490433,0.026233555494864325
6529308456757985282,6977327001304876034,0.015223429209197404
6529308456757985282,7063506594294924289,0.016526832972891193
6529308456757985282,7121523637161001985,0.01718646214647875
6529308456757985282,7164308860937126914,0.14645867886287064
6529308456757985282,7231559211711382529,0.016285757153724163
6529308456757985282,7254140507394245638,0.020199255606291103
6529308456757985282,7278224508979872786,0.016716229981177267
6529308456757985282,7516118321939727361,0.016585401273596607
6529308456757985282,7583691841695859720,0.01687200225876178
6530552777457238017,6782315094518514690,0.014325692600043429
6530552777457238017,6786845476277765121,0.014911192101520632
6530552777457238017,6792529910911321090,0.01475894420639814
6530552777457238017,6830724950749840385,0.015299193582557744
6530552777457238017,6972477904908207105,0.014658887271268529
6530552777457238017,7137486032777577473,0.014707834710759714
6530552777457238017,7219888027873690626,0.014854323258943047
6530552777457238017,7254140507394245638,0.04026150852047951
6530552777457238017,7300420401526604806,0.014392428438589538
6530552777457238017,7322149836118082565,0.014663041156910556
6530552777457238017,7372215376808182789,0.015460180047294275
6530552777457238017,7384818817710916613,0.014716604791919306
6530552777457238017,7445331089281270789,0.01676233689547217
6530552777457238017,7450744199001637895,0.014580678165151238
6530552777457238017,7476128992287441937,0.015460599073794446
6530552777457238017,7522349223884719105,0.014635515944037836
6530552777457238017,7641515667149145109,0.014412074282521644
6534977541097570305,6587370056387461121,0.019206326343261436
6534977541097570305,6611842835128795137,0.017242594987632445
6534977541097570305,6776674034375263234,0.018119448233729785
6534977541097570305,6830423953955341314,0.02571735764935659
6534977541097570305,6837516209820517378,0.0211266049967407
6534977541097570305,6843726665424585734,0.0237361457871777
6534977541097570305,6858020241664181249,0.020411792264491694
6534977541097570305,6878826082558428161,0.018746476231632808
6534977541097570305,6924145368151442437,0.020100944348514012
6534977541097570305,6941389168077702146,0.01850676099774777
6534977541097570305,6968111084863783938,0.016181453434753756
6534977541097570305,6971392711799964673,0.019302672245589514
6534977541097570305,7020605956485940251,0.018564685130710492
6534977541097570305,7046489917002564609,0.030144191149132693
6534977541097570305,7096068961858765826,0.016279163942430116
6534977541097570305,7121523637161001985,0.017465125345254084
6534977541097570305,7316163220909196294,0.01560990319625483
6534977541097570305,7455281387647304705,0.019748719956255833
6534977541097570305,7488350271514821639,0.018128176497534353
6534977541097570305,7496951292298249223,0.02204851483873783
6534977541097570305,7501201778134893584,0.01841129552297297
6534977541097570305,7635591227443250194,0.015403191993377096
6534977541097570305,86855738395926528,0.015436620977782537
6539111130748452865,6549151766277226498,0.01610982696687381
6539111130748452865,6587370056387461121,0.016103088865167838
6539111130748452865,6733504201782395905,0.03396644581720285
6539111130748452865,6778685305375572993,0.015711350781290837
6539111130748452865,6784144101794513921,0.01633711611878011
6539111130748452865,6816804544841368577,0.016120262244194373
6539111130748452865,6832456761011995649,0.015823854688970584
6539111130748452865,6846562081585742849,0.01626728344880626
6539111130748452865,6959162637768377349,0.029525446511353595
6539111130748452865,6967196401395139585,0.016400326656232773
6539111130748452865,6978315681420264450,0.016105566381805096
6539111130748452865,7060028465760486402,0.016305071021217223
6539111130748452865,7195479055549924378,0.015593271918033986
6539111130748452865,7202086685571138562,0.016334990793986863
6539111130748452865,7545554271439078416,0.01624100478480679
6539111130748452865,7626262691652420629,0.015922251966025983
6539111130748452865,7653078869913863175,0.016633732182228245
6539111130748452865,93013606744592384,0.018817371782672777
6541639334453215233,6803169593541624833,0.017555291994641304
6541639334453215233,6871426693903778821,0.015269429493770338
6541639334453215233,6876960008552416258,0.015378978746832495
6541639334453215233,6902777439399920641,0.017251284060605783
6541639334453215233,6959507281902257158,0.015297557052948956
6541639334453215233,7022043784491222018,0.015293299910008058
6541639334453215233,7054007488706429979,0.015298749063812338
6541639334453215233,7064593869828932614,0.017677278784251516
6541639334453215233,7100750102336177154,0.014568485682546246
6541639334453215233,7131585685501363202,0.015589900857915753
6541639334453215233,7148170160443048961,0.015538851860763146
6541639334453215233,7260730044916745221,0.015358012658997722
6541639334453215233,7309331808796460037,0.016754903946880405
6541639334453215233,7322146719038014469,0.015443400942900505
6541639334453215233,7501664443560084488,0.016967940286063275
6541639334453215233,7505361348164092936,0.015755742281874673
6545402399622742017,6853606251437016066,0.016509904824337854
6545402399622742017,6869604967994541057,0.015902427445967395
6545402399622742017,6876960008552416258,0.018988809044490712
6545402399622742017,6881613830130418689,0.01665901802452813
6545402399622742017,6886446824174076930,0.01666774397347624
6545402399622742017,6893653391593440258,0.02105099410669221
6545402399622742017,6924145368151442437,0.01647858954787404
6545402399622742017,7077264630486516762,0.015612139203323164
6545402399622742017,7096068961858765826,0.01606733466693618
6545402399622742017,7206554298104415258,0.019417255326388907
6545402399622742017,7211458676926071835,0.023050010578832204
6545402399622742017,7257089825308165126,0.033083915172293435
6545402399622742017,7325664758940943366,0.015443834442101633
6545402399622742017,7354443424308167685,0.015578619326718345
6545402399622742017,7444920523094967314,0.0166205403906673
6545402399622742017,7459425028325852176,0.015478916738402737
6545402399622742017,95653080293068800,0.015429930626435134
6549151766277226498,6587370056387461121,0.016221376798556224
6549151766277226498,6602756020421099521,0.01602889222120053
6549151766277226498,6778685305375572993,0.015676103029015363
6549151766277226498,6796501145089229825,0.01920215284302885
6549151766277226498,6816804544841368577,0.01621835876422837
6549151766277226498,6832456761011995649,0.015855275662794332
6549151766277226498,6967196401395139585,0.016263280480995717
6549151766277226498,6978315681420264450,0.020058805809463103
6549151766277226498,7254140507394245638,0.023287894386996157
6549151766277226498,7348055396504044550,0.016384700437423322
6549151766277226498,7361451922681119749,0.028244970061996322
6549151766277226498,7545554271439078416,0.01611375261883891
6549151766277226498,7584050819944596487,0.01569539540210554
6549151766277226498,7602605744538141716,0.01586598718220402
6549151766277226498,7626262691652420629,0.01603936649716778
6551544070509002753,6603342286892646401,0.01607069821673986
6551544070509002753,6797983925664302082,0.01615802527165007
6551544070509002753,6843726665424585734,0.018996569276785228
6551544070509002753,6869604967994541057,0.015902250158555134
6551544070509002753,6916793805480805377,0.04310499723285132
6551544070509002753,6924904614709969921,0.015547335239361172
6551544070509002753,7022223240064025601,0.015897624535730664
6551544070509002753,7064593869828932614,0.015583086945894232
6551544070509002753,7226016778555556890,0.01574695143994443
6551544070509002753,7254140507394245638,0.02925153067285432
6551544070509002753,7267057918439506950,0.02320377365122212
6551544070509002753,7326825435546174471,0.016015671366128775
6551544070509002753,7328024330810950662,0.015799961935722077
6551544070509002753,7334668853316273157,0.015822881642267677
6551544070509002753,7445331089281270789,0.029465911839186846
6551544070509002753,7507818955039278088,0.027961584363256266
6551544070509002753,7546553409273627653,0.047270857769412
6551544070509002753,7592061582878065685,0.033631805091821496
6551544070509002753,7604788544276333586,0.027254519411156506
6587370056387461121,6596423911494434817,0.018565634482884893
6587370056387461121,6602756020421099521,0.0160355173685471
6587370056387461121,6778685305375572993,0.015669566850445543
6587370056387461121,6806265446909510657,0.022262973206462495
6587370056387461121,6830724950749840385,0.019755442785563872
6587370056387461121,6832456761011995649,0.015848678555654024
6587370056387461121,6858020241664181249,0.020990154943370583
6587370056387461121,6871752909106938881,0.02022417972123305
6587370056387461121,6878826082558428161,0.022222665960641767
6587370056387461121,6924145368151442437,0.02313068584060272
6587370056387461121,6967196401395139585,0.03334140883458229
6587370056387461121,6971392711799964673,0.020841182785434613
6587370056387461121,6998723476065862683,0.01987373005379816
6587370056387461121,7108182400240223233,0.022812621311203884
6587370056387461121,7140728189923607558,0.01693761732033536
6587370056387461121,7348055396504044550,0.016391474432336402
6587370056387461121,7384728630012806150,0.019267365982894538
6587370056387461121,7464192594000741377,0.016488132546134817
6587370056387461121,7479292129044612104,0.02222957732041356
6587370056387461121,7488350271514821639,0.021399731371836223
6587370056387461121,7516118321939727361,0.017133469689193565
6587370056387461121,7545554271439078416,0.01610701456942735
6587370056387461121,7592061582878065685,0.022652230007840158
6587752430208942081,6602756020421099521,0.0216928701943667
6587752430208942081,6797983925664302082,0.026294979338415857
6587752430208942081,6808778790597116929,0.015342851676949602
6587752430208942081,6849158272508838913,0.015199629507868333
6587752430208942081,6870129679489238018,0.014754039352927992
6587752430208942081,6878792033083933697,0.015661170170118078
6587752430208942081,6879408727230465026,0.024936421965986576
6587752430208942081,6949516198539346945,0.024289723043782258
6587752430208942081,6992412727014048794,0.01609899106770067
6587752430208942081,7022043784491222018,0.022015717319979148
6587752430208942081,7100750102336177154,0.014608259514189368
6587752430208942081,7254140507394245638,0.021405097509086233
6587752430208942081,7283325250002830342,0.014788172466070192
6587752430208942081,7344283645127885830,0.014866538063603718
6587752430208942081,7581801127412319248,0.021967450936754104
6587752430208942081,7583691841695859720,0.022273357614253024
6589861717978136578,6772352601625592834,0.016597838980711373
6589861717978136578,6803169593541624833,0.016615540562423058
6589861717978136578,6867549943109288962,0.016766788426032332
6589861717978136578,6910753120483165186,0.016558630040198773
6589861717978136578,6922656772109452290,0.016612359249361042
6589861717978136578,6949516198539346945,0.020288709820400184
6589861717978136578,6958672722403836933,0.022434455950329238
6589861717978136578,6961159945572844550,0.016565548242712908
6589861717978136578,6964970683512931333,0.016503959141437125
6589861717978136578,7032542326535341083,0.01538495284085662
6589861717978136578,7108182400240223233,0.016534066273884398
6589861717978136578,7113527717450810370,0.015376900509841392
6589861717978136578,7192220822001746970,0.016024264927752257
6589861717978136578,7203897797036459035,0.016762241565668464
6589861717978136578,7369653419626202117,0.016022914406920868
6589861717978136578,7501664443560084488,0.01651491242764142
6589861717978136578,7526895629398737928,0.016564032582392023
6594351527597654017,6647373619029852161,0.016563730692260702
6594351527597654017,6724125314186691586,0.01599735025162529
6594351527597654017,6733504201782395905,0.023459729035665372
6594351527597654017,6762475943270908929,0.01627493985600984
6594351527597654017,6820978069932540930,0.019480685936058527
6594351527597654017,6832172451021308929,0.015999558299434797
6594351527597654017,6836139867615151105,0.017379826173529785
6594351527597654017,6866036800730088449,0.01565652251499432
6594351527597654017,6876731745220920321,0.01544437308868117
6594351527597654017,6902777439399920641,0.015652921050440666
6594351527597654017,6924145368151442437,0.019487015048472774
6594351527597654017,6926515660747768833,0.015859455338007852
6594351527597654017,6939127500590416898,0.01626477280234701
6594351527597654017,6958042743239672833,0.015766930602514478
6594351527597654017,6959168054680978434,0.015631063767508335
6594351527597654017,6962343424021726209,0.03456800694764945
6594351527597654017,6968111084863783938,0.016247057269968838
6594351527597654017,6982233082511180827,0.01657388729832897
6594351527597654017,6983637584456647681,0.01648506187339633
6594351527597654017,7135414649268880411,0.03243828295797536
6594351527597654017,7186497865421161499,0.02131210931281722
6594351527597654017,7203897797036459035,0.03991110123204614
6594351527597654017,7316163220909196294,0.013506586689464032
6596423911494434817,6692715763562480642,0.015846706212037855
6596423911494434817,6772083611405140994,0.015758169789195104
6596423911494434817,6830724950749840385,0.02286260118955996
6596423911494434817,6838394070915974146,0.016498783429968723
6596423911494434817,6840264030130144258,0.016425367682839174
6596423911494434817,6869941060425237506,0.015876183648570057
6596423911494434817,6871752909106938881,0.04326261385792182
6596423911494434817,6878826082558428161,0.022106947848713632
6596423911494434817,6924145368151442437,0.019410777906353205
6596423911494434817,6949516198539346945,0.017282159724235666
6596423911494434817,6961362649994478593,0.015680590005625016
6596423911494434817,6986850469483676673,0.021674102239608146
6596423911494434817,7010662492184495131,0.027080841545137017
6596423911494434817,7108182400240223233,0.01980670113527896
6596423911494434817,7149906885037179905,0.020208842617792624
6596423911494434817,7254140507394245638,0.01906491061203243
6596423911494434817,7305828667954021382,0.01563253782732007
6596423911494434817,7322149836118082565,0.02114362758598238
6596423911494434817,7328024330810950662,0.015993653430643795
6596423911494434817,7334668853316273157,0.02994636132353358
6596423911494434817,7479292129044612104,0.025530704643441048
6596423911494434817,7554403762245895188,0.015865062471882883
6596423911494434817,7566446773142979591,0.015533078974856698
6602756020421099521,6603246825996615681,0.03843738379403296
6602756020421099521,6776674034375263234,0.017061653464618104
6602756020421099521,6797983925664302082,0.030328811590923543
6602756020421099521,6816804544841368577,0.01601923958833373
6602756020421099521,6879408727230465026,0.021935680673139397
6602756020421099521,6949516198539346945,0.02246756598305157
6602756020421099521,6978315681420264450,0.016033012513414335
6602756020421099521,7225233704317715482,0.01939095265916112
6602756020421099521,7254140507394245638,0.03546235644190933
6602756020421099521,7319387104206259206,0.014650697687265495
6602756020421099521,7345372771347792902,0.03874612715819702
6602756020421099521,7348055396504044550,0.01623428844172949
6602756020421099521,7545554271439078416,0.01591565593069713
6603246825996615681,6800380754986042369,0.01991229772258601
6603246825996615681,6879408727230465026,0.015149160592224084
6603246825996615681,6883544605590766594,0.01747196858891419
6603246825996615681,6892279591021413378,0.017528419271627713
6603246825996615681,6922656772109452290,0.021829066185228105
6603246825996615681,6958672722403836933,0.014914002185813083
6603246825996615681,7219631248322511874,0.02730070212523975
6603246825996615681,7226016778555556890,0.02938903581823132
6603246825996615681,7254140507394245638,0.01855647603305886
6603246825996615681,7319387104206259206,0.10661939898055561
6603246825996615681,7343513808779904005,0.021457735432878145
6603246825996615681,7455566091059020817,0.02298007829919142
6603246825996615681,7522355226557662225,0.016704362076768165
6603246825996615681,7626262691652420629,0.018775280094384433
6603246825996615681,7629259435181491218,0.015101752127559258
6603342286892646401,6797983925664302082,0.016037242292122444
6603342286892646401,6869604967994541057,0.015784072396299628
6603342286892646401,6924904614709969921,0.01533598527000644
6603342286892646401,7022223240064025601,0.015676398526630674
6603342286892646401,7064593869828932614,0.015371360404683964
6603342286892646401,7096068961858765826,0.015637069025478036
6603342286892646401,7204083942915130395,0.014874863728094056
6603342286892646401,7226016778555556890,0.015632717181346775
6603342286892646401,7254140507394245638,0.025452978285962855
6603342286892646401,7326825435546174471,0.015897584653944363
6603342286892646401,7328024330810950662,0.015685183681117102
6603342286892646401,7334668853316273157,0.01570786501714338
6603342286892646401,7420280666741621765,0.01713184243909696
6603342286892646401,7507818955039278088,0.01590523877115578
6603342286892646401,7546926530825077778,0.018088193249906247
6611842835128795137,6806491020194350081,0.015611296559350379
6611842835128795137,6907064109915046914,0.01892030015622775
6611842835128795137,6916793805480805377,0.01512730910550771
6611842835128795137,6964714945469662210,0.013738387785749945
6611842835128795137,6987280497861067778,0.016022823649273783
6611842835128795137,7002112944796779546,0.021810748699960584
6611842835128795137,7046489917002564609,0.021010109058861196
6611842835128795137,7057223811220997147,0.015476040402001866
6611842835128795137,7157712033605370881,0.02728452018858329
6611842835128795137,7254140507394245638,0.021473976175991265
6611842835128795137,7333255393327449094,0.01577706131905217
6611842835128795137,7400503260173730822,0.015958310574227457
6611842835128795137,7453778116689118215,0.015587403046147707
6611842835128795137,7491832625380934672,0.015899159379092625
6611842835128795137,7583691841695859720,0.015748354445825848
6616200298652958722,6638886953512255490,0.018632973703918896
6616200298652958722,6792529910911321090,0.025778258045556005
6616200298652958722,6836139867615151105,0.014730134794128557
6616200298652958722,6840729921989297153,0.12325768325951918
6616200298652958722,6870516830428201985,0.014657808496326745
6616200298652958722,6915746450216748033,0.015273843812487071
6616200298652958722,6923227293196944385,0.018574583893611947
6616200298652958722,6960359847695074309,0.01706853820575289
6616200298652958722,6966148415672173569,0.015563998995843396
6616200298652958722,6966276498689721345,0.014907399444280565
6616200298652958722,6978315681420264450,0.015644908006727645
6616200298652958722,6987280497861067778,0.028624417019501552
6616200298652958722,6995145012439450625,0.02139938483065562
6616200298652958722,7241559016605746182,0.015611862123025837
6616200298652958722,7361451922681119749,0.022239218370526212
6616200298652958722,7400503260173730822,0.01399465720468183
6616200298652958722,7455566091059020817,0.01465666875319859
6616200298652958722,7481214404483417096,0.015585713202441114
6616200298652958722,7495411659411948599,0.016844594467353625
6638886953512255490,6694159198903698433,0.014640560259870417
6638886953512255490,6733504201782395905,0.0208109622365737
6638886953512255490,6734999320108155906,0.03366935477374188
6638886953512255490,6845216238998684674,0.02457149117246943
6638886953512255490,6846562081585742849,0.03557338132024578
6638886953512255490,6851799698815845377,0.014460849775097923
6638886953512255490,6884391295285806086,0.03262225538185602
6638886953512255490,6885133273098388482,0.031067358731964367
6638886953512255490,6891957094863389697,0.046040971448448355
6638886953512255490,6897937907282740225,0.01653734019773034
6638886953512255490,6922636080495952898,0.026089507337188268
6638886953512255490,6940581217293599745,0.04902880422014714
6638886953512255490,6960359847695074309,0.040364148280915425
6638886953512255490,6978315681420264450,0.036997508457519396
6638886953512255490,6982233082511180827,0.022135297859803706
6638886953512255490,6985727260917662725,0.014683644187197142
6638886953512255490,6988040833657242625,0.035761935391669546
6638886953512255490,6995145012439450625,0.08434308902268559
6638886953512255490,6996939727140979714,0.03009686750940853
6638886953512255490,7002112944796779546,0.03611652605485007
6638886953512255490,7025843669941208090,0.027134923690342132
6638886953512255490,7058797886825792518,0.014893533409070282
6638886953512255490,70836239101,0.03314276180708049
6638886953512255490,7084186676168508442,0.014762293982025188
6638886953512255490,7104942140773450754,0.014737037144924822
6638886953512255490,7144238456486331418,0.032862915947093264
6638886953512255490,7165117173925708826,0.016867127366514755
6638886953512255490,7202086685571138562,0.02069942854712653
6638886953512255490,7206554298104415258,0.014682370315633023
6638886953512255490,7309331808796460037,0.01446331652735241
6638886953512255490,7317979152307454981,0.014618177992337335
6638886953512255490,7354443424308167685,0.022815613041419255
6638886953512255490,7453778116689118215,0.02873549540946633
6638886953512255490,7495411659411948599,0.039834559973213474
6638886953512255490,7565406894694269953,0.014853334793144542
6638886953512255490,7602605744538141716,0.03315743387469519
6638886953512255490,7607445622497264647,0.031671708173804464
6647373619029852161,6724125314186691586,0.015933023059914737
6647373619029852161,6796118400902300673,0.015788425823414224
6647373619029852161,6832172451021308929,0.015935230671571363
6647373619029852161,6866036800730088449,0.015717137804806377
6647373619029852161,6902777439399920641,0.015713536275159482
6647373619029852161,6922733815886889986,0.015578687219554976
6647373619029852161,6926515660747768833,0.01579574439985114
6647373619029852161,6958042743239672833,0.015703788722431354
6647373619029852161,6959168054680978434,0.01556846218573191
6647373619029852161,6959317815221093378,0.015785654662477125
6647373619029852161,6962343424021726209,0.016564966268998855
6647373619029852161,6982233082511180827,0.016617773933181108
6647373619029852161,6983637584456647681,0.016548782542643605
6647373619029852161,7254140507394245638,0.0172568318065717
6669273744996024321,6830724950749840385,0.01770313407014955
6669273744996024321,6871752909106938881,0.01587941137432459
6669273744996024321,6882458879956780033,0.015047751204468338
6669273744996024321,6892279591021413378,0.018440136092265146
6669273744996024321,6941389168077702146,0.01567471011712944
6669273744996024321,6959306103192912897,0.01502609964424279
6669273744996024321,6959507281902257158,0.016040742793088106
6669273744996024321,6968643664378119170,0.016367267884151996
6669273744996024321,7054007488706429979,0.016401178994747044
6669273744996024321,7150266661496472582,0.015520578815604145
6669273744996024321,7182583625258632193,0.015390066750778822
6669273744996024321,7213282682464814107,0.015594986074377523
6669273744996024321,7254140507394245638,0.020847356743859482
6669273744996024321,7321759691690951685,0.015910172333998832
6669273744996024321,7322146719038014469,0.03208153347231206
6669273744996024321,7338600730439353346,0.028955665608415466
6669273744996024321,7343513808779904005,0.022573830274277163
6669273744996024321,7522355226557662225,0.017573216686382565
6669273744996024321,7575529166674773008,0.016171570926730394
6669273744996024321,7634034175490606101,0.0229801508363512
6688554928719643649,6702776258872542209,0.015309078419283514
6688554928719643649,6712589171594314753,0.015290235964622957
6688554928719643649,6749192041500525569,0.015534908635506037
6688554928719643649,6844898370776122370,0.015277928357436266
6688554928719643649,6878826082558428161,0.01651753575676907
6688554928719643649,6966276498689721345,0.016427115820897568
6688554928719643649,6968643664378119170,0.015493725551283692
6688554928719643649,7016971336972452891,0.015402750379614902
6688554928719643649,7052273815992304641,0.015357849526818002
6688554928719643649,7060924497801593882,0.01530828234800902
6688554928719643649,7089701400901600283,0.015369449883908532
6688554928719643649,7211458676926071835,0.045501535684365636
6688554928719643649,7254140507394245638,0.015705477966908472
6688554928719643649,7282408479507563526,0.015510462598397164
6688554928719643649,7284988452844078087,0.034054517238747785
6692715763562480642,6704873244695118850,0.016680117354260515
6692715763562480642,6734999320108155906,0.015991790315383034
6692715763562480642,6754421722797048833,0.01584417060319594
6692715763562480642,6871752909106938881,0.030449379079798975
6692715763562480642,6892279591021413378,0.019157725805040902
6692715763562480642,6919245969214080001,0.016492285771859704
6692715763562480642,6961362649994478593,0.016524256114072156
6692715763562480642,6987280497861067778,0.023233411314207614
6692715763562480642,7139827943400326149,0.015349941921259037
6692715763562480642,7254140507394245638,0.020281342786259277
6692715763562480642,7305828667954021382,0.015856545211803463
6692715763562480642,7343513808779904005,0.023452280861719518
6692715763562480642,7448255517355164673,0.029069794650122542
6692715763562480642,7522355226557662225,0.018257070615194777
6692715763562480642,7554403762245895188,0.016674796864402992
6692715763562480642,7566639233809695765,0.0165920552126257
6694159198903698433,6851799698815845377,0.014903105469963833
6694159198903698433,6908277550168081410,0.014726525379181158
6694159198903698433,6940581217293599745,0.015386023282969785
6694159198903698433,6985727260917662725,0.01440429879069443
6694159198903698433,7058797886825792518,0.014616341382279564
6694159198903698433,7084186676168508442,0.014482319834916586
6694159198903698433,7096897188358456322,0.014367960452017724
6694159198903698433,7104942140773450754,0.01482434636702919
6694159198903698433,7143935053655131163,0.017872386617781587
6694159198903698433,7206554298104415258,0.014403096691432065
6694159198903698433,7264489075083461633,0.014826194779231298
6694159198903698433,7267057918439506950,0.0150044685621813
6694159198903698433,7309331808796460037,0.01513310856710426
6694159198903698433,7317979152307454981,0.014949496808901199
6694159198903698433,7446786283143169041,0.014896028645937063
6694159198903698433,7478421096736359430,0.014210496765137403
6694159198903698433,7565406894694269953,0.014575325583096797
6702776258872542209,6712589171594314753,0.015626773931665547
6702776258872542209,6749192041500525569,0.016010564635823905
6702776258872542209,6754421722797048833,0.015488493858833646
6702776258872542209,6772083611405140994,0.014965906078727144
6702776258872542209,6822219016431043585,0.01584125111856866
6702776258872542209,6844898370776122370,0.01588079156680889
6702776258872542209,6968643664378119170,0.016053260171937547
6702776258872542209,6983967123942065178,0.015296190781550329
6702776258872542209,7000352128338478081,0.0156333137081617
6702776258872542209,7005422961205330971,0.015591845415011983
6702776258872542209,7016971336972452891,0.016015449811153586
6702776258872542209,7052273815992304641,0.01586165406081477
6702776258872542209,7060924497801593882,0.015911975594063717
6702776258872542209,7284988452844078087,0.01590703833623029
6702776258872542209,7377168369478452229,0.01571041312312494
6702776258872542209,7599311463005832209,0.015829560673046805
6704873244695118850,6734999320108155906,0.016005372986691496
6704873244695118850,6754421722797048833,0.01582920803415379
6704873244695118850,6871752909106938881,0.0166047032326137
6704873244695118850,6919245969214080001,0.016476957082848152
6704873244695118850,6950174197022065669,0.022509947358382437
6704873244695118850,6961362649994478593,0.016508928039258235
6704873244695118850,7120541706823533594,0.034705318920836656
6704873244695118850,7139827943400326149,0.02739956348207775
6704873244695118850,7254140507394245638,0.022065105931473445
6704873244695118850,7305828667954021382,0.05224366714151018
6704873244695118850,7350473960612905989,0.017128131119869362
6704873244695118850,7448255517355164673,0.016399716546068907
6704873244695118850,7520091064683021319,0.029420973496203987
6704873244695118850,7554403762245895188,0.016688667027018933
6704873244695118850,7566639233809695765,0.016605927514798977
6704873244695118850,7648650172402435093,0.014621860189868736
6706433608792802305,6749192041500525569,0.022364233460266964
6706433608792802305,6859721993622471682,0.014959158446269046
6706433608792802305,6885133273098388482,0.015600346618932323
6706433608792802305,6892279591021413378,0.015451103224226348
6706433608792802305,6912352842767680514,0.015148102319006072
6706433608792802305,6936501950632805377,0.01513775980405297
6706433608792802305,6958268752132178946,0.014145099520495585
6706433608792802305,6971392711799964673,0.015343321529562255
6706433608792802305,6986850469483676673,0.015111646036056905
6706433608792802305,7004640947586024474,0.014946529127869361
6706433608792802305,7135414649268880411,0.015179908745999574
6706433608792802305,7143935053655131163,0.02806948319971123
6706433608792802305,7157712033605370881,0.01466735806348372
6706433608792802305,7270110578827150342,0.014948389026730924
6706433608792802305,7486331907643393040,0.01512544676366647
6706433608792802305,7491832625380934672,0.015884010516800714
6712589171594314753,6749192041500525569,0.015859949508134897
6712589171594314753,6772083611405140994,0.014950506415504036
6712589171594314753,6968643664378119170,0.015818016848603997
6712589171594314753,7000964924840608769,0.02482024481598434
6712589171594314753,7005422961205330971,0.027472148283393664
6712589171594314753,7014057563453752325,0.01998928818830515
6712589171594314753,7016971336972452891,0.01572543449948657
6712589171594314753,7052273815992304641,0.015676418062777392
6712589171594314753,7060924497801593882,0.015625963451319207
6712589171594314753,7089701400901600283,0.015606996640299983
6712589171594314753,7096479885301138458,0.03429804871048426
6712589171594314753,7182583625258632193,0.029311609751625736
6712589171594314753,7254140507394245638,0.018399006428435997
6712589171594314753,7282408479507563526,0.015752964943623025
6712589171594314753,7284988452844078087,0.015632713861528154
6712589171594314753,7365461311374066694,0.015384612523330158
6724125314186691586,6762475943270908929,0.015848536034138598
6724125314186691586,6819447568583541762,0.025811108659999752
6724125314186691586,6877807298031780866,0.016005260828183734
6724125314186691586,6939127500590416898,0.015838702098323637
6724125314186691586,6958281584488236033,0.020980540130231814
6724125314186691586,6982233082511180827,0.015942842659314324
6724125314186691586,6986032885317551131,0.015967880722174303
6724125314186691586,70729628102,0.025257012445227944
6724125314186691586,7088963677072950274,0.01575099066020206
6724125314186691586,7164308860937126914,0.01597755654997114
6724125314186691586,7455281387647304705,0.01597818084548316
6724125314186691586,7459425028325852176,0.03171014894996873
6724125314186691586,7639298353755030529,0.026460241459522034
6728194433164837890,6744584940111905794,0.016460971686657902
6728194433164837890,6859585767275381762,0.016616784556568443
6728194433164837890,6877714053142348801,0.014945707061368215
6728194433164837890,6883544605590766594,0.06556361972164972
6728194433164837890,6888476693641200641,0.015311298085416902
6728194433164837890,6903068209902994434,0.02982538700547216
6728194433164837890,6916793805480805377,0.020586885629169587
6728194433164837890,6919245969214080001,0.02839549484960313
6728194433164837890,6949516198539346945,0.022756380066041613
6728194433164837890,6977327001304876034,0.015191963620149984
6728194433164837890,7012228858045465601,0.017002141738933173
6728194433164837890,7063506594294924289,0.016565447259922282
6728194433164837890,7155463663934489601,0.02209952638398878
6728194433164837890,7231559211711382529,0.01632438451553777
6728194433164837890,7278224508979872786,0.01668309683559375
6728194433164837890,7343513808779904005,0.01726055047970822
6728194433164837890,7445331089281270789,0.02000836778371815
6728194433164837890,7512754059523769352,0.01742881132692665
6728194433164837890,7599311463005832209,0.021119163348223412
6728194433164837890,7626262691652420629,0.02118948295945297
6728194433164837890,7634034175490606101,0.0175712339785832
6731513762812380161,6734473434468008962,0.019726549170276372
6731513762812380161,6771295474496619521,0.01641661921461468
6731513762812380161,6796118400902300673,0.05215607820002971
6731513762812380161,6822219016431043585,0.026382683059149196
6731513762812380161,6915746450216748033,0.03961984635510939
6731513762812380161,6923227293196944385,0.02141323020211535
6731513762812380161,6953411710000038918,0.016241816561194822
6731513762812380161,6960359847695074309,0.0322033213237353
6731513762812380161,6961428341711406081,0.02153113945042434
6731513762812380161,7020605956485940251,0.01679364762570387
6731513762812380161,7214120131030975514,0.015955438951249193
6731513762812380161,7367247089417896965,0.016475137477676628
6731513762812380161,7479292129044612104,0.0168739220845523
6731513762812380161,7493882569899394065,0.016173268247925206
6731513762812380161,7585530131923682324,0.016852180707360616
6731513762812380161,7653816056004543508,0.016563939682619502
6731513762812380161,7653909888418890773,0.019299100332181657
6733504201782395905,6776674034375263234,0.01885521217682014
6733504201782395905,6778685305375572993,0.015780330416638202
6733504201782395905,6784144101794513921,0.016618186482977155
6733504201782395905,6885133273098388482,0.021460989454113708
6733504201782395905,6891957094863389697,0.05560476795913001
6733504201782395905,6897937907282740225,0.0182478016806988
6733504201782395905,6899092861301539842,0.016080940405714044
6733504201782395905,6960359847695074309,0.02062653020609667
6733504201782395905,6967196401395139585,0.016552337318564096
6733504201782395905,6970866552057267202,0.015641853834620304
6733504201782395905,6988040833657242625,0.03080509526451099
6733504201782395905,6995145012439450625,0.02586015581888755
6733504201782395905,7000964924840608769,0.02261803517532627
6733504201782395905,7004849025783022619,0.020301098712254356
6733504201782395905,7135414649268880411,0.01686138983228903
6733504201782395905,7361451922681119749,0.021156358358028805
6733504201782395905,7362078617574441989,0.016356939897680722
6733504201782395905,7495411659411948599,0.018813541247941882
6733504201782395905,7501201778134893584,0.021813753336067197
6733504201782395905,7545554271439078416,0.016318135943095384
6733504201782395905,7626262691652420629,0.019688179589210444
6734473434468008962,6871752909106938881,0.016078177739276712
6734473434468008962,6924145368151442437,0.029912248004753162
6734473434468008962,6925056214594274306,0.01488351763865748
6734473434468008962,6961362649994478593,0.019782658375413324
6734473434468008962,7035968949859959835,0.014892044982279183
6734473434468008962,7046489917002564609,0.014806975238774035
6734473434468008962,7077264630486516762,0.015583043824562284
6734473434468008962,7205917572523803649,0.015501691893348931
6734473434468008962,7216684653520339994,0.015765588769857113
6734473434468008962,7325664758940943366,0.01571860261409613
6734473434468008962,7331684378399196166,0.015938131787994605
6734473434468008962,7354443424308167685,0.015611552402747818
6734473434468008962,7377168369478452229,0.03597671811073451
6734473434468008962,7444920523094967314,0.01566078496314045
6734473434468008962,7459425028325852176,0.015687555196549907
6734473434468008962,7488350271514821639,0.01731990920526869
6734473434468008962,93013606744592384,0.015280349496965866
6734473434468008962,95653080293068800,0.015467426122712798
6734999320108155906,6796501145089229825,0.01736218615730174
6734999320108155906,6846562081585742849,0.08128281726288748
6734999320108155906,6859585767275381762,0.022163832960195095
6734999320108155906,6877714053142348801,0.015530880676282492
6734999320108155906,6884391295285806086,0.09430911648744228
6734999320108155906,6885133273098388482,0.023738730533014167
6734999320108155906,6940581217293599745,0.05985828469929001
6734999320108155906,6958784923474166786,0.017724659939272108
6734999320108155906,6960359847695074309,0.03084245582323735
6734999320108155906,6961362649994478593,0.015824087221186472
6734999320108155906,6978315681420264450,0.06164576058095175
6734999320108155906,6982233082511180827,0.01691369632337782
6734999320108155906,6988040833657242625,0.02732588099703665
6734999320108155906,6995145012439450625,0.03866819602990358
6734999320108155906,6996939727140979714,0.05220501680145517
6734999320108155906,7002112944796779546,0.0275968255686492
6734999320108155906,7004640947586024474,0.020504105974736064
6734999320108155906,7025843669941208090,0.020733936446814424
6734999320108155906,70836239101,0.09581387146266875
6734999320108155906,7096479885301138458,0.01588256414636872
6734999320108155906,7139827943400326149,0.015322873098935857
6734999320108155906,7144238456486331418,0.025110725148143755
6734999320108155906,7225233704317715482,0.02354423688359161
6734999320108155906,7305828667954021382,0.015771111836950315
6734999320108155906,7336845122908406789,0.018669937957726607
6734999320108155906,7384728630012806150,0.033319959238003675
6734999320108155906,7453778116689118215,0.02195694162941979
6734999320108155906,7495411659411948599,0.06909569150444293
6734999320108155906,7554403762245895188,0.016010324343741406
6734999320108155906,7566446773142979591,0.015700000832384813
6734999320108155906,7602605744538141716,0.02533576782978281
6734999320108155906,95653080293068800,0.015877592158099068
6736354336395789314,6800380754986042369,0.015840028854768273
6736354336395789314,6837516209820517378,0.01834737187243798
6736354336395789314,6959317815221093378,0.018302666264589002
6736354336395789314,6964738659434152962,0.016484749732979406
6736354336395789314,6993582094237778970,0.014303285080340587
6736354336395789314,6995145012439450625,0.016098744759367255
6736354336395789314,7032542326535341083,0.02255960925604798
6736354336395789314,7046489917002564609,0.016195981097801432
6736354336395789314,7075674626739536898,0.016139401014690736
6736354336395789314,7154310477883032578,0.015410369553081933
6736354336395789314,7192449099722916869,0.01759933761320869
6736354336395789314,7219888027873690626,0.015402957308107378
6736354336395789314,7641155549304505352,0.01516699458257361
6736354336395789314,7650649289911452693,0.017171264315790333
6736354336395789314,7652707278761018388,0.01799431825985525
6744584940111905794,6859585767275381762,0.01629224896508105
6744584940111905794,6881613830130418689,0.01607330133013116
6744584940111905794,6888476693641200641,0.0150029377290574
6744584940111905794,6912770377378841601,0.015004180762539208
6744584940111905794,6941389168077702146,0.015795080194386163
6744584940111905794,6950174197022065669,0.016014486240397214
6744584940111905794,6977327001304876034,0.014883382471727519
6744584940111905794,7063506594294924289,0.016726636293411923
6744584940111905794,7151777693745841157,0.015169880334906499
6744584940111905794,7231559211711382529,0.016714631299234423
6744584940111905794,7254140507394245638,0.0365000558743051
6744584940111905794,7278224508979872786,0.01635864602058805
6744584940111905794,7362078617574441989,0.018729406598914144
6744584940111905794,7516118321939727361,0.016227623781537467
6749192041500525569,6772083611405140994,0.015184652012500629
6749192041500525569,6773577287466288130,0.014018172199960224
6749192041500525569,6822219016431043585,0.015938295388722358
6749192041500525569,6837516209820517378,0.016427085750504725
6749192041500525569,6844898370776122370,0.015978227846947447
6749192041500525569,6851103401436120066,0.020776386025359368
6749192041500525569,6924145368151442437,0.018720150079085125
6749192041500525569,6962343424021726209,0.024292802058377107
6749192041500525569,6968643664378119170,0.016209737012174968
6749192041500525569,6983967123942065178,0.015521880496144707
6749192041500525569,7000352128338478081,0.01572732207033652
6749192041500525569,7016971336972452891,0.016115302364345205
6749192041500525569,7052273815992304641,0.016061216569800956
6749192041500525569,7060924497801593882,0.01600973750664785
6749192041500525569,7081966595417244674,0.03139799018504921
6749192041500525569,7089701400901600283,0.015864757190079036
6749192041500525569,7094307669989819418,0.016660680210703917
6749192041500525569,7203897797036459035,0.015533124895659384
6749192041500525569,7322149836118082565,0.03668304188866697
6749192041500525569,7343513808779904005,0.016494170236034465
6749192041500525569,7445331089281270789,0.016226858915409387
6749192041500525569,7505361348164092936,0.020180119320016475
6749192041500525569,7599311463005832209,0.015926485865572968
6749192041500525569,7626262691652420629,0.016445312248014876
6749192041500525569,7634034175490606101,0.017426018712999314
6754421722797048833,6822219016431043585,0.01557042998021546
6754421722797048833,6844898370776122370,0.015521893132262127
6754421722797048833,6871752909106938881,0.015925753670449135
6754421722797048833,6919245969214080001,0.016067379221364107
6754421722797048833,6961362649994478593,0.016031904755588418
6754421722797048833,7005422961205330971,0.01553700357487365
6754421722797048833,7016971336972452891,0.015724291760271278
6754421722797048833,7254140507394245638,0.01608003480214712
6754421722797048833,7377168369478452229,0.016102292192683273
6754421722797048833,7448255517355164673,0.016152354179376657
6754421722797048833,7554403762245895188,0.015824007619858617
6754421722797048833,7581801127412319248,0.03493937605370578
6754421722797048833,7599311463005832209,0.015583696564503955
6762475943270908929,6819447568583541762,0.0163612610245066
6762475943270908929,6871752909106938881,0.024391069791267577
6762475943270908929,6876731745220920321,0.017416607434725048
6762475943270908929,6877807298031780866,0.01640251634455172
6762475943270908929,6892279591021413378,0.019287988104330432
6762475943270908929,6925056214594274306,0.017654667726859342
6762475943270908929,6939127500590416898,0.016228091381915218
6762475943270908929,6958042743239672833,0.01550465630293585
6762475943270908929,6986032885317551131,0.016364360160273282
6762475943270908929,7076404041312404482,0.018788225666217993
6762475943270908929,7088963677072950274,0.016138651288175307
6762475943270908929,7164308860937126914,0.016374228308066504
6762475943270908929,7254140507394245638,0.02041924508066011
6762475943270908929,7343513808779904005,0.0236117438407662
6762475943270908929,7455281387647304705,0.03511850744336368
6762475943270908929,7522355226557662225,0.018381208940423378
6762475943270908929,7592121729054213121,0.016408926912437873
6770581281769686017,6843726665424585734,0.018662270635532253
6770581281769686017,6874733816599708673,0.014723470291473336
6770581281769686017,6964970683512931333,0.018598318560448822
6770581281769686017,6977774091941102597,0.01448973019927382
6770581281769686017,6978562375062799362,0.014386460596878727
6770581281769686017,6992412727014048794,0.018598318560448822
6770581281769686017,7000964924840608769,0.015235272906599895
6770581281769686017,7014057563453752325,0.028554697762041246
6770581281769686017,7025256146383324187,0.015262021653449023
6770581281769686017,7039129332460274714,0.024907971133628082
6770581281769686017,7056589938901664769,0.1649758266738751
6770581281769686017,7060028465760486402,0.018598318560448822
6770581281769686017,7072731690099852289,0.014258871269039339
6770581281769686017,7127610987100308481,0.03257183748415237
6770581281769686017,7186497865421161499,0.01580651023629862
6770581281769686017,7207116376669438978,0.017855606962266034
6770581281769686017,7254140507394245638,0.026282980301080422
6770581281769686017,7260730044916745221,0.017371706350300116
6770581281769686017,7305650093284197382,0.014089766745857334
6770581281769686017,7398639237263229958,0.013363874221562367
6770581281769686017,7421159900989047814,0.05432388468546143
6770581281769686017,7602458307672884225,0.014625094868363945
6770581281769686017,7653816056004543508,0.022908436061448073
6771295474496619521,6837516209820517378,0.01615053235726053
6771295474496619521,6840729921989297153,0.025583900252701495
6771295474496619521,6858020241664181249,0.01991092790383623
6771295474496619521,6953411710000038918,0.01580310126798
6771295474496619521,6960359847695074309,0.016345710639225835
6771295474496619521,7004849025783022619,0.02729389742296232
6771295474496619521,7020605956485940251,0.016481946402252333
6771295474496619521,7165117173925708826,0.016538508004398843
6771295474496619521,7214120131030975514,0.015520954361518145
6771295474496619521,7254140507394245638,0.021013101802976487
6771295474496619521,7367247089417896965,0.016810673363878897
6771295474496619521,7453528540971172870,0.016604468506063754
6771295474496619521,7493882569899394065,0.028964408073201713
6771295474496619521,7507818955039278088,0.01760355773980006
6771295474496619521,7585530131923682324,0.01642338516308279
6771295474496619521,7653816056004543508,0.016717172405194013
6771295474496619521,7653909888418890773,0.015258240434242891
6772083611405140994,6844898370776122370,0.014935247887711937
6772083611405140994,6968643664378119170,0.015144139887989367
6772083611405140994,6987280497861067778,0.014995849975105509
6772083611405140994,7052273815992304641,0.015013896403492788
6772083611405140994,7060924497801593882,0.014965122919208327
6772083611405140994,7089701400901600283,0.015215065164037403
6772083611405140994,7240814661875057669,0.014936340019717147
6772083611405140994,7282408479507563526,0.015352293812894175
6772083611405140994,7284988452844078087,0.01497164103857846
6772083611405140994,7350473960612905989,0.014936521013832752
6772083611405140994,7365461311374066694,0.015003776661545808
6772352601625592834,6803169593541624833,0.016590332162978776
6772352601625592834,6812520051217761282,0.025300134702090492
6772352601625592834,6819447568583541762,0.05377842067173991
6772352601625592834,6829077348115170306,0.017213039053368
6772352601625592834,6910753120483165186,0.016533416322875034
6772352601625592834,6922656772109452290,0.01660852689482905
6772352601625592834,6961159945572844550,0.016540335448382293
6772352601625592834,6961428341711406081,0.0191709421348439
6772352601625592834,7032542326535341083,0.015409168370730123
6772352601625592834,70729628102,0.15266603928966155
6772352601625592834,7096897188358456322,0.0140223007432585
6772352601625592834,7102360937428108314,0.020398577681348985
6772352601625592834,7113527717450810370,0.015401115776184474
6772352601625592834,7131585685501363202,0.017213039053368
6772352601625592834,7135220356252517402,0.015421356782813174
6772352601625592834,7144238456486331418,0.025258462053731386
6772352601625592834,7192220822001746970,0.016049357933959597
6772352601625592834,7254140507394245638,0.022164431821895026
6772352601625592834,7331684378399196166,0.019612557706518274
6772352601625592834,7369653419626202117,0.01604800744894048
6772352601625592834,7501664443560084488,0.016489693037951492
6772352601625592834,7526895629398737928,0.016538819635931654
6772352601625592834,7584050819944596487,0.015789508601974558
6772352601625592834,7639298353755030529,0.02135513822905534
6773577287466288130,6885133273098388482,0.018302280489894383
6773577287466288130,6904567468456657921,0.015013393472796793
6773577287466288130,6918950409570698241,0.01546068437735593
6773577287466288130,6928398838458876929,0.014804963712705323
6773577287466288130,6958921737837741058,0.01463995519114298
6773577287466288130,6959419874189050881,0.015658272031504238
6773577287466288130,6959791068163621889,0.016059615886274095
6773577287466288130,7153854260416955418,0.016103739573071176
6773577287466288130,7336845122908406789,0.01577732805021262
6773577287466288130,7345372771347792902,0.013443806472591665
6773577287466288130,7545554271439078416,0.022169509427160637
6773577287466288130,7592061582878065685,0.023866332290122225
6773577287466288130,7617823686238143508,0.014650142163378737
6773577287466288130,7650741089351484436,0.015257917893611899
6774894159096153089,6796501145089229825,0.016219053459475483
6774894159096153089,6826232852025263106,0.015284169297884755
6774894159096153089,6843726665424585734,0.015524903504648795
6774894159096153089,6928398838458876929,0.021795804988915222
6774894159096153089,6968718267481490433,0.015471569266758672
6774894159096153089,7081966595417244674,0.015480234361380095
6774894159096153089,7124524290486535170,0.015554953197658474
6774894159096153089,7198497671228834818,0.015544894417605464
6774894159096153089,7211458676926071835,0.015068709513727567
6774894159096153089,7257089825308165126,0.015849609615804783
6774894159096153089,7420280666741621765,0.01553562354729945
6774894159096153089,7476774838238430216,0.01551846533772201
6774894159096153089,7481214404483417096,0.016170988695957487
6774894159096153089,7484436088774624274,0.015419202610001645
6774894159096153089,7512754059523769352,0.015272771726960663
6774894159096153089,7526895629398737928,0.03242448778750729
6774894159096153089,7634034175490606101,0.015557032932629188
6774894159096153089,7653909888418890773,0.01512238269770131
6776674034375263234,6806491020194350081,0.048693775773577024
6776674034375263234,6852682568228963330,0.014935258744393842
6776674034375263234,6883679263939478530,0.01482755710067998
6776674034375263234,6910753120483165186,0.015745598745172517
6776674034375263234,6939349569991050242,0.029712527061602583
6776674034375263234,6962343424021726209,0.026949754760661627
6776674034375263234,7001471155397248001,0.02233293224005532
6776674034375263234,7004849025783022619,0.018303813368452868
6776674034375263234,7046489917002564609,0.020419901590844388
6776674034375263234,7100750102336177154,0.014901428728428472
6776674034375263234,7344283645127885830,0.014692571872878368
6776674034375263234,7345372771347792902,0.04415475483665554
6776674034375263234,7361451922681119749,0.02359881196338717
6778685305375572993,6784144101794513921,0.01579460282445939
6778685305375572993,6816804544841368577,0.01568621789827456
6778685305375572993,6870516830428201985,0.02996442864318411
6778685305375572993,6967196401395139585,0.0158559306054827
6778685305375572993,6978315681420264450,0.015671970993041462
6778685305375572993,7003685691104576514,0.01824145667315144
6778685305375572993,7060028465760486402,0.028177224104654085
6778685305375572993,7202086685571138562,0.015792543321509464
6778685305375572993,7254140507394245638,0.024098252654243528
6778685305375572993,7348055396504044550,0.015822040365816484
6778685305375572993,7455566091059020817,0.015523513676936503
6778685305375572993,7545554271439078416,0.015715164128417183
6782315094518514690,6786845476277765121,0.014516502849802
6782315094518514690,6792529910911321090,0.014995384743782694
6782315094518514690,6814393358795179010,0.01490839553530089
6782315094518514690,6907064109915046914,0.014673024549667553
6782315094518514690,6958784923474166786,0.015532153852847022
6782315094518514690,6972477904908207105,0.015724473327149033
6782315094518514690,7254140507394245638,0.032281864204521254
6782315094518514690,7270110578827150342,0.022808632693025917
6782315094518514690,7300420401526604806,0.025412767596993038
6782315094518514690,7322149836118082565,0.014382877646002098
6782315094518514690,7450744199001637895,0.014692860810489747
6782315094518514690,7522349223884719105,0.014411598445567386
6782315094518514690,7641515667149145109,0.015387445696465305
6782315094518514690,7652473478721979400,0.014345970004561752
6782765158793643009,6830423953955341314,0.016725767174903646
6782765158793643009,6958672722403836933,0.015500488878267058
6782765158793643009,6959045098000991234,0.01572137518709795
6782765158793643009,6960359847695074309,0.018828129039341335
6782765158793643009,6997282145090028546,0.016706107264130857
6782765158793643009,7002925947272234011,0.028880349212270666
6782765158793643009,7003685691104576514,0.03356234120395942
6782765158793643009,7039129332460274714,0.01507382463634325
6782765158793643009,7049429937271440385,0.01424486305914086
6782765158793643009,7076404041312404482,0.014465280622102616
6782765158793643009,7077264630486516762,0.017564382819126687
6782765158793643009,7132780297389507585,0.016257413697580915
6782765158793643009,7140728189923607558,0.015503517643116459
6782765158793643009,7333255393327449094,0.017653144885227564
6782765158793643009,7592061582878065685,0.015179801688018059
6782765158793643009,7607445622497264647,0.014773481760166306
6782765158793643009,7629938843277640725,0.016848530694975244
6784144101794513921,6806491020194350081,0.016038495548210057
6784144101794513921,6832456761011995649,0.01590912244715341
6784144101794513921,6846562081585742849,0.016562403157067678
6784144101794513921,6908277550168081410,0.01970617971289082
6784144101794513921,6940465180879586305,0.016731246209441143
6784144101794513921,6967196401395139585,0.016567245971152333
6784144101794513921,6970866552057267202,0.015628371986584573
6784144101794513921,7016976235000710170,0.020066630652830743
6784144101794513921,7060028465760486402,0.016600656305022103
6784144101794513921,7202086685571138562,0.016630945859616126
6784144101794513921,7362078617574441989,0.016342924633611797
6784144101794513921,7444920523094967314,0.02229171324705873
6784144101794513921,7545554271439078416,0.016332864560576466
6784144101794513921,7602605744538141716,0.015897166502510166
6786845476277765121,6792529910911321090,0.014955677467953742
6786845476277765121,6830724950749840385,0.015570986315228493
6786845476277765121,6859721993622471682,0.02828066669210493
6786845476277765121,6972477904908207105,0.014857983725707428
6786845476277765121,7137486032777577473,0.014923918177153654
6786845476277765121,7219888027873690626,0.015119683336008606
6786845476277765121,7254140507394245638,0.0339291516460819
6786845476277765121,7300420401526604806,0.014584244370460703
6786845476277765121,7322149836118082565,0.014853851361652126
6786845476277765121,7372215376808182789,0.015737293825248685
6786845476277765121,7384818817710916613,0.01491430183064186
6786845476277765121,7450744199001637895,0.01477165829609744
6786845476277765121,7476128992287441937,0.015737719166938557
6786845476277765121,7478201262862681105,0.015276908673028063
6786845476277765121,7522349223884719105,0.014825916375938691
6788503463644070913,6824652061209756674,0.022441814594655017
6788503463644070913,6851242490378437633,0.022318359145528793
6788503463644070913,6853326473168716802,0.031715314159701226
6788503463644070913,6879408727230465026,0.016147650030849295
6788503463644070913,6924904614709969921,0.01554923704447015
6788503463644070913,6935026650749322242,0.015883791603247693
6788503463644070913,7000964924840608769,0.01565427913048062
6788503463644070913,7014057563453752325,0.018798848321376262
6788503463644070913,7016976235000710170,0.015080203721571385
6788503463644070913,7022223240064025601,0.016140869923426324
6788503463644070913,7025843669941208090,0.015931923436327235
6788503463644070913,7064593869828932614,0.015514396127838408
6788503463644070913,7076416253577790465,0.0161010049560541
6788503463644070913,7084862600232731674,0.03243454534746133
6788503463644070913,7151061694003921947,0.015252199133234098
6788503463644070913,7270110578827150342,0.0194864628053347
6788503463644070913,7501201778134893584,0.01601663289026424
6788503463644070913,7520091064683021319,0.01565814827135467
6788503463644070913,7629259435181491218,0.016364329516849782
6788785074981815297,6853326473168716802,0.019162423196743026
6788785074981815297,6883679263939478530,0.033734847712545486
6788785074981815297,6903068209902994434,0.017498647023622384
6788785074981815297,6934842504743879681,0.016835836486031416
6788785074981815297,6959507281902257158,0.033734847712545486
6788785074981815297,6997282145090028546,0.033734847712545486
6788785074981815297,7005422961205330971,0.033734847712545486
6788785074981815297,7012228858045465601,0.015220885476448641
6788785074981815297,7012854598687966235,0.0184024310070628
6788785074981815297,7014057563453752325,0.04409990770854004
6788785074981815297,7056589938901664769,0.026872117754110133
6788785074981815297,7060374955943003137,0.015433319545502068
6788785074981815297,7096897188358456322,0.02573065816785822
6788785074981815297,7127610987100308481,0.033734847712545486
6788785074981815297,7207116376669438978,0.03467455467762412
6788785074981815297,7237187612749874182,0.033734847712545486
6788785074981815297,7238631407236580358,0.013367460444172299
6788785074981815297,7260730044916745221,0.033734847712545486
6788785074981815297,7319387104206259206,0.016115490989595613
6788785074981815297,7329677372679472133,0.015788337002617673
6788785074981815297,7453528540971172870,0.033734847712545486
6788785074981815297,7478421096736359430,0.013898865863871063
6788785074981815297,7507877861438964754,0.0203894071947614
6788785074981815297,7584050819944596487,0.018625973937720988
6788785074981815297,7631155532019663879,0.0184024310070628
6791345207919051777,6820978069932540930,0.03155528399249176
6791345207919051777,6897937907282740225,0.015228825445129164
6791345207919051777,7022043784491222018,0.01665812058937678
6791345207919051777,7155463663934489601,0.01487909864458943
6791345207919051777,7237187612749874182,0.016666333215571216
6791345207919051777,7277563253713224709,0.015857386124589583
6791345207919051777,7421159900989047814,0.01654056618027185
6791345207919051777,7478201262862681105,0.014690234723286334
6791345207919051777,7510202614824551431,0.015056461477998558
6791345207919051777,7587437314005304341,0.016594574040678697
6791345207919051777,7592121729054213121,0.015967898043746945
6791345207919051777,7618421559720412178,0.017039162143664806
6791345207919051777,7641155549304505352,0.02171192038536725
6791345207919051777,7652473478721979400,0.015538826636767786
6791345207919051777,7652707278761018388,0.01597045555116772
6791345207919051777,7653078869913863175,0.01501719563662663
6792529910911321090,6814393358795179010,0.025910416517454973
6792529910911321090,6816804544841368577,0.03974952454880835
6792529910911321090,6829077348115170306,0.017340948655007578
6792529910911321090,6907064109915046914,0.0141264521084428
6792529910911321090,6958784923474166786,0.01502092893968529
6792529910911321090,6959168054680978434,0.03347758109367391
6792529910911321090,6972477904908207105,0.015347976164741317
6792529910911321090,7005622091391714330,0.018168890509643498
6792529910911321090,7020605956485940251,0.01669105299562054
6792529910911321090,7089701400901600283,0.016697769263303897
6792529910911321090,7131585685501363202,0.017340948655007578
6792529910911321090,7135220356252517402,0.03124720627548731
6792529910911321090,7137486032777577473,0.01474697168225198
6792529910911321090,7219888027873690626,0.014898700070524101
6792529910911321090,7271800847229633541,0.026934233992797228
6792529910911321090,7300420401526604806,0.01506367344025486
6792529910911321090,7331684378399196166,0.019758298062744508
6792529910911321090,7361451922681119749,0.03043308927684807
6792529910911321090,7372215376808182789,0.015520134102945397
6792529910911321090,7384818817710916613,0.03649314186666683
6792529910911321090,7450744199001637895,0.015128028556544354
6792529910911321090,7476128992287441937,0.015520563670042732
6792529910911321090,7522349223884719105,0.014844511134204498
6792529910911321090,7641515667149145109,0.015082040274943627
6793092651313005570,6796118400902300673,0.01563924864184771
6793092651313005570,6851103401436120066,0.015608679256669186
6793092651313005570,6883544605590766594,0.023195827770601307
6793092651313005570,6902777439399920641,0.015437415192081461
6793092651313005570,6912770377378841601,0.01845534843645857
6793092651313005570,6919245969214080001,0.027782451686636886
6793092651313005570,6925056214594274306,0.01521958339269255
6793092651313005570,6949516198539346945,0.01606457856935783
6793092651313005570,6959317815221093378,0.01564188972709261
6793092651313005570,6983637584456647681,0.016223889689057282
6793092651313005570,7035968949859959835,0.015210981357080709
6793092651313005570,7121523637161001985,0.04458654319129995
6793092651313005570,7132780297389507585,0.03254444332722968
6793092651313005570,7205917572523803649,0.015604568103539884
6793092651313005570,7420280666741621765,0.016104112639025368
6793092651313005570,7495411659411948599,0.01606093692190358
6793092651313005570,7546926530825077778,0.025928160252645525
6793092651313005570,7607445622497264647,0.03310504115112414
6793092651313005570,93013606744592384,0.015543294117620867
6796118400902300673,6820978069932540930,0.020852693720925252
6796118400902300673,6822219016431043585,0.024000204190972003
6796118400902300673,6885133273098388482,0.01827313391565343
6796118400902300673,6891957094863389697,0.020393420248318583
6796118400902300673,6902777439399920641,0.015116673136790396
6796118400902300673,6923227293196944385,0.01735583193800318
6796118400902300673,6959317815221093378,0.015307414776017391
6796118400902300673,6959419874189050881,0.018475297461019002
6796118400902300673,6962343424021726209,0.04233621767924197
6796118400902300673,6983637584456647681,0.015864395948100497
6796118400902300673,6998723476065862683,0.0207670614171073
6796118400902300673,7001471155397248001,0.017410265714456377
6796118400902300673,7060924497801593882,0.016732794828035868
6796118400902300673,7089701400901600283,0.028807267618964117
6796118400902300673,7254140507394245638,0.027769447214492943
6796118400902300673,7369653419626202117,0.02594845897924827
6796118400902300673,7476774838238430216,0.015956607338933528
6796118400902300673,7491832625380934672,0.016825949725040944
6796501145089229825,6816804544841368577,0.01811694874451419
6796501145089229825,6826232852025263106,0.015171191381061048
6796501145089229825,6843726665424585734,0.015412999272958337
6796501145089229825,6846562081585742849,0.026396130605892947
6796501145089229825,6884391295285806086,0.016822231213428032
6796501145089229825,6940581217293599745,0.017795202675956544
6796501145089229825,6958281584488236033,0.01494971798765286
6796501145089229825,6968718267481490433,0.015358760489220089
6796501145089229825,6978315681420264450,0.01914084219530403
6796501145089229825,7076404041312404482,0.01571410117232593
6796501145089229825,70836239101,0.01709063937009003
6796501145089229825,7124524290486535170,0.01568822732401512
6796501145089229825,7198497671228834818,0.015432133497267261
6796501145089229825,7211458676926071835,0.014953262781273393
6796501145089229825,7254140507394245638,0.01707825362332906
6796501145089229825,7257089825308165126,0.015985451761293377
6796501145089229825,7420280666741621765,0.015422857617689516
6796501145089229825,7476774838238430216,0.015406559489592707
6796501145089229825,7481214404483417096,0.016308171132949016
6796501145089229825,7484436088774624274,0.015306351815131961
6796501145089229825,7495411659411948599,0.020541381039131498
6796501145089229825,7512754059523769352,0.015159781432385624
6796501145089229825,7653909888418890773,0.015260223566486774
6797983925664302082,6853606251437016066,0.015853672696396478
6797983925664302082,6869604967994541057,0.016040727452031143
6797983925664302082,6879408727230465026,0.026589301687891632
6797983925664302082,6924904614709969921,0.015413223744612528
6797983925664302082,6949516198539346945,0.025899737131790536
6797983925664302082,6959419874189050881,0.07393349131911507
6797983925664302082,6961428341711406081,0.01570691818749929
6797983925664302082,7064593869828932614,0.0154489717312695
6797983925664302082,7148170160443048961,0.09832508585244845
6797983925664302082,7226016778555556890,0.015882511569441298
6797983925664302082,7254140507394245638,0.02282390778052083
6797983925664302082,7326825435546174471,0.016094170401648334
6797983925664302082,7328024330810950662,0.015935508359484808
6797983925664302082,7334668853316273157,0.01595842618202404
6797983925664302082,7507818955039278088,0.016086754214566932
6797983925664302082,7572718529432126480,0.026377388370838615
6800380754986042369,6958921737837741058,0.01246035470680183
6800380754986042369,6964738659434152962,0.014647468523058621
6800380754986042369,6993582094237778970,0.012459763005466183
6800380754986042369,6995145012439450625,0.014257163718263974
6800380754986042369,7046489917002564609,0.017408968649972954
6800380754986042369,7075674626739536898,0.017472893354621565
6800380754986042369,7154310477883032578,0.01739402132101926
6800380754986042369,7192449099722916869,0.015769542498169187
6800380754986042369,7207116376669438978,0.016032409351417778
6800380754986042369,7226016778555556890,0.017919341282273196
6800380754986042369,7455566091059020817,0.0130913768560809
6800380754986042369,7641155549304505352,0.017152443265492284
6800380754986042369,7650649289911452693,0.015339180235416309
6801315654327976962,6836139867615151105,0.014312050549160881
6801315654327976962,6858020241664181249,0.01713409492443849
6801315654327976962,6870516830428201985,0.02932504694292777
6801315654327976962,6877714053142348801,0.014932311936577096
6801315654327976962,6916793805480805377,0.022475821596758715
6801315654327976962,6924904614709969921,0.016792914518432612
6801315654327976962,6934842504743879681,0.015332382293803116
6801315654327976962,6947166484004373506,0.01861454245930628
6801315654327976962,6966276498689721345,0.014484438858161204
6801315654327976962,7020605956485940251,0.022020537226666633
6801315654327976962,7063506594294924289,0.014700179055868777
6801315654327976962,7081966595417244674,0.048293918384502886
6801315654327976962,7142783450839401473,0.02607367351299552
6801315654327976962,7192960927724127233,0.0188059915420045
6801315654327976962,7241559016605746182,0.015562367362396561
6801315654327976962,7361451922681119749,0.019878274557029247
6801315654327976962,7499493589689779218,0.01467782015509846
6801315654327976962,7501201778134893584,0.023986991405795945
6801315654327976962,7604788544276333586,0.027746651790259855
6803169593541624833,6902777439399920641,0.037549391254808
6803169593541624833,6910753120483165186,0.01656651473408712
6803169593541624833,6922656772109452290,0.016604852761762656
6803169593541624833,6961159945572844550,0.016573432774576975
6803169593541624833,6964970683512931333,0.01651184509771113
6803169593541624833,7032542326535341083,0.015377925323126203
6803169593541624833,7108182400240223233,0.01654195165283195
6803169593541624833,7113527717450810370,0.015369872934764689
6803169593541624833,7135220356252517402,0.015390111878891083
6803169593541624833,7192220822001746970,0.01601699339605311
6803169593541624833,7316163220909196294,0.01392297730228315
6803169593541624833,7369653419626202117,0.016015642841605705
6803169593541624833,7501664443560084488,0.016522798095218644
6803169593541624833,7526895629398737928,0.016571917134121168
6803169593541624833,7584050819944596487,0.015757463407715947
6806265446909510657,6820978069932540930,0.01718837043461304
6806265446909510657,6830724950749840385,0.021109376399887737
6806265446909510657,6851242490378437633,0.0157987658550419
6806265446909510657,6858020241664181249,0.02568919821376249
6806265446909510657,6869941060425237506,0.014801753088295708
6806265446909510657,6871752909106938881,0.03319437467250082
6806265446909510657,6872243314772345857,0.015308595356107152
6806265446909510657,6912352842767680514,0.02142100039431256
6806265446909510657,6924145368151442437,0.0259321676227561
6806265446909510657,6932353646320108546,0.014023751752452166
6806265446909510657,6939349569991050242,0.01878545987854496
6806265446909510657,6941389168077702146,0.02455248945925929
6806265446909510657,6958672722403836933,0.01869786892686625
6806265446909510657,6966148415672173569,0.014619125850251144
6806265446909510657,6998723476065862683,0.02110010948000215
6806265446909510657,7022043784491222018,0.03265953271667003
6806265446909510657,7035968949859959835,0.02179781720263333
6806265446909510657,7096068961858765826,0.02397115639891188
6806265446909510657,7105261059741565979,0.015769117101784445
6806265446909510657,7108182400240223233,0.02161796506077021
6806265446909510657,7370877163489444869,0.01361902394905845
6806265446909510657,7379787571319522310,0.02790700102903004
6806265446909510657,7479292129044612104,0.019386204249690387
6806265446909510657,7635591227443250194,0.013565105002219113
6806491020194350081,6870516830428201985,0.014637918167017809
6806491020194350081,6916793805480805377,0.015554744398017312
6806491020194350081,6939349569991050242,0.015925496391204764
6806491020194350081,6964714945469662210,0.01329356872934062
6806491020194350081,6987280497861067778,0.015628954440816127
6806491020194350081,7057223811220997147,0.01503854796882438
6806491020194350081,7333255393327449094,0.015346274732600033
6806491020194350081,7345372771347792902,0.021442969696935286
6806491020194350081,7367247089417896965,0.017915296293777867
6806491020194350081,7400503260173730822,0.015692124806423357
6806491020194350081,7453778116689118215,0.01514682453957239
6806491020194350081,7464192594000741377,0.015147196381700858
6806491020194350081,7505361348164092936,0.01824077357490042
6806491020194350081,7583691841695859720,0.015308213216902051
6808778790597116929,6830724950749840385,0.02220222680880111
6808778790597116929,6838394070915974146,0.022110894416033845
6808778790597116929,6849158272508838913,0.016353069769777736
6808778790597116929,6871752909106938881,0.019645706194508134
6808778790597116929,6878792033083933697,0.01646322141509973
6808778790597116929,6892279591021413378,0.019379180838680257
6808778790597116929,6959045098000991234,0.03154679063542178
6808778790597116929,6961362649994478593,0.016647349627605203
6808778790597116929,6964714945469662210,0.012540167927131547
6808778790597116929,6977327001304876034,0.015193641829939398
6808778790597116929,7120541706823533594,0.015272815416523389
6808778790597116929,7219631248322511874,0.024239207957601237
6808778790597116929,7241559016605746182,0.016657259787533404
6808778790597116929,7254140507394245638,0.02190898669761966
6808778790597116929,7283325250002830342,0.01597120261384214
6808778790597116929,7343513808779904005,0.02372337909644762
6808778790597116929,7496951292298249223,0.019576645548978464
6808778790597116929,7516118321939727361,0.018988941278264084
6808778790597116929,7522355226557662225,0.01846811446394744
6808778790597116929,7581801127412319248,0.01638729609461236
6808778790597116929,7634034175490606101,0.024150391110432153
6812520051217761282,6819447568583541762,0.1317253921722476
6812520051217761282,6876392341809824773,0.015301273509729737
6812520051217761282,6899092861301539842,0.015469458044259978
6812520051217761282,6909417612863554561,0.01592440077069786
6812520051217761282,7016976235000710170,0.014875494937215428
6812520051217761282,7025843669941208090,0.03035767570759955
6812520051217761282,70729628102,0.022680922214813628
6812520051217761282,7094307669989819418,0.01556029450171025
6812520051217761282,7102360937428108314,0.032292877195595746
6812520051217761282,7151061694003921947,0.015162672335344182
6812520051217761282,7151777693745841157,0.01541710222893878
6812520051217761282,7160116207869428738,0.015915424993405227
6812520051217761282,7186497865421161499,0.015906498101740957
6812520051217761282,7219631248322511874,0.01577039166853797
6812520051217761282,7361451922681119749,0.016005008746956206
6812520051217761282,7506867441839244344,0.016045768632632667
6812520051217761282,7507877861438964754,0.01577707355154959
6812520051217761282,7639298353755030529,0.018778184984080577
6813610779519386626,6816804544841368577,0.017559116368557497
6813610779519386626,6845216238998684674,0.015526603593148353
6813610779519386626,6891957094863389697,0.01502241424348611
6813610779519386626,6899092861301539842,0.03831103608845298
6813610779519386626,6922636080495952898,0.015046302457353179
6813610779519386626,6940581217293599745,0.022304766611858602
6813610779519386626,6959419874189050881,0.01794469075955814
6813610779519386626,6961428341711406081,0.015107557743743854
6813610779519386626,6985727260917662725,0.014640781325136276
6813610779519386626,6988040833657242625,0.06110710883031898
6813610779519386626,7058797886825792518,0.014628184592681085
6813610779519386626,7084186676168508442,0.014781201400648205
6813610779519386626,7106791086807614491,0.014365785167385101
6813610779519386626,7188777124807181314,0.014958053334213196
6813610779519386626,7206554298104415258,0.024987209100846737
6813610779519386626,7254140507394245638,0.02603393598280047
6813610779519386626,7319919338914857990,0.015119042498219938
6813610779519386626,7354443424308167685,0.03745361758203255
6813610779519386626,7423293361527014405,0.024483450622316594
6813610779519386626,7565406894694269953,0.014671520034408067
6814393358795179010,6829077348115170306,0.026142667794022096
6814393358795179010,6852682568228963330,0.017560112089753145
6814393358795179010,6892279591021413378,0.01507924877034895
6814393358795179010,6904567468456657921,0.017560112089753145
6814393358795179010,6907064109915046914,0.014934385163211814
6814393358795179010,6958784923474166786,0.014881142245504993
6814393358795179010,6972477904908207105,0.01506015083678588
6814393358795179010,7131585685501363202,0.026142667794022096
6814393358795179010,7231559211711382529,0.017223500647516155
6814393358795179010,7248502263702291463,0.019572562391621497
6814393358795179010,7254140507394245638,0.015036125519523744
6814393358795179010,7282408479507563526,0.019572562391621497
6814393358795179010,7300420401526604806,0.01483718528108028
6814393358795179010,7331684378399196166,0.029786987592540927
6814393358795179010,7352412606437704710,0.017664317168297902
6814393358795179010,7384818817710916613,0.027409482461291965
6814393358795179010,7652473478721979400,0.01462871135618816
6814495638986720257,6845216238998684674,0.046703811314204445
6814495638986720257,6870129679489238018,0.1756864855811151
6814495638986720257,6899092861301539842,0.022269224307473717
6814495638986720257,6918855608540644354,0.03486000485184814
6814495638986720257,6961159945572844550,0.01968516499216964
6814495638986720257,6964970683512931333,0.03160193059788289
6814495638986720257,6978315681420264450,0.06041629228933407
6814495638986720257,6992412727014048794,0.045970763693819784
6814495638986720257,7054007488706429979,0.10919019066366956
6814495638986720257,7060028465760486402,0.03160193059788289
6814495638986720257,7100750102336177154,0.014913698337258415
6814495638986720257,7135220356252517402,0.016049614165211085
6814495638986720257,7137486032777577473,0.014869572286835643
6814495638986720257,7148170160443048961,0.04868122711412164
6814495638986720257,7238588875538793480,0.05951499738145267
6814495638986720257,7333255393327449094,0.07193355470852271
6814495638986720257,7344283645127885830,0.014882510072232513
6814495638986720257,7384728630012806150,0.03265542313730419
6814495638986720257,7650649289911452693,0.07036246310550695
6816804544841368577,6832456761011995649,0.015865488073932305
6816804544841368577,6958281584488236033,0.017210446279951493
6816804544841368577,6959168054680978434,0.04058188134394098
6816804544841368577,6967196401395139585,0.016273841320073718
6816804544841368577,6978315681420264450,0.016214100014601284
6816804544841368577,7077264630486516762,0.018677685442986203
6816804544841368577,7135220356252517402,0.05315416173930051
6816804544841368577,7254140507394245638,0.0258193443175647
6816804544841368577,7271800847229633541,0.031144254304628773
6816804544841368577,7329677372679472133,0.015420360558006017
6816804544841368577,7348055396504044550,0.016374837543494
6816804544841368577,7384818817710916613,0.01918093865154976
6816804544841368577,7545554271439078416,0.016124187890334866
6819447568583541762,6832172451021308929,0.01596275944245769
6819447568583541762,6877807298031780866,0.016576860244820024
6819447568583541762,6926515660747768833,0.01580187906793993
6819447568583541762,6939127500590416898,0.01637075866575241
6819447568583541762,6958042743239672833,0.015615124522794227
6819447568583541762,6961428341711406081,0.017770830636478045
6819447568583541762,6986032885317551131,0.016616518497283916
6819447568583541762,7025843669941208090,0.033337065819763124
6819447568583541762,70729628102,0.06458624866861509
6819447568583541762,7088963677072950274,0.016392103770295173
6819447568583541762,7102360937428108314,0.04021981645967788
6819447568583541762,7164308860937126914,0.016605513068104493
6819447568583541762,7193229205185250330,0.01631932293116115
6819447568583541762,7254140507394245638,0.020545696778499413
6819447568583541762,7331684378399196166,0.01818019369623048
6819447568583541762,7455281387647304705,0.016604836340005587
6819447568583541762,7546926530825077778,0.016385068711266944
6819447568583541762,7639298353755030529,0.019795508328063198
6820978069932540930,6851799698815845377,0.024015825782136607
6820978069932540930,6885133273098388482,0.01896702150761022
6820978069932540930,6924145368151442437,0.02111285096996313
6820978069932540930,6961428341711406081,0.016453183547158422
6820978069932540930,6966148415672173569,0.018305006450070948
6820978069932540930,6998723476065862683,0.01617593635350093
6820978069932540930,7022043784491222018,0.025816521630231196
6820978069932540930,7108182400240223233,0.01683171127571421
6820978069932540930,7186497865421161499,0.0374021556369452
6820978069932540930,7316163220909196294,0.016914014804546424
6820978069932540930,7372140179509216261,0.03399663174510598
6820978069932540930,7464192594000741377,0.016115129964844987
6820978069932540930,7476774838238430216,0.018317638512080403
6820978069932540930,7499493589689779218,0.015218204092076035
6820978069932540930,7506867441839244344,0.015130680133861601
6820978069932540930,7641155549304505352,0.014348318316957546
6822219016431043585,6844898370776122370,0.015874588902928602
6822219016431043585,6923227293196944385,0.019757689526900046
6822219016431043585,6935026650749322242,0.02330968007676541
6822219016431043585,6968111084863783938,0.018620332726425638
6822219016431043585,6968643664378119170,0.015981004122746414
6822219016431043585,7000352128338478081,0.015714342796161358
6822219016431043585,7016971336972452891,0.01608031735498392
6822219016431043585,7052273815992304641,0.015790096812786366
6822219016431043585,7060924497801593882,0.015842069866059134
6822219016431043585,7124524290486535170,0.03321720805076814
6822219016431043585,7203897797036459035,0.012952735332870278
6822219016431043585,7448255517355164673,0.01571672761314343
6822219016431043585,7491832625380934672,0.015961930290702052
6822219016431043585,7599311463005832209,0.01591142471925183
6822219016431043585,7653909888418890773,0.017569539598239692
6824652061209756674,6853326473168716802,0.014867784279984553
6824652061209756674,6856714213596726273,0.014606679539522218
6824652061209756674,6893653391593440258,0.014357388643194212
6824652061209756674,6903068209902994434,0.014714252218101942
6824652061209756674,6918855608540644354,0.014669027888301269
6824652061209756674,6947166484004373506,0.014956206515328113
6824652061209756674,6967659350089810946,0.014343250868373092
6824652061209756674,7003367467040949249,0.01463575260059039
6824652061209756674,7056589938901664769,0.01456726558282502
6824652061209756674,7056720636374385691,0.014613958395768404
6824652061209756674,7084862600232731674,0.017467044420383458
6824652061209756674,7096479885301138458,0.014930244292272927
6824652061209756674,7238588875538793480,0.014800859756646901
6824652061209756674,7496951292298249223,0.023236175852820038
6824652061209756674,7566446773142979591,0.014796982938084135
6824652061209756674,7572718529432126480,0.014524371567601526
6826232852025263106,6939349569991050242,0.02189650282995833
6826232852025263106,6968718267481490433,0.01497325976844923
6826232852025263106,7022043784491222018,0.022243599695065643
6826232852025263106,7035968949859959835,0.01568415318387882
6826232852025263106,7211458676926071835,0.014958954146347304
6826232852025263106,7254140507394245638,0.021979187425704805
6826232852025263106,7481214404483417096,0.015124571452462585
6826232852025263106,7484436088774624274,0.015026448211616911
6826232852025263106,7512754059523769352,0.015157462925638267
6826232852025263106,7642599508594115605,0.01532135821227242
6826232852025263106,7648650172402435093,0.015045563015877672
6826232852025263106,7654157094572098561,0.015419494044883204
6829077348115170306,6852682568228963330,0.02634894912387412
6829077348115170306,6874733816599708673,0.014444692795401932
6829077348115170306,6882458879956780033,0.015105587959877967
6829077348115170306,6892279591021413378,0.022626413581267255
6829077348115170306,6904567468456657921,0.02634894912387412
6829077348115170306,6959306103192912897,0.01508505367044635
6829077348115170306,6966276498689721345,0.01710613083956643
6829077348115170306,6977774091941102597,0.014421203338187244
6829077348115170306,6978562375062799362,0.01432730064187266
6829077348115170306,7005622091391714330,0.017188913720845838
6829077348115170306,7089701400901600283,0.015797140449780495
6829077348115170306,7131585685501363202,0.039227074414233655
6829077348115170306,7150266661496472582,0.015307405141502584
6829077348115170306,7182583625258632193,0.015419560878690527
6829077348115170306,7213282682464814107,0.01525918827024103
6829077348115170306,7231559211711382529,0.025843863636908927
6829077348115170306,7248502263702291463,0.029368630908775516
6829077348115170306,7282408479507563526,0.029368630908775516
6829077348115170306,7321759691690951685,0.015004185643222982
6829077348115170306,7331684378399196166,0.04469537646558176
6829077348115170306,7338600730439353346,0.014874454324086732
6829077348115170306,7352412606437704710,0.026505308849768313
6829077348115170306,7384818817710916613,0.02056475165922045
6829077348115170306,7575529166674773008,0.015067010600501167
6830423953955341314,6958672722403836933,0.015736130652420043
6830423953955341314,6959045098000991234,0.015501369253764793
6830423953955341314,6997282145090028546,0.016948635737452176
6830423953955341314,7002925947272234011,0.0165276984040003
6830423953955341314,7003685691104576514,0.015739563017593952
6830423953955341314,7039129332460274714,0.014859531330060474
6830423953955341314,7046489917002564609,0.01422716569078061
6830423953955341314,7049429937271440385,0.01402563475146292
6830423953955341314,7132780297389507585,0.016497547389639742
6830423953955341314,7140728189923607558,0.01573915901450807
6830423953955341314,7254140507394245638,0.01603803378331531
6830423953955341314,7479292129044612104,0.014791867258943492
6830423953955341314,7545554271439078416,0.02145674264400305
6830423953955341314,7592061582878065685,0.014964246836320708
6830423953955341314,7629938843277640725,0.01661845573286694
6830724950749840385,6838394070915974146,0.01781095701663494
6830724950749840385,6840264030130144258,0.01496864230574841
6830724950749840385,6869941060425237506,0.01608388857643573
6830724950749840385,6871752909106938881,0.05463533285037928
6830724950749840385,6878826082558428161,0.029919254640355008
6830724950749840385,6892279591021413378,0.09998970450632086
6830724950749840385,6912352842767680514,0.04542990149342243
6830724950749840385,6922733815886889986,0.037523255726838046
6830724950749840385,6958672722403836933,0.0176958535510597
6830724950749840385,6986850469483676673,0.01795338351728262
6830724950749840385,7084186676168508442,0.01504708519395572
6830724950749840385,7137486032777577473,0.015312412913168025
6830724950749840385,7154310477883032578,0.01701034181157157
6830724950749840385,7204083942915130395,0.014700605129963972
6830724950749840385,7211458676926071835,0.02402379011602379
6830724950749840385,7219888027873690626,0.015912350982721174
6830724950749840385,7241559016605746182,0.01604868923130195
6830724950749840385,7254140507394245638,0.023197120838071243
6830724950749840385,7264489075083461633,0.01810375215599815
6830724950749840385,7284988452844078087,0.01670263912371122
6830724950749840385,7322149836118082565,0.04176722129135637
6830724950749840385,7328024330810950662,0.01746366706522464
6830724950749840385,7343513808779904005,0.12240422778916431
6830724950749840385,7358103277785891846,0.019202057253242484
6830724950749840385,7372215376808182789,0.016555220557642854
6830724950749840385,7377168369478452229,0.022988437564692783
6830724950749840385,7450744199001637895,0.015157257843842128
6830724950749840385,7476128992287441937,0.01655473285098515
6830724950749840385,7479292129044612104,0.030733157972542804
6830724950749840385,7501201778134893584,0.041373050198511965
6830724950749840385,7505361348164092936,0.01717506379679277
6830724950749840385,7522349223884719105,0.015210681246798894
6830724950749840385,7522355226557662225,0.09528892492469104
6830724950749840385,7581801127412319248,0.03517183405470261
6830724950749840385,7634034175490606101,0.03148103499710385
6830724950749840385,7641515667149145109,0.014989454279482457
6832172451021308929,6840264030130144258,0.020045759260692898
6832172451021308929,6846562081585742849,0.018074965280300316
6832172451021308929,6877807298031780866,0.01600318047629122
6832172451021308929,6885133273098388482,0.01676198043765717
6832172451021308929,6986032885317551131,0.015965800157522157
6832172451021308929,6995145012439450625,0.01730158950096617
6832172451021308929,7002112944796779546,0.0262081858127938
6832172451021308929,7108182400240223233,0.0179643244146616
6832172451021308929,7164308860937126914,0.01597547608621539
6832172451021308929,7202086685571138562,0.019942317716495885
6832172451021308929,7455281387647304705,0.01597610038617162
6832172451021308929,7495411659411948599,0.02024008575372895
6832456761011995649,6967196401395139585,0.015971020595212614
6832456761011995649,6978315681420264450,0.01585110474059841
6832456761011995649,7192449099722916869,0.018662130633538818
6832456761011995649,7202086685571138562,0.03127278412661635
6832456761011995649,7313053731345220614,0.013873379223733804
6832456761011995649,7348055396504044550,0.0361929623625834
6832456761011995649,7379787571319522310,0.015967309064724603
6832456761011995649,7491832625380934672,0.021854952969756737
6832456761011995649,7510202614824551431,0.03775202165502232
6832456761011995649,7545554271439078416,0.015827702598023952
6832456761011995649,7653909888418890773,0.018099882933885564
6836139867615151105,6870516830428201985,0.014264854279155713
6836139867615151105,6915746450216748033,0.014728922543059452
6836139867615151105,6932353646320108546,0.037522757420441324
6836139867615151105,6966276498689721345,0.014476027424115195
6836139867615151105,7203897797036459035,0.015730377646666658
6836139867615151105,7241559016605746182,0.015045880115303896
6836139867615151105,7277563253713224709,0.03260499372115183
6836139867615151105,7445331089281270789,0.015501004670255182
6836139867615151105,7455566091059020817,0.014271409271376335
6836139867615151105,7476774838238430216,0.015220233940378865
6836139867615151105,7607445622497264647,0.014541659260189549
6837516209820517378,6840264030130144258,0.022450730576421486
6837516209820517378,6851103401436120066,0.021730544555293708
6837516209820517378,6876731745220920321,0.018393672795666657
6837516209820517378,6953411710000038918,0.01508137525666943
6837516209820517378,6962343424021726209,0.02077710372474612
6837516209820517378,6983967123942065178,0.016015028035152125
6837516209820517378,6986850469483676673,0.018681351631115808
6837516209820517378,6998723476065862683,0.019062401628602735
6837516209820517378,7001471155397248001,0.017271955417751228
6837516209820517378,7004849025783022619,0.01694846003649635
6837516209820517378,7081966595417244674,0.01716097157450113
6837516209820517378,7094307669989819418,0.018444099541413968
6837516209820517378,7313053731345220614,0.02668591955742153
6837516209820517378,7322149836118082565,0.027045164566645897
6837516209820517378,7493882569899394065,0.016434636501658197
6837516209820517378,7585530131923682324,0.015697005295841435
6837516209820517378,7592121729054213121,0.021989001464164312
6837516209820517378,7617823686238143508,0.020111298025458652
6837516209820517378,7653816056004543508,0.015991808358009764
6837516209820517378,7653909888418890773,0.016102631091052567
6838394070915974146,6866036800730088449,0.02995509068100491
6838394070915974146,6871752909106938881,0.022791716978444183
6838394070915974146,6878826082558428161,0.031092959822915465
6838394070915974146,6924145368151442437,0.016978854327137468
6838394070915974146,7014057563453752325,0.02401726236281156
6838394070915974146,7108182400240223233,0.030052878096957204
6838394070915974146,7142783450839401473,0.01657002927707518
6838394070915974146,7241559016605746182,0.03286317508179009
6838394070915974146,7254140507394245638,0.02210652827874763
6838394070915974146,7459425028325852176,0.03863346826189325
6838394070915974146,7479292129044612104,0.01909597856577672
6838394070915974146,7496951292298249223,0.04120507209407854
6840264030130144258,6858020241664181249,0.015147835606630966
6840264030130144258,6953411710000038918,0.01461576219391102
6840264030130144258,6986850469483676673,0.030693722129010913
6840264030130144258,7001471155397248001,0.02106121389495208
6840264030130144258,7094307669989819418,0.017571926920851806
6840264030130144258,7202086685571138562,0.01885082545643848
6840264030130144258,7219888027873690626,0.0154840014837693
6840264030130144258,7267057918439506950,0.015198646578720977
6840264030130144258,7322149836118082565,0.03527841966084856
6840264030130144258,7372215376808182789,0.015121084945847936
6840264030130144258,7476128992287441937,0.015120623063848138
6840264030130144258,7585530131923682324,0.014311276035895088
6840729921989297153,6849158272508838913,0.013541901776831398
6840729921989297153,6853326473168716802,0.016964210028458177
6840729921989297153,6859585767275381762,0.022276154195959443
6840729921989297153,6923227293196944385,0.024523438863984743
6840729921989297153,6939349569991050242,0.022376142374211955
6840729921989297153,6958268752132178946,0.015525329783395781
6840729921989297153,7120541706823533594,0.015629369992657682
6840729921989297153,7149906885037179905,0.017276966413910015
6840729921989297153,7157712033605370881,0.014870500474843989
6840729921989297153,7283325250002830342,0.014789152039478467
6840729921989297153,7372140179509216261,0.016495857527054406
6840729921989297153,7481214404483417096,0.01727132955476639
6840729921989297153,7493882569899394065,0.015154071845916358
6840729921989297153,7512754059523769352,0.017036685691788348
6843726665424585734,6871426693903778821,0.021828207531039368
6843726665424585734,6916793805480805377,0.02366903565528049
6843726665424585734,7056589938901664769,0.026120700196323725
6843726665424585734,7198497671228834818,0.014945073059638122
6843726665424585734,7254140507394245638,0.020275377372178046
6843726665424585734,7257089825308165126,0.02522478737354238
6843726665424585734,7267057918439506950,0.01810993625488931
6843726665424585734,7464192594000741377,0.01505559355546245
6843726665424585734,7546553409273627653,0.026256006896545985
6843726665424585734,7592061582878065685,0.017579093486073505
6843726665424585734,7653816056004543508,0.01767216582105715
6844898370776122370,6871752909106938881,0.01751585237270001
6844898370776122370,6939127500590416898,0.019423233220808828
6844898370776122370,6968643664378119170,0.01602092483200975
6844898370776122370,7000352128338478081,0.015666329733505006
6844898370776122370,7016971336972452891,0.01604914243220928
6844898370776122370,7052273815992304641,0.01582965043962225
6844898370776122370,7060924497801593882,0.015881610083093578
6844898370776122370,7192960927724127233,0.018591042657770136
6844898370776122370,7284988452844078087,0.01587503534018745
6844898370776122370,7377168369478452229,0.015744169198552094
6844898370776122370,7479292129044612104,0.016652571689442543
6844898370776122370,7599311463005832209,0.015862899604541448
6845216238998684674,6870129679489238018,0.046703811314204445
6845216238998684674,6874733816599708673,0.014856635878123463
6845216238998684674,6877714053142348801,0.020382512439804382
6845216238998684674,6918855608540644354,0.023566684243151385
6845216238998684674,6940581217293599745,0.06089099430708877
6845216238998684674,6959162637768377349,0.01950956950569801
6845216238998684674,6977774091941102597,0.01462180351952564
6845216238998684674,6978315681420264450,0.05038121475272094
6845216238998684674,6978562375062799362,0.0145176671043709
6845216238998684674,6988040833657242625,0.0682748279493097
6845216238998684674,6995145012439450625,0.030533071138141413
6845216238998684674,6996939727140979714,0.025611315830658735
6845216238998684674,7025256146383324187,0.01511235463769189
6845216238998684674,7054007488706429979,0.03988453238978472
6845216238998684674,7072731690099852289,0.01410818834864609
6845216238998684674,7102360937428108314,0.018661465614013044
6845216238998684674,7148170160443048961,0.017588174129064004
6845216238998684674,7195479055549924378,0.0147180449583111
6845216238998684674,7238588875538793480,0.030737736632310882
6845216238998684674,7305650093284197382,0.01394017518158436
6845216238998684674,7333255393327449094,0.0371515543466286
6845216238998684674,7338600730439353346,0.014521878104256813
6845216238998684674,7354443424308167685,0.04025797114229568
6845216238998684674,7384728630012806150,0.027231394439806475
6845216238998684674,7398639237263229958,0.013212453691963002
6845216238998684674,7423293361527014405,0.02953376813627525
6845216238998684674,7602458307672884225,0.014475968289291194
6845216238998684674,7650649289911452693,0.036340131981788114
6846562081585742849,6884391295285806086,0.059785419447354854
6846562081585742849,6885133273098388482,0.02508117304249795
6846562081585742849,6891957094863389697,0.025233475585007464
6846562081585742849,6940581217293599745,0.06324331431632683
6846562081585742849,6960359847695074309,0.032586619174196974
6846562081585742849,6970866552057267202,0.015692484159472303
6846562081585742849,6978315681420264450,0.06513187326158723
6846562081585742849,6982233082511180827,0.017870178175068432
6846562081585742849,6995145012439450625,0.040854910691978795
6846562081585742849,6996939727140979714,0.07068862869421515
6846562081585742849,6998723476065862683,0.015656222593562343
6846562081585742849,7002112944796779546,0.029157446163699176
6846562081585742849,7003367467040949249,0.015580575330152037
6846562081585742849,7004640947586024474,0.021663628108456123
6846562081585742849,7025843669941208090,0.02190645566120245
6846562081585742849,7075674626739536898,0.013641667768998599
6846562081585742849,7076404041312404482,0.023509272935216645
6846562081585742849,70836239101,0.06073932942668741
6846562081585742849,7084862600232731674,0.015646265781734253
6846562081585742849,7144238456486331418,0.04220590147911773
6846562081585742849,7202086685571138562,0.03327542949256295
6846562081585742849,7336845122908406789,0.019725736553570673
6846562081585742849,7350473960612905989,0.05194562683334565
6846562081585742849,7354443424308167685,0.01841940744623857
6846562081585742849,7362078617574441989,0.016409577749645375
6846562081585742849,7384728630012806150,0.03520422721236547
6846562081585742849,7445331089281270789,0.021841169452627974
6846562081585742849,7453778116689118215,0.03540160227057232
6846562081585742849,7481889367460938759,0.017531470244240677
6846562081585742849,7495411659411948599,0.14772954057650525
6846562081585742849,7545554271439078416,0.01626303290053459
6846562081585742849,7602605744538141716,0.026768523962121517
6846562081585742849,7626262691652420629,0.03527708464797179
6846562081585742849,95653080293068800,0.016775481564258992
6848106255912207361,6883544605590766594,0.018048093731149684
6848106255912207361,6922636080495952898,0.03048129151312989
6848106255912207361,6927689178639418369,0.016917485421216096
6848106255912207361,6940465180879586305,0.01688397880248964
6848106255912207361,6958281584488236033,0.015923790087660657
6848106255912207361,6971392711799964673,0.028398547944255715
6848106255912207361,7102360937428108314,0.01556200730184015
6848106255912207361,7106791086807614491,0.016581159266456376
6848106255912207361,7135008576062456859,0.01593641691858562
6848106255912207361,7149906885037179905,0.02312102283956594
6848106255912207361,7188777124807181314,0.01590780420748295
6848106255912207361,7254140507394245638,0.017824545216437095
6848106255912207361,7270110578827150342,0.015925900468473
6848106255912207361,7343513808779904005,0.01930068465636758
6848106255912207361,7359896669410853893,0.016718993714906098
6848106255912207361,7420280666741621765,0.017029990612684284
6848106255912207361,7520091064683021319,0.025495067626265234
6848106255912207361,7634034175490606101,0.01964808981281218
6849158272508838913,6870129679489238018,0.013660776135616691
6849158272508838913,6878792033083933697,0.016318776050200275
6849158272508838913,6882458879956780033,0.020735039591780278
6849158272508838913,6992412727014048794,0.015799442953909823
6849158272508838913,7081966595417244674,0.013939946326247354
6849158272508838913,7120541706823533594,0.015444455674657964
6849158272508838913,7149906885037179905,0.013857060816861977
6849158272508838913,7204083942915130395,0.01921729685832271
6849158272508838913,7283325250002830342,0.016142727751432818
6849158272508838913,7344283645127885830,0.013773640167483262
6849158272508838913,7501664443560084488,0.01554779493305548
6849158272508838913,7581801127412319248,0.026918841210028726
6851103401436120066,6871752909106938881,0.0222940851067869
6851103401436120066,6888476693641200641,0.020790360588479325
6851103401436120066,6909664281428820994,0.016297549052433778
6851103401436120066,6925056214594274306,0.01469400321133268
6851103401436120066,6949516198539346945,0.036305921584980395
6851103401436120066,6962343424021726209,0.027230539195623602
6851103401436120066,7035968949859959835,0.014685708754776821
6851103401436120066,7081966595417244674,0.022491224729164972
6851103401436120066,7094307669989819418,0.04950041269679533
6851103401436120066,7154384053285078043,0.02593325029335203
6851103401436120066,7254140507394245638,0.03257927664059255
6851103401436120066,7267057918439506950,0.017828401290622208
6851103401436120066,7322149836118082565,0.031398368281832685
6851103401436120066,7325664758940943366,0.01498967205964635
6851103401436120066,7343513808779904005,0.01957529195065749
6851103401436120066,7484436088774624274,0.021171266269244
6851103401436120066,7626262691652420629,0.025950967347097918
6851103401436120066,7634034175490606101,0.017956153879329334
6851223366805210113,6856714213596726273,0.030337012571823842
6851223366805210113,6893653391593440258,0.01438615076903964
6851223366805210113,6903068209902994434,0.01482405840974874
6851223366805210113,6918855608540644354,0.0146992582162949
6851223366805210113,6923227293196944385,0.014440641949930954
6851223366805210113,6947166484004373506,0.015068206813080697
6851223366805210113,6967659350089810946,0.01437194807815702
6851223366805210113,7003367467040949249,0.014665576464701974
6851223366805210113,7056589938901664769,0.014597011383093222
6851223366805210113,7056720636374385691,0.014643678015712846
6851223366805210113,7096479885301138458,0.015043201186001078
6851223366805210113,7139827943400326149,0.014474347296180709
6851223366805210113,7238588875538793480,0.014912089768994025
6851223366805210113,7566446773142979591,0.014908194315998024
6851223366805210113,7572718529432126480,0.014553439090785365
6851223366805210113,7618421559720412178,0.034928128616721066
6851242490378437633,6869941060425237506,0.01486011211207597
6851242490378437633,6872243314772345857,0.01537073361361682
6851242490378437633,6876731745220920321,0.015111166101228302
6851242490378437633,6932353646320108546,0.014075369885569934
6851242490378437633,6959045098000991234,0.015193583492294157
6851242490378437633,6966148415672173569,0.014778597805381327
6851242490378437633,6986850469483676673,0.015897000556779704
6851242490378437633,7016971336972452891,0.016417869859011752
6851242490378437633,7084862600232731674,0.01737095585300265
6851242490378437633,7096068961858765826,0.01832310400345615
6851242490378437633,7105261059741565979,0.015937959357978676
6851242490378437633,7137486032777577473,0.022454442497871503
6851242490378437633,7331684378399196166,0.023785508374854134
6851242490378437633,7370877163489444869,0.013668635408894724
6851242490378437633,7379787571319522310,0.01459251953374834
6851242490378437633,7423293361527014405,0.030458438901509947
6851242490378437633,7516118321939727361,0.018384752369704927
6851242490378437633,7635591227443250194,0.013722626165765278
6851799698815845377,6908277550168081410,0.014145319901321627
6851799698815845377,6922636080495952898,0.014523914513404188
6851799698815845377,6940581217293599745,0.014781151139002077
6851799698815845377,6961362649994478593,0.03820691832612714
6851799698815845377,7058797886825792518,0.014437253666141776
6851799698815845377,7104942140773450754,0.014639876873356182
6851799698815845377,7108182400240223233,0.016296948195211686
6851799698815845377,7254140507394245638,0.017477930360118736
6851799698815845377,7267057918439506950,0.014626351820272625
6851799698815845377,7309331808796460037,0.014722220918347843
6851799698815845377,7317979152307454981,0.014761763708232125
6851799698815845377,7344283645127885830,0.015668948816342183
6851799698815845377,7369653419626202117,0.03806585041129443
6851799698815845377,7446786283143169041,0.014306648296728338
6852682568228963330,6883679263939478530,0.014962494947196342
6852682568228963330,6892279591021413378,0.015198233088017873
6852682568228963330,6904567468456657921,0.017698671907089507
6852682568228963330,7100750102336177154,0.0150379037411863
6852682568228963330,7131585685501363202,0.04074003847917452
6852682568228963330,7231559211711382529,0.01735940439866619
6852682568228963330,7248502263702291463,0.01972700164895233
6852682568228963330,7282408479507563526,0.01972700164895233
6852682568228963330,7331684378399196166,0.030022024791547836
6852682568228963330,7344283645127885830,0.014827665593999995
6852682568228963330,7352412606437704710,0.017803699226208516
6852682568228963330,7372215376808182789,0.037838158509272614
6852682568228963330,86855738395926528,0.023515094588070058
6853326473168716802,6859721993622471682,0.014712587247041865
6853326473168716802,6883679263939478530,0.019162423196743026
6853326473168716802,6958268752132178946,0.016052103190723824
6853326473168716802,6959507281902257158,0.019162423196743026
6853326473168716802,6977327001304876034,0.01572799556895864
6853326473168716802,6997282145090028546,0.019162423196743026
6853326473168716802,7000964924840608769,0.020859850110438564
6853326473168716802,7005422961205330971,0.019162423196743026
6853326473168716802,7014057563453752325,0.02505009364942497
6853326473168716802,7084862600232731674,0.024684848852011183
6853326473168716802,7127610987100308481,0.019162423196743026
6853326473168716802,7149906885037179905,0.016657554000843525
6853326473168716802,7207116376669438978,0.01969620543578563
6853326473168716802,7237187612749874182,0.019162423196743026
6853326473168716802,7260730044916745221,0.019162423196743026
6853326473168716802,7372140179509216261,0.01702830408615312
6853326473168716802,7453528540971172870,0.019162423196743026
6853326473168716802,7584050819944596487,0.016363580542798472
6853606251437016066,6869604967994541057,0.01614984554886032
6853606251437016066,6871752909106938881,0.031204194126144415
6853606251437016066,6881613830130418689,0.016625797132507676
6853606251437016066,6886446824174076930,0.016617504085004047
6853606251437016066,6924145368151442437,0.0162109198168254
6853606251437016066,6959791068163621889,0.013274340220311128
6853606251437016066,6983967123942065178,0.03119763254182222
6853606251437016066,7096068961858765826,0.029929702197485274
6853606251437016066,7226016778555556890,0.015623096758530648
6853606251437016066,7326825435546174471,0.015653558219267477
6853606251437016066,7328024330810950662,0.029366468797889095
6853606251437016066,7358103277785891846,0.015675636833249487
6853606251437016066,7444920523094967314,0.01635272500148613
6853606251437016066,7507818955039278088,0.015646034433763962
6853606251437016066,7507877861438964754,0.029199751429964605
6853606251437016066,7592121729054213121,0.016033302806465276
6856714213596726273,6893653391593440258,0.015446611605146859
6856714213596726273,6918855608540644354,0.015641886285596165
6856714213596726273,6923227293196944385,0.015503193990032162
6856714213596726273,6959162637768377349,0.014483741029143763
6856714213596726273,6959306103192912897,0.039095892726102886
6856714213596726273,6959791068163621889,0.015068162985983617
6856714213596726273,6967659350089810946,0.015431890657087173
6856714213596726273,7003367467040949249,0.015397623470792678
6856714213596726273,7010662492184495131,0.014952469621312397
6856714213596726273,7056589938901664769,0.01566600191864359
6856714213596726273,7056720636374385691,0.01541927493528426
6856714213596726273,7124524290486535170,0.01652633819030265
6856714213596726273,7192449099722916869,0.02897698361856182
6856714213596726273,7222475408116515866,0.01494955865131462
6856714213596726273,7225233704317715482,0.013982026997033008
6856714213596726273,7254140507394245638,0.021930074004771677
6856714213596726273,7323951027022283777,0.015493719319199873
6856714213596726273,7367247089417896965,0.0188285069766598
6856714213596726273,7478201262862681105,0.01696956159794361
6856714213596726273,7529488293902566407,0.01447022159675617
6856714213596726273,7572718529432126480,0.015252424885110482
6856714213596726273,7591058387967886348,0.008403862699321094
6858020241664181249,6871752909106938881,0.03937807074728982
6858020241664181249,6876960008552416258,0.015225786548985688
6858020241664181249,6878826082558428161,0.026675140059524163
6858020241664181249,6912352842767680514,0.030882891057925937
6858020241664181249,6915746450216748033,0.01746637102907048
6858020241664181249,6924145368151442437,0.03736369707928392
6858020241664181249,6934842504743879681,0.015579224554203077
6858020241664181249,6941389168077702146,0.039823264464918184
6858020241664181249,6971392711799964673,0.026478129155419774
6858020241664181249,7022043784491222018,0.031211980688928054
6858020241664181249,7140728189923607558,0.015945986599547775
6858020241664181249,7142783450839401473,0.021125181424104078
6858020241664181249,7192960927724127233,0.017459398927824162
6858020241664181249,7204083942915130395,0.01488512246786171
6858020241664181249,7205917572523803649,0.018467664914894082
6858020241664181249,7219888027873690626,0.015913866843041857
6858020241664181249,7372215376808182789,0.015545555445334962
6858020241664181249,7384728630012806150,0.02338895426448226
6858020241664181249,7488350271514821639,0.03320891359872689
6858020241664181249,7501201778134893584,0.028320365628943946
6858020241664181249,7507818955039278088,0.02068488563909492
6858020241664181249,7585530131923682324,0.01460467419733256
6858020241664181249,7604788544276333586,0.03405180925975209
6859585767275381762,6877714053142348801,0.022767102103416908
6859585767275381762,6888476693641200641,0.015455522025208362
6859585767275381762,6912770377378841601,0.015456762801121926
6859585767275381762,6941389168077702146,0.016262629972033007
6859585767275381762,6977327001304876034,0.015336242132419393
6859585767275381762,7063506594294924289,0.016396774086206815
6859585767275381762,7064593869828932614,0.025077089406715932
6859585767275381762,7108182400240223233,0.019913801412226005
6859585767275381762,7231559211711382529,0.016155598964240115
6859585767275381762,7278224508979872786,0.016707415576502266
6859585767275381762,7516118321939727361,0.016704586249449274
6859721993622471682,6885133273098388482,0.015080171212176226
6859721993622471682,6892279591021413378,0.01446084721713086
6859721993622471682,6958268752132178946,0.01556708848463463
6859721993622471682,6971392711799964673,0.014352169761504403
6859721993622471682,7004640947586024474,0.01635672138996048
6859721993622471682,7135414649268880411,0.015822212805053717
6859721993622471682,7143935053655131163,0.014872857084305052
6859721993622471682,7157712033605370881,0.01609120224907051
6859721993622471682,7254140507394245638,0.015365094300240445
6859721993622471682,7372140179509216261,0.01509035324091356
6859721993622471682,7486331907643393040,0.015878520067136775
6859721993622471682,7491832625380934672,0.014881219369618535
6866036800730088449,6871752909106938881,0.01879632037225681
6866036800730088449,6902777439399920641,0.015047538854717919
6866036800730088449,6910753120483165186,0.042043350189291076
6866036800730088449,6962343424021726209,0.015777436533336592
6866036800730088449,6967196401395139585,0.05110363058821726
6866036800730088449,6982233082511180827,0.015707936756974194
6866036800730088449,6983637584456647681,0.015792432986344442
6866036800730088449,7135414649268880411,0.031230005944273692
6866036800730088449,7479292129044612104,0.01796367337218232
6866036800730088449,7516118321939727361,0.024379965909519283
6866036800730088449,86855738395926528,0.03168973265654486
6867549943109288962,6883544605590766594,0.015155928320981392
6867549943109288962,6884391295285806086,0.015271408076597952
6867549943109288962,6909664281428820994,0.015273128266739997
6867549943109288962,6970866552057267202,0.015074451850663747
6867549943109288962,7089701400901600283,0.015473915452511896
6867549943109288962,7240814661875057669,0.015418936930314316
6867549943109288962,7253614148146316294,0.015278066220034239
6867549943109288962,7254140507394245638,0.03105494432368219
6867549943109288962,7282408479507563526,0.015651449152956694
6867549943109288962,7343513808779904005,0.01523209858354985
6867549943109288962,7350473960612905989,0.015419122419177261
6867549943109288962,7365461311374066694,0.015381671870578591
6867549943109288962,7445331089281270789,0.015273700155662158
6867549943109288962,7488350271514821639,0.022123720211782556
6867549943109288962,7522355226557662225,0.015201646808553994
6869604967994541057,6872243314772345857,0.019261723445077688
6869604967994541057,6881613830130418689,0.01601687606455147
6869604967994541057,6886446824174076930,0.016008682401276248
6869604967994541057,7096068961858765826,0.016184828082167334
6869604967994541057,7226016778555556890,0.015809116924556447
6869604967994541057,7326825435546174471,0.015841049359170262
6869604967994541057,7328024330810950662,0.01575281229610721
6869604967994541057,7334668853316273157,0.015729410242909858
6869604967994541057,7358103277785891846,0.01586105661063354
6869604967994541057,7359896669410853893,0.01673935082335751
6869604967994541057,7507818955039278088,0.024490199078397418
6869941060425237506,6872243314772345857,0.01675420242020591
6869941060425237506,6876731745220920321,0.016380860851945987
6869941060425237506,6878826082558428161,0.015675646896327753
6869941060425237506,6932353646320108546,0.016485871656238195
6869941060425237506,6967196401395139585,0.018673772862240208
6869941060425237506,7105261059741565979,0.0148290847706728
6869941060425237506,7106791086807614491,0.019000551972161498
6869941060425237506,7238631407236580358,0.014641829525503993
6869941060425237506,7254140507394245638,0.014681413945488081
6869941060425237506,7370877163489444869,0.016120535971354134
6869941060425237506,7479292129044612104,0.015832095461911607
6870129679489238018,6899092861301539842,0.022269224307473717
6870129679489238018,6918855608540644354,0.03486000485184814
6870129679489238018,6961159945572844550,0.01968516499216964
6870129679489238018,6964970683512931333,0.03160193059788289
6870129679489238018,6978315681420264450,0.06041629228933407
6870129679489238018,6992412727014048794,0.04611906360332968
6870129679489238018,7054007488706429979,0.10919019066366956
6870129679489238018,7060028465760486402,0.03160193059788289
6870129679489238018,7100750102336177154,0.014988202364228344
6870129679489238018,7135220356252517402,0.016049614165211085
6870129679489238018,7137486032777577473,0.014869572286835643
6870129679489238018,7148170160443048961,0.04875515833779167
6870129679489238018,7238588875538793480,0.05951499738145267
6870129679489238018,7333255393327449094,0.07193355470852271
6870129679489238018,7344283645127885830,0.015027776629768435
6870129679489238018,7384728630012806150,0.03265542313730419
6870129679489238018,7650649289911452693,0.07036246310550695
6870516830428201985,6897937907282740225,0.04358300185935302
6870516830428201985,6915746450216748033,0.014655314161220599
6870516830428201985,6916793805480805377,0.014579928287701946
6870516830428201985,6966276498689721345,0.014400102195139318
6870516830428201985,6986850469483676673,0.015010823438387296
6870516830428201985,7241559016605746182,0.03319285947334284
6870516830428201985,7400503260173730822,0.014296354216210637
6870516830428201985,7455566091059020817,0.01433555505669322
6870516830428201985,7464192594000741377,0.014739124562260677
6870516830428201985,7607445622497264647,0.014466017969259674
6871426693903778821,6876960008552416258,0.014866004743186039
6871426693903778821,6923227293196944385,0.015349393652751935
6871426693903778821,6927689178639418369,0.01528078174569511
6871426693903778821,7022043784491222018,0.015487488961178478
6871426693903778821,7100750102336177154,0.014823181480257037
6871426693903778821,7131585685501363202,0.015054517949424638
6871426693903778821,7148170160443048961,0.015516502800137858
6871426693903778821,7186497865421161499,0.02486308732738107
6871426693903778821,7254140507394245638,0.021412353359183702
6871426693903778821,7267057918439506950,0.0155641401240509
6871426693903778821,7277563253713224709,0.016896161427695473
6871426693903778821,7322146719038014469,0.014897699535032196
6871426693903778821,7344283645127885830,0.014609557456098494
6871426693903778821,7505361348164092936,0.015314469251811102
6871426693903778821,7546553409273627653,0.016051481524771413
6871752909106938881,6878826082558428161,0.05197083860756636
6871752909106938881,6892279591021413378,0.051174398450202836
6871752909106938881,6909664281428820994,0.019080146878654284
6871752909106938881,6912352842767680514,0.04447810120170081
6871752909106938881,6919245969214080001,0.01657586972820904
6871752909106938881,6922733815886889986,0.032007129287207066
6871752909106938881,6924145368151442437,0.044105749148141755
6871752909106938881,6941389168077702146,0.026140135158159588
6871752909106938881,6958042743239672833,0.018364851065039593
6871752909106938881,6961362649994478593,0.01660783692748042
6871752909106938881,6967196401395139585,0.019259544515697155
6871752909106938881,6971392711799964673,0.01845100817921889
6871752909106938881,6986850469483676673,0.02088860663512541
6871752909106938881,6998723476065862683,0.016913506829556543
6871752909106938881,7022043784491222018,0.025508357928353532
6871752909106938881,7135414649268880411,0.016703528612807366
6871752909106938881,7142783450839401473,0.021182242818479958
6871752909106938881,7154384053285078043,0.030361020730547764
6871752909106938881,7192960927724127233,0.017306262456902397
6871752909106938881,7205917572523803649,0.01656478679532954
6871752909106938881,7254140507394245638,0.038141770980587276
6871752909106938881,7264489075083461633,0.015795423849036688
6871752909106938881,7278224508979872786,0.01676012358909612
6871752909106938881,7305828667954021382,0.01578339448004729
6871752909106938881,7322149836118082565,0.023846954839868723
6871752909106938881,7328024330810950662,0.01814791250608189
6871752909106938881,7343513808779904005,0.06264607697161571
6871752909106938881,7377168369478452229,0.06965213498898305
6871752909106938881,7448255517355164673,0.01649863600080088
6871752909106938881,7479292129044612104,0.02526643459508752
6871752909106938881,7488350271514821639,0.022324259534070575
6871752909106938881,7501201778134893584,0.046536715435162516
6871752909106938881,7505361348164092936,0.015571729290308256
6871752909106938881,7522355226557662225,0.04876855508338207
6871752909106938881,7554403762245895188,0.016599382029501453
6871752909106938881,7566639233809695765,0.016516628152136996
6871752909106938881,7592061582878065685,0.016402653100022254
6871752909106938881,7592121729054213121,0.02238985391170294
6871752909106938881,7604788544276333586,0.0235293834947951
6871752909106938881,7617823686238143508,0.01840306750710745
6871752909106938881,7634034175490606101,0.02588128146318752
6871752909106938881,7642599508594115605,0.01685996256294021
6872243314772345857,6876731745220920321,0.016899141432479402
6872243314772345857,6878792033083933697,0.02455350941485533
6872243314772345857,6932353646320108546,0.015905646480795156
6872243314772345857,6939349569991050242,0.01595338143433442
6872243314772345857,6998723476065862683,0.016702202968209
6872243314772345857,7105261059741565979,0.015339720859026417
6872243314772345857,7238631407236580358,0.014048524677860044
6872243314772345857,7313053731345220614,0.021386307110752553
6872243314772345857,7317979152307454981,0.014887940822981355
6872243314772345857,7370877163489444869,0.01552665542347385
6872243314772345857,7423293361527014405,0.015127983478499673
6872243314772345857,7455281387647304705,0.015729967350740365
6874733816599708673,6882458879956780033,0.01448180411627851
6874733816599708673,6959306103192912897,0.014500467217257495
6874733816599708673,6977774091941102597,0.014576955627623091
6874733816599708673,6978562375062799362,0.014474713510049832
6874733816599708673,7000964924840608769,0.014651757133888705
6874733816599708673,7025256146383324187,0.014667115571304493
6874733816599708673,7072731690099852289,0.013675703679783678
6874733816599708673,7127610987100308481,0.014819251657714
6874733816599708673,7150266661496472582,0.014583907764865461
6874733816599708673,7182583625258632193,0.014695010805571453
6874733816599708673,7195479055549924378,0.014671620043427229
6874733816599708673,7305650093284197382,0.013513325675175047
6874733816599708673,7338600730439353346,0.01447816920011104
6874733816599708673,7602458307672884225,0.014042105876804193
6874733816599708673,7639298353755030529,0.014402837027710221
6876392341809824773,6879408727230465026,0.015486834475530961
6876392341809824773,6899092861301539842,0.015173637950148075
6876392341809824773,6909417612863554561,0.02533185052622098
6876392341809824773,7003685691104576514,0.016089376480354335
6876392341809824773,7076416253577790465,0.015209725801724203
6876392341809824773,7094307669989819418,0.05213688395965665
6876392341809824773,7160116207869428738,0.015277358574186037
6876392341809824773,7186497865421161499,0.015268664865869452
6876392341809824773,7219631248322511874,0.015135550844859517
6876392341809824773,7254140507394245638,0.021255202718733195
6876392341809824773,7361451922681119749,0.015357780234887534
6876392341809824773,7501201778134893584,0.015288981126228871
6876392341809824773,7506867441839244344,0.015397528854930025
6876392341809824773,7507877861438964754,0.015160126977291338
6876731745220920321,6878826082558428161,0.015944417288282914
6876731745220920321,6932353646320108546,0.015555014330278134
6876731745220920321,6949516198539346945,0.018325579094685816
6876731745220920321,6962343424021726209,0.026894442390633575
6876731745220920321,7105261059741565979,0.01508076933656052
6876731745220920321,7203897797036459035,0.01202661929001878
6876731745220920321,7238631407236580358,0.013726128281128748
6876731745220920321,7248502263702291463,0.023652743414719967
6876731745220920321,7254140507394245638,0.020920245741873143
6876731745220920321,7282408479507563526,0.023652743414719967
6876731745220920321,7370877163489444869,0.015175564401389811
6876731745220920321,7384818817710916613,0.018408904120387638
6876731745220920321,7476774838238430216,0.01896510082575561
6876960008552416258,6912352842767680514,0.019961400896479502
6876960008552416258,6941389168077702146,0.025325700118871846
6876960008552416258,6959507281902257158,0.01495849662140706
6876960008552416258,7022043784491222018,0.035062020818122125
6876960008552416258,7131585685501363202,0.015203778728745369
6876960008552416258,7148170160443048961,0.015128366446024579
6876960008552416258,7211458676926071835,0.018540404506812026
6876960008552416258,7260730044916745221,0.015001311583615926
6876960008552416258,7322146719038014469,0.015094720633024345
6876960008552416258,7384728630012806150,0.01995681171608685
6876960008552416258,7488350271514821639,0.016390531499065053
6876960008552416258,7505361348164092936,0.015331717859272785
6877714053142348801,6915746450216748033,0.015018373653916957
6877714053142348801,6941389168077702146,0.014908633579082833
6877714053142348801,7063506594294924289,0.014736123592766296
6877714053142348801,7225233704317715482,0.023121345668059484
6877714053142348801,7241559016605746182,0.015279419065948065
6877714053142348801,7254140507394245638,0.023748229974612727
6877714053142348801,7278224508979872786,0.015031720719122892
6877714053142348801,7516118321939727361,0.02083548397342992
6877807298031780866,6926515660747768833,0.01584192649870553
6877807298031780866,6939127500590416898,0.016412012702329695
6877807298031780866,6958042743239672833,0.015654826845151838
6877807298031780866,6959168054680978434,0.01552704788041057
6877807298031780866,6986032885317551131,0.016579992586413534
6877807298031780866,7003685691104576514,0.019949852423731144
6877807298031780866,70729628102,0.01633248489014916
6877807298031780866,7088963677072950274,0.016349318782600104
6877807298031780866,7164308860937126914,0.016589969910717258
6877807298031780866,7193229205185250330,0.016276525774913758
6877807298031780866,7455281387647304705,0.016590614260894875
6877807298031780866,7455566091059020817,0.01483381016715403
6877807298031780866,7546926530825077778,0.016342282258897556
6878792033083933697,6912770377378841601,0.021952068149068502
6878792033083933697,6939349569991050242,0.042286710232979655
6878792033083933697,6987280497861067778,0.01449154091135395
6878792033083933697,6992412727014048794,0.01627136942242563
6878792033083933697,7120541706823533594,0.01522715126963964
6878792033083933697,7283325250002830342,0.01593220496656942
6878792033083933697,7317979152307454981,0.03397185492530222
6878792033083933697,7367247089417896965,0.01541120412990134
6878792033083933697,7444920523094967314,0.021508067180491156
6878792033083933697,7581801127412319248,0.01635332016999891
6878792033083933697,7640716169255715857,0.01584261549272256
6878826082558428161,6892279591021413378,0.03001780401659042
6878826082558428161,6909664281428820994,0.016201340436395092
6878826082558428161,6912352842767680514,0.027927810626900734
6878826082558428161,6915746450216748033,0.01912560431118393
6878826082558428161,6922733815886889986,0.028628740757834076
6878826082558428161,6924145368151442437,0.027541222516863036
6878826082558428161,6939349569991050242,0.021157179357797345
6878826082558428161,6971392711799964673,0.028993442328926148
6878826082558428161,6986850469483676673,0.017736940364762904
6878826082558428161,7154384053285078043,0.025780159659166413
6878826082558428161,7254140507394245638,0.032386952806680545
6878826082558428161,7264489075083461633,0.019656525174453394
6878826082558428161,7284988452844078087,0.021641787030409015
6878826082558428161,7343513808779904005,0.027866864642312583
6878826082558428161,7377168369478452229,0.042868788027195334
6878826082558428161,7479292129044612104,0.02145424304604696
6878826082558428161,7488350271514821639,0.027229299297145303
6878826082558428161,7522355226557662225,0.021693724316137693
6879408727230465026,6899092861301539842,0.0155897174044857
6879408727230465026,6924904614709969921,0.015424666228121315
6879408727230465026,6935026650749322242,0.015872348306676012
6879408727230465026,6949516198539346945,0.02456160035778788
6879408727230465026,6971392711799964673,0.018035615399625046
6879408727230465026,7016976235000710170,0.015197126986840356
6879408727230465026,7022223240064025601,0.016012455729711654
6879408727230465026,7025843669941208090,0.01580488645954776
6879408727230465026,7076416253577790465,0.015975968858279295
6879408727230465026,7132780297389507585,0.023539675272340067
6879408727230465026,7151061694003921947,0.015370905879200675
6879408727230465026,7254140507394245638,0.021644686919237557
6879408727230465026,7323951027022283777,0.014939340837020101
6879408727230465026,7501201778134893584,0.016058280700306085
6879408727230465026,7520091064683021319,0.015778857316338598
6879408727230465026,7629259435181491218,0.016234418423825836
6881613830130418689,6886446824174076930,0.016766653429706794
6881613830130418689,6924145368151442437,0.016359821659608857
6881613830130418689,7077264630486516762,0.015497412523033357
6881613830130418689,7096068961858765826,0.0161818201700799
6881613830130418689,7192220822001746970,0.022826601134231184
6881613830130418689,7192960927724127233,0.016915231348484987
6881613830130418689,7328024330810950662,0.026398718887922574
6881613830130418689,7358103277785891846,0.015545273640735366
6881613830130418689,7444920523094967314,0.016501728552597593
6881613830130418689,7501201778134893584,0.0205582577937435
6881613830130418689,95653080293068800,0.015316323943232
6882458879956780033,6959306103192912897,0.015122357248387407
6882458879956780033,6977774091941102597,0.014457995814833194
6882458879956780033,6978562375062799362,0.014363874431463593
6882458879956780033,7150266661496472582,0.015258414090259246
6882458879956780033,7153854260416955418,0.016654433943267075
6882458879956780033,7157712033605370881,0.018938870647500095
6882458879956780033,7182583625258632193,0.015370547478426418
6882458879956780033,7213282682464814107,0.026899532240127248
6882458879956780033,7321759691690951685,0.014955200217633071
6882458879956780033,7338600730439353346,0.014911536976271275
6882458879956780033,7529488293902566407,0.019521314973999945
6882458879956780033,7554403762245895188,0.021441398567731508
6882458879956780033,7575529166674773008,0.015017512122920235
6882458879956780033,7639298353755030529,0.01477995279579742
6883544605590766594,6903068209902994434,0.03226716097831194
6883544605590766594,6916793805480805377,0.02227231292980823
6883544605590766594,6919245969214080001,0.17217976437358984
6883544605590766594,7121523637161001985,0.015549503519153515
6883544605590766594,7132780297389507585,0.028763459417900438
6883544605590766594,7155463663934489601,0.023908792038332488
6883544605590766594,7253614148146316294,0.015151430115647888
6883544605590766594,7445331089281270789,0.040820309793718326
6883544605590766594,7512754059523769352,0.018855690309848704
6883544605590766594,7546926530825077778,0.022915850110233636
6883544605590766594,7599311463005832209,0.025582768809730372
6883544605590766594,7607445622497264647,0.029258927495053263
6883544605590766594,7634034175490606101,0.01900977295853711
6883679263939478530,6959507281902257158,0.033734847712545486
6883679263939478530,6997282145090028546,0.033734847712545486
6883679263939478530,7005422961205330971,0.033734847712545486
6883679263939478530,7012854598687966235,0.0184024310070628
6883679263939478530,7014057563453752325,0.04409990770854004
6883679263939478530,7056589938901664769,0.026872117754110133
6883679263939478530,7100750102336177154,0.014948070773213562
6883679263939478530,7127610987100308481,0.033734847712545486
6883679263939478530,7207116376669438978,0.03467455467762412
6883679263939478530,7237187612749874182,0.033734847712545486
6883679263939478530,7260730044916745221,0.04777939054855529
6883679263939478530,7344283645127885830,0.014739115076585827
6883679263939478530,7453528540971172870,0.033734847712545486
6883679263939478530,7476128992287441937,0.016361680980966378
6883679263939478530,7507877861438964754,0.0203894071947614
6883679263939478530,7584050819944596487,0.018625973937720988
6883679263939478530,7631155532019663879,0.0184024310070628
6884391295285806086,6940581217293599745,0.05799672323103051
6884391295285806086,6960359847695074309,0.02988327151591096
6884391295285806086,6970866552057267202,0.0150900309307953
6884391295285806086,6978315681420264450,0.05972860954403921
6884391295285806086,6988040833657242625,0.026476060334685945
6884391295285806086,6995145012439450625,0.03746563527932418
6884391295285806086,6996939727140979714,0.06557546059799998
6884391295285806086,7002112944796779546,0.0267385786712822
6884391295285806086,7004640947586024474,0.019866438961465793
6884391295285806086,70836239101,0.09283410997876193
6884391295285806086,7084862600232731674,0.015129600751939537
6884391295285806086,7144238456486331418,0.03943510601934782
6884391295285806086,7160116207869428738,0.015446931014579704
6884391295285806086,7240814661875057669,0.01541947656867784
6884391295285806086,7253614148146316294,0.015260449986371858
6884391295285806086,7319387104206259206,0.016515206998246896
6884391295285806086,7362078617574441989,0.015603768358181785
6884391295285806086,7365461311374066694,0.015363883332749859
6884391295285806086,7384728630012806150,0.032283725865245826
6884391295285806086,7495411659411948599,0.06694685149718924
6884391295285806086,7602605744538141716,0.024547838650093978
6885133273098388482,6907064109915046914,0.02484951730329193
6885133273098388482,6927689178639418369,0.0167178450121224
6885133273098388482,6936501950632805377,0.014786906780234435
6885133273098388482,6940581217293599745,0.024330779389048776
6885133273098388482,6958268752132178946,0.014274597593623008
6885133273098388482,6960359847695074309,0.028458924908847858
6885133273098388482,6968643664378119170,0.01788356189687907
6885133273098388482,6978315681420264450,0.02608526030771803
6885133273098388482,6988040833657242625,0.025214113941499736
6885133273098388482,6995145012439450625,0.035679885333467144
6885133273098388482,6998723476065862683,0.01776354792184814
6885133273098388482,7002112944796779546,0.02546411968884272
6885133273098388482,70836239101,0.023367453785355666
6885133273098388482,7142783450839401473,0.030323393478022882
6885133273098388482,7143935053655131163,0.015515831426827631
6885133273098388482,7365461311374066694,0.027140600404552226
6885133273098388482,7464192594000741377,0.015312343589300245
6885133273098388482,7476774838238430216,0.018068788555590715
6885133273098388482,7486331907643393040,0.015243889545380427
6885133273098388482,7495411659411948599,0.02808553628247074
6885133273098388482,7592061582878065685,0.02201125312901062
6885133273098388482,7602605744538141716,0.023377798392842444
6886446824174076930,6912770377378841601,0.023242003861321896
6886446824174076930,6924145368151442437,0.016368539057294317
6886446824174076930,7077264630486516762,0.015505828086285289
6886446824174076930,7096068961858765826,0.016173624943742995
6886446824174076930,7213282682464814107,0.015331860079619213
6886446824174076930,7226016778555556890,0.015484724061137045
6886446824174076930,7300420401526604806,0.01485400462957164
6886446824174076930,7328024330810950662,0.015427717471649132
6886446824174076930,7334668853316273157,0.015404014188669088
6886446824174076930,7354443424308167685,0.015472325238547895
6886446824174076930,7358103277785891846,0.015537246895035526
6886446824174076930,7444920523094967314,0.016510450092347043
6886446824174076930,95653080293068800,0.015324656272379696
6888476693641200641,6912770377378841601,0.014960278629550218
6888476693641200641,6941389168077702146,0.01526648357997588
6888476693641200641,6949516198539346945,0.047633706188655305
6888476693641200641,6958921737837741058,0.013176586198629494
6888476693641200641,6977327001304876034,0.014848570397076186
6888476693641200641,7057223811220997147,0.01993772648727554
6888476693641200641,7063506594294924289,0.015102205734608803
6888476693641200641,70836239101,0.019950853074027924
6888476693641200641,7241559016605746182,0.014914928314582476
6888476693641200641,7254140507394245638,0.049966237192873006
6888476693641200641,7278224508979872786,0.015397183618249282
6888476693641200641,7516118321939727361,0.015513471654657919
6891957094863389697,6922636080495952898,0.015230376702910334
6891957094863389697,6939127500590416898,0.02988429653722375
6891957094863389697,6960359847695074309,0.030979012989076883
6891957094863389697,6961428341711406081,0.01512717640802679
6891957094863389697,6982233082511180827,0.029627851724398774
6891957094863389697,6985727260917662725,0.014821064896577299
6891957094863389697,6986850469483676673,0.017732658328505724
6891957094863389697,6988040833657242625,0.027446868277829387
6891957094863389697,6995145012439450625,0.038839402216863335
6891957094863389697,7002112944796779546,0.03423184159031071
6891957094863389697,7058797886825792518,0.014809716372439852
6891957094863389697,7060924497801593882,0.03152136194988505
6891957094863389697,7084186676168508442,0.0149626327253543
6891957094863389697,7104942140773450754,0.014602996798768916
6891957094863389697,7165117173925708826,0.015199952660933899
6891957094863389697,7188777124807181314,0.014718187420341096
6891957094863389697,7206554298104415258,0.014812532538893385
6891957094863389697,7319919338914857990,0.015117025044589096
6891957094863389697,7369653419626202117,0.04539371384579438
6891957094863389697,7453778116689118215,0.022054157549468493
6891957094863389697,7491832625380934672,0.017872114984588152
6891957094863389697,7495411659411948599,0.02825608247567771
6891957094863389697,7565406894694269953,0.02648792940973889
6891957094863389697,7592061582878065685,0.01816874654811558
6891957094863389697,7602605744538141716,0.025447943743044453
6891957094863389697,7607445622497264647,0.03494097337575861
6892279591021413378,6912352842767680514,0.06513301657410206
6892279591021413378,6922733815886889986,0.0438114541922173
6892279591021413378,6936501950632805377,0.015104652547367725
6892279591021413378,6941389168077702146,0.021906010402763475
6892279591021413378,6959306103192912897,0.01818218477039386
6892279591021413378,7131585685501363202,0.022626413581267255
6892279591021413378,7135008576062456859,0.02217523178997337
6892279591021413378,7143935053655131163,0.01553687668733793
6892279591021413378,7149906885037179905,0.015470006672255626
6892279591021413378,7154310477883032578,0.017353244468616837
6892279591021413378,7248502263702291463,0.020612626075260942
6892279591021413378,7254140507394245638,0.0291349830579668
6892279591021413378,7282408479507563526,0.020612626075260942
6892279591021413378,7331684378399196166,0.025780563250817914
6892279591021413378,7343513808779904005,0.14291689553161813
6892279591021413378,7377168369478452229,0.025134432000653392
6892279591021413378,7486331907643393040,0.01462910079989962
6892279591021413378,7501201778134893584,0.04857996603087538
6892279591021413378,7505361348164092936,0.021571435361831846
6892279591021413378,7522355226557662225,0.11125757316356213
6892279591021413378,7634034175490606101,0.0321156448518981
6893653391593440258,6918855608540644354,0.015381156489538552
6893653391593440258,6923227293196944385,0.01566588957845882
6893653391593440258,6967659350089810946,0.01571708763728403
6893653391593440258,7003367467040949249,0.015139110329259412
6893653391593440258,7010662492184495131,0.014699944300666653
6893653391593440258,7056589938901664769,0.015489590338417741
6893653391593440258,7056720636374385691,0.015160788874197216
6893653391593440258,7206554298104415258,0.014941650035061782
6893653391593440258,7222475408116515866,0.014697028734933292
6893653391593440258,7225233704317715482,0.014276212887247544
6893653391593440258,7323951027022283777,0.015676564245895835
6893653391593440258,7572718529432126480,0.014996058900429945
6893653391593440258,7591058387967886348,0.008730366180500363
6897937907282740225,6899092861301539842,0.021605877407978577
6897937907282740225,6960359847695074309,0.016390782090676712
6897937907282740225,6988040833657242625,0.03135735375072159
6897937907282740225,6995145012439450625,0.02054965981302307
6897937907282740225,7155463663934489601,0.016922312943597112
6897937907282740225,7354443424308167685,0.01848973450848616
6897937907282740225,7421159900989047814,0.0158752713678215
6897937907282740225,7423293361527014405,0.02349025041524934
6897937907282740225,7478201262862681105,0.016734466190182897
6897937907282740225,7510202614824551431,0.017099135608077812
6897937907282740225,7587437314005304341,0.015818183944889416
6897937907282740225,7653078869913863175,0.01705987894185957
6899092861301539842,6909417612863554561,0.015454143643608566
6899092861301539842,6935026650749322242,0.015214861886155097
6899092861301539842,6988040833657242625,0.08179427310176086
6899092861301539842,7054007488706429979,0.016133667701195353
6899092861301539842,7151061694003921947,0.015038569823993486
6899092861301539842,7151777693745841157,0.01495933882934791
6899092861301539842,7160116207869428738,0.015445335248285806
6899092861301539842,7333255393327449094,0.017714534934855457
6899092861301539842,7344283645127885830,0.01479006245773546
6899092861301539842,7354443424308167685,0.04822965630291323
6899092861301539842,7361451922681119749,0.015528230848509654
6899092861301539842,7423293361527014405,0.033240600326220573
6899092861301539842,7506867441839244344,0.015568296599306312
6899092861301539842,7650649289911452693,0.017327634034430706
6902777439399920641,6922733815886889986,0.014927392698022141
6902777439399920641,6949516198539346945,0.01528450980435982
6902777439399920641,6959317815221093378,0.015114036525079205
6902777439399920641,6962343424021726209,0.01577383454706954
6902777439399920641,6982233082511180827,0.015704335231049683
6902777439399920641,6983637584456647681,0.01578883095483206
6902777439399920641,7495411659411948599,0.015288160770114759
6903068209902994434,6916793805480805377,0.03419218602247513
6903068209902994434,6947166484004373506,0.01567307094035852
6903068209902994434,6959507281902257158,0.017498647023622384
6903068209902994434,7010662492184495131,0.014778555032486321
6903068209902994434,7014057563453752325,0.03765918508951542
6903068209902994434,7056589938901664769,0.06230117013402425
6903068209902994434,7096479885301138458,0.01586812901840606
6903068209902994434,7124524290486535170,0.024587808633128726
6903068209902994434,7207116376669438978,0.01798608365377013
6903068209902994434,7222475408116515866,0.014781739799342873
6903068209902994434,7237187612749874182,0.017498647023622384
6903068209902994434,7260730044916745221,0.017498647023622384
6903068209902994434,7362078617574441989,0.01646683455296698
6903068209902994434,7453528540971172870,0.017498647023622384
6903068209902994434,7476128992287441937,0.03793344014793563
6903068209902994434,7507877861438964754,0.04727144835387736
6903068209902994434,7512754059523769352,0.02894702820889649
6903068209902994434,7529488293902566407,0.014654692926611155
6903068209902994434,7566446773142979591,0.0157191767142542
6903068209902994434,7572718529432126480,0.014956314732872447
6904567468456657921,6918950409570698241,0.01630063833452743
6904567468456657921,6928398838458876929,0.01652135732701656
6904567468456657921,6958921737837741058,0.013112063744104592
6904567468456657921,6959419874189050881,0.016183075899914384
6904567468456657921,6959791068163621889,0.014544291348944593
6904567468456657921,7049429937271440385,0.014764296539340931
6904567468456657921,7131585685501363202,0.02634894912387412
6904567468456657921,7153854260416955418,0.01580557639751773
6904567468456657921,7231559211711382529,0.01735940439866619
6904567468456657921,7248502263702291463,0.01972700164895233
6904567468456657921,7282408479507563526,0.01972700164895233
6904567468456657921,7331684378399196166,0.030022024791547836
6904567468456657921,7336845122908406789,0.01633488173134044
6904567468456657921,7345372771347792902,0.015064724232950296
6904567468456657921,7352412606437704710,0.017803699226208516
6904567468456657921,7369653419626202117,0.042801979292420474
6904567468456657921,7617823686238143508,0.016366164430230423
6904567468456657921,7650741089351484436,0.01649056315745625
6904567468456657921,86855738395926528,0.023515094588070058
6907064109915046914,6958784923474166786,0.014646145747180662
6907064109915046914,6972477904908207105,0.014818961374499912
6907064109915046914,7254140507394245638,0.01480063339183432
6907064109915046914,7300420401526604806,0.014602781178025501
6907064109915046914,7450744199001637895,0.013845196530585384
6907064109915046914,7522349223884719105,0.013577243594745983
6907064109915046914,7592121729054213121,0.014398459569852787
6907064109915046914,7641515667149145109,0.014507469358646788
6907064109915046914,7652473478721979400,0.014468664399633478
6907064109915046914,7652707278761018388,0.013550994238414531
6908277550168081410,6940581217293599745,0.014630750478542561
6908277550168081410,7096897188358456322,0.014589421932792696
6908277550168081410,7204083942915130395,0.021719317656076716
6908277550168081410,7254140507394245638,0.015401553864465943
6908277550168081410,7264489075083461633,0.014810681464166161
6908277550168081410,7267057918439506950,0.014244635805080374
6908277550168081410,7309331808796460037,0.014365245397776496
6908277550168081410,7317979152307454981,0.028780174280334598
6908277550168081410,7348055396504044550,0.016115851441918797
6908277550168081410,7446786283143169041,0.014973129447161698
6908277550168081410,7478421096736359430,0.014444645114532941
6908277550168081410,7546926530825077778,0.028110309851187225
6909417612863554561,6950174197022065669,0.015338599547602059
6909417612863554561,7003685691104576514,0.015509360467755614
6909417612863554561,7016976235000710170,0.014860665182691721
6909417612863554561,7094307669989819418,0.015575790285304768
6909417612863554561,7151061694003921947,0.015147616075550457
6909417612863554561,7151777693745841157,0.015432620688188015
6909417612863554561,7160116207869428738,0.015931040213006707
6909417612863554561,7186497865421161499,0.015922113704274123
6909417612863554561,7219631248322511874,0.015786027778118415
6909417612863554561,7361451922681119749,0.016020795850346613
6909417612863554561,7506867441839244344,0.016061552318621587
6909417612863554561,7507877861438964754,0.015761612429170364
6909417612863554561,7520091064683021319,0.015265676681578808
6909664281428820994,6941389168077702146,0.027704632623869355
6909664281428820994,6970866552057267202,0.015088263618578332
6909664281428820994,6978315681420264450,0.02471336806949155
6909664281428820994,7084862600232731674,0.01512783363492115
6909664281428820994,7089701400901600283,0.015457694636469852
6909664281428820994,7154384053285078043,0.041381311094735265
6909664281428820994,7240814661875057669,0.01542121210968449
6909664281428820994,7253614148146316294,0.01526217039817933
6909664281428820994,7254140507394245638,0.06646708726198944
6909664281428820994,7282408479507563526,0.015635048838551314
6909664281428820994,7350473960612905989,0.015421036905360574
6909664281428820994,7362078617574441989,0.015601930997608827
6909664281428820994,7365461311374066694,0.015365619757968563
6909664281428820994,7377168369478452229,0.02054916187389591
6909664281428820994,7484436088774624274,0.017612855016722998
6909664281428820994,7642599508594115605,0.022979706843671444
6910753120483165186,6922656772109452290,0.01654794051647933
6910753120483165186,6926515660747768833,0.016018260328527184
6910753120483165186,6961159945572844550,0.016620851931526646
6910753120483165186,6964970683512931333,0.016574121915960808
6910753120483165186,6967196401395139585,0.03776704906314286
6910753120483165186,7012228858045465601,0.01745335431836311
6910753120483165186,7032542326535341083,0.015324562055901363
6910753120483165186,7108182400240223233,0.016604226070599314
6910753120483165186,7135414649268880411,0.024320059597456024
6910753120483165186,7192220822001746970,0.01596182181929449
6910753120483165186,7193229205185250330,0.016248599736784324
6910753120483165186,7501664443560084488,0.016585073419476203
6910753120483165186,7516118321939727361,0.03367971488964485
6910753120483165186,7526895629398737928,0.01662252415880295
6910753120483165186,86855738395926528,0.024935636478097656
6912352842767680514,6922733815886889986,0.031284111305391084
6912352842767680514,6924145368151442437,0.02657955798126131
6912352842767680514,6925056214594274306,0.026068208393776927
6912352842767680514,6936501950632805377,0.01567453955836077
6912352842767680514,6940465180879586305,0.01485361262872172
6912352842767680514,6941389168077702146,0.05024839451977886
6912352842767680514,6968111084863783938,0.016321298039600404
6912352842767680514,7022043784491222018,0.04128726875786192
6912352842767680514,7135008576062456859,0.015422589532959632
6912352842767680514,7143935053655131163,0.015235323986913747
6912352842767680514,7270110578827150342,0.015766797086908
6912352842767680514,7316163220909196294,0.025381058004143912
6912352842767680514,7322149836118082565,0.025244441964454432
6912352842767680514,7343513808779904005,0.06123094724428929
6912352842767680514,7359896669410853893,0.01501315409468771
6912352842767680514,7377168369478452229,0.022343019380385545
6912352842767680514,7384728630012806150,0.02790142928189452
6912352842767680514,7476774838238430216,0.02527317387879294
6912352842767680514,7486331907643393040,0.014311252833743956
6912352842767680514,7488350271514821639,0.03252024186056622
6912352842767680514,7501201778134893584,0.040244454916513704
6912352842767680514,7522355226557662225,0.047666908573441476
6912352842767680514,7626262691652420629,0.018255142582491914
6912352842767680514,7629259435181491218,0.015339956817705233
6912352842767680514,7634034175490606101,0.0262465552037347
6912770377378841601,6923227293196944385,0.019019803590616193
6912770377378841601,6939349569991050242,0.016124620531445026
6912770377378841601,6987280497861067778,0.04742846760617079
6912770377378841601,7063506594294924289,0.015103448201747525
6912770377378841601,7105261059741565979,0.021124757654698997
6912770377378841601,7132780297389507585,0.017739658545597257
6912770377378841601,7278224508979872786,0.01539842447775619
6912770377378841601,7305650093284197382,0.019724719010749407
6912770377378841601,7317979152307454981,0.017706643790596405
6912770377378841601,7516118321939727361,0.015514712396403629
6912770377378841601,7607445622497264647,0.03222542545635256
6915746450216748033,6924145368151442437,0.018263740242504482
6915746450216748033,6939349569991050242,0.019285692674135886
6915746450216748033,6966148415672173569,0.017495745318883107
6915746450216748033,6966276498689721345,0.014908797318085615
6915746450216748033,6971392711799964673,0.02541512874096832
6915746450216748033,7094307669989819418,0.016043542483516887
6915746450216748033,7108182400240223233,0.02559927508871632
6915746450216748033,7204083942915130395,0.015063801221518182
6915746450216748033,7241559016605746182,0.016030751889493006
6915746450216748033,7365461311374066694,0.02173084840962954
6915746450216748033,7455566091059020817,0.014654351692307192
6915746450216748033,7464192594000741377,0.030912796698545422
6915746450216748033,7488350271514821639,0.019186414447535806
6915746450216748033,7496951292298249223,0.016579465324710795
6915746450216748033,7499493589689779218,0.01706122112768065
6915746450216748033,7626262691652420629,0.020254570171022956
6916793805480805377,6934842504743879681,0.020527397191463452
6916793805480805377,6947166484004373506,0.016335918015972044
6916793805480805377,6964714945469662210,0.012837339503396852
6916793805480805377,6987280497861067778,0.015144666611519086
6916793805480805377,7004849025783022619,0.017904058285974817
6916793805480805377,7057223811220997147,0.014557403056074664
6916793805480805377,7142783450839401473,0.03039526061340754
6916793805480805377,7267057918439506950,0.03451334366680728
6916793805480805377,7361451922681119749,0.01744495542517432
6916793805480805377,7400503260173730822,0.015206721443557104
6916793805480805377,7464192594000741377,0.03470248253072687
6916793805480805377,7501201778134893584,0.02341284344826629
6916793805480805377,7512754059523769352,0.022239077976902805
6916793805480805377,7546553409273627653,0.12638398171144827
6916793805480805377,7583691841695859720,0.014819282663830277
6916793805480805377,7592061582878065685,0.05010828600252177
6916793805480805377,7604788544276333586,0.02120221163668781
6918855608540644354,6964970683512931333,0.3127029806200956
6918855608540644354,6967659350089810946,0.015366428767487051
6918855608540644354,6978315681420264450,0.030485984836351912
6918855608540644354,6992412727014048794,0.3127029806200956
6918855608540644354,7003367467040949249,0.015462425718337926
6918855608540644354,7003685691104576514,0.01864683033376633
6918855608540644354,7004640947586024474,0.016501511691704173
6918855608540644354,7010662492184495131,0.015015690314780814
6918855608540644354,7054007488706429979,0.033058339438403445
6918855608540644354,7056720636374385691,0.01548407459261745
6918855608540644354,7060028465760486402,0.3127029806200956
6918855608540644354,7113527717450810370,0.04848595579434146
6918855608540644354,7195479055549924378,0.030705097233779732
6918855608540644354,7222475408116515866,0.015012779944442684
6918855608540644354,7238588875538793480,0.022942830959307537
6918855608540644354,7323951027022283777,0.015428281157529105
6918855608540644354,7333255393327449094,0.027730142965511708
6918855608540644354,7423293361527014405,0.04338026899036946
6918855608540644354,7481889367460938759,0.023948393513329443
6918855608540644354,7529488293902566407,0.014532152827352117
6918855608540644354,7572718529432126480,0.015316662349520392
6918855608540644354,7591058387967886348,0.008327445360983786
6918855608540644354,7650649289911452693,0.02712449244622241
6918950409570698241,6928398838458876929,0.016090943262948684
6918950409570698241,6949516198539346945,0.014761003483011459
6918950409570698241,6958042743239672833,0.08644108455194699
6918950409570698241,6958921737837741058,0.013561251230806558
6918950409570698241,6959419874189050881,0.016635408573706868
6918950409570698241,6959791068163621889,0.014993360379040347
6918950409570698241,7049429937271440385,0.014352022606085011
6918950409570698241,7153854260416955418,0.026049404769344264
6918950409570698241,7254140507394245638,0.024475466196452324
6918950409570698241,7309331808796460037,0.01920470833666579
6918950409570698241,7336845122908406789,0.016791166823453878
6918950409570698241,7345372771347792902,0.014655384585707604
6918950409570698241,7526895629398737928,0.020038839833531965
6918950409570698241,7617823686238143508,0.015935495903391706
6918950409570698241,7650741089351484436,0.016547121675590307
6919245969214080001,6961362649994478593,0.016684671462417817
6919245969214080001,7054799740815311899,0.0152161655253789
6919245969214080001,7121523637161001985,0.018624182527324996
6919245969214080001,7132780297389507585,0.034450998236466204
6919245969214080001,7155463663934489601,0.028636393848927154
6919245969214080001,7305828667954021382,0.015659402219731222
6919245969214080001,7445331089281270789,0.016650320073274428
6919245969214080001,7448255517355164673,0.01664380146868881
6919245969214080001,7546926530825077778,0.06985543066023342
6919245969214080001,7554403762245895188,0.016471634099634733
6919245969214080001,7566639233809695765,0.016388850617198622
6919245969214080001,7599311463005832209,0.03064137419435194
6919245969214080001,7607445622497264647,0.035044437627890536
6922636080495952898,6961428341711406081,0.015151845814393114
6922636080495952898,6985727260917662725,0.015023624570968588
6922636080495952898,7022223240064025601,0.03905947311486987
6922636080495952898,7058797886825792518,0.015013552822742256
6922636080495952898,7084186676168508442,0.015167774833875868
6922636080495952898,7104942140773450754,0.01480525150447813
6922636080495952898,7144238456486331418,0.04830132912698295
6922636080495952898,7188777124807181314,0.01474066536864857
6922636080495952898,7206554298104415258,0.015014960828875403
6922636080495952898,7254140507394245638,0.022548731369889292
6922636080495952898,7309331808796460037,0.014526863647888334
6922636080495952898,7317979152307454981,0.014684349174161915
6922636080495952898,7319919338914857990,0.015141617204798567
6922636080495952898,7321759691690951685,0.022100304657660955
6922636080495952898,7331684378399196166,0.03925646009492021
6922636080495952898,7484436088774624274,0.015224691544880653
6922636080495952898,7520091064683021319,0.03225223556512863
6922636080495952898,7565406894694269953,0.015057189497228118
6922656772109452290,6925056214594274306,0.06347757714305545
6922656772109452290,6961159945572844550,0.016554859045600126
6922656772109452290,6964970683512931333,0.016493267060939603
6922656772109452290,6985727260917662725,0.027357187718059204
6922656772109452290,7032542326535341083,0.015394940679732103
6922656772109452290,7108182400240223233,0.016523375441461714
6922656772109452290,7113527717450810370,0.015386888308406932
6922656772109452290,7135220356252517402,0.015407128051152852
6922656772109452290,7154384053285078043,0.12938989539696502
6922656772109452290,7192220822001746970,0.016034609246012674
6922656772109452290,7226016778555556890,0.016080187345339027
6922656772109452290,7254140507394245638,0.02030632191722156
6922656772109452290,7369653419626202117,0.01603325875181873
6922656772109452290,7501664443560084488,0.016504220907988962
6922656772109452290,7526895629398737928,0.016553343334942433
6922656772109452290,7584050819944596487,0.015774909608797617
6922733815886889986,6959317815221093378,0.030415935831271473
6922733815886889986,6983637584456647681,0.015653349004751873
6922733815886889986,7032542326535341083,0.02081458319577977
6922733815886889986,7157712033605370881,0.02845273829310027
6922733815886889986,7254140507394245638,0.018222533097762967
6922733815886889986,7343513808779904005,0.05363259392750481
6922733815886889986,7377168369478452229,0.01572038048260124
6922733815886889986,7501201778134893584,0.030384436370686694
6922733815886889986,7522355226557662225,0.04175176224368008
6922733815886889986,7634034175490606101,0.020086793944768967
6923227293196944385,6967659350089810946,0.015651184206076505
6923227293196944385,7003367467040949249,0.015195260804026606
6923227293196944385,7056720636374385691,0.015216930710838775
6923227293196944385,7105261059741565979,0.02674575458285054
6923227293196944385,7157712033605370881,0.017651929293003247
6923227293196944385,7222475408116515866,0.014751932234183973
6923227293196944385,7225233704317715482,0.014208408862264838
6923227293196944385,7305650093284197382,0.02835152456308737
6923227293196944385,7323951027022283777,0.015712963251521352
6923227293196944385,7379787571319522310,0.01516558764489246
6923227293196944385,7481214404483417096,0.015895398706040773
6923227293196944385,7572718529432126480,0.015051760198420647
6923227293196944385,7581801127412319248,0.04778556175126911
6923227293196944385,7591058387967886348,0.008655879513755342
6923227293196944385,7653909888418890773,0.016274120766529884
6924145368151442437,6939349569991050242,0.021498347996309567
6924145368151442437,6941389168077702146,0.023321741664085984
6924145368151442437,6950174197022065669,0.016007320982135195
6924145368151442437,6971392711799964673,0.030810361779216325
6924145368151442437,7064593869828932614,0.02293992908586287
6924145368151442437,7076416253577790465,0.01603562589211503
6924145368151442437,7077264630486516762,0.015884375637610762
6924145368151442437,7096068961858765826,0.02433561198976111
6924145368151442437,7135414649268880411,0.01736149136432509
6924145368151442437,7186497865421161499,0.01622408496723487
6924145368151442437,7205917572523803649,0.034411364023287885
6924145368151442437,7214120131030975514,0.023495581701980656
6924145368151442437,7216684653520339994,0.015664842666745983
6924145368151442437,7284988452844078087,0.016961905254446248
6924145368151442437,7316163220909196294,0.016151500193814648
6924145368151442437,7325664758940943366,0.01571590257731545
6924145368151442437,7358103277785891846,0.01866765782771136
6924145368151442437,7444920523094967314,0.016626744740587087
6924145368151442437,7459425028325852176,0.01575099498845824
6924145368151442437,7476774838238430216,0.026798695806993917
6924145368151442437,7488350271514821639,0.03058706181693609
6924145368151442437,7604788544276333586,0.025616622922826713
6924145368151442437,7626262691652420629,0.038485584208521474
6924145368151442437,95653080293068800,0.029039760605885916
6924904614709969921,6935026650749322242,0.015182350493189325
6924904614709969921,7016971336972452891,0.01899775092032319
6924904614709969921,7022223240064025601,0.015691115488458515
6924904614709969921,7025843669941208090,0.015568242815990162
6924904614709969921,7076416253577790465,0.01538659808857784
6924904614709969921,7254140507394245638,0.018690441427535627
6924904614709969921,7284988452844078087,0.01733065601277412
6924904614709969921,7488350271514821639,0.015338430138103761
6924904614709969921,7629259435181491218,0.015828117925576878
6925056214594274306,6949516198539346945,0.01506098285470369
6925056214594274306,6959317815221093378,0.014680527991489407
6925056214594274306,6985727260917662725,0.020653977093912704
6925056214594274306,7205917572523803649,0.014736178704111813
6925056214594274306,7216684653520339994,0.014720573973117476
6925056214594274306,7254140507394245638,0.029412771635486
6925056214594274306,7331684378399196166,0.014874954911867223
6925056214594274306,7495411659411948599,0.01505755371359763
6925056214594274306,93013606744592384,0.01468569888642003
6926515660747768833,6962343424021726209,0.015735828144350216
6926515660747768833,6982233082511180827,0.015805469716556168
6926515660747768833,6986032885317551131,0.015804893376979563
6926515660747768833,7012228858045465601,0.014837999823740835
6926515660747768833,7164308860937126914,0.01581448280576831
6926515660747768833,7257089825308165126,0.026329832298417323
6926515660747768833,7300420401526604806,0.02039580016722688
6926515660747768833,7455281387647304705,0.030993026845863393
6926515660747768833,7641155549304505352,0.01622974620823094
6926515660747768833,7641515667149145109,0.02844509057908417
6927689178639418369,6940465180879586305,0.016987998561083587
6927689178639418369,6958281584488236033,0.015813191246392185
6927689178639418369,6998723476065862683,0.0210652500134433
6927689178639418369,7102360937428108314,0.015451605394247635
6927689178639418369,7106791086807614491,0.016469024329310526
6927689178639418369,7135008576062456859,0.016039482997467994
6927689178639418369,7188777124807181314,0.01579599940491864
6927689178639418369,7203897797036459035,0.024617047079021532
6927689178639418369,7270110578827150342,0.01603010542275083
6927689178639418369,7359896669410853893,0.01682305314926631
6927689178639418369,7491832625380934672,0.01608527102694646
6927689178639418369,7496951292298249223,0.015503180817976284
6928398838458876929,6958921737837741058,0.012901888333389806
6928398838458876929,6959419874189050881,0.015972824955062997
6928398838458876929,6959791068163621889,0.014334820125008722
6928398838458876929,7049429937271440385,0.014969295546034543
6928398838458876929,7076404041312404482,0.014324584321517715
6928398838458876929,7135008576062456859,0.01387014794157229
6928398838458876929,7153854260416955418,0.015594796902027622
6928398838458876929,7336845122908406789,0.016122860499255983
6928398838458876929,7345372771347792902,0.015268401435503648
6928398838458876929,7526895629398737928,0.0278099887020641
6928398838458876929,7617823686238143508,0.0165810473176787
6928398838458876929,7650741089351484436,0.016280991801057382
6932353646320108546,6939349569991050242,0.022497525804832882
6932353646320108546,6966148415672173569,0.023247731570975542
6932353646320108546,7001471155397248001,0.016720730671132045
6932353646320108546,7105261059741565979,0.014044915795662671
6932353646320108546,7238631407236580358,0.014955077330455905
6932353646320108546,7271800847229633541,0.014638449002434356
6932353646320108546,7370877163489444869,0.016406984617955946
6932353646320108546,7423293361527014405,0.013844628797132049
6934842504743879681,7005622091391714330,0.015301822474299252
6934842504743879681,7012228858045465601,0.015136793872575627
6934842504743879681,7022043784491222018,0.01620675997422123
6934842504743879681,7060374955943003137,0.015348463739886829
6934842504743879681,70836239101,0.015465827730388744
6934842504743879681,7142783450839401473,0.04252110224640374
6934842504743879681,7192449099722916869,0.015158474180615422
6934842504743879681,7192960927724127233,0.028276952433200105
6934842504743879681,7238631407236580358,0.01346160155107061
6934842504743879681,7267057918439506950,0.017213444462308578
6934842504743879681,7319387104206259206,0.01603052041115279
6934842504743879681,7329677372679472133,0.015882250451515558
6934842504743879681,7352412606437704710,0.015581119788932632
6934842504743879681,7501201778134893584,0.054487594734570356
6935026650749322242,6968111084863783938,0.01800026323151078
6935026650749322242,7022223240064025601,0.015751280974986445
6935026650749322242,7025843669941208090,0.015550476130554864
6935026650749322242,7076416253577790465,0.01571821220911572
6935026650749322242,7124524290486535170,0.03178015543809985
6935026650749322242,7151061694003921947,0.015006409754819944
6935026650749322242,7203897797036459035,0.0151265447087581
6935026650749322242,7343513808779904005,0.015349859279812196
6935026650749322242,7488350271514821639,0.015164304146920469
6935026650749322242,7501201778134893584,0.028713536182128394
6935026650749322242,7520091064683021319,0.015400253168472983
6935026650749322242,7629259435181491218,0.015965882286924016
6936501950632805377,6940465180879586305,0.026226286829809237
6936501950632805377,6971392711799964673,0.015198142961392675
6936501950632805377,6986850469483676673,0.01564363507763256
6936501950632805377,7035968949859959835,0.020207966026495366
6936501950632805377,7135008576062456859,0.015155559726820915
6936501950632805377,7143935053655131163,0.015224204764020309
6936501950632805377,7204083942915130395,0.017806859726693054
6936501950632805377,7270110578827150342,0.0154938561767405
6936501950632805377,7359896669410853893,0.024467701355074884
6936501950632805377,7367247089417896965,0.016954100337746057
6936501950632805377,7486331907643393040,0.014308363800448538
6936501950632805377,7491832625380934672,0.015215522941711555
6939127500590416898,6958042743239672833,0.015495005415448886
6939127500590416898,6986032885317551131,0.016373857597464122
6939127500590416898,7076404041312404482,0.01786306176426454
6939127500590416898,7088963677072950274,0.01614804641008656
6939127500590416898,7164308860937126914,0.01638372525256595
6939127500590416898,7254140507394245638,0.019413767033431072
6939127500590416898,7331684378399196166,0.01717858726556407
6939127500590416898,7455281387647304705,0.03158414979761612
6939127500590416898,7464192594000741377,0.021639752477666502
6939127500590416898,7546926530825077778,0.016141082626208527
6939349569991050242,6962343424021726209,0.01933364082819837
6939349569991050242,6971392711799964673,0.03254240431459219
6939349569991050242,7000352128338478081,0.015967190531520733
6939349569991050242,7001471155397248001,0.021471138978590074
6939349569991050242,7022043784491222018,0.04340740039072943
6939349569991050242,7060374955943003137,0.014574687605993689
6939349569991050242,7100750102336177154,0.014867423014142737
6939349569991050242,7267057918439506950,0.020174423147950187
6939349569991050242,7317979152307454981,0.023047287616005593
6939349569991050242,7322146719038014469,0.014177121136418395
6939349569991050242,7344283645127885830,0.014658510602039264
6939349569991050242,7367247089417896965,0.019337935933192683
6939349569991050242,7488350271514821639,0.019725143012432365
6939349569991050242,7581801127412319248,0.027347329999962547
6939349569991050242,7626262691652420629,0.020506695353125225
6940465180879586305,6958281584488236033,0.01578014282342753
6940465180879586305,6971392711799964673,0.014117953572463884
6940465180879586305,6986850469483676673,0.015196522846861325
6940465180879586305,7102360937428108314,0.015418608469161465
6940465180879586305,7106791086807614491,0.016435530313707633
6940465180879586305,7135008576062456859,0.016070929420745977
6940465180879586305,7188777124807181314,0.015762590184083134
6940465180879586305,7270110578827150342,0.016061898820009763
6940465180879586305,7359896669410853893,0.016854819664313323
6940465180879586305,7496951292298249223,0.01547018004604997
6940581217293599745,6960359847695074309,0.03161167305926648
6940581217293599745,6978315681420264450,0.07352264430775365
6940581217293599745,6982233082511180827,0.017335527412687592
6940581217293599745,6988040833657242625,0.08862220811345985
6940581217293599745,6995145012439450625,0.03963258884748022
6940581217293599745,6996939727140979714,0.05350702073269254
6940581217293599745,7002112944796779546,0.02828509611392467
6940581217293599745,7004640947586024474,0.021015482624362383
6940581217293599745,7025843669941208090,0.021251045116014687
6940581217293599745,70836239101,0.05892209355660605
6940581217293599745,7096897188358456322,0.014275256257815859
6940581217293599745,7104942140773450754,0.014702159790901389
6940581217293599745,7144238456486331418,0.02573699183403423
6940581217293599745,7264489075083461633,0.014729792003139716
6940581217293599745,7309331808796460037,0.01500852504738569
6940581217293599745,7317979152307454981,0.014826371603718951
6940581217293599745,7354443424308167685,0.053609599963821676
6940581217293599745,7384728630012806150,0.03973949689837329
6940581217293599745,7423293361527014405,0.03833547186806375
6940581217293599745,7446786283143169041,0.014798375150085998
6940581217293599745,7453778116689118215,0.02250455230117149
6940581217293599745,7478421096736359430,0.014115219753676219
6940581217293599745,7481889367460938759,0.014912898418723071
6940581217293599745,7495411659411948599,0.07081895236100952
6940581217293599745,7565406894694269953,0.014454961295037053
6940581217293599745,7602605744538141716,0.025967647126762076
6940581217293599745,7642599508594115605,0.02938361495646345
6941389168077702146,6971392711799964673,0.019693761097714448
6941389168077702146,6977327001304876034,0.01514967670018565
6941389168077702146,7022043784491222018,0.05078384392378531
6941389168077702146,7063506594294924289,0.015897591326158873
6941389168077702146,7154310477883032578,0.016570124974246203
6941389168077702146,7278224508979872786,0.029880837901427322
6941389168077702146,7343513808779904005,0.026816643778781842
6941389168077702146,7384728630012806150,0.0353388241352166
6941389168077702146,7488350271514821639,0.039638505058060505
6941389168077702146,7501201778134893584,0.025960662922858247
6941389168077702146,7522355226557662225,0.020876151109502226
6941389168077702146,7626262691652420629,0.021428271898327057
6941389168077702146,7634034175490606101,0.030666325815144516
6947166484004373506,7003367467040949249,0.015331350467140188
6947166484004373506,7010662492184495131,0.015024477499736715
6947166484004373506,7054799740815311899,0.01689521668812583
6947166484004373506,7056720636374385691,0.015308305426816146
6947166484004373506,7096479885301138458,0.01592060109626986
6947166484004373506,7139827943400326149,0.015291111679622365
6947166484004373506,7142783450839401473,0.01650097453331559
6947166484004373506,7222475408116515866,0.015027695335210088
6947166484004373506,7238588875538793480,0.015773766564557725
6947166484004373506,7501201778134893584,0.01743426923763347
6947166484004373506,7529488293902566407,0.014894481395719576
6947166484004373506,7566446773142979591,0.01576966854709494
6947166484004373506,7572718529432126480,0.015207886232269988
6947166484004373506,7604788544276333586,0.017559734893038966
6947166484004373506,7631155532019663879,0.015299431182291276
6949516198539346945,6959317815221093378,0.015485575790251446
6949516198539346945,6983637584456647681,0.016055008766349563
6949516198539346945,7035968949859959835,0.01505246728400082
6949516198539346945,7057223811220997147,0.015844265993565507
6949516198539346945,7186497865421161499,0.02301391220885921
6949516198539346945,7254140507394245638,0.039707554082794895
6949516198539346945,7264489075083461633,0.03244948819329358
6949516198539346945,7277563253713224709,0.023605256390745177
6949516198539346945,7479292129044612104,0.11480575815948549
6949516198539346945,7581801127412319248,0.023025180851578696
6949516198539346945,7592121729054213121,0.025343161200064777
6949516198539346945,93013606744592384,0.015377713409301033
6950174197022065669,6959045098000991234,0.01672224993857401
6950174197022065669,7063506594294924289,0.015891711466863502
6950174197022065669,7096068961858765826,0.02084324464916031
6950174197022065669,7120541706823533594,0.02276893559741994
6950174197022065669,7124524290486535170,0.01804073450387153
6950174197022065669,7151777693745841157,0.01565806456449863
6950174197022065669,7160116207869428738,0.015348115553128625
6950174197022065669,7231559211711382529,0.016174639153409852
6950174197022065669,7278224508979872786,0.015528917701008303
6950174197022065669,7284988452844078087,0.017529747820027426
6950174197022065669,7326825435546174471,0.02646404730854654
6950174197022065669,7358103277785891846,0.018218811635065894
6950174197022065669,7506867441839244344,0.01555858547083064
6950174197022065669,7520091064683021319,0.018430305784300615
6950174197022065669,7522349223884719105,0.01702228900966862
6950174197022065669,7566639233809695765,0.023198897141758365
6950174197022065669,7640716169255715857,0.01736078784427826
6953411710000038918,6960359847695074309,0.016319416916926933
6953411710000038918,7004849025783022619,0.015128145802472933
6953411710000038918,7020605956485940251,0.01617680382507025
6953411710000038918,7192960927724127233,0.02770240539910633
6953411710000038918,7214120131030975514,0.016251818048262374
6953411710000038918,7219888027873690626,0.015261360311860771
6953411710000038918,7367247089417896965,0.015861170983771464
6953411710000038918,7453528540971172870,0.015533352658213772
6953411710000038918,7493882569899394065,0.01556136290452046
6953411710000038918,7585530131923682324,0.016234774797732145
6953411710000038918,7653816056004543508,0.01594920420786017
6953411710000038918,93013606744592384,0.032243968157705166
6958042743239672833,6962343424021726209,0.02298235948469927
6958042743239672833,6982233082511180827,0.01571342703738472
6958042743239672833,6983637584456647681,0.015629031571383706
6958042743239672833,6986032885317551131,0.023779707056742237
6958042743239672833,7164308860937126914,0.01562762502784139
6958042743239672833,7455281387647304705,0.015628238307584735
6958268752132178946,7004640947586024474,0.01558125579211479
6958268752132178946,7076404041312404482,0.017785614166847496
6958268752132178946,7120541706823533594,0.04603499559480503
6958268752132178946,7135414649268880411,0.015019773031709392
6958268752132178946,7149906885037179905,0.01522321143299643
6958268752132178946,7157712033605370881,0.016250674603848023
6958268752132178946,7254140507394245638,0.019329596154250585
6958268752132178946,7372140179509216261,0.016432901139061776
6958268752132178946,7455566091059020817,0.022771333801976597
6958268752132178946,7486331907643393040,0.015076934972191014
6958281584488236033,7102360937428108314,0.01626674860482914
6958281584488236033,7106791086807614491,0.01637706391562645
6958281584488236033,7135008576062456859,0.014856081633583283
6958281584488236033,7164308860937126914,0.016055213357452323
6958281584488236033,7188777124807181314,0.016616851199230454
6958281584488236033,7343513808779904005,0.01701927653112317
6958281584488236033,7359896669410853893,0.015617140804980324
6958281584488236033,7496951292298249223,0.016317754109827064
6958281584488236033,7634034175490606101,0.019462490666129664
6958281584488236033,86855738395926528,0.019369976750912933
6958672722403836933,6997282145090028546,0.01575732113965839
6958672722403836933,7002925947272234011,0.01530751408501093
6958672722403836933,7003685691104576514,0.016096087552691
6958672722403836933,7132780297389507585,0.015903013501601997
6958672722403836933,7140728189923607558,0.016085869813960443
6958672722403836933,7343513808779904005,0.01822267138121015
6958672722403836933,7479292129044612104,0.028487057669656854
6958672722403836933,7629938843277640725,0.015396029027086854
6958672722403836933,7634034175490606101,0.0208386397048186
6958672722403836933,7652707278761018388,0.014216828636713929
6958672722403836933,7653078869913863175,0.013893500311904101
6958784923474166786,6972477904908207105,0.015750507053452767
6958784923474166786,6978315681420264450,0.03794764746714411
6958784923474166786,7154310477883032578,0.017043535059790612
6958784923474166786,7225233704317715482,0.018816412748170693
6958784923474166786,7254140507394245638,0.04960256553335985
6958784923474166786,7300420401526604806,0.015513209253121317
6958784923474166786,7384728630012806150,0.020510965472199452
6958784923474166786,7450744199001637895,0.014718007043480582
6958784923474166786,7602605744538141716,0.03367387298118803
6958784923474166786,7641515667149145109,0.015412994661376175
6958784923474166786,7652473478721979400,0.014317380182579992
6958921737837741058,6959419874189050881,0.013755332439856304
6958921737837741058,6959791068163621889,0.015246805308454858
6958921737837741058,7153854260416955418,0.014199649270549154
6958921737837741058,7154310477883032578,0.012944890638698968
6958921737837741058,7207116376669438978,0.014477337391460066
6958921737837741058,7254140507394245638,0.015721649033550996
6958921737837741058,7336845122908406789,0.013858934800203941
6958921737837741058,7367247089417896965,0.02522174260318319
6958921737837741058,7641155549304505352,0.013221188128616786
6958921737837741058,7650741089351484436,0.013357930709522082
6959045098000991234,6997282145090028546,0.01548252911078852
6959045098000991234,7002925947272234011,0.01591487287256245
6959045098000991234,7039129332460274714,0.014866730490145422
6959045098000991234,7049429937271440385,0.014069851946074676
6959045098000991234,7132780297389507585,0.015064512404887674
6959045098000991234,7140728189923607558,0.01436358070047353
6959045098000991234,7284988452844078087,0.020070585835937915
6959045098000991234,7358103277785891846,0.020859525562176757
6959045098000991234,7479292129044612104,0.028467805886520557
6959045098000991234,7496951292298249223,0.017130730728486674
6959045098000991234,7516118321939727361,0.02202229682244525
6959045098000991234,7629938843277640725,0.015823775254052656
6959045098000991234,7650741089351484436,0.013236067049512539
6959162637768377349,6964738659434152962,0.014385278406177232
6959162637768377349,6988040833657242625,0.017374111940233528
6959162637768377349,6993582094237778970,0.016480704607668407
6959162637768377349,6995145012439450625,0.014808454509976553
6959162637768377349,7089701400901600283,0.013434397118770418
6959162637768377349,7102360937428108314,0.01998023027236905
6959162637768377349,7192449099722916869,0.013244069616300777
6959162637768377349,7398639237263229958,0.013018066340409874
6959162637768377349,7478201262862681105,0.018424894284182054
6959162637768377349,7481889367460938759,0.014137210039112455
6959162637768377349,7499493589689779218,0.016641072561501078
6959162637768377349,7650649289911452693,0.013672751808528644
6959162637768377349,93013606744592384,0.019053600134506885
6959168054680978434,6962343424021726209,0.015509566687766587
6959168054680978434,6982233082511180827,0.015578017819528289
6959168054680978434,6983637584456647681,0.015494330165598452
6959168054680978434,7077264630486516762,0.015730596432465972
6959168054680978434,7135220356252517402,0.03190152415142509
6959168054680978434,7164308860937126914,0.015500074150866525
6959168054680978434,7254140507394245638,0.02174539703274699
6959168054680978434,7271800847229633541,0.02623010742694454
6959168054680978434,7384818817710916613,0.016154443014068494
6959168054680978434,7455281387647304705,0.01550068239856665
6959306103192912897,6977774091941102597,0.014476496214427748
6959306103192912897,6978562375062799362,0.014382253991872243
6959306103192912897,7054799740815311899,0.014598552789851863
6959306103192912897,7149906885037179905,0.0171965016227841
6959306103192912897,7150266661496472582,0.015237495588536413
6959306103192912897,7182583625258632193,0.015349630382516547
6959306103192912897,7192449099722916869,0.024379270053772262
6959306103192912897,7213282682464814107,0.015189248541257501
6959306103192912897,7254140507394245638,0.03490817160620699
6959306103192912897,7321759691690951685,0.014934254392089385
6959306103192912897,7338600730439353346,0.014930237810712647
6959306103192912897,7343513808779904005,0.02225805443998762
6959306103192912897,7377168369478452229,0.015207783008640546
6959306103192912897,7478201262862681105,0.01512910860584568
6959306103192912897,7522355226557662225,0.01732739233611194
6959306103192912897,7575529166674773008,0.014996352642181729
6959317815221093378,6962343424021726209,0.015846494647426095
6959317815221093378,6982233082511180827,0.01577637218981342
6959317815221093378,6983637584456647681,0.015861624498049898
6959317815221093378,7032542326535341083,0.09577231814611081
6959317815221093378,7495411659411948599,0.015489259689826305
6959317815221093378,7652707278761018388,0.0159720270864411
6959317815221093378,93013606744592384,0.02579924814061622
6959419874189050881,6959791068163621889,0.01519066362375615
6959419874189050881,7022043784491222018,0.01734167462237993
6959419874189050881,7049429937271440385,0.014235000309016144
6959419874189050881,7148170160443048961,0.04430622587042058
6959419874189050881,7153854260416955418,0.01646064629954262
6959419874189050881,7254140507394245638,0.017141119254261733
6959419874189050881,7336845122908406789,0.01696814185525792
6959419874189050881,7343513808779904005,0.018560660783570118
6959419874189050881,7345372771347792902,0.014539893408592477
6959419874189050881,7617823686238143508,0.015816935702149763
6959419874189050881,7634034175490606101,0.018894745785114558
6959419874189050881,7650741089351484436,0.016430168211789657
6959507281902257158,6997282145090028546,0.033734847712545486
6959507281902257158,7005422961205330971,0.033734847712545486
6959507281902257158,7012854598687966235,0.0184024310070628
6959507281902257158,7014057563453752325,0.04409990770854004
6959507281902257158,7056589938901664769,0.026872117754110133
6959507281902257158,7127610987100308481,0.033734847712545486
6959507281902257158,7150266661496472582,0.014700575590140666
6959507281902257158,7207116376669438978,0.03467455467762412
6959507281902257158,7237187612749874182,0.033734847712545486
6959507281902257158,7260730044916745221,0.04990064637222626
6959507281902257158,7321759691690951685,0.015084686694740827
6959507281902257158,7322146719038014469,0.01642153937969055
6959507281902257158,7453528540971172870,0.033734847712545486
6959507281902257158,7476128992287441937,0.016361680980966378
6959507281902257158,7507877861438964754,0.0203894071947614
6959507281902257158,7575529166674773008,0.015335007707857552
6959507281902257158,7584050819944596487,0.018625973937720988
6959507281902257158,7631155532019663879,0.0184024310070628
6959791068163621889,7153854260416955418,0.015637160111042547
6959791068163621889,7254140507394245638,0.0343352073074451
6959791068163621889,7336845122908406789,0.027769411168245193
6959791068163621889,7345372771347792902,0.012991702008124393
6959791068163621889,7367247089417896965,0.01892248345752799
6959791068163621889,7617823686238143508,0.014179108575917598
6959791068163621889,7650741089351484436,0.014789863143164307
6960359847695074309,6978315681420264450,0.031504114383763916
6960359847695074309,6982233082511180827,0.0219391292308336
6960359847695074309,6988040833657242625,0.03544500404159085
6960359847695074309,6995145012439450625,0.05015737149369837
6960359847695074309,6996939727140979714,0.027569916703621966
6960359847695074309,7002112944796779546,0.030753940343918897
6960359847695074309,7020605956485940251,0.016722860317475777
6960359847695074309,7025843669941208090,0.024856659440322365
6960359847695074309,7056720636374385691,0.01825970949276233
6960359847695074309,7060924497801593882,0.04380758122155449
6960359847695074309,7077264630486516762,0.023091518434380492
6960359847695074309,70836239101,0.03036007591366606
6960359847695074309,7144238456486331418,0.030103726077680987
6960359847695074309,7165117173925708826,0.015450953371769455
6960359847695074309,7202086685571138562,0.03320971701607974
6960359847695074309,7214120131030975514,0.016032205318949024
6960359847695074309,7333255393327449094,0.023208212024286207
6960359847695074309,7354443424308167685,0.020900000669417225
6960359847695074309,7453778116689118215,0.02848083415426414
6960359847695074309,7493882569899394065,0.016102217552857855
6960359847695074309,7495411659411948599,0.03649002674592669
6960359847695074309,7585530131923682324,0.016781406799466752
6960359847695074309,7602605744538141716,0.0328635842782469
6960359847695074309,7607445622497264647,0.1950481776487011
6960359847695074309,7653816056004543508,0.016493088244889712
6961159945572844550,6964970683512931333,0.01656618812247951
6961159945572844550,6978315681420264450,0.01725131238623376
6961159945572844550,6996939727140979714,0.046028519820366424
6961159945572844550,7004640947586024474,0.04294549735393647
6961159945572844550,7032542326535341083,0.015331061183494678
6961159945572844550,7108182400240223233,0.01659629228040474
6961159945572844550,7113527717450810370,0.015323007998568923
6961159945572844550,7154310477883032578,0.022394161788628776
6961159945572844550,7192220822001746970,0.01596853468348634
6961159945572844550,7193229205185250330,0.016240766835246407
6961159945572844550,7254140507394245638,0.02489424320081224
6961159945572844550,7369653419626202117,0.015967183832973724
6961159945572844550,7501664443560084488,0.016577139706190624
6961159945572844550,7526895629398737928,0.016626253635724047
6961362649994478593,7305828667954021382,0.01569043404119681
6961362649994478593,7377168369478452229,0.016140589757409864
6961362649994478593,7448255517355164673,0.016607439552960488
6961362649994478593,7554403762245895188,0.016503605506495427
6961362649994478593,7566639233809695765,0.01642082951040244
6961428341711406081,6985727260917662725,0.014744306135492616
6961428341711406081,7058797886825792518,0.014732432495336737
6961428341711406081,70729628102,0.017186258194473558
6961428341711406081,7077264630486516762,0.015817354911550563
6961428341711406081,7084186676168508442,0.01488533115167747
6961428341711406081,7104942140773450754,0.014525666990994512
6961428341711406081,7188777124807181314,0.014807839884766926
6961428341711406081,7202086685571138562,0.030712124371438287
6961428341711406081,7206554298104415258,0.014735797389970474
6961428341711406081,7254140507394245638,0.01897257954792931
6961428341711406081,7319919338914857990,0.015202087773480486
6961428341711406081,7331684378399196166,0.016788195348986748
6961428341711406081,7345372771347792902,0.015426550354196267
6961428341711406081,7565406894694269953,0.01477572364428916
6961428341711406081,7639298353755030529,0.018279830589094614
6962343424021726209,6983637584456647681,0.016612261387996437
6962343424021726209,7001471155397248001,0.025837963055123186
6962343424021726209,7081966595417244674,0.04408146940950106
6962343424021726209,7094307669989819418,0.026412180622848936
6962343424021726209,7322149836118082565,0.028356303313891742
6962343424021726209,7634034175490606101,0.017168316730352896
6964714945469662210,6987280497861067778,0.013719044989033128
6964714945469662210,7020605956485940251,0.016790174682684896
6964714945469662210,7057223811220997147,0.014827224971364003
6964714945469662210,7142783450839401473,0.012483113676675268
6964714945469662210,7254140507394245638,0.01480147223627392
6964714945469662210,7333255393327449094,0.014040498682324253
6964714945469662210,7400503260173730822,0.013652520508564275
6964714945469662210,7453778116689118215,0.014934059118004755
6964714945469662210,7546553409273627653,0.016933779348923195
6964714945469662210,7583691841695859720,0.014738275541955892
6964714945469662210,7640716169255715857,0.01577402775280695
6964738659434152962,6988040833657242625,0.014617183914724184
6964738659434152962,6993582094237778970,0.015535235217916483
6964738659434152962,6995145012439450625,0.01733717072804753
6964738659434152962,7046489917002564609,0.015005870507671997
6964738659434152962,7075674626739536898,0.014948955157361676
6964738659434152962,7154310477883032578,0.014214285156459141
6964738659434152962,7192449099722916869,0.016555041024720853
6964738659434152962,7219888027873690626,0.022656340032632564
6964738659434152962,7254140507394245638,0.02732178222604422
6964738659434152962,7499493589689779218,0.013893590388096526
6964738659434152962,7641155549304505352,0.013968831704034545
6964738659434152962,7650649289911452693,0.0169923724196791
6964970683512931333,6978315681420264450,0.027636713795678856
6964970683512931333,6992412727014048794,0.37257136569038013
6964970683512931333,7003685691104576514,0.01690406643896207
6964970683512931333,7039129332460274714,0.015023496332675882
6964970683512931333,7054007488706429979,0.02996865184194874
6964970683512931333,7060028465760486402,0.37257136569038013
6964970683512931333,70729628102,0.016245633183901226
6964970683512931333,7088963677072950274,0.016225740978393556
6964970683512931333,7113527717450810370,0.04395437741608814
6964970683512931333,7193229205185250330,0.01631042531081574
6964970683512931333,7195479055549924378,0.027835347582624032
6964970683512931333,7238588875538793480,0.020798555673653536
6964970683512931333,7333255393327449094,0.02513843750710242
6964970683512931333,7421159900989047814,0.04176325638773373
6964970683512931333,7423293361527014405,0.03932587662501336
6964970683512931333,7481889367460938759,0.021710136672539865
6964970683512931333,7501664443560084488,0.016624046525637867
6964970683512931333,7526895629398737928,0.016567860491351283
6964970683512931333,7650649289911452693,0.024589392096509555
6966148415672173569,6968111084863783938,0.014395643871942742
6966148415672173569,7002112944796779546,0.01574545250813483
6966148415672173569,7075674626739536898,0.01355146958345958
6966148415672173569,7076404041312404482,0.01860571573213461
6966148415672173569,7105261059741565979,0.01480598495699239
6966148415672173569,7165117173925708826,0.015531655673657451
6966148415672173569,7379787571319522310,0.015596812764714028
6966148415672173569,7423293361527014405,0.014818520511311165
6966148415672173569,7499493589689779218,0.017039682875955697
6966148415672173569,7635591227443250194,0.014771233452403243
6966148415672173569,86855738395926528,0.014741642393974866
6966276498689721345,7131585685501363202,0.01710613083956643
6966276498689721345,7241559016605746182,0.015232699134664476
6966276498689721345,7248502263702291463,0.018360251147628275
6966276498689721345,7254140507394245638,0.04405354214958338
6966276498689721345,7282408479507563526,0.018360251147628275
6966276498689721345,7331684378399196166,0.01949074635722758
6966276498689721345,7384818817710916613,0.01674487062224056
6966276498689721345,7455566091059020817,0.014404054839971828
6966276498689721345,7496951292298249223,0.019150394357189713
6966276498689721345,7607445622497264647,0.014715564161669657
6967196401395139585,7060374955943003137,0.014778212321937897
6967196401395139585,7106791086807614491,0.024176189237627738
6967196401395139585,7135414649268880411,0.04499456823979442
6967196401395139585,7202086685571138562,0.016565094716811696
6967196401395139585,7225233704317715482,0.018187431614126455
6967196401395139585,7254140507394245638,0.01868054372010377
6967196401395139585,7362078617574441989,0.016277866284978137
6967196401395139585,7516118321939727361,0.026373978100709437
6967196401395139585,7545554271439078416,0.016396074797729757
6967196401395139585,86855738395926528,0.028466515695089782
6967659350089810946,7003367467040949249,0.015124493966807855
6967659350089810946,7004849025783022619,0.016384930175127356
6967659350089810946,7010662492184495131,0.014685642244985572
6967659350089810946,7056589938901664769,0.015474873051751898
6967659350089810946,7056720636374385691,0.015146175322237646
6967659350089810946,7222475408116515866,0.014682726251037776
6967659350089810946,7225233704317715482,0.01429465899410429
6967659350089810946,7271800847229633541,0.02165204722722788
6967659350089810946,7323951027022283777,0.01566185941374203
6967659350089810946,7572718529432126480,0.014981555958836119
6967659350089810946,7591058387967886348,0.008750483266139383
6968111084863783938,7002112944796779546,0.014357512529516461
6968111084863783938,7121523637161001985,0.016444626389562022
6968111084863783938,7124524290486535170,0.02151536340494202
6968111084863783938,7154384053285078043,0.017013248225270266
6968111084863783938,7165117173925708826,0.014666411693703077
6968111084863783938,7316163220909196294,0.037064114588184746
6968111084863783938,7379787571319522310,0.014593811821379659
6968111084863783938,7635591227443250194,0.01669427535096974
6968111084863783938,86855738395926528,0.01672785897826313
6968643664378119170,6983967123942065178,0.01548069876647869
6968643664378119170,7000352128338478081,0.015769623089757462
6968643664378119170,7005422961205330971,0.015727772756209825
6968643664378119170,7016971336972452891,0.016158463033676344
6968643664378119170,7052273815992304641,0.01605721707607856
6968643664378119170,7060924497801593882,0.016052433033818002
6968643664378119170,7284988452844078087,0.01605932540351027
6968643664378119170,7377168369478452229,0.015850470403664163
6968643664378119170,7599311463005832209,0.015969196588824952
6968718267481490433,7081966595417244674,0.014915032065222303
6968718267481490433,7198497671228834818,0.01508241426426594
6968718267481490433,7257089825308165126,0.015009516941099013
6968718267481490433,7420280666741621765,0.015091195411560312
6968718267481490433,7476774838238430216,0.014880531245304928
6968718267481490433,7481214404483417096,0.015312225356257581
6968718267481490433,7484436088774624274,0.01510351805590304
6968718267481490433,7512754059523769352,0.014962261330542159
6968718267481490433,7642599508594115605,0.015115846882195826
6968718267481490433,7648650172402435093,0.014839577993570632
6968718267481490433,7654157094572098561,0.015214102769369565
6970866552057267202,7060028465760486402,0.015657724235270575
6970866552057267202,7202086685571138562,0.015630319831162698
6970866552057267202,7240814661875057669,0.01521953744399544
6970866552057267202,7343513808779904005,0.015131640800789502
6970866552057267202,7350473960612905989,0.015219363646182617
6970866552057267202,7362078617574441989,0.01554188388721699
6970866552057267202,7445331089281270789,0.015087696528331335
6970866552057267202,7522355226557662225,0.015160349690239496
6970866552057267202,7546926530825077778,0.023304914614796807
6971392711799964673,6986850469483676673,0.04705077829816431
6971392711799964673,7001471155397248001,0.018131466077899457
6971392711799964673,7010662492184495131,0.04301114898098295
6971392711799964673,7084186676168508442,0.02230601022316795
6971392711799964673,7140728189923607558,0.015647926404272254
6971392711799964673,7143935053655131163,0.015429050153008703
6971392711799964673,7270110578827150342,0.015015191206011098
6971392711799964673,7323951027022283777,0.016533092110248806
6971392711799964673,7328024330810950662,0.016032621621411416
6971392711799964673,7359896669410853893,0.014274655754105109
6971392711799964673,7486331907643393040,0.014521433086602972
6971392711799964673,7488350271514821639,0.029085627399402656
6972477904908207105,7137486032777577473,0.014646666521186498
6972477904908207105,7254140507394245638,0.015376185173295198
6972477904908207105,7300420401526604806,0.015794111318257836
6972477904908207105,7322149836118082565,0.014717006627724441
6972477904908207105,7384818817710916613,0.014655830926256757
6972477904908207105,7450744199001637895,0.015034718028509586
6972477904908207105,7522349223884719105,0.014746206594964829
6972477904908207105,7641515667149145109,0.01574708800596155
6972477904908207105,7652473478721979400,0.014495111618425469
6977327001304876034,7063506594294924289,0.014982717746324562
6977327001304876034,7241559016605746182,0.015032940360777824
6977327001304876034,7253614148146316294,0.017729613575797838
6977327001304876034,7254140507394245638,0.017933433509066194
6977327001304876034,7278224508979872786,0.015277888198290505
6977327001304876034,7484436088774624274,0.016694645146971034
6977327001304876034,7516118321939727361,0.015394202483086969
6977774091941102597,6978562375062799362,0.014451496798819321
6977774091941102597,7025256146383324187,0.014428867876581602
6977774091941102597,7072731690099852289,0.013444338691359034
6977774091941102597,7127610987100308481,0.014584733594258062
6977774091941102597,7150266661496472582,0.014558823011216792
6977774091941102597,7182583625258632193,0.014668941557020202
6977774091941102597,7195479055549924378,0.014499287853671716
6977774091941102597,7213282682464814107,0.01451107586823457
6977774091941102597,7305650093284197382,0.013284940230946219
6977774091941102597,7338600730439353346,0.014454549690505029
6977774091941102597,7602458307672884225,0.12686237116190566
6978315681420264450,6982233082511180827,0.017276543303743046
6978315681420264450,6988040833657242625,0.03950531600341154
6978315681420264450,6992412727014048794,0.027636713795678856
6978315681420264450,6995145012439450625,0.03949773901668574
6978315681420264450,6996939727140979714,0.06652511258704227
6978315681420264450,7002112944796779546,0.03215971448489598
6978315681420264450,7004640947586024474,0.03325997164872255
6978315681420264450,7025843669941208090,0.02278344786241454
6978315681420264450,7054007488706429979,0.051594837741899005
6978315681420264450,7060028465760486402,0.027636713795678856
6978315681420264450,70836239101,0.06068161308942519
6978315681420264450,7135220356252517402,0.03548211075036043
6978315681420264450,7144238456486331418,0.0275928740626604
6978315681420264450,7148170160443048961,0.022752153178000972
6978315681420264450,7154384053285078043,0.03932480630528617
6978315681420264450,7238588875538793480,0.03976249536031893
6978315681420264450,7254140507394245638,0.04940274469899611
6978315681420264450,7333255393327449094,0.04805944318566426
6978315681420264450,7348055396504044550,0.016388912551241478
6978315681420264450,7354443424308167685,0.025992693545945068
6978315681420264450,7384728630012806150,0.22833550347563641
6978315681420264450,7453778116689118215,0.022427980591924905
6978315681420264450,7481889367460938759,0.016408041611881627
6978315681420264450,7484436088774624274,0.01673755842172527
6978315681420264450,7495411659411948599,0.07293373346350505
6978315681420264450,7545554271439078416,0.016109492058318197
6978315681420264450,7602605744538141716,0.10828593445851616
6978315681420264450,7642599508594115605,0.021837696696241412
6978315681420264450,7650649289911452693,0.04700978301051288
6978562375062799362,7000964924840608769,0.024195268021503142
6978562375062799362,7025256146383324187,0.014323848314966092
6978562375062799362,7072731690099852289,0.013345330992150706
6978562375062799362,7127610987100308481,0.014480843776824449
6978562375062799362,7150266661496472582,0.014462344901464214
6978562375062799362,7182583625258632193,0.014571735477748319
6978562375062799362,7195479055549924378,0.023836372829839154
6978562375062799362,7213282682464814107,0.014414862712852403
6978562375062799362,7338600730439353346,0.0143611583128334
6982233082511180827,6983637584456647681,0.016539111579775986
6982233082511180827,6988040833657242625,0.019437688035486685
6982233082511180827,6995145012439450625,0.027505804164404426
6982233082511180827,7002112944796779546,0.016865155314007788
6982233082511180827,70836239101,0.016649163973887014
6982233082511180827,7202086685571138562,0.07652047718361056
6982233082511180827,7495411659411948599,0.020010768103217683
6982233082511180827,7602605744538141716,0.018022063086209128
6982233082511180827,7607445622497264647,0.01721452645923603
6983637584456647681,7495411659411948599,0.01605885038640416
6983967123942065178,7016971336972452891,0.04359377630645735
6983967123942065178,7052273815992304641,0.015344960539683433
6983967123942065178,7060924497801593882,0.015295394738822531
6983967123942065178,7089701400901600283,0.015381235054996466
6983967123942065178,7254140507394245638,0.031994061195021094
6983967123942065178,7282408479507563526,0.015522364078629345
6983967123942065178,7284988452844078087,0.015302022497868236
6983967123942065178,7362078617574441989,0.025604413675691398
6983967123942065178,7479292129044612104,0.015664511562477484
6983967123942065178,7635591227443250194,0.03170116800949831
6985727260917662725,7058797886825792518,0.01470800060570524
6985727260917662725,7084186676168508442,0.014798210432968403
6985727260917662725,7206554298104415258,0.014711432959258948
6985727260917662725,7238631407236580358,0.015319271452938907
6985727260917662725,7254140507394245638,0.017159161461461056
6985727260917662725,7317979152307454981,0.024813118943124983
6985727260917662725,7319919338914857990,0.014734303327987995
6985727260917662725,7565406894694269953,0.014750584721555294
6986032885317551131,70729628102,0.01637168827125018
6986032885317551131,7088963677072950274,0.028115050068990306
6986032885317551131,7164308860937126914,0.01660864498400682
6986032885317551131,7193229205185250330,0.016315737969160287
6986032885317551131,7313053731345220614,0.016346362461873945
6986032885317551131,7455281387647304705,0.016607968262970688
6986032885317551131,7491832625380934672,0.02015202926783438
6986032885317551131,7546926530825077778,0.016381483925524153
6986850469483676673,7001471155397248001,0.02102002887067049
6986850469483676673,7010662492184495131,0.025820336684291092
6986850469483676673,7060924497801593882,0.016946568022557604
6986850469483676673,7106791086807614491,0.014624605830748805
6986850469483676673,7113527717450810370,0.019876180180237773
6986850469483676673,7135008576062456859,0.015767505429710865
6986850469483676673,7142783450839401473,0.0191689154768111
6986850469483676673,7143935053655131163,0.015199725053668145
6986850469483676673,7254140507394245638,0.020196588460274372
6986850469483676673,7270110578827150342,0.016118846600120706
6986850469483676673,7359896669410853893,0.015357686516049785
6986850469483676673,7369653419626202117,0.023405943592542555
6986850469483676673,7479292129044612104,0.019935297844715576
6987280497861067778,7057223811220997147,0.015456939132097752
6987280497861067778,7333255393327449094,0.015758239255898997
6987280497861067778,7367247089417896965,0.0155228150402589
6987280497861067778,7400503260173730822,0.01597595159729705
6987280497861067778,7453778116689118215,0.015568162338010304
6987280497861067778,7464192594000741377,0.014740493140783689
6987280497861067778,7583691841695859720,0.01572912566290765
6988040833657242625,6993582094237778970,0.01675047052070831
6988040833657242625,6995145012439450625,0.059486971551671056
6988040833657242625,7002112944796779546,0.02724745781737437
6988040833657242625,7025843669941208090,0.022022569205995924
6988040833657242625,70836239101,0.02689850076247131
6988040833657242625,7144238456486331418,0.026671379253344913
6988040833657242625,7202086685571138562,0.01817680688826569
6988040833657242625,7354443424308167685,0.17845281202394878
6988040833657242625,7398639237263229958,0.013278080016356815
6988040833657242625,7423293361527014405,0.05911436845830521
6988040833657242625,7453778116689118215,0.02523352515299377
6988040833657242625,7481889367460938759,0.029401828287722486
6988040833657242625,7495411659411948599,0.03232953089574095
6988040833657242625,7499493589689779218,0.016973332207351186
6988040833657242625,7602605744538141716,0.029116565758258054
6988040833657242625,7607445622497264647,0.02781190417822749
6992412727014048794,7003685691104576514,0.01690406643896207
6992412727014048794,7039129332460274714,0.015023496332675882
6992412727014048794,7054007488706429979,0.02996865184194874
6992412727014048794,7060028465760486402,0.37257136569038013
6992412727014048794,7113527717450810370,0.04395437741608814
6992412727014048794,7195479055549924378,0.027835347582624032
6992412727014048794,7238588875538793480,0.020798555673653536
6992412727014048794,7283325250002830342,0.015399462612637211
6992412727014048794,7333255393327449094,0.02513843750710242
6992412727014048794,7344283645127885830,0.014630836198989047
6992412727014048794,7421159900989047814,0.04176325638773373
6992412727014048794,7423293361527014405,0.03932587662501336
6992412727014048794,7481889367460938759,0.021710136672539865
6992412727014048794,7581801127412319248,0.01583401612665645
6992412727014048794,7650649289911452693,0.024589392096509555
6993582094237778970,6995145012439450625,0.015967060763791174
6993582094237778970,7046489917002564609,0.012821083025283345
6993582094237778970,7075674626739536898,0.012763802436666612
6993582094237778970,7154310477883032578,0.012022028964903052
6993582094237778970,7192449099722916869,0.01437346029790189
6993582094237778970,7398639237263229958,0.012346197397126253
6993582094237778970,7481889367460938759,0.013476316680631336
6993582094237778970,7499493589689779218,0.016010614609476774
6993582094237778970,7641155549304505352,0.011773851539964646
6993582094237778970,7650649289911452693,0.014809519841546118
6995145012439450625,6996939727140979714,0.03456530665825129
6995145012439450625,7002112944796779546,0.038557221277257976
6995145012439450625,7025843669941208090,0.031163607249549138
6995145012439450625,7046489917002564609,0.01461671159506002
6995145012439450625,7060374955943003137,0.014393622633679888
6995145012439450625,7075674626739536898,0.014559632014521972
6995145012439450625,70836239101,0.03806342055381661
6995145012439450625,7144238456486331418,0.037742026376682496
6995145012439450625,7165117173925708826,0.01937136579695907
6995145012439450625,7192449099722916869,0.01616913680057795
6995145012439450625,7202086685571138562,0.025721561622455334
6995145012439450625,7350473960612905989,0.017445279252184837
6995145012439450625,7354443424308167685,0.026203014686698615
6995145012439450625,7453778116689118215,0.03570735367131546
6995145012439450625,7495411659411948599,0.04574874048404532
6995145012439450625,7602605744538141716,0.04120215090521682
6995145012439450625,7607445622497264647,0.039355955727290934
6995145012439450625,7641155549304505352,0.013576036699996881
6996939727140979714,7004640947586024474,0.09027763427460397
6996939727140979714,70836239101,0.05138852373656504
6996939727140979714,7135220356252517402,0.016208791594396404
6996939727140979714,7240814661875057669,0.02624459046466412
6996939727140979714,7384728630012806150,0.03595728268763995
6996939727140979714,7495411659411948599,0.06176429238560871
6997282145090028546,7002925947272234011,0.01650802281895391
6997282145090028546,7003685691104576514,0.015760971214869766
6997282145090028546,7005422961205330971,0.033734847712545486
6997282145090028546,7012854598687966235,0.0184024310070628
6997282145090028546,7014057563453752325,0.04409990770854004
6997282145090028546,7049429937271440385,0.014006814779636664
6997282145090028546,7056589938901664769,0.026872117754110133
6997282145090028546,7127610987100308481,0.033734847712545486
6997282145090028546,7132780297389507585,0.016519165408394543
6997282145090028546,7140728189923607558,0.015760349558946105
6997282145090028546,7207116376669438978,0.03467455467762412
6997282145090028546,7237187612749874182,0.033734847712545486
6997282145090028546,7260730044916745221,0.033734847712545486
6997282145090028546,7453528540971172870,0.033734847712545486
6997282145090028546,7507877861438964754,0.0203894071947614
6997282145090028546,7584050819944596487,0.018625973937720988
6997282145090028546,7629938843277640725,0.028977286479192156
6997282145090028546,7631155532019663879,0.0184024310070628
6998723476065862683,7060028465760486402,0.015621465674208523
6998723476065862683,7192220822001746970,0.018760504258766738
6998723476065862683,7464192594000741377,0.015281220035358626
6998723476065862683,7476774838238430216,0.016012089263061177
6998723476065862683,7592121729054213121,0.021346550637122003
6998723476065862683,7617823686238143508,0.0165681950641401
7000352128338478081,7016971336972452891,0.015867956260515816
7000352128338478081,7060924497801593882,0.015634124759050284
7000352128338478081,7254140507394245638,0.01861826670458714
7000352128338478081,7284988452844078087,0.015627608137277704
7000352128338478081,7331684378399196166,0.016474675871381895
7000352128338478081,7377168369478452229,0.01570275262369815
7000352128338478081,7379787571319522310,0.01806281244964757
7000352128338478081,7448255517355164673,0.015625954975759252
7000352128338478081,7599311463005832209,0.015727461956026048
7000964924840608769,7025256146383324187,0.0154285547513371
7000964924840608769,7072731690099852289,0.014423844424576466
7000964924840608769,7076416253577790465,0.021962306947821385
7000964924840608769,7096479885301138458,0.030320178304505375
7000964924840608769,7127610987100308481,0.015128635296376279
7000964924840608769,7182583625258632193,0.029310469049793897
7000964924840608769,7192960927724127233,0.02568696572791978
7000964924840608769,7205917572523803649,0.024345174392441844
7000964924840608769,7305650093284197382,0.01425310114398193
7000964924840608769,7398639237263229958,0.013527233404221541
7000964924840608769,7501201778134893584,0.03172886673479473
7000964924840608769,7602458307672884225,0.014789344738602038
7000964924840608769,7604788544276333586,0.018957420597167877
7001471155397248001,7005622091391714330,0.01593231066198686
7001471155397248001,7012228858045465601,0.015804598303561786
7001471155397248001,7060374955943003137,0.029979765797811336
7001471155397248001,7203897797036459035,0.0157894174153764
7001471155397248001,7319387104206259206,0.015317199577302787
7001471155397248001,7323951027022283777,0.015144236549482508
7001471155397248001,7328024330810950662,0.023437514123367996
7001471155397248001,7478421096736359430,0.014957348846602771
7002112944796779546,7025843669941208090,0.022240929799016627
7002112944796779546,7060924497801593882,0.030998480552401
7002112944796779546,70836239101,0.02716520772671879
7002112944796779546,7105261059741565979,0.014843148319709338
7002112944796779546,7144238456486331418,0.02693583423750066
7002112944796779546,7165117173925708826,0.029320417612537543
7002112944796779546,7254140507394245638,0.0482263695716452
7002112944796779546,7354443424308167685,0.018700640317493956
7002112944796779546,7379787571319522310,0.015560570749457103
7002112944796779546,7453778116689118215,0.021893926893374317
7002112944796779546,7495411659411948599,0.03265008820549177
7002112944796779546,7599311463005832209,0.02285165379536758
7002112944796779546,7602605744538141716,0.02526305612205736
7002112944796779546,7607445622497264647,0.034687115794664936
7002112944796779546,7635591227443250194,0.014733566559748262
7002925947272234011,7003685691104576514,0.015306539389447595
7002925947272234011,7039129332460274714,0.015262023809058166
7002925947272234011,7049429937271440385,0.014437020517326947
7002925947272234011,7076404041312404482,0.014654652299512818
7002925947272234011,7132780297389507585,0.016061090110098163
7002925947272234011,7140728189923607558,0.01531054449967062
7002925947272234011,7592061582878065685,0.01536915353307231
7002925947272234011,7629938843277640725,0.01686512767729312
7002925947272234011,7641515667149145109,0.02198668925526078
7002925947272234011,7654157094572098561,0.023322224048904154
7003367467040949249,7010662492184495131,0.014978919556673333
7003367467040949249,7056589938901664769,0.015356698903557961
7003367467040949249,7056720636374385691,0.01539810472433474
7003367467040949249,7222475408116515866,0.01497603480663801
7003367467040949249,7254140507394245638,0.02466731468379929
7003367467040949249,7323951027022283777,0.015185861900283829
7003367467040949249,7350473960612905989,0.019148106589261204
7003367467040949249,7495411659411948599,0.01744690381886429
7003367467040949249,7520091064683021319,0.01897594975031074
7003367467040949249,7529488293902566407,0.014500269269071725
7003367467040949249,7572718529432126480,0.015276652629428884
7003367467040949249,7642599508594115605,0.03747368723165097
7003685691104576514,7060028465760486402,0.01690406643896207
7003685691104576514,7132780297389507585,0.01590818534025992
7003685691104576514,7140728189923607558,0.01609290984543058
7003685691104576514,7455566091059020817,0.01846985181818615
7003685691104576514,7505361348164092936,0.01728644779191825
7003685691104576514,7629938843277640725,0.015395965740593799
7003685691104576514,7653078869913863175,0.01419744066443386
7004640947586024474,7054007488706429979,0.017942979564735693
7004640947586024474,70836239101,0.020183419164236317
7004640947586024474,7135414649268880411,0.015809586302296688
7004640947586024474,7157712033605370881,0.01610534054784011
7004640947586024474,7254140507394245638,0.020168792050930293
7004640947586024474,7372140179509216261,0.015104711008291385
7004640947586024474,7384728630012806150,0.017977244325460204
7004640947586024474,7486331907643393040,0.01586589520248115
7004640947586024474,7495411659411948599,0.024258618694550524
7004849025783022619,7142783450839401473,0.018084959139181202
7004849025783022619,7192960927724127233,0.017198907867731848
7004849025783022619,7205917572523803649,0.022522383970271526
7004849025783022619,7271800847229633541,0.016684746179693177
7004849025783022619,7361451922681119749,0.021908426445298047
7004849025783022619,7367247089417896965,0.01613248191213334
7004849025783022619,7453528540971172870,0.016514451795340016
7004849025783022619,7493882569899394065,0.0164815023474974
7004849025783022619,7501201778134893584,0.01833126740517225
7004849025783022619,7585530131923682324,0.01574403173465362
7004849025783022619,7653816056004543508,0.01603874609536319
7004849025783022619,7653909888418890773,0.016045500230967534
7005422961205330971,7012854598687966235,0.0184024310070628
7005422961205330971,7014057563453752325,0.04409990770854004
7005422961205330971,7016971336972452891,0.015826138330018585
7005422961205330971,7056589938901664769,0.026872117754110133
7005422961205330971,7127610987100308481,0.033734847712545486
7005422961205330971,7207116376669438978,0.03467455467762412
7005422961205330971,7237187612749874182,0.033734847712545486
7005422961205330971,7260730044916745221,0.033734847712545486
7005422961205330971,7448255517355164673,0.015681342350991966
7005422961205330971,7453528540971172870,0.033734847712545486
7005422961205330971,7507877861438964754,0.0203894071947614
7005422961205330971,7584050819944596487,0.018625973937720988
7005422961205330971,7631155532019663879,0.0184024310070628
7005622091391714330,7012228858045465601,0.01629202869694401
7005622091391714330,7054799740815311899,0.034083904310898895
7005622091391714330,7060374955943003137,0.016419821138717476
7005622091391714330,7076404041312404482,0.02036542916342225
7005622091391714330,70836239101,0.016048485744866236
7005622091391714330,7089701400901600283,0.016551373336466224
7005622091391714330,7131585685501363202,0.017188913720845838
7005622091391714330,7214120131030975514,0.01681659903004914
7005622091391714330,7319387104206259206,0.015841036254709808
7005622091391714330,7331684378399196166,0.019585069273196715
7005622091391714330,7384818817710916613,0.021546613665019386
7005622091391714330,7478421096736359430,0.014985345817537028
7010662492184495131,7056589938901664769,0.014912521653694352
7010662492184495131,7056720636374385691,0.014956810017578571
7010662492184495131,7058797886825792518,0.017009177209297878
7010662492184495131,7238588875538793480,0.014866929440704672
7010662492184495131,7323951027022283777,0.014745661209962931
7010662492184495131,7479292129044612104,0.015452336614997227
7010662492184495131,7566446773142979591,0.014862998020170402
7010662492184495131,7572718529432126480,0.014863159132810893
7012228858045465601,7060374955943003137,0.01624645635935236
7012228858045465601,70836239101,0.0158799029020755
7012228858045465601,7096897188358456322,0.013489742631204102
7012228858045465601,7319387104206259206,0.01567262477820672
7012228858045465601,7329677372679472133,0.014089028834213615
7012228858045465601,7352412606437704710,0.013793139856620533
7012228858045465601,7478421096736359430,0.01486562993050232
7012854598687966235,7014057563453752325,0.03842502595561532
7012854598687966235,7096479885301138458,0.015549747853147182
7012854598687966235,7127610987100308481,0.0184024310070628
7012854598687966235,7139827943400326149,0.036777020833501976
7012854598687966235,7207116376669438978,0.01891504315041879
7012854598687966235,7237187612749874182,0.0184024310070628
7012854598687966235,7260730044916745221,0.0184024310070628
7012854598687966235,7453528540971172870,0.0184024310070628
7012854598687966235,7566446773142979591,0.015375449640967915
7012854598687966235,7566639233809695765,0.015522099723809128
7012854598687966235,7631155532019663879,0.12911652427351442
7014057563453752325,7022223240064025601,0.02041370947662426
7014057563453752325,7039129332460274714,0.018344198414347694
7014057563453752325,7056589938901664769,0.0495645860141919
7014057563453752325,7096479885301138458,0.0344208641244448
7014057563453752325,7096897188358456322,0.017250735916539563
7014057563453752325,7124524290486535170,0.019520186214433657
7014057563453752325,7127610987100308481,0.04409990770854004
7014057563453752325,7139827943400326149,0.03841046304358145
7014057563453752325,7154384053285078043,0.018398056274630304
7014057563453752325,7193229205185250330,0.021159984326517833
7014057563453752325,7198497671228834818,0.015076366178036798
7014057563453752325,7207116376669438978,0.04532834041960957
7014057563453752325,7237187612749874182,0.04409990770854004
7014057563453752325,7254140507394245638,0.06672211596317928
7014057563453752325,7260730044916745221,0.04409990770854004
7014057563453752325,7446786283143169041,0.018406656731141075
7014057563453752325,7453528540971172870,0.04409990770854004
7014057563453752325,7459425028325852176,0.01583137658518621
7014057563453752325,7476128992287441937,0.021388821060213618
7014057563453752325,7507877861438964754,0.026654069500554812
7014057563453752325,7566446773142979591,0.01486727809446493
7014057563453752325,7584050819944596487,0.024348819909736835
7014057563453752325,7629259435181491218,0.015247070394783888
7014057563453752325,7629938843277640725,0.020347123682470457
7014057563453752325,7631155532019663879,0.038494718730349695
7014057563453752325,7640716169255715857,0.018784479727078918
7016971336972452891,7052273815992304641,0.01596375650795464
7016971336972452891,7060924497801593882,0.01601627709945638
7016971336972452891,7284988452844078087,0.03085146423873121
7016971336972452891,7377168369478452229,0.01595103473582563
7016971336972452891,7599311463005832209,0.01606851259476528
7016976235000710170,7022223240064025601,0.014952864806921868
7016976235000710170,7076416253577790465,0.014929194084518031
7016976235000710170,7143935053655131163,0.024238484736376246
7016976235000710170,7160116207869428738,0.014852128926032854
7016976235000710170,7186497865421161499,0.014843626852994285
7016976235000710170,7361451922681119749,0.014926346656732922
7016976235000710170,7444920523094967314,0.02991250493422366
7016976235000710170,7501201778134893584,0.01500663125715761
7016976235000710170,7506867441839244344,0.014965252118193712
7016976235000710170,7629259435181491218,0.015150256855145774
7020605956485940251,7089701400901600283,0.035286268599185065
7020605956485940251,7214120131030975514,0.01589107525441984
7020605956485940251,7367247089417896965,0.016540451673913787
7020605956485940251,7448255517355164673,0.01855826530488221
7020605956485940251,7453528540971172870,0.016210490066345118
7020605956485940251,7493882569899394065,0.01623867732477534
7020605956485940251,7585530131923682324,0.016800406235575167
7020605956485940251,7653816056004543508,0.016629243801390577
7022043784491222018,7035968949859959835,0.01576441844997223
7022043784491222018,7100750102336177154,0.014789914675037921
7022043784491222018,7148170160443048961,0.01554027608007842
7022043784491222018,7192220822001746970,0.04286929820910312
7022043784491222018,7205917572523803649,0.033202092024196
7022043784491222018,7267057918439506950,0.020185543749416623
7022043784491222018,7313053731345220614,0.014982233121198793
7022043784491222018,7322146719038014469,0.014922261887521578
7022043784491222018,7343513808779904005,0.025520063631141992
7022043784491222018,7372140179509216261,0.019248399816219817
7022043784491222018,7384728630012806150,0.028198748307162836
7022043784491222018,7488350271514821639,0.03286677918357525
7022043784491222018,7522355226557662225,0.019866792768055825
7022043784491222018,7626262691652420629,0.02262747331642724
7022043784491222018,7634034175490606101,0.02652623980809614
7022223240064025601,7025843669941208090,0.016076686109242223
7022223240064025601,7064593869828932614,0.015656266968219028
7022223240064025601,7076416253577790465,0.01596722682772389
7022223240064025601,7254140507394245638,0.018789662160575427
7022223240064025601,7488350271514821639,0.015672717910090405
7022223240064025601,7501201778134893584,0.015882834591885733
7022223240064025601,7520091064683021319,0.028546184906927254
7022223240064025601,7629259435181491218,0.016435038385005034
7022223240064025601,7629938843277640725,0.01487181536531552
7025256146383324187,7072731690099852289,0.014988350927372709
7025256146383324187,7127610987100308481,0.015153316782342531
7025256146383324187,7195479055549924378,0.014526955295925827
7025256146383324187,7305650093284197382,0.014810361174706393
7025256146383324187,7338600730439353346,0.01432415606154268
7025256146383324187,7398639237263229958,0.01407777318240507
7025256146383324187,7602458307672884225,0.015354699955565525
7025256146383324187,7639298353755030529,0.01424714068685245
7025843669941208090,7064593869828932614,0.015533747891895582
7025843669941208090,7076416253577790465,0.015762227549257764
7025843669941208090,70836239101,0.02040965505866582
7025843669941208090,7358103277785891846,0.03739933059438601
7025843669941208090,7455281387647304705,0.01816400614182792
7025843669941208090,7495411659411948599,0.024530533490221544
7025843669941208090,7507818955039278088,0.015504603085321637
7025843669941208090,7602605744538141716,0.02041869026945352
7025843669941208090,7629259435181491218,0.016220607920405264
7025843669941208090,7639298353755030529,0.018777698123713455
7032542326535341083,7219888027873690626,0.01685178713715383
7032542326535341083,7254140507394245638,0.029754288589054732
7032542326535341083,7326825435546174471,0.015606216205528996
7032542326535341083,7348055396504044550,0.015494229391114094
7032542326535341083,7526895629398737928,0.015329639542157436
7032542326535341083,7652707278761018388,0.019686896154264603
7035968949859959835,7205917572523803649,0.014744548112426507
7035968949859959835,7216684653520339994,0.014729023467408986
7035968949859959835,7254140507394245638,0.025897054146040623
7035968949859959835,7325664758940943366,0.014684325031207389
7035968949859959835,7331684378399196166,0.014883482255488929
7035968949859959835,7495411659411948599,0.015049038103897334
7035968949859959835,93013606744592384,0.014693996040239694
7039129332460274714,7056720636374385691,0.014861068362752456
7039129332460274714,7060028465760486402,0.015023496332675882
7039129332460274714,7096479885301138458,0.042063133502176143
7039129332460274714,7164308860937126914,0.016486843831960103
7039129332460274714,7421159900989047814,0.039705353657894175
7039129332460274714,7512754059523769352,0.01643257365766505
7039129332460274714,7629938843277640725,0.015173466116663809
7046489917002564609,7075674626739536898,0.01770694335048381
7046489917002564609,7154310477883032578,0.016981950402388722
7046489917002564609,7192449099722916869,0.03167044714538309
7046489917002564609,7207116376669438978,0.015619582368562868
7046489917002564609,7641155549304505352,0.016740175290064382
7046489917002564609,7650649289911452693,0.015696027632420985
7049429937271440385,7076404041312404482,0.01468524907395127
7049429937271440385,7153854260416955418,0.013870259261265769
7049429937271440385,7336845122908406789,0.01436437489886334
7049429937271440385,7345372771347792902,0.014827821300906395
7049429937271440385,7617823686238143508,0.015128558691051334
7049429937271440385,7629938843277640725,0.01434666142971628
7049429937271440385,7650741089351484436,0.014534334308610751
7052273815992304641,7060924497801593882,0.015860835604765106
7052273815992304641,7089701400901600283,0.015679465431987415
7052273815992304641,7213282682464814107,0.0391308081555262
7052273815992304641,7254140507394245638,0.023440833155781056
7052273815992304641,7284988452844078087,0.015867654206415085
7052273815992304641,7377168369478452229,0.015658612505131755
7052273815992304641,7529488293902566407,0.01703888296616996
7052273815992304641,7599311463005832209,0.015778404230637547
7054007488706429979,7060028465760486402,0.02996865184194874
7054007488706429979,7060924497801593882,0.034282305059738886
7054007488706429979,7148170160443048961,0.03969435988494225
7054007488706429979,7150266661496472582,0.015033297528092893
7054007488706429979,7182583625258632193,0.029543823776735947
7054007488706429979,7213282682464814107,0.015107453784091292
7054007488706429979,7238588875538793480,0.043117585854466435
7054007488706429979,7321759691690951685,0.015422427497803304
7054007488706429979,7322146719038014469,0.016435402813799918
7054007488706429979,7333255393327449094,0.052114615767895056
7054007488706429979,7505361348164092936,0.030635122737400447
7054007488706429979,7575529166674773008,0.01567907138516026
7054007488706429979,7650649289911452693,0.050976387085062684
7054799740815311899,7132780297389507585,0.0178242597947764
7054799740815311899,7150266661496472582,0.014682524749461797
7054799740815311899,7164308860937126914,0.017317134367800247
7054799740815311899,7182583625258632193,0.014791743096812698
7054799740815311899,7213282682464814107,0.014635237750111699
7054799740815311899,7313053731345220614,0.024151171761233287
7054799740815311899,7338600730439353346,0.014575813233600235
7054799740815311899,7369653419626202117,0.019018562726524187
7054799740815311899,7448255517355164673,0.01575588740909203
7054799740815311899,7546926530825077778,0.017136648521088555
7054799740815311899,7583691841695859720,0.014538850073193818
7054799740815311899,7607445622497264647,0.018131293507198845
7054799740815311899,7639298353755030529,0.07344635114999547
7056589938901664769,7056720636374385691,0.015378353146270125
7056589938901664769,7127610987100308481,0.026872117754110133
7056589938901664769,7186497865421161499,0.02445093163482041
7056589938901664769,7207116376669438978,0.02762065874161131
7056589938901664769,7222475408116515866,0.014909610154717057
7056589938901664769,7225233704317715482,0.014026460945264572
7056589938901664769,7237187612749874182,0.026872117754110133
7056589938901664769,7260730044916745221,0.026872117754110133
7056589938901664769,7323951027022283777,0.015536689434171002
7056589938901664769,7453528540971172870,0.026872117754110133
7056589938901664769,7476128992287441937,0.05825318203731615
7056589938901664769,7507877861438964754,0.07259326534548084
7056589938901664769,7529488293902566407,0.014431064597450631
7056589938901664769,7572718529432126480,0.015211849671709868
7056589938901664769,7591058387967886348,0.008453597839426471
7056589938901664769,7653816056004543508,0.035436829232097886
7056589938901664769,86855738395926528,0.015889593490543016
7056720636374385691,7077264630486516762,0.017034115658904517
7056720636374385691,7096479885301138458,0.015732514857742692
7056720636374385691,7100750102336177154,0.021982778687079842
7056720636374385691,7164308860937126914,0.017968685067641446
7056720636374385691,7222475408116515866,0.014953925171429398
7056720636374385691,7323951027022283777,0.01520753300492506
7056720636374385691,7333255393327449094,0.01712019800609859
7056720636374385691,7529488293902566407,0.014478624663830996
7056720636374385691,7572718529432126480,0.01525417922921778
7056720636374385691,7591058387967886348,0.00814733474044488
7056720636374385691,7604788544276333586,0.015303892035770011
7057223811220997147,70729628102,0.015761563313972198
7057223811220997147,7155463663934489601,0.024907904571712536
7057223811220997147,7254140507394245638,0.017966133061192897
7057223811220997147,7333255393327449094,0.015775025868161145
7057223811220997147,7400503260173730822,0.015391392960848228
7057223811220997147,7453778116689118215,0.01669427631786827
7057223811220997147,7546553409273627653,0.014975283026264207
7057223811220997147,7583691841695859720,0.0164999810816125
7058797886825792518,7084186676168508442,0.014786833095679753
7058797886825792518,7104942140773450754,0.014713288278605113
7058797886825792518,7206554298104415258,0.014706718674319072
7058797886825792518,7267057918439506950,0.026063733390627366
7058797886825792518,7309331808796460037,0.014439537102372058
7058797886825792518,7317979152307454981,0.014594422894626142
7058797886825792518,7319919338914857990,0.014722361047370514
7058797886825792518,7565406894694269953,0.014877861808838988
7060028465760486402,7113527717450810370,0.04395437741608814
7060028465760486402,7195479055549924378,0.027835347582624032
7060028465760486402,7238588875538793480,0.020798555673653536
7060028465760486402,7333255393327449094,0.02513843750710242
7060028465760486402,7362078617574441989,0.016373438663713352
7060028465760486402,7421159900989047814,0.04176325638773373
7060028465760486402,7423293361527014405,0.03932587662501336
7060028465760486402,7481889367460938759,0.021710136672539865
7060028465760486402,7545554271439078416,0.016300819935823822
7060028465760486402,7650649289911452693,0.024589392096509555
7060374955943003137,70836239101,0.016094119111972477
7060374955943003137,7204083942915130395,0.015229744999617052
7060374955943003137,7207116376669438978,0.021226046687911598
7060374955943003137,7313053731345220614,0.021223108749909025
7060374955943003137,7319387104206259206,0.015887175868130776
7060374955943003137,7329677372679472133,0.014293547763548934
7060374955943003137,7478421096736359430,0.02758285303163594
7060924497801593882,7254140507394245638,0.017950607382588257
7060924497801593882,7284988452844078087,0.015906219847784342
7060924497801593882,7369653419626202117,0.04160612617077914
7060924497801593882,7599311463005832209,0.031135337053967562
7060924497801593882,7607445622497264647,0.04223185089333035
7063506594294924289,7151777693745841157,0.015050508333203389
7063506594294924289,7231559211711382529,0.016590065926737205
7063506594294924289,7278224508979872786,0.016463146107007793
7063506594294924289,7516118321939727361,0.0163321773573814
7064593869828932614,7076416253577790465,0.03143779853881166
7064593869828932614,7225233704317715482,0.016077877225075917
7064593869828932614,7322149836118082565,0.01639173922799639
7064593869828932614,7379787571319522310,0.014378886924838949
7064593869828932614,7554403762245895188,0.01647279919293412
7064593869828932614,7604788544276333586,0.015342078148436413
7064593869828932614,7629259435181491218,0.01579288547481442
7072731690099852289,7127610987100308481,0.014149461538968514
7072731690099852289,7154384053285078043,0.014701029733288
7072731690099852289,7195479055549924378,0.013541871853014595
7072731690099852289,7254140507394245638,0.05331453475306314
7072731690099852289,7305650093284197382,0.016127069998744657
7072731690099852289,7398639237263229958,0.015406436645017757
7072731690099852289,7481889367460938759,0.01459992408876339
7072731690099852289,7602458307672884225,0.015582818517651737
70729628102,7088963677072950274,0.01622954573179194
70729628102,7102360937428108314,0.01828680199261078
70729628102,7164308860937126914,0.01636081422818844
70729628102,7193229205185250330,0.016193850388875053
70729628102,7254140507394245638,0.019869844963568636
70729628102,7331684378399196166,0.017582155234071896
70729628102,7455281387647304705,0.016360145362142024
70729628102,7501664443560084488,0.016233105698276667
70729628102,7546926530825077778,0.016237854105377085
70729628102,7639298353755030529,0.019144334003082436
7075674626739536898,7076404041312404482,0.02254922091372103
7075674626739536898,7154310477883032578,0.01704593862975683
7075674626739536898,7192449099722916869,0.016069013077087756
7075674626739536898,7207116376669438978,0.015683742053796
7075674626739536898,7254140507394245638,0.02450673503688552
7075674626739536898,7641155549304505352,0.016804203651493373
7075674626739536898,7650649289911452693,0.01563932792835478
7076404041312404482,7153854260416955418,0.013238481106016959
7076404041312404482,7203897797036459035,0.011238368441128495
7076404041312404482,7271800847229633541,0.016097705788071653
7076404041312404482,7323951027022283777,0.015558495345165946
7076404041312404482,7478421096736359430,0.014408463605196785
7076404041312404482,7617823686238143508,0.014481307489974882
7076404041312404482,7629938843277640725,0.01456558688437078
7076404041312404482,7650741089351484436,0.013895947159670623
7076416253577790465,7151061694003921947,0.015097203389806028
7076416253577790465,7488350271514821639,0.02301246698705575
7076416253577790465,7501201778134893584,0.015848069111873832
7076416253577790465,7520091064683021319,0.03314914231648977
7076416253577790465,7604788544276333586,0.015336743326323746
7076416253577790465,7629259435181491218,0.016186390683527816
7077264630486516762,7088963677072950274,0.02982783186855344
7077264630486516762,7216684653520339994,0.01546296903598449
7077264630486516762,7254140507394245638,0.029262359638027202
7077264630486516762,7325664758940943366,0.015512360784670247
7077264630486516762,7333255393327449094,0.02165047412253567
7077264630486516762,7354443424308167685,0.01564278321463932
7077264630486516762,7377168369478452229,0.016861442692827706
7077264630486516762,7384818817710916613,0.021738721096598548
7077264630486516762,7444920523094967314,0.015755565072217887
7077264630486516762,7459425028325852176,0.01554629930751665
7077264630486516762,7607445622497264647,0.018118748054681826
7077264630486516762,95653080293068800,0.015498162652272178
7081966595417244674,7094307669989819418,0.017903996614919624
7081966595417244674,7198497671228834818,0.014985186831413512
7081966595417244674,7257089825308165126,0.015021672378356606
7081966595417244674,7322149836118082565,0.040621098125788534
7081966595417244674,7361451922681119749,0.015756306760459145
7081966595417244674,7379787571319522310,0.019212393194094523
7081966595417244674,7481214404483417096,0.02540148097206381
7081966595417244674,7501201778134893584,0.022290101577374325
7081966595417244674,7554403762245895188,0.016634196349451496
7081966595417244674,7581801127412319248,0.01927380899549155
7081966595417244674,7648650172402435093,0.014590005033847822
7081966595417244674,7654157094572098561,0.014962489253581972
70836239101,7144238456486331418,0.024717990231195114
70836239101,7319387104206259206,0.015998876620677935
70836239101,7329677372679472133,0.014421455992257946
70836239101,7384728630012806150,0.046401959165456017
70836239101,7478421096736359430,0.014584470864937383
70836239101,7495411659411948599,0.06801502615111633
70836239101,7602605744538141716,0.024939513216833284
7084186676168508442,7104942140773450754,0.01458192608455005
7084186676168508442,7188777124807181314,0.014467184578373524
7084186676168508442,7206554298104415258,0.014789758668495655
7084186676168508442,7254140507394245638,0.0186760775427301
7084186676168508442,7319919338914857990,0.01487525936476228
7084186676168508442,7479292129044612104,0.0161326994429793
7084186676168508442,7565406894694269953,0.0148297400323315
7084862600232731674,7089701400901600283,0.015293962030836645
7084862600232731674,7240814661875057669,0.015259447011795995
7084862600232731674,7282408479507563526,0.015468136373224731
7084862600232731674,7343513808779904005,0.015146257275598684
7084862600232731674,7350473960612905989,0.015259273254530822
7084862600232731674,7362078617574441989,0.015496203715449264
7084862600232731674,7365461311374066694,0.015204261376790436
7084862600232731674,7640716169255715857,0.018666713401994862
7088963677072950274,7164308860937126914,0.016377645486780987
7088963677072950274,7193229205185250330,0.01617418867508615
7088963677072950274,7313053731345220614,0.0192584939071762
7088963677072950274,7455281387647304705,0.016376976667013834
7088963677072950274,7501664443560084488,0.016213215693615127
7088963677072950274,7546926530825077778,0.016239238134907154
7089701400901600283,7131585685501363202,0.015797140449780495
7089701400901600283,7135220356252517402,0.025792986315427733
7089701400901600283,7203897797036459035,0.011376885353196302
7089701400901600283,7240814661875057669,0.015608039781508813
7089701400901600283,7253614148146316294,0.015488719945376702
7089701400901600283,7254140507394245638,0.020341244878053687
7089701400901600283,7282408479507563526,0.03044794770284305
7089701400901600283,7329677372679472133,0.02054421585071275
7089701400901600283,7331684378399196166,0.017999281109437347
7089701400901600283,7350473960612905989,0.01560822903531205
7089701400901600283,7365461311374066694,0.01567876640995738
7089701400901600283,7384818817710916613,0.023392946021922534
7089701400901600283,7445331089281270789,0.015458277844809123
7089701400901600283,7448255517355164673,0.019190286306870887
7089701400901600283,7478201262862681105,0.01574012052407485
7094307669989819418,7151777693745841157,0.015556468771360056
7094307669989819418,7160116207869428738,0.015585074681475514
7094307669989819418,7186497865421161499,0.015594700099893166
7094307669989819418,7202086685571138562,0.016439440386340043
7094307669989819418,7219631248322511874,0.015770824292043805
7094307669989819418,7267057918439506950,0.017369621068056354
7094307669989819418,7322149836118082565,0.023694704721350154
7094307669989819418,7361451922681119749,0.015840299846059263
7094307669989819418,7506867441839244344,0.01579301303671084
7096068961858765826,7186497865421161499,0.016122687132265487
7096068961858765826,7226016778555556890,0.01566350770104002
7096068961858765826,7284988452844078087,0.0191639945071569
7096068961858765826,7326825435546174471,0.015694062075949075
7096068961858765826,7334668853316273157,0.015583783687981695
7096068961858765826,7358103277785891846,0.03643703254562665
7096068961858765826,7444920523094967314,0.015912229895021897
7096068961858765826,7496951292298249223,0.017017464089574524
7096068961858765826,7507818955039278088,0.01568663031543582
7096068961858765826,7604788544276333586,0.01971837268871014
7096479885301138458,7139827943400326149,0.01562318376012562
7096479885301138458,7164308860937126914,0.017453625083489993
7096479885301138458,7182583625258632193,0.03417895445229749
7096479885301138458,7238588875538793480,0.016079468111624227
7096479885301138458,7305828667954021382,0.026781724800707587
7096479885301138458,7358103277785891846,0.018191183034029442
7096479885301138458,7510202614824551431,0.014854313184548471
7096479885301138458,7529488293902566407,0.014868124039117473
7096479885301138458,7566446773142979591,0.016083608604865046
7096479885301138458,7566639233809695765,0.016020072576748184
7096479885301138458,7604788544276333586,0.018343763179279812
7096897188358456322,7225233704317715482,0.01704253854040836
7096897188358456322,7264489075083461633,0.01445867953723521
7096897188358456322,7267057918439506950,0.013897420081591259
7096897188358456322,7309331808796460037,0.014014879404803898
7096897188358456322,7352412606437704710,0.02572545889407811
7096897188358456322,7446786283143169041,0.014617646844229403
7096897188358456322,7478421096736359430,0.01466821394798863
7096897188358456322,7520091064683021319,0.018857198016035578
7100750102336177154,7148170160443048961,0.014812499798725402
7100750102336177154,7254140507394245638,0.04227218861809004
7100750102336177154,7344283645127885830,0.014887004391787768
7100750102336177154,7505361348164092936,0.01461300275106818
7102360937428108314,7106791086807614491,0.01601471432089041
7102360937428108314,7188777124807181314,0.01663089566868704
7102360937428108314,7216684653520339994,0.02249319650058366
7102360937428108314,7319919338914857990,0.014802566594271696
7102360937428108314,7331684378399196166,0.017304130049103056
7102360937428108314,7359896669410853893,0.015255770295333477
7102360937428108314,7384818817710916613,0.025235037637863098
7102360937428108314,7496951292298249223,0.016542180113156058
7104942140773450754,7188777124807181314,0.07610914322422956
7104942140773450754,7206554298104415258,0.014503389810599352
7104942140773450754,7267057918439506950,0.014547825954667758
7104942140773450754,7309331808796460037,0.014643734288245927
7104942140773450754,7317979152307454981,0.014798442043104553
7104942140773450754,7319919338914857990,0.01451558689132178
7104942140773450754,7446786283143169041,0.014224796001661903
7104942140773450754,7565406894694269953,0.014673073399419983
7105261059741565979,7165117173925708826,0.014554262488208958
7105261059741565979,7254140507394245638,0.022220189753576463
7105261059741565979,7305650093284197382,0.041207796971059175
7105261059741565979,7370877163489444869,0.013637488924140415
7105261059741565979,7379787571319522310,0.01461992400875918
7105261059741565979,7423293361527014405,0.015757573293391957
7105261059741565979,7635591227443250194,0.013751168430110363
7106791086807614491,7135008576062456859,0.01549275553274798
7106791086807614491,7188777124807181314,0.016366040010366765
7106791086807614491,7254140507394245638,0.03527390910665184
7106791086807614491,7270110578827150342,0.01547734834996716
7106791086807614491,7359896669410853893,0.016270493901914745
7106791086807614491,7496951292298249223,0.016066338930750566
7108182400240223233,7140728189923607558,0.014893891218446286
7108182400240223233,7192220822001746970,0.01593797950449306
7108182400240223233,7193229205185250330,0.016276863688082906
7108182400240223233,7222475408116515866,0.015550781567264714
7108182400240223233,7241559016605746182,0.021982083168209755
7108182400240223233,7334668853316273157,0.01818043311982036
7108182400240223233,7336845122908406789,0.021795585149604335
7108182400240223233,7372140179509216261,0.02524939679610669
7108182400240223233,7479292129044612104,0.0195098457110027
7108182400240223233,7481214404483417096,0.02000608135554809
7108182400240223233,7491832625380934672,0.01618872377294125
7108182400240223233,7496951292298249223,0.03495295246826745
7108182400240223233,7499493589689779218,0.023511874632858636
7108182400240223233,7501664443560084488,0.016613705174318174
7108182400240223233,7516118321939727361,0.019301549099806435
7108182400240223233,7526895629398737928,0.01659796459628385
7113527717450810370,7195479055549924378,0.03623935218780038
7113527717450810370,7238588875538793480,0.022416937518610222
7113527717450810370,7348055396504044550,0.015502154063681576
7113527717450810370,7423293361527014405,0.04097717199573002
7120541706823533594,7149906885037179905,0.015955976045556982
7120541706823533594,7254140507394245638,0.022318976046688987
7120541706823533594,7283325250002830342,0.016746303461579033
7120541706823533594,7350473960612905989,0.01732519886268159
7120541706823533594,7400503260173730822,0.015345224148292218
7120541706823533594,7495411659411948599,0.015785951304941277
7120541706823533594,7520091064683021319,0.029759476558660666
7120541706823533594,7581801127412319248,0.015401926638557729
7121523637161001985,7132780297389507585,0.021816420653330778
7121523637161001985,7142783450839401473,0.015194405678682254
7121523637161001985,7154384053285078043,0.017016139350534195
7121523637161001985,7164308860937126914,0.021841845390761342
7121523637161001985,7316163220909196294,0.015628015065426236
7121523637161001985,7420280666741621765,0.015147697560915581
7121523637161001985,7546926530825077778,0.0173811438453889
7121523637161001985,7607445622497264647,0.02219222176384449
7121523637161001985,7635591227443250194,0.015656352099996718
7121523637161001985,7641155549304505352,0.014852106653361416
7121523637161001985,86855738395926528,0.015690092009113563
7124524290486535170,7257089825308165126,0.01579957426471268
7124524290486535170,7326825435546174471,0.017764154941666475
7124524290486535170,7367247089417896965,0.017634679975591674
7124524290486535170,7481214404483417096,0.01574571555031618
7124524290486535170,7512754059523769352,0.025499601770822392
7124524290486535170,7566639233809695765,0.01985027871391311
7124524290486535170,7640716169255715857,0.02581249336430073
7127610987100308481,7195479055549924378,0.014680928745833714
7127610987100308481,7207116376669438978,0.03467455467762412
7127610987100308481,7237187612749874182,0.033734847712545486
7127610987100308481,7260730044916745221,0.033734847712545486
7127610987100308481,7305650093284197382,0.013981154893812544
7127610987100308481,7398639237263229958,0.013253958625231202
7127610987100308481,7453528540971172870,0.033734847712545486
7127610987100308481,7476128992287441937,0.016361680980966378
7127610987100308481,7507877861438964754,0.0203894071947614
7127610987100308481,7584050819944596487,0.018625973937720988
7127610987100308481,7602458307672884225,0.014516803162014433
7127610987100308481,7631155532019663879,0.0184024310070628
7127610987100308481,7640716169255715857,0.014369453268259098
7131585685501363202,7148170160443048961,0.015322448598601211
7131585685501363202,7231559211711382529,0.025843863636908927
7131585685501363202,7248502263702291463,0.029368630908775516
7131585685501363202,7282408479507563526,0.029368630908775516
7131585685501363202,7322146719038014469,0.01570774248945085
7131585685501363202,7331684378399196166,0.04469537646558176
7131585685501363202,7352412606437704710,0.026505308849768313
7131585685501363202,7384818817710916613,0.02056475165922045
7131585685501363202,7505361348164092936,0.015539539996542978
7132780297389507585,7140728189923607558,0.015906013769584962
7132780297389507585,7488350271514821639,0.04057983567690344
7132780297389507585,7546926530825077778,0.0321516262572446
7132780297389507585,7607445622497264647,0.04105115441860339
7132780297389507585,7629938843277640725,0.016151083500111317
7135008576062456859,7143935053655131163,0.014701657167611142
7135008576062456859,7254140507394245638,0.02477643608766965
7135008576062456859,7270110578827150342,0.01663626515520835
7135008576062456859,7359896669410853893,0.030129045149664375
7135008576062456859,7491832625380934672,0.014692718753281242
7135008576062456859,7566639233809695765,0.031701003027387875
7135220356252517402,7254140507394245638,0.020296654788867455
7135220356252517402,7271800847229633541,0.02448258059937332
7135220356252517402,7329677372679472133,0.024509588489996667
7135220356252517402,7348055396504044550,0.015483761721359731
7135220356252517402,7453778116689118215,0.044412623387572514
7135414649268880411,7143935053655131163,0.015094503764802467
7135414649268880411,7157712033605370881,0.015540263768464749
7135414649268880411,7486331907643393040,0.015980103744546195
7135414649268880411,7516118321939727361,0.01577997711260958
7135414649268880411,7592061582878065685,0.018442866608848207
7135414649268880411,86855738395926528,0.01848674343642708
7137486032777577473,7219888027873690626,0.014867558886302047
7137486032777577473,7322149836118082565,0.014651344708995071
7137486032777577473,7372215376808182789,0.015473540645445004
7137486032777577473,7384818817710916613,0.014710897690146451
7137486032777577473,7450744199001637895,0.014568890967292964
7137486032777577473,7476128992287441937,0.015473959666913985
7137486032777577473,7522349223884719105,0.014623818543607885
7139827943400326149,7238588875538793480,0.015444173754044627
7139827943400326149,7254140507394245638,0.022065919603940196
7139827943400326149,7328024330810950662,0.016053988243637293
7139827943400326149,7350473960612905989,0.017128762736537895
7139827943400326149,7495411659411948599,0.01560696743604526
7139827943400326149,7554403762245895188,0.015367980626903985
7139827943400326149,7566446773142979591,0.015448159484259039
7139827943400326149,7566639233809695765,0.015443326595447506
7139827943400326149,7631155532019663879,0.03685428237898691
7140728189923607558,7478201262862681105,0.014242104417352379
7140728189923607558,7479292129044612104,0.01517186913788486
7140728189923607558,7629938843277640725,0.015399058452791482
7142783450839401473,7192960927724127233,0.05912516623063954
7142783450839401473,7205917572523803649,0.015844194630933648
7142783450839401473,7254140507394245638,0.02054543983311568
7142783450839401473,7316163220909196294,0.018098798368706173
7142783450839401473,7361451922681119749,0.017621217547993343
7142783450839401473,7365461311374066694,0.024989789475765068
7142783450839401473,7501201778134893584,0.05283708386895002
7142783450839401473,7516118321939727361,0.021080547895742218
7142783450839401473,7604788544276333586,0.024596188468062743
7142783450839401473,7640716169255715857,0.015152396591911494
7143935053655131163,7157712033605370881,0.024403086752464515
7143935053655131163,7270110578827150342,0.01503841696971758
7143935053655131163,7486331907643393040,0.015040034914297711
7143935053655131163,7491832625380934672,0.015954323800720562
7144238456486331418,7202086685571138562,0.037357871978200785
7144238456486331418,7495411659411948599,0.029708757224676856
7144238456486331418,7602605744538141716,0.024728932711670416
7148170160443048961,7238588875538793480,0.022412734802168433
7148170160443048961,7322146719038014469,0.015170095551992696
7148170160443048961,7333255393327449094,0.027089435537164797
7148170160443048961,7344283645127885830,0.014597060240124247
7148170160443048961,7505361348164092936,0.01558423682661497
7148170160443048961,7650649289911452693,0.02649777862718265
7149906885037179905,7254140507394245638,0.016377335776628452
7149906885037179905,7283325250002830342,0.015114013640857077
7149906885037179905,7343513808779904005,0.01893789195557595
7149906885037179905,7372140179509216261,0.016189671667825492
7149906885037179905,7420280666741621765,0.015037666774826517
7149906885037179905,7522355226557662225,0.01474272087966666
7149906885037179905,7648650172402435093,0.01784471629332781
7150266661496472582,7182583625258632193,0.015593033857332409
7150266661496472582,7213282682464814107,0.015670230063986497
7150266661496472582,7321759691690951685,0.015411037862256127
7150266661496472582,7338600730439353346,0.015021917736806565
7150266661496472582,7488350271514821639,0.01990030987643695
7150266661496472582,7575529166674773008,0.015479104404564518
7150266661496472582,7639298353755030529,0.01488717917775121
7151061694003921947,7160116207869428738,0.015138952694187881
7151061694003921947,7186497865421161499,0.015130327376435968
7151061694003921947,7219631248322511874,0.01499814059268211
7151061694003921947,7361451922681119749,0.015217282736439831
7151061694003921947,7501201778134893584,0.015175813134940553
7151061694003921947,7506867441839244344,0.01525672926190588
7151061694003921947,7507877861438964754,0.015023956077230555
7151061694003921947,7520091064683021319,0.014947087477087104
7151777693745841157,7160116207869428738,0.015441916943255904
7151777693745841157,7186497865421161499,0.015451552936064707
7151777693745841157,7219631248322511874,0.01562774716049937
7151777693745841157,7231559211711382529,0.01532559725587983
7151777693745841157,7254140507394245638,0.026978704497468035
7151777693745841157,7361451922681119749,0.015695943169444577
7151777693745841157,7506867441839244344,0.015648617717438223
7151777693745841157,7507877861438964754,0.015260244646023035
7153854260416955418,7336845122908406789,0.016587928783402695
7153854260416955418,7345372771347792902,0.014178251426517073
7153854260416955418,7512754059523769352,0.013322887510523894
7153854260416955418,7617823686238143508,0.015438421778248812
7153854260416955418,7650741089351484436,0.016053148741023954
7154310477883032578,7192449099722916869,0.01533971323531982
7154310477883032578,7207116376669438978,0.016546000035370028
7154310477883032578,7343513808779904005,0.02124329198996038
7154310477883032578,7522355226557662225,0.016537422703007485
7154310477883032578,7634034175490606101,0.024292887615780807
7154310477883032578,7641155549304505352,0.017665795890288983
7154384053285078043,7254140507394245638,0.08272244971120206
7154384053285078043,7316163220909196294,0.014896622227979106
7154384053285078043,7345372771347792902,0.028413311689746597
7154384053285078043,7377168369478452229,0.032698570593642014
7154384053285078043,7421159900989047814,0.016274116249796473
7154384053285078043,7484436088774624274,0.02802621277958288
7154384053285078043,7617823686238143508,0.02350062425387822
7154384053285078043,7635591227443250194,0.0162212275100047
7154384053285078043,7642599508594115605,0.036566141775520054
7154384053285078043,86855738395926528,0.016254863144261177
7155463663934489601,7421159900989047814,0.015525650384809747
7155463663934489601,7476128992287441937,0.03431963275700625
7155463663934489601,7478201262862681105,0.01710314307797984
7155463663934489601,7479292129044612104,0.015447361157212368
7155463663934489601,7481214404483417096,0.01860376577242619
7155463663934489601,7510202614824551431,0.01709532093599427
7155463663934489601,7587437314005304341,0.015468563484616308
7155463663934489601,7599311463005832209,0.019770051072418863
7155463663934489601,7618421559720412178,0.015002863462548434
7155463663934489601,7653078869913863175,0.01713685511290207
7157712033605370881,7322149836118082565,0.02026631513410821
7157712033605370881,7372140179509216261,0.015777950549170642
7157712033605370881,7486331907643393040,0.015597248990954353
7157712033605370881,7491832625380934672,0.03648782351475715
7157712033605370881,7501201778134893584,0.016046345813721212
7157712033605370881,7554403762245895188,0.017446206869270592
7157712033605370881,7566639233809695765,0.025676312933474502
7157712033605370881,7592061582878065685,0.01866365989100319
7157712033605370881,7640716169255715857,0.014834900826435203
7160116207869428738,7186497865421161499,0.0159314740125539
7160116207869428738,7219631248322511874,0.015795398724875197
7160116207869428738,7361451922681119749,0.016030260076580934
7160116207869428738,7506867441839244344,0.01607101499468338
7160116207869428738,7507877861438964754,0.015752723250938152
7160116207869428738,7520091064683021319,0.015256866401614803
7164308860937126914,7193229205185250330,0.01630486270950732
7164308860937126914,7254140507394245638,0.02567072933340575
7164308860937126914,7455281387647304705,0.016617944721294096
7164308860937126914,7546926530825077778,0.01637061014302128
7164308860937126914,7583691841695859720,0.021442206175280486
7164308860937126914,7604788544276333586,0.025131324881278446
7165117173925708826,7379787571319522310,0.01572031771585562
7165117173925708826,7423293361527014405,0.01456839055736619
7165117173925708826,7495411659411948599,0.015248232774481247
7165117173925708826,7635591227443250194,0.015038867628126756
7165117173925708826,7653909888418890773,0.022978927043845535
7165117173925708826,86855738395926528,0.01500928843299849
7182583625258632193,7213282682464814107,0.015544138529314456
7182583625258632193,7254140507394245638,0.021727566044003378
7182583625258632193,7321759691690951685,0.015284863969145145
7182583625258632193,7338600730439353346,0.015133231904128
7182583625258632193,7575529166674773008,0.01535161638725288
7182583625258632193,7639298353755030529,0.014997741003726278
7186497865421161499,7219631248322511874,0.015805116339673478
7186497865421161499,7316163220909196294,0.012886099533516932
7186497865421161499,7361451922681119749,0.016040077199970623
7186497865421161499,7506867441839244344,0.01608083100631804
7186497865421161499,7581801127412319248,0.016190669723261265
7188777124807181314,7319919338914857990,0.014819928874983651
7188777124807181314,7359896669410853893,0.015597801999346399
7188777124807181314,7496951292298249223,0.016682466655473564
7192220822001746970,7343513808779904005,0.018480887950418697
7192220822001746970,7348055396504044550,0.01595686201589022
7192220822001746970,7501664443560084488,0.015919405596598202
7192220822001746970,7526895629398737928,0.015967065109680382
7192220822001746970,7626262691652420629,0.02994349439105587
7192220822001746970,7634034175490606101,0.021133924734054194
7192449099722916869,7510202614824551431,0.01826199805565385
7192449099722916869,7641155549304505352,0.015096237220825932
7192449099722916869,7650649289911452693,0.017241469279527397
7192960927724127233,7205917572523803649,0.016458923010036715
7192960927724127233,7211458676926071835,0.032803972923816024
7192960927724127233,7328024330810950662,0.016564439956834463
7192960927724127233,7501201778134893584,0.042063559369113046
7192960927724127233,7522349223884719105,0.020155813605464423
7192960927724127233,7604788544276333586,0.02483931919446973
7192960927724127233,7642599508594115605,0.016465266782569155
7192960927724127233,7648650172402435093,0.016858095323365754
7192960927724127233,7654157094572098561,0.016333502947918035
7193229205185250330,7254140507394245638,0.019476565847751502
7193229205185250330,7455281387647304705,0.016304193716972202
7193229205185250330,7501664443560084488,0.016297891088297902
7193229205185250330,7526895629398737928,0.016242418479417296
7193229205185250330,7546926530825077778,0.016182496965462093
7195479055549924378,7305650093284197382,0.013381595041739953
7195479055549924378,7319919338914857990,0.019480793879328873
7195479055549924378,7338600730439353346,0.02200915254303313
7195479055549924378,7352412606437704710,0.02372344860096653
7195479055549924378,7423293361527014405,0.025949948389818994
7195479055549924378,7602458307672884225,0.01390693783641725
7198497671228834818,7257089825308165126,0.01508233500290818
7198497671228834818,7420280666741621765,0.015144161367030515
7198497671228834818,7446786283143169041,0.035555257750896345
7198497671228834818,7476774838238430216,0.014950692495174037
7198497671228834818,7481214404483417096,0.01538562396558972
7198497671228834818,7484436088774624274,0.01503191204305849
7198497671228834818,7642599508594115605,0.015040451782435833
7198497671228834818,7648650172402435093,0.014763966912513709
7198497671228834818,7654157094572098561,0.015138766653828647
7202086685571138562,7362078617574441989,0.016344949604815057
7202086685571138562,7495411659411948599,0.018712712480723145
7202086685571138562,7545554271439078416,0.016330739266987387
7202086685571138562,7602605744538141716,0.03274809791961101
7202086685571138562,7607445622497264647,0.02605798736412857
7203897797036459035,7225233704317715482,0.013533747643714577
7203897797036459035,7313053731345220614,0.030044950062191583
7203897797036459035,7491832625380934672,0.013962775323461463
7203897797036459035,7591058387967886348,0.01787840687489433
7204083942915130395,7219888027873690626,0.015212026695881769
7204083942915130395,7343513808779904005,0.014802693085858343
7204083942915130395,7348055396504044550,0.015330239050138044
7204083942915130395,7372215376808182789,0.01484932253640792
7204083942915130395,7476128992287441937,0.014848864030179227
7204083942915130395,7499493589689779218,0.014630139151341924
7204083942915130395,7546926530825077778,0.02336433621420979
7204083942915130395,7581801127412319248,0.015866955392892453
7204083942915130395,7585530131923682324,0.014390818259868382
7205917572523803649,7254140507394245638,0.016980384514191055
7205917572523803649,7267057918439506950,0.021231466496941145
7205917572523803649,7325664758940943366,0.015281595837738398
7205917572523803649,7367247089417896965,0.01949066501260684
7205917572523803649,7372140179509216261,0.015336191239306688
7205917572523803649,7488350271514821639,0.022646134900858348
7205917572523803649,7501201778134893584,0.022353343255282866
7205917572523803649,93013606744592384,0.015122254031091825
7206554298104415258,7267057918439506950,0.02300060076440885
7206554298104415258,7319919338914857990,0.014725797553243039
7206554298104415258,7565406894694269953,0.014749288646466765
7207116376669438978,7237187612749874182,0.03467455467762412
7207116376669438978,7260730044916745221,0.03467455467762412
7207116376669438978,7446786283143169041,0.014472652175927624
7207116376669438978,7453528540971172870,0.03467455467762412
7207116376669438978,7476128992287441937,0.016817446654172338
7207116376669438978,7507877861438964754,0.020957367901683944
7207116376669438978,7584050819944596487,0.019144813020374993
7207116376669438978,7631155532019663879,0.01891504315041879
7207116376669438978,7640716169255715857,0.014769724093122893
7207116376669438978,7641155549304505352,0.016839118692130298
7211458676926071835,7257089825308165126,0.01706391852171401
7211458676926071835,7328024330810950662,0.015068518510590746
7211458676926071835,7512754059523769352,0.014971602813191296
7211458676926071835,7642599508594115605,0.016179873457187247
7211458676926071835,7648650172402435093,0.015900870149453718
7211458676926071835,7654157094572098561,0.016279347693427437
7213282682464814107,7254140507394245638,0.01940332437044687
7213282682464814107,7321759691690951685,0.015482923362527452
7213282682464814107,7322146719038014469,0.01462096730387449
7213282682464814107,7338600730439353346,0.0149739061910554
7213282682464814107,7350473960612905989,0.015061912007606565
7213282682464814107,7575529166674773008,0.0155517719870402
7213282682464814107,7618421559720412178,0.02724044256774064
7213282682464814107,7639298353755030529,0.014839419830659254
7214120131030975514,7219888027873690626,0.015234870240158578
7214120131030975514,7254140507394245638,0.040250409397431165
7214120131030975514,7358103277785891846,0.018260636467742838
7214120131030975514,7367247089417896965,0.015578497785810164
7214120131030975514,7453528540971172870,0.01525352620567588
7214120131030975514,7493882569899394065,0.01528129543233976
7214120131030975514,7585530131923682324,0.015948470079412358
7214120131030975514,7653816056004543508,0.01566569368896139
7216684653520339994,7241559016605746182,0.016849826524497333
7216684653520339994,7283325250002830342,0.016543340665256763
7216684653520339994,7325664758940943366,0.015597342620640546
7216684653520339994,7331684378399196166,0.01577452491513629
7216684653520339994,7354443424308167685,0.01549122150005806
7216684653520339994,7369653419626202117,0.015481368003051391
7216684653520339994,7384818817710916613,0.030458012217193645
7216684653520339994,7444920523094967314,0.015536108816663105
7216684653520339994,7459425028325852176,0.015566578849274355
7216684653520339994,7618421559720412178,0.01722843562583531
7216684653520339994,7639298353755030529,0.0179544456772908
7216684653520339994,93013606744592384,0.01510995579550603
7216684653520339994,95653080293068800,0.015349510549916422
7219631248322511874,7226016778555556890,0.016611901533186767
7219631248322511874,7361451922681119749,0.016055214559303147
7219631248322511874,7367247089417896965,0.01822392132014034
7219631248322511874,7372140179509216261,0.017986875332133116
7219631248322511874,7398639237263229958,0.01993474666255934
7219631248322511874,7491832625380934672,0.019521759363027035
7219631248322511874,7506867441839244344,0.01600744980825243
7219631248322511874,7650649289911452693,0.020228665836291133
7219888027873690626,7372215376808182789,0.016082997976375378
7219888027873690626,7384818817710916613,0.014857557680224483
7219888027873690626,7450744199001637895,0.014708529281877098
7219888027873690626,7476128992287441937,0.016082509768170914
7219888027873690626,7522349223884719105,0.014765619171090944
7222475408116515866,7238588875538793480,0.014870145075223322
7222475408116515866,7254140507394245638,0.01622844459372054
7222475408116515866,7323951027022283777,0.014742746810010568
7222475408116515866,7398639237263229958,0.015458428375065773
7222475408116515866,7566446773142979591,0.014866213617151939
7222475408116515866,7572718529432126480,0.014860297681636617
7222475408116515866,7591058387967886348,0.010632716570332478
7222475408116515866,7602458307672884225,0.02573105851078349
7225233704317715482,7254140507394245638,0.03600143248426067
7225233704317715482,7313053731345220614,0.016271477227924894
7225233704317715482,7323951027022283777,0.014219406894390623
7225233704317715482,7591058387967886348,0.011464104812966005
7226016778555556890,7326825435546174471,0.015688498027245364
7226016778555556890,7455566091059020817,0.019321875792210664
7226016778555556890,7507818955039278088,0.015681224486951834
7226016778555556890,7650649289911452693,0.039218667199298694
7231559211711382529,7248502263702291463,0.01934885289670489
7231559211711382529,7278224508979872786,0.016222027991956916
7231559211711382529,7282408479507563526,0.01934885289670489
7231559211711382529,7331684378399196166,0.029446529771225347
7231559211711382529,7352412606437704710,0.01746241843921487
7237187612749874182,7260730044916745221,0.033734847712545486
7237187612749874182,7277563253713224709,0.015996696604331638
7237187612749874182,7421159900989047814,0.016050711115073266
7237187612749874182,7453528540971172870,0.033734847712545486
7237187612749874182,7476128992287441937,0.016361680980966378
7237187612749874182,7507877861438964754,0.0203894071947614
7237187612749874182,7584050819944596487,0.018625973937720988
7237187612749874182,7587437314005304341,0.01610418718923878
7237187612749874182,7592121729054213121,0.016111909033166127
7237187612749874182,7618421559720412178,0.016544338157550267
7237187612749874182,7631155532019663879,0.0184024310070628
7237187612749874182,7652473478721979400,0.01568558717508415
7237187612749874182,7652707278761018388,0.016109913048511677
7237187612749874182,7653078869913863175,0.014542366257188251
7238588875538793480,7305828667954021382,0.015519589960254626
7238588875538793480,7333255393327449094,0.047342488705713476
7238588875538793480,7384728630012806150,0.021491903289397003
7238588875538793480,7529488293902566407,0.01474019315774202
7238588875538793480,7566446773142979591,0.01592690282791931
7238588875538793480,7650649289911452693,0.04630848744200835
7238631407236580358,7271800847229633541,0.017401335602153664
7238631407236580358,7319387104206259206,0.012581867905043443
7238631407236580358,7329677372679472133,0.015000435638045248
7238631407236580358,7352412606437704710,0.015342411417303223
7238631407236580358,7370877163489444869,0.016113033938314265
7238631407236580358,7384728630012806150,0.015975963364796418
7240814661875057669,7253614148146316294,0.015407895139137514
7240814661875057669,7254140507394245638,0.02205783989888845
7240814661875057669,7282408479507563526,0.015788581459324744
7240814661875057669,7283325250002830342,0.02079627310525022
7240814661875057669,7343513808779904005,0.01537982212832202
7240814661875057669,7350473960612905989,0.015569506704116796
7240814661875057669,7358103277785891846,0.01588372751458645
7240814661875057669,7365461311374066694,0.015513641211497635
7240814661875057669,7377168369478452229,0.031207988753044175
7240814661875057669,7445331089281270789,0.01542178920043911
7241559016605746182,7384818817710916613,0.015525637689386309
7241559016605746182,7455566091059020817,0.014969852183511913
7241559016605746182,7464192594000741377,0.014765328128816074
7241559016605746182,7479292129044612104,0.015797447162173243
7241559016605746182,7496951292298249223,0.02909654933378436
7241559016605746182,7591058387967886348,0.017640592966783306
7241559016605746182,7607445622497264647,0.015565762251623696
7248502263702291463,7254140507394245638,0.03781662351788991
7248502263702291463,7282408479507563526,0.13457515456208363
7248502263702291463,7325664758940943366,0.014916607425168042
7248502263702291463,7331684378399196166,0.048583569029008095
7248502263702291463,7352412606437704710,0.019844065466414016
7248502263702291463,7384818817710916613,0.0997966589928571
7248502263702291463,93013606744592384,0.027125061103512114
7253614148146316294,7254140507394245638,0.019953439060816244
7253614148146316294,7282408479507563526,0.015666427511691453
7253614148146316294,7343513808779904005,0.015221134979763368
7253614148146316294,7350473960612905989,0.015408080645965046
7253614148146316294,7365461311374066694,0.01539631740292842
7253614148146316294,7445331089281270789,0.01526274235330769
7253614148146316294,7484436088774624274,0.01857511471038898
7253614148146316294,7641515667149145109,0.031820327335659516
7253614148146316294,7652707278761018388,0.015005587324660556
7254140507394245638,7264489075083461633,0.01434511777816205
7254140507394245638,7277563253713224709,0.04215851339283598
7254140507394245638,7278224508979872786,0.02807651459560643
7254140507394245638,7282408479507563526,0.03781662351788991
7254140507394245638,7283325250002830342,0.014382824275375248
7254140507394245638,7300420401526604806,0.015146705489509346
7254140507394245638,7317979152307454981,0.032919482967697804
7254140507394245638,7319387104206259206,0.017155591096850772
7254140507394245638,7322149836118082565,0.046118787211273035
7254140507394245638,7325664758940943366,0.01608634645548026
7254140507394245638,7329677372679472133,0.01616636600084129
7254140507394245638,7334668853316273157,0.03377193410096357
7254140507394245638,7336845122908406789,0.02204546122102371
7254140507394245638,7338600730439353346,0.015373816771448636
7254140507394245638,7343513808779904005,0.03566612303205048
7254140507394245638,7344283645127885830,0.014874368936872778
7254140507394245638,7358103277785891846,0.02383312818522179
7254140507394245638,7365461311374066694,0.02030695562757091
7254140507394245638,7367247089417896965,0.023400818285451548
7254140507394245638,7372215376808182789,0.02732178222604422
7254140507394245638,7377168369478452229,0.04107837486901114
7254140507394245638,7384818817710916613,0.06695949256406789
7254140507394245638,7421159900989047814,0.059019466807180426
7254140507394245638,7445331089281270789,0.018694055411423452
7254140507394245638,7450744199001637895,0.041342835148185215
7254140507394245638,7455566091059020817,0.024399978772319936
7254140507394245638,7478201262862681105,0.02789743992033347
7254140507394245638,7481889367460938759,0.01877487965004779
7254140507394245638,7484436088774624274,0.03520861168598703
7254140507394245638,7496951292298249223,0.01957277983823596
7254140507394245638,7505361348164092936,0.022836618470122867
7254140507394245638,7506867441839244344,0.03404316731063951
7254140507394245638,7520091064683021319,0.03613217241297572
7254140507394245638,7522355226557662225,0.027765270704617834
7254140507394245638,7546553409273627653,0.02132453433950853
7254140507394245638,7565406894694269953,0.0158348818228412
7254140507394245638,7581801127412319248,0.01701707643332285
7254140507394245638,7583691841695859720,0.021552231282671194
7254140507394245638,7587437314005304341,0.030057443797694386
7254140507394245638,7599311463005832209,0.02852037329523425
7254140507394245638,7602458307672884225,0.016967818587689473
7254140507394245638,7617823686238143508,0.029523230992375332
7254140507394245638,7629938843277640725,0.01872837371232567
7254140507394245638,7641515667149145109,0.03499021991979176
7254140507394245638,7642599508594115605,0.045937105264787594
7254140507394245638,7652473478721979400,0.014484357158466793
7254140507394245638,7654157094572098561,0.01921020429773065
7254140507394245638,93013606744592384,0.017248068148705793
7257089825308165126,7420280666741621765,0.01507313243342043
7257089825308165126,7476774838238430216,0.015059597209541638
7257089825308165126,7481214404483417096,0.016044068786082184
7257089825308165126,7634034175490606101,0.015097824364193217
7257089825308165126,7641515667149145109,0.03774386345604603
7257089825308165126,7653909888418890773,0.0324003353792093
7260730044916745221,7322146719038014469,0.016313352974986293
7260730044916745221,7453528540971172870,0.033734847712545486
7260730044916745221,7476128992287441937,0.016361680980966378
7260730044916745221,7507877861438964754,0.0203894071947614
7260730044916745221,7575529166674773008,0.01494126369753469
7260730044916745221,7584050819944596487,0.018625973937720988
7260730044916745221,7631155532019663879,0.0184024310070628
7264489075083461633,7284988452844078087,0.01917154637759431
7264489075083461633,7309331808796460037,0.01446349240412538
7264489075083461633,7446786283143169041,0.014977459358842022
7264489075083461633,7478421096736359430,0.01430861730247275
7264489075083461633,7479292129044612104,0.052848841938421036
7264489075083461633,7592121729054213121,0.019368694093757497
7267057918439506950,7309331808796460037,0.014821694816668637
7267057918439506950,7317979152307454981,0.014669731192486778
7267057918439506950,7348055396504044550,0.016248396235431676
7267057918439506950,7369653419626202117,0.019050272647431383
7267057918439506950,7372140179509216261,0.015551175923451715
7267057918439506950,7446786283143169041,0.01440665912784847
7267057918439506950,7546553409273627653,0.03339430051272432
7267057918439506950,7592061582878065685,0.03560952352741154
7270110578827150342,7359896669410853893,0.016226764399498765
7270110578827150342,7491832625380934672,0.015029377472932473
7271800847229633541,7319919338914857990,0.03861523009167877
7271800847229633541,7329677372679472133,0.027084460282509635
7271800847229633541,7352412606437704710,0.015658609068643945
7271800847229633541,7370877163489444869,0.015788193265993844
7271800847229633541,7384728630012806150,0.016292937457871862
7271800847229633541,7575529166674773008,0.03270588638315461
7277563253713224709,7343513808779904005,0.017276382120618397
7277563253713224709,7421159900989047814,0.015258808642834569
7277563253713224709,7476774838238430216,0.020667126981993154
7277563253713224709,7587437314005304341,0.01531082485524451
7277563253713224709,7592121729054213121,0.0159860005612633
7277563253713224709,7618421559720412178,0.01573887051881285
7277563253713224709,7634034175490606101,0.01584739459405603
7277563253713224709,7652473478721979400,0.015572861815672362
7277563253713224709,7652707278761018388,0.015987073746383012
7278224508979872786,7343513808779904005,0.016869802734696192
7278224508979872786,7459425028325852176,0.025964119792375135
7278224508979872786,7516118321939727361,0.016642899268991478
7278224508979872786,7634034175490606101,0.015474444753196204
7282408479507563526,7331684378399196166,0.033462653902890764
7282408479507563526,7350473960612905989,0.015788772751516834
7282408479507563526,7352412606437704710,0.019844065466414016
7282408479507563526,7365461311374066694,0.015860127343937686
7282408479507563526,7384818817710916613,0.0997966589928571
7282408479507563526,7445331089281270789,0.015635638089446825
7283325250002830342,7377168369478452229,0.022469375974400095
7283325250002830342,7384818817710916613,0.015243237843870315
7283325250002830342,7420280666741621765,0.014666324436949908
7283325250002830342,7581801127412319248,0.016100199283457232
7284988452844078087,7358103277785891846,0.027495402711420987
7284988452844078087,7479292129044612104,0.019808794474078285
7284988452844078087,7496951292298249223,0.022580395643068664
7284988452844078087,7599311463005832209,0.01582380214174069
7284988452844078087,7604788544276333586,0.0161621158468592
7300420401526604806,7322149836118082565,0.014449604852289567
7300420401526604806,7450744199001637895,0.014760069576954044
7300420401526604806,7522349223884719105,0.014478323314130206
7300420401526604806,7641515667149145109,0.015455768914850388
7300420401526604806,7653078869913863175,0.01419881643738537
7305650093284197382,7398639237263229958,0.015371649537753322
7305650093284197382,7481889367460938759,0.014570618546665668
7305650093284197382,7602458307672884225,0.015401045406526691
7305828667954021382,7448255517355164673,0.015584449163183963
7305828667954021382,7510202614824551431,0.15899168412594447
7305828667954021382,7554403762245895188,0.01587490109369624
7305828667954021382,7566446773142979591,0.01552364956587518
7305828667954021382,7566639233809695765,0.0159516239450333
7305828667954021382,7631155532019663879,0.015418436256693124
7309331808796460037,7317979152307454981,0.01476656812742536
7309331808796460037,7322149836118082565,0.01873822666283356
7309331808796460037,7446786283143169041,0.014529275943202009
7309331808796460037,7565406894694269953,0.0143992578862089
7313053731345220614,7367247089417896965,0.015113114089815085
7313053731345220614,7491832625380934672,0.026138691743129862
7313053731345220614,7516118321939727361,0.020892536037081237
7313053731345220614,7591058387967886348,0.012400061151977147
7313053731345220614,7617823686238143508,0.017282870857531864
7313053731345220614,7634034175490606101,0.014996586999857783
7316163220909196294,7476774838238430216,0.018170862087419727
7316163220909196294,7635591227443250194,0.01354114099102536
7316163220909196294,7640716169255715857,0.014590367873133354
7316163220909196294,86855738395926528,0.013575434043784534
7317979152307454981,7446786283143169041,0.01434837210542729
7317979152307454981,7565406894694269953,0.014554192008231905
7319387104206259206,7329677372679472133,0.014982525127999611
7319387104206259206,7352412606437704710,0.014683783510530636
7319387104206259206,7478421096736359430,0.01436343353024384
7319919338914857990,7384728630012806150,0.01915368276391882
7319919338914857990,7496951292298249223,0.01475491857698735
7319919338914857990,7565406894694269953,0.014765653144682672
7319919338914857990,7575529166674773008,0.04400601274537229
7321759691690951685,7322146719038014469,0.01493168575451021
7321759691690951685,7331684378399196166,0.056407622621965005
7321759691690951685,7338600730439353346,0.01472066496312054
7321759691690951685,7529488293902566407,0.018870953376346113
7321759691690951685,7575529166674773008,0.01585962111209885
7321759691690951685,93013606744592384,0.016905055747460776
7322146719038014469,7505361348164092936,0.015391945451279304
7322146719038014469,7575529166674773008,0.015180342812336725
7322149836118082565,7343513808779904005,0.022835086607514377
7322149836118082565,7372215376808182789,0.015400035729379896
7322149836118082565,7450744199001637895,0.014636729152421857
7322149836118082565,7479292129044612104,0.021237692097359512
7322149836118082565,7522349223884719105,0.014691146085615815
7322149836118082565,7634034175490606101,0.021754501401125396
7323951027022283777,7572718529432126480,0.015042438034864066
7323951027022283777,7591058387967886348,0.008668026558670267
7325664758940943366,7331684378399196166,0.01572753956907109
7325664758940943366,7354443424308167685,0.015540609220193086
7325664758940943366,7444920523094967314,0.015587169896915738
7325664758940943366,7459425028325852176,0.015615940007307219
7325664758940943366,93013606744592384,0.01506423373851566
7325664758940943366,95653080293068800,0.015398432083264201
7326825435546174471,7328024330810950662,0.01574096192279845
7326825435546174471,7334668853316273157,0.015763643778119334
7326825435546174471,7479292129044612104,0.01661234090132007
7326825435546174471,7507818955039278088,0.015946567162929665
7326825435546174471,7566639233809695765,0.016712133485964658
7326825435546174471,7640716169255715857,0.017094632433561754
7326825435546174471,7652707278761018388,0.014553475875990452
7328024330810950662,7334668853316273157,0.015632454784139355
7328024330810950662,7358103277785891846,0.0304415936817477
7328024330810950662,7464192594000741377,0.024632566701860512
7328024330810950662,7479292129044612104,0.020265753893382327
7328024330810950662,7507818955039278088,0.015733689634641824
7329677372679472133,7352412606437704710,0.01714186356223152
7329677372679472133,7370877163489444869,0.013408572148143711
7329677372679472133,7384728630012806150,0.02772313598104383
7329677372679472133,7455281387647304705,0.02000857895834782
7331684378399196166,7345372771347792902,0.014891809659816834
7331684378399196166,7352412606437704710,0.03020018125407414
7331684378399196166,7384818817710916613,0.023431503140507955
7331684378399196166,7444920523094967314,0.015670034413342953
7331684378399196166,7459425028325852176,0.015696493062154888
7331684378399196166,7529488293902566407,0.033520208868018216
7331684378399196166,93013606744592384,0.17529990087262254
7331684378399196166,95653080293068800,0.015476287116165732
7333255393327449094,7384728630012806150,0.025976460876732096
7333255393327449094,7400503260173730822,0.015693676961807207
7333255393327449094,7583691841695859720,0.016049437709884873
7333255393327449094,7650649289911452693,0.05597133935045359
7334668853316273157,7358103277785891846,0.02834352131479572
7334668853316273157,7446786283143169041,0.016168926552693974
7334668853316273157,7507818955039278088,0.01575637181643657
7334668853316273157,7516118321939727361,0.01840222217868592
7334668853316273157,7546553409273627653,0.025429399135865637
7336845122908406789,7345372771347792902,0.014670900980493593
7336845122908406789,7617823686238143508,0.015965693536226924
7336845122908406789,7650741089351484436,0.016584108736151695
7338600730439353346,7575529166674773008,0.01478017307290098
7338600730439353346,7639298353755030529,0.014773988321728316
7343513808779904005,7362078617574441989,0.015647047530351243
7343513808779904005,7365461311374066694,0.015324206398029104
7343513808779904005,7377168369478452229,0.03076877519689794
7343513808779904005,7445331089281270789,0.03126306880212435
7343513808779904005,7501201778134893584,0.059470055016086515
7343513808779904005,7505361348164092936,0.02640706761566622
7343513808779904005,7522355226557662225,0.1616302197235785
7343513808779904005,7634034175490606101,0.03931495474915754
7344283645127885830,7400503260173730822,0.01943624824803624
7345372771347792902,7361451922681119749,0.021444770010388057
7345372771347792902,7617823686238143508,0.01542670639862199
7345372771347792902,7650741089351484436,0.014836349541449221
7348055396504044550,7369653419626202117,0.015958294324499776
7348055396504044550,7546926530825077778,0.05104098810445094
7348055396504044550,7584050819944596487,0.01590347370307546
7348055396504044550,7602605744538141716,0.01601538648612374
7348055396504044550,7626262691652420629,0.01622323911246702
7350473960612905989,7361451922681119749,0.03227743407173188
7350473960612905989,7365461311374066694,0.015513828516382
7350473960612905989,7445331089281270789,0.015421613996307414
7350473960612905989,7453778116689118215,0.027240410089266684
7350473960612905989,7481889367460938759,0.014574079154865471
7350473960612905989,7495411659411948599,0.12881160289407895
7352412606437704710,7370877163489444869,0.01374755988204121
7352412606437704710,7384728630012806150,0.01695047154909973
7352412606437704710,7520091064683021319,0.02327803830268161
7354443424308167685,7423293361527014405,0.03485654392650208
7354443424308167685,7444920523094967314,0.015722034320680367
7354443424308167685,7459425028325852176,0.015574546087524057
7354443424308167685,7495411659411948599,0.020625787129509108
7354443424308167685,7604788544276333586,0.026490376985804687
7354443424308167685,95653080293068800,0.015526174215960292
7358103277785891846,7377168369478452229,0.01948000831961847
7358103277785891846,7479292129044612104,0.020587443638444867
7358103277785891846,7496951292298249223,0.025022926851819748
7358103277785891846,7507818955039278088,0.01563879615211358
7358103277785891846,7510202614824551431,0.01575119702178248
7358103277785891846,7587437314005304341,0.021022758162603884
7359896669410853893,7496951292298249223,0.015307335776760012
7361451922681119749,7495411659411948599,0.025444228698307914
7361451922681119749,7501201778134893584,0.018617873169027806
7361451922681119749,7506867441839244344,0.01624687060262227
7361451922681119749,7604788544276333586,0.018751856625837462
7362078617574441989,7445331089281270789,0.03326718178407773
7362078617574441989,7522355226557662225,0.015684115423777446
7362078617574441989,7635591227443250194,0.021186721686065512
7365461311374066694,7445331089281270789,0.015366197104435687
7367247089417896965,7453528540971172870,0.016539580147534615
7367247089417896965,7493882569899394065,0.016567729399780247
7367247089417896965,7585530131923682324,0.016481901521133754
7367247089417896965,7653816056004543508,0.01677564267075731
7367247089417896965,7653909888418890773,0.015194056099985075
7369653419626202117,7491832625380934672,0.022740366103534297
7369653419626202117,7526895629398737928,0.015965714249209055
7369653419626202117,7618421559720412178,0.015441485232663798
7369653419626202117,7639298353755030529,0.016092192803089066
7369653419626202117,86855738395926528,0.01555959982532993
7370877163489444869,7384728630012806150,0.014374115238524034
7370877163489444869,7423293361527014405,0.013435264993005635
7372140179509216261,7481214404483417096,0.022101331004122107
7372140179509216261,7486331907643393040,0.014598193978487325
7372140179509216261,7499493589689779218,0.02149915815846347
7372140179509216261,7602458307672884225,0.01505149729290927
7372215376808182789,7384818817710916613,0.020286699235078975
7372215376808182789,7450744199001637895,0.015318006701039031
7372215376808182789,7476128992287441937,0.016740108945498752
7372215376808182789,7522349223884719105,0.01537075086716161
7372215376808182789,7641515667149145109,0.015151272252853362
7377168369478452229,7448255517355164673,0.01626236602619622
7377168369478452229,7484436088774624274,0.023636743105762255
7377168369478452229,7501201778134893584,0.02488414324451536
7377168369478452229,7505361348164092936,0.0167706248740156
7377168369478452229,7522355226557662225,0.02395279609795838
7377168369478452229,7566639233809695765,0.016744302192337808
7377168369478452229,7599311463005832209,0.015806688642596954
7377168369478452229,7642599508594115605,0.018158041554768103
7379787571319522310,7423293361527014405,0.014633635488617295
7379787571319522310,7635591227443250194,0.014967083431477481
7379787571319522310,86855738395926528,0.014937502970592795
7384728630012806150,7488350271514821639,0.023410393349362908
7384728630012806150,7495411659411948599,0.0394211865208184
7384728630012806150,7602605744538141716,0.049955873983233375
7384728630012806150,7626262691652420629,0.04407385217792134
7384728630012806150,7650649289911452693,0.025409112304499427
7384818817710916613,7450744199001637895,0.0193404207894738
7384818817710916613,7522349223884719105,0.014632590492427287
7398639237263229958,7481889367460938759,0.015758175278849502
7398639237263229958,7499493589689779218,0.013756436842724809
7398639237263229958,7602458307672884225,0.014678511797290907
7400503260173730822,7453778116689118215,0.015502146730239395
7400503260173730822,7464192594000741377,0.014802065421087023
7400503260173730822,7546926530825077778,0.0146217641229233
7400503260173730822,7583691841695859720,0.015663164656055092
7400503260173730822,7640716169255715857,0.023145568388675524
7420280666741621765,7481214404483417096,0.01537634527963957
7420280666741621765,7484436088774624274,0.01504069422191408
7420280666741621765,7642599508594115605,0.015049698837325726
7420280666741621765,7648650172402435093,0.027237531157423205
7420280666741621765,7654157094572098561,0.015148005565173957
7421159900989047814,7478201262862681105,0.015337166646850654
7421159900989047814,7510202614824551431,0.015702787342692526
7421159900989047814,7587437314005304341,0.017129257449440126
7421159900989047814,7618421559720412178,0.016663957289755355
7421159900989047814,7652473478721979400,0.014923176726252721
7421159900989047814,7652707278761018388,0.015366539717864135
7421159900989047814,7653078869913863175,0.015663536633619843
7423293361527014405,7635591227443250194,0.01377125048213703
7444920523094967314,7459425028325852176,0.015622257883532779
7444920523094967314,7618421559720412178,0.022168264481651226
7444920523094967314,95653080293068800,0.01557202106972243
7445331089281270789,7476128992287441937,0.02209069273767771
7445331089281270789,7634034175490606101,0.01577551265061779
7446786283143169041,7478421096736359430,0.014472931778894856
7448255517355164673,7554403762245895188,0.01639439259648965
7448255517355164673,7566639233809695765,0.01631159292282899
7448255517355164673,7599311463005832209,0.015730298141553578
7450744199001637895,7476128992287441937,0.015318429272166886
7450744199001637895,7522349223884719105,0.014664888085775991
7450744199001637895,7641515667149145109,0.014778911860686786
7453528540971172870,7476128992287441937,0.016361680980966378
7453528540971172870,7493882569899394065,0.016888416538609136
7453528540971172870,7507877861438964754,0.0203894071947614
7453528540971172870,7584050819944596487,0.018625973937720988
7453528540971172870,7585530131923682324,0.016151849455338547
7453528540971172870,7631155532019663879,0.0184024310070628
7453528540971172870,7653816056004543508,0.01644599057645159
7453528540971172870,7653909888418890773,0.015571108279748657
7453778116689118215,7495411659411948599,0.03964220426784045
7453778116689118215,7546553409273627653,0.015083062959314117
7453778116689118215,7583691841695859720,0.016621224039229852
7453778116689118215,7602605744538141716,0.02339579590764393
7453778116689118215,7607445622497264647,0.02234747186048935
7453778116689118215,95653080293068800,0.017742785341600682
7455281387647304705,7496951292298249223,0.020617503734540063
7455281387647304705,7546926530825077778,0.016369941302045908
7455281387647304705,7592061582878065685,0.016820570453787036
7455281387647304705,7641155549304505352,0.01369282481834637
7455566091059020817,7505361348164092936,0.01471079933646174
7455566091059020817,7607445622497264647,0.014468767432176068
7459425028325852176,7501201778134893584,0.030057429083272687
7459425028325852176,7507877861438964754,0.015896946919525028
7459425028325852176,95653080293068800,0.015432043215479488
7464192594000741377,7546553409273627653,0.02841895182650955
7464192594000741377,7592061582878065685,0.021693859476651683
7476128992287441937,7507877861438964754,0.04420000908814607
7476128992287441937,7522349223884719105,0.01537117000568049
7476128992287441937,7641515667149145109,0.015151702850278713
7476774838238430216,7481214404483417096,0.015360401287953242
7476774838238430216,7626262691652420629,0.015290108279750064
7476774838238430216,7648650172402435093,0.014553552536878317
7478201262862681105,7479292129044612104,0.015656499311733144
7478201262862681105,7510202614824551431,0.016907611607710496
7478201262862681105,7587437314005304341,0.015280051500290187
7478201262862681105,7618421559720412178,0.014814097555840433
7478201262862681105,7653078869913863175,0.016949166332198645
7479292129044612104,7496951292298249223,0.016907285465666742
7479292129044612104,7510202614824551431,0.015257009657900809
7479292129044612104,7592121729054213121,0.043840330559929135
7479292129044612104,7653078869913863175,0.024913565027575944
7481214404483417096,7484436088774624274,0.015259795157490336
7481214404483417096,7499493589689779218,0.017267485627364267
7481214404483417096,7512754059523769352,0.015113155481536526
7481214404483417096,7634034175490606101,0.015398980661570383
7481214404483417096,7653909888418890773,0.015319651146880355
7481889367460938759,7495411659411948599,0.01963148784131347
7481889367460938759,7499493589689779218,0.014894065170358118
7484436088774624274,7510202614824551431,0.017922098719234093
7484436088774624274,7520091064683021319,0.03323360340487906
7484436088774624274,7642599508594115605,0.03660904800403975
7484436088774624274,7648650172402435093,0.014895711745550598
7484436088774624274,7654157094572098561,0.015270058449962737
7486331907643393040,7491832625380934672,0.015048309221576574
7486331907643393040,7639298353755030529,0.1500609094587401
7488350271514821639,7592061582878065685,0.02061586380517647
7488350271514821639,7626262691652420629,0.021003993633663627
7488350271514821639,7629259435181491218,0.01580952194117516
7491832625380934672,7499493589689779218,0.028240207048768895
7491832625380934672,7516118321939727361,0.016877474848452007
7493882569899394065,7526895629398737928,0.014965853767715677
7493882569899394065,7585530131923682324,0.0161800450109226
7493882569899394065,7653816056004543508,0.016474149113744486
7493882569899394065,7653909888418890773,0.015538591278302132
7495411659411948599,7602605744538141716,0.02997500753622946
7495411659411948599,7607445622497264647,0.02863188070532724
7495411659411948599,93013606744592384,0.01537420404461638
7499493589689779218,7501201778134893584,0.014570222836584525
7499493589689779218,7602458307672884225,0.02619584040331829
7501201778134893584,7505361348164092936,0.016810108262115268
7501201778134893584,7507877861438964754,0.02483009546005101
7501201778134893584,7522355226557662225,0.04629609377100914
7501201778134893584,7604788544276333586,0.02262774982990789
7501201778134893584,7629259435181491218,0.01610102879222298
7501201778134893584,7634034175490606101,0.025932446883632186
7501664443560084488,7526895629398737928,0.016578812039117003
7501664443560084488,7546926530825077778,0.0162216205189174
7505361348164092936,7522355226557662225,0.020557305323184363
7506867441839244344,7507877861438964754,0.015880098555087766
7510202614824551431,7587437314005304341,0.01564571538950384
7510202614824551431,7618421559720412178,0.027464121509313086
7510202614824551431,7653078869913863175,0.017232804533556065
7512754059523769352,7642599508594115605,0.015334428981908458
7512754059523769352,7648650172402435093,0.015058659122201971
7512754059523769352,7654157094572098561,0.015432558876367143
7516118321939727361,7546553409273627653,0.018924582572212235
7520091064683021319,7629259435181491218,0.01573695062681358
7520091064683021319,7642599508594115605,0.03978352275784954
7522349223884719105,7566639233809695765,0.04044614740434319
7522349223884719105,7641515667149145109,0.026020274908132465
7522355226557662225,7634034175490606101,0.030605803730594128
7529488293902566407,7566446773142979591,0.014736342444322393
7545554271439078416,7626262691652420629,0.01592613715992279
7546553409273627653,7583691841695859720,0.01488739837087014
7546553409273627653,7592061582878065685,0.049035559239691835
7546553409273627653,7640716169255715857,0.015574187120265192
7546926530825077778,7607445622497264647,0.032705457568269015
7554403762245895188,7566639233809695765,0.0166109891956823
7554403762245895188,7631155532019663879,0.015642020981767528
7566446773142979591,7631155532019663879,0.015457893678321687
7566639233809695765,7631155532019663879,0.01571803377000482
7566639233809695765,7634034175490606101,0.01842938754727184
7566639233809695765,7640716169255715857,0.019102131198044277
7585530131923682324,7653816056004543508,0.016570701834704528
7587437314005304341,7592121729054213121,0.015399403219742874
7587437314005304341,7618421559720412178,0.016717954116610683
7587437314005304341,7652473478721979400,0.014976687635177866
7587437314005304341,7652707278761018388,0.015419017235198892
7587437314005304341,7653078869913863175,0.015606464451654905
7591058387967886348,7629938843277640725,0.022552612125158793
7591058387967886348,7635591227443250194,0.009860871768850216
7592061582878065685,7629938843277640725,0.01528004599518577
7592061582878065685,7650741089351484436,0.013168364187641165
7592121729054213121,7617823686238143508,0.016326707477719932
7592121729054213121,7618421559720412178,0.015844618857695707
7592121729054213121,7652473478721979400,0.025009818719756917
7592121729054213121,7652707278761018388,0.016160515333447686
7602605744538141716,7607445622497264647,0.025786394489537307
7604788544276333586,7629259435181491218,0.015777230995165384
7617823686238143508,7650741089351484436,0.016125682981622938
7618421559720412178,7639298353755030529,0.017908191816892755
7618421559720412178,7652473478721979400,0.015416979252021549
7618421559720412178,7652707278761018388,0.015850869477234478
7618421559720412178,7653078869913863175,0.015140901684423232
7626262691652420629,7634034175490606101,0.017648285029564448
7629259435181491218,7653078869913863175,0.015578108218307518
7635591227443250194,86855738395926528,0.01702629158435609
7641155549304505352,7650649289911452693,0.014664047867797054
7641515667149145109,7652707278761018388,0.014997042191867406
7642599508594115605,7648650172402435093,0.016562381800025932
7642599508594115605,7654157094572098561,0.026068444536253132
7648650172402435093,7654157094572098561,0.016430702871602962
7652473478721979400,7652707278761018388,0.015741791821107125
7652473478721979400,7654157094572098561,0.02096664410135733
