id,label,canopy,comment_count,reply_count,mention_count,thread_count,total_likes,avg_likes,first_timestamp,last_timestamp,threads,text_sample
123192684759916544,lareinecoeur,canopy_013,1,0,0,0,16,16.0,1774237852,1774237852,[],"Yes more please
☄️ ⠀ ⠀︎⠀ ⠀ᅠ⠀︎ ︎⠀ ⠀ ☄️ ⠀ ⠀︎⠀ ⠀ ⠀ᅠ⠀ᅠ⠀ ⠀ ⠀ ⠀ ⠀ ⠀ ⠀︎ ︎ ᅠ⠀ ⠀ ⠀ᅠ⠀︎ ︎⠀ ⠀ ⠀ ⠀ ⠀︎⠀ ⠀ᅠ⠀︎ ︎⠀ ⠀ ⠀ ⠀ ⠀︎⠀ ⠀ ⠀☄️ᅠ⠀ᅠ⠀ᅠ⠀ ⠀ ⠀ᅠ⠀︎ ︎⠀ ⠀ ⠀ ⠀ ⠀︎⠀ ⠀ᅠ⠀︎ ︎⠀ ⠀ ⠀ ⠀ ⠀︎⠀ ⠀ ⠀ᅠ⠀ᅠ⠀ ⠀ ⠀ ⠀ ⠀ ⠀ ⠀︎ ︎ ᅠ⠀ ⠀ ⠀ᅠ⠀︎ ︎⠀ ⠀ ⠀ ⠀ ⠀︎⠀ ⠀ᅠ⠀︎ ︎⠀☄️ ⠀ ⠀ ⠀︎⠀ ⠀ ⠀ᅠ⠀ᅠ⠀ᅠ⠀ ⠀ ⠀ᅠ⠀︎ ︎⠀ ⠀ ⠀ ⠀ ⠀︎⠀ ⠀ᅠ⠀︎ ︎⠀ ⠀ ⠀ ⠀ ⠀︎⠀ ⠀ ⠀ᅠ⠀ᅠ⠀ ⠀ "
132905031397322752,alessio2926,canopy_113,2,0,0,0,20,10.0,1774230909,1774230920,[],Alessio [Sticker] Alessio
139056116595929088,miriamasoutar,canopy_501,1,0,0,0,1,1.0,1774391774,1774391774,[],Miri
179836966824349696,missh0ney,canopy_321,1,0,0,0,6,6.0,1775070831,1775070831,[],Praying for Palestine ganjaprinc3sss
277636453445046272,tetlock80,canopy_000,1,0,0,0,15,15.0,1774217514,1774217514,[],🇨🇦
6532054466269560834,jj00501,canopy_268,1,0,0,0,252,252.0,1774309633,1774309633,[],Fuck Israel 🇵🇸🇵🇸🇵🇸 Fp2024
6545407023667429377,ardy_ytc,canopy_230,1,0,0,0,4,4.0,1774333781,1774333781,[],[Sticker] Ardy YTC
6551322351751954433,nhazgaming2,canopy_402,1,0,0,0,2,2.0,1774399402,1774399402,[],[Sticker] Nhazgaming
6555661839655976965,kamillucas8,canopy_347,1,0,0,0,0,0.0,1775527534,1775527534,[],Kamil Lucas
6557891870416224258,meyomeo94,canopy_009,1,0,0,0,7174,7174.0,1774222334,1774222334,[],Meyo Meor
6558047058670157826,ganzthang,canopy_000,1,0,0,0,1,1.0,1774241272,1774241272,[],[Sticker] Panda🐼🐈‍⬛🏳️‍🌈
6559204966497206278,kuchupapaa,canopy_313,1,0,0,0,3,3.0,1774234961,1774234961,[],AI edits Kuchu Papaa
6560777333711519745,azman5517,canopy_013,1,0,0,0,9,9.0,1774227258,1774227258,[],[Sticker] 🇦 🇿 🇲 🇦 🇳
6562551816679342082,xkmxlhxfizi,canopy_687,1,0,0,0,1,1.0,1774238281,1774238281,[],[Sticker] Sixth. 🇵🇸
6565018648809078790,zhyqr,canopy_031,1,0,0,0,31,31.0,1774367711,1774367711,[],WHO wants a follow back? 🌹🌹 zhyar • Following
6565470626165129217,papapoppy92,canopy_519,1,0,0,0,1,1.0,1774382778,1774382778,[],[Sticker] Poppyaa
6566936778317643778,08pishangs,canopy_476,1,0,0,0,1,1.0,1774445099,1774445099,[],[Sticker] 08pishangs
6570665680386457601,mr_carlos76,canopy_005,1,0,0,0,10,10.0,1774237214,1774237214,[],Name of this movie please 𝘾𝙖𝙧𝙡𝙤𝙨_ᴵᵇʳᵃʰᶦᵐ
6571440042689085441,cis9888,canopy_648,1,0,0,0,1,1.0,1774240805,1774240805,[],[Sticker] MerCoN Banting
6573570143510249478,patan.kingkhan,canopy_323,1,0,0,0,55,55.0,1774216391,1774216391,[],king pathan
6574988278478143489,syakiringhazalli94,canopy_661,1,0,0,0,1,1.0,1774239186,1774239186,[],[Sticker] Kien
6575934081941438469,roshan_bhardwaj,canopy_088,1,0,0,0,6,6.0,1774224209,1774224209,[],ok Roshan
6586144504133271558,zubairali_1,canopy_035,1,0,0,0,70,70.0,1774217671,1774217671,[],ZUBAIR
6587338017403912197,waseemansari2731,canopy_013,1,0,0,0,8,8.0,1774257573,1774257573,[],ᅠ⠀ᅠ⠀ ⠀ ⠀ᅠ⠀︎ ︎⠀ ⠀ 😂⠀ ⠀ ⠀︎⠀ ⠀ᅠ⠀︎ ︎⠀ ⠀ 😂⠀ ⠀ ⠀︎⠀ ⠀ ⠀ᅠ⠀ᅠ⠀ ⠀ ⠀ ⠀ ⠀ ⠀ ⠀︎ ︎ ᅠ⠀ ⠀ ⠀ᅠ⠀︎ ︎⠀ ⠀ ⠀ ⠀ ⠀︎⠀ ⠀ᅠ⠀︎ ︎⠀ ⠀ ⠀ ⠀ ⠀︎⠀ ⠀ ⠀ᅠ⠀ᅠ⠀ᅠ⠀ ⠀ ⠀ᅠ⠀︎ ︎⠀ ⠀ ⠀ ⠀ ⠀︎⠀ ⠀ᅠ⠀︎ ︎⠀ ⠀ ⠀ ⠀ ⠀︎⠀ ⠀ ⠀ᅠ⠀ᅠ⠀ ⠀ ⠀ ⠀ ⠀ ⠀ ⠀︎ ︎ ᅠ⠀ ⠀ ⠀ᅠ⠀︎ ︎⠀ ⠀ ⠀ ⠀ ⠀︎⠀ ⠀ᅠ⠀︎ ︎⠀ 😂⠀ ⠀ ⠀ ⠀︎⠀ ⠀ ⠀ᅠ⠀ᅠ⠀ᅠ⠀ ⠀ ⠀ᅠ⠀︎ ︎⠀ ⠀ ⠀ ⠀ ⠀︎⠀ ⠀ᅠ⠀︎ ︎⠀ ⠀ ⠀ ⠀ ⠀︎⠀ ⠀ ⠀ᅠ⠀ᅠ⠀ ⠀ 
6587855276791169025,master.bayting,canopy_387,1,0,0,0,2,2.0,1774415534,1774415534,[],Why does the clip showing netanyahu so grainy and bad and so zoomed to his face lol I'm Master Baiter
6591519736101322758,alev00100,canopy_169,1,0,0,0,4,4.0,1774221929,1774221929,[],Nawal
6592124930460172289,tooloop00,canopy_327,1,0,0,0,3,3.0,1774333259,1774333259,[],sky news was nowhere near Gaza for last 3 years Barry Leong
6597614380782977029,drsehar92,canopy_567,1,0,0,0,1,1.0,1774332849,1774332849,[],I am completely against war ....No war plz Dr sehar
6605547178974052353,kenny1111176,canopy_266,1,0,0,0,1,1.0,1774237956,1774237956,[],thank you kenny1111176
6608375753628631046,kash.....111,canopy_576,1,0,0,0,1,1.0,1774327858,1774327858,[],Kash....5
6609681596704505861,nbayoungman38,canopy_564,1,0,0,0,1,1.0,1774334237,1774334237,[],[Sticker] 38
6611780515036004357,adnan13800,canopy_272,1,0,0,0,9,9.0,1774216390,1774216390,[],[Sticker] Adi Boy
6614183605387427846,mjm1000,canopy_429,1,0,0,0,1,1.0,1774877296,1774877296,[],Did he say Nuclear facility?!?!?! Did you know
6616406641624236037,tom.redd,canopy_231,1,0,0,0,7,7.0,1774216310,1774216310,[],journal of noise
6619688145226448901,babadazer1,canopy_594,1,0,0,0,1,1.0,1774302442,1774302442,[],seems like there's a problem with the war they ordered BabaDazer
6620755384028315653,maatkare_hatshepsut,canopy_514,1,0,0,0,1,1.0,1774386996,1774386996,[],Waset
6627871200587038726,shah__salar07,canopy_020,1,0,0,0,139,139.0,1774384959,1774384959,[],May Allah Protect Muslims ❤️🤲 شاہ سالار 🇬🇧💖
6630176154991411206,sobi4014,canopy_029,1,0,0,0,31,31.0,1774228490,1774228490,[],What happened Sobhia 🖤
6631290398412537862,zafari479,canopy_175,1,0,0,0,4,4.0,1774222231,1774222231,[],Abbas
6632129860377804806,stevenlega,canopy_344,1,0,0,0,0,0.0,1775926094,1775926094,[],SEE MY REPOSTT steven
6632663455630802950,khan_wanglar786,canopy_191,1,0,0,0,5,5.0,1774221694,1774221694,[],[Sticker] Wanglar khan 🇳🇴
6635638444507348997,ayaz63526,canopy_000,1,0,0,0,5,5.0,1774233406,1774233406,[],💫💫AYAZ💫💫
6636749197398851589,redjohnoo,canopy_414,1,0,0,0,2,2.0,1774394113,1774394113,[],Red John Oo
6637914309060460549,ahxan_jam,canopy_637,1,0,0,0,1,1.0,1774242169,1774242169,[],Ahxan
6638604713418309637,w924x,canopy_051,1,0,0,0,1,1.0,1774391236,1774391236,[],[Sticker] ﮼الحوري ♬ 🇰🇼
6639903198893359110,soulzinferno,canopy_205,1,0,0,0,1,1.0,1774349338,1774349338,[],[Sticker] Souls
6640835033697648645,moski1970,canopy_013,1,0,0,0,1,1.0,1774372887,1774372887,[],︎ ︎⠀ ⠀ ☄️ ⠀ ⠀︎⠀ ⠀ ⠀ᅠ⠀ᅠ⠀ ⠀ ⠀ ⠀ ⠀ ⠀ ⠀︎ ︎ ᅠ⠀ ⠀ ⠀ᅠ⠀︎ ︎⠀ ⠀ ⠀ ⠀ ⠀︎⠀ ⠀ᅠ⠀︎ ︎⠀ ⠀ ⠀ ⠀ ⠀︎⠀ ⠀ ⠀☄️ᅠ⠀ᅠ⠀ᅠ⠀ ⠀ ⠀ᅠ⠀︎ ︎⠀ ⠀ ⠀ ⠀ ⠀︎⠀ ⠀ᅠ⠀︎ ︎⠀ ⠀ ⠀ ⠀ ⠀︎⠀ ⠀ ⠀ᅠ⠀ᅠ⠀ ⠀ ⠀ ⠀ ⠀ ⠀ ⠀︎ ︎ ᅠ⠀ ⠀ ⠀ᅠ⠀︎ ︎⠀ ⠀ ⠀ ⠀ ⠀︎⠀ ⠀ᅠ⠀︎ ︎⠀☄️ ⠀ ⠀ ⠀︎⠀ ⠀ ⠀ᅠ⠀ᅠ⠀ᅠ⠀ ⠀ ⠀ᅠ⠀︎ ︎⠀ ⠀ ⠀ ⠀ ⠀︎⠀ ⠀ᅠ⠀︎ ︎⠀ ⠀ ⠀ ⠀ ⠀︎⠀ ⠀ ⠀ᅠ⠀ᅠ⠀ ⠀ ⠀ ⠀ ⠀ ☄️ ⠀︎ ︎ ᅠ⠀ ⠀ ⠀ᅠ⠀︎ ︎⠀ ⠀
6643674283590893573,topskulljgkd,canopy_428,1,0,0,0,1,1.0,1775042581,1775042581,[],JGKD
6643801147025096709,szavaf0,canopy_095,1,0,0,0,21,21.0,1774221554,1774221554,[],szavaf0
6646057147389231110,ii2hm1,canopy_330,1,0,0,0,4,4.0,1774216151,1774216151,[],Who wants Coffee ? ii2md
6647609787890106374,savingtheworld2017,canopy_045,1,0,0,0,120,120.0,1774216090,1774216090,[],Savingtheworld
6647722407224655878,gaming_trex2,canopy_587,1,0,0,0,1,1.0,1774305892,1774305892,[],[Sticker] zulqarnain
6648399396428496902,peece,canopy_494,1,0,0,0,1,1.0,1774395556,1774395556,[],Sam
6652900469893660677,asifkhan12233,canopy_083,1,0,0,0,114,114.0,1774217000,1774217000,[],We want peace in every where throughout the world asifkhan12233
6656622161980473345,no_title33,,1,0,0,0,1,1.0,1774237603,1774237603,[],no name
6657475628294848517,s0ulgu4rd,canopy_493,1,0,0,0,1,1.0,1774395648,1774395648,[],[Sticker] Soulguard
6658566666366812166,ahmad_azhan,canopy_311,1,0,0,0,4,4.0,1774217536,1774217536,[],[Sticker] F ® Ahmad•K < / >
6669299551658704902,rajpoot.king3553,canopy_000,2,0,0,0,2,1.0,1774241068,1774241416,[],ℛᎯجℙᎾᎾᏆ ᏦℐℕᎶ🇵🇰 ℛᎯجℙᎾᎾᏆ ᏦℐℕᎶ🇵🇰
6669429443285123078,shanimirza143,canopy_644,1,0,0,0,1,1.0,1774241342,1774241342,[],Shani mirza
6669850252496093190,itsbrandonmax,canopy_001,1,0,0,0,5547,5547.0,1774215532,1774215532,[],May Allah protect everyone ❤️ Brandon Max
6670176806173392901,ahmedali3772,canopy_144,2,0,0,0,2,1.0,1774240679,1774240681,[],[Sticker] Ahmed Ali [Sticker] Ahmed Ali
6677580356772938758,nomi143143143,canopy_253,1,0,0,0,0,0.0,1775097030,1775097030,[],[Sticker] Faizan RajPoo
6681455581809345541,hieshaamabrahams,canopy_373,1,0,0,0,2,2.0,1774532975,1774532975,[],Western news never gave Gaza this coverage Cutiepie
6682417245623354373,shokrollahshafie,canopy_151,1,0,0,0,6,6.0,1774222452,1774222452,[],[Sticker] ☝️Choukiii🤌
6683425595843986438,tabskhan45,canopy_191,1,0,0,0,9,9.0,1774217845,1774217845,[],Tabz Khan
6687409942040757253,fskhan875,canopy_147,1,0,0,0,4,4.0,1774253882,1774253882,[],FAرOO&
6691413216834880518,acethestoner,canopy_211,1,0,0,0,1,1.0,1774299829,1774299829,[],Alex 🇲🇽🍀🇵🇸🤘
6692237530606027782,prof_wonderful,canopy_211,1,0,0,0,5,5.0,1774215306,1774215306,[],Alex Mungai
6693961050361267206,najimtalhaoui,canopy_060,3,0,0,0,25,8.333333333333334,1774230197,1774230235,[],Najim Talhaoui Najim Talhaoui Najim Talhaoui
6694846327920624642,koala.b34r,canopy_000,1,0,0,0,2,2.0,1774446088,1774446088,[],ʕ·ᴥ·ʔ 🐨🦊🦆🐧 😺 🐶
6700212094179394565,user0gk9j4n7dp,canopy_037,4,0,0,0,824,206.0,1774214735,1774214743,[],ـAMIR AMIR ـAMIR AMIR ـAMIR AMIR ـAMIR AMIR
6702564715531420678,_sajidkhan7,canopy_191,1,0,0,0,1,1.0,1774297690,1774297690,[],Sajid Khan
6705803659719263237,asifsial75,canopy_058,1,0,0,0,33,33.0,1774219979,1774219979,[],Asif Sial
6706132394343465990,royalboi123,canopy_614,1,0,0,0,1,1.0,1774270702,1774270702,[],Iranian Self defense ❤️ M-614👑🦁🐎
6706795899182613506,zairis47,canopy_668,1,0,0,0,1,1.0,1774239008,1774239008,[],Zairis47
6716819951271248901,mobgfm,canopy_288,1,0,0,0,6,6.0,1774218929,1774218929,[],mob
6718433480264762373,iqbalmahmood63,canopy_055,1,0,0,0,17,17.0,1774216561,1774216561,[],Iqbal Mahmood467
6719415986493719557,kingcalee7,canopy_369,1,0,0,0,1,1.0,1774314447,1774314447,[],wat nuclear doing near.. residential areas KingCalee
6724040525831521286,hijab.ii,canopy_163,1,0,0,0,44,44.0,1774214819,1774214819,[],[Sticker] Nimra
6724242765444449285,nofudgegiven2,canopy_013,1,0,0,0,5,5.0,1774264868,1774264868,[],☄️ ⠀ᅠ⠀ᅠ⠀ ⠀ ⠀ ⠀ ⠀ ⠀ ⠀︎ ︎ ᅠ⠀ ⠀ ⠀ᅠ⠀︎ ︎⠀ ⠀ ⠀ ⠀ ⠀︎⠀ᅠᅠ⠀ ⠀ ⠀ᅠ⠀︎ ︎⠀ ⠀ ⠀ ⠀ ⠀︎⠀ ⠀ᅠ⠀︎ ︎⠀ ⠀ ⠀ ⠀ ⠀︎⠀ ⠀ ⠀ᅠ⠀ᅠ⠀ ⠀ ⠀ ⠀ ⠀ ⠀ ⠀︎ ︎ ᅠ⠀ ⠀ ⠀ᅠ☄️︎⠀ ⠀ ⠀ ⠀☄️ ⠀ᅠ⠀︎ ︎⠀ ⠀ ⠀ ⠀ ⠀︎⠀ ⠀ ⠀ᅠ⠀ᅠ⠀ᅠ⠀ ⠀ ⠀ᅠ⠀︎ ︎⠀ ⠀ ⠀ ⠀ ⠀︎⠀☄️ ⠀ᅠ⠀︎ ︎⠀ ⠀ ⠀ ⠀ ⠀︎⠀ ⠀☄️ᅠ☄️ᅠ⠀ ⠀ ⠀ ⠀ ⠀ ⠀ ⠀︎ ︎ ᅠ⠀ ⠀ ⠀☄️ᅠ⠀︎ ︎⠀ ⠀ ⠀ ⠀ ⠀︎⠀ ⠀ᅠ⠀︎ ︎⠀ ⠀☄️ ⠀ ⠀︎⠀ ⠀ ⠀ᅠ⠀ᅠ⠀ᅠ☄️ ⠀ ⠀
6726460667836498950,mariocatani3,canopy_262,1,0,0,0,17,17.0,1774219201,1774219201,[],Mario Catani
6727371287482942469,maloekoe020,canopy_208,1,0,0,0,34,34.0,1774231258,1774231258,[],What's the issue here? Maluku
6727959454509532166,lafibini,canopy_124,1,0,0,0,6,6.0,1774227522,1774227522,[],Lafi Bini
6731392185419695110,yacine_bym,canopy_143,1,0,0,0,4,4.0,1774247158,1774247158,[],Yacine🇩🇿🇩🇿
6734232606072095750,draamirshahzadgondal,canopy_581,1,0,0,0,1,1.0,1774237397,1774237397,[],dil ko sakon mila Aamir Gondal
6736486271538152454,baig_sahb,canopy_690,1,0,0,0,1,1.0,1774238129,1774238129,[],woa ßãīğ_Şåĥɓ°
6745432638369301510,jsw369,canopy_701,1,0,0,0,1,1.0,1774237591,1774237591,[],🙋🏻‍♂️ Joseph Stevens
6746031359683331077,alexispappas5,canopy_211,1,0,0,0,7,7.0,1774217885,1774217885,[],Alexis Pappas
6748937122159821830,slugworth2000bc,canopy_532,2,0,0,0,2,1.0,1774361277,1774361383,[],Didn’t Israel attack a oil depot in Central Tehran? Wasn’t that a mass civilian casualty? Netanyahu cannot play the victim. Robot 1101 And yet Netanyahu will not be held accountable Robot 1101
6749961922102477830,naumankhan_96_,canopy_102,2,0,0,0,10,5.0,1774221770,1774221774,[],Nauman Nauman
6750661153691485189,mrsmorris90,canopy_341,1,0,0,0,0,0.0,1776308004,1776308004,[],I don't understand why people are happy that civilians have been injured. Would we be celebrating that American citizens got injured in attack because Trump is evil and started a war? mrsmorris90
6751514677887124486,chowderspace,canopy_616,1,0,0,0,1,1.0,1774268855,1774268855,[],Did they previously evacuate or something?? Texan maven
6752306766380745734,backtofizzy,canopy_201,1,0,0,0,1,1.0,1774307564,1774307564,[],Okay? And? Jo Fiz
6759168903093978117,kazaknaiman,canopy_695,1,0,0,0,1,1.0,1774237833,1774237833,[],Sauap Kazak Naiman
6759666164744291334,zimtsaeure,canopy_001,1,0,0,0,1,1.0,1774356804,1774356804,[],[Sticker] Max
6761373990138332165,crashcam1,canopy_013,1,0,1,0,4,4.0,1774445093,1774445093,[],"@SiddXFitness: ...:Yes more please
☄️ ⠀ ⠀︎⠀ ⠀ᅠ⠀︎ ︎⠀ ⠀ ☄️ ⠀ ⠀︎⠀ ⠀ ⠀ᅠ⠀ᅠ⠀ ⠀ ⠀ ⠀ ⠀ ⠀ ⠀︎ ︎ ᅠ⠀ ⠀ ⠀ᅠ⠀︎ ︎⠀ ⠀ ⠀ ⠀ ⠀︎⠀ ⠀ᅠ⠀︎ ︎⠀ ⠀ ⠀ ⠀ ⠀︎⠀ ⠀ ⠀☄️ᅠ⠀ᅠ⠀ᅠ⠀ ⠀ ⠀ᅠ⠀︎ ︎⠀ ⠀ ⠀ ⠀ ⠀︎⠀ ⠀ᅠ⠀︎ ︎⠀ ⠀ ⠀ ⠀ ⠀︎⠀ ⠀ ⠀ᅠ⠀ᅠ⠀ ⠀ ⠀ ⠀ ⠀ ⠀ ⠀︎ ︎ ᅠ⠀ ⠀ ⠀ᅠ⠀︎ ︎⠀ ⠀ ⠀ ⠀ ⠀︎⠀ ⠀ᅠ⠀︎ ︎⠀☄️ ⠀ ⠀ ⠀︎⠀ ⠀ ⠀ᅠ⠀ᅠ⠀ᅠ⠀ ⠀ ⠀ᅠ⠀︎ ︎⠀ ⠀ ⠀ ⠀ ⠀︎⠀ ⠀ᅠ⠀︎ ︎⠀ ⠀"
6761998434112144389,imraanmohomed,canopy_013,1,0,1,0,17,17.0,1774239320,1774239320,[],"@mun danial:@🫀🪨...:Yes more please
☄️ ⠀ ⠀︎⠀ ⠀ᅠ⠀︎ ︎⠀ ⠀ ☄️ ⠀ ⠀︎⠀ ⠀ ⠀ᅠ⠀ᅠ⠀ ⠀ ⠀ ⠀ ⠀ ⠀ ⠀︎ ︎ ᅠ⠀ ⠀ ⠀ᅠ⠀︎ ︎⠀ ⠀ ⠀ ⠀ ⠀︎⠀ ⠀ᅠ⠀︎ ︎⠀ ⠀ ⠀ ⠀ ⠀︎⠀ ⠀ ⠀☄️ᅠ⠀ᅠ⠀ᅠ⠀ ⠀ ⠀ᅠ⠀︎ ︎⠀ ⠀ ⠀ ⠀ ⠀︎⠀ ⠀ᅠ⠀︎ ︎⠀ ⠀ ⠀ ⠀ ⠀︎⠀ ⠀ ⠀ᅠ⠀ᅠ⠀ ⠀ ⠀ ⠀ ⠀ ⠀ ⠀︎ ︎ ᅠ⠀ ⠀ ⠀ᅠ⠀︎ ︎⠀ ⠀ ⠀ ⠀ ⠀︎⠀ ⠀ᅠ⠀︎ ︎⠀☄️ ⠀ ⠀ ⠀︎⠀ ⠀ ⠀ᅠ⠀ᅠ⠀ᅠ⠀ ⠀ ⠀ᅠ⠀︎ ︎⠀ ⠀ ⠀ ⠀ ⠀︎⠀ ⠀ᅠ⠀︎ ︎⠀ ⠀"
6762115865951437829,med_yaj1,canopy_238,1,0,0,0,4,4.0,1774227642,1774227642,[],[Sticker] Med_yaj
6763023633415521285,melodxxoo,canopy_354,1,0,0,0,0,0.0,1775158476,1775158476,[],What’s with the table and chairs 😳 Melody Dart
6763576723490817029,crows0verh0es,canopy_224,2,0,0,0,2,1.0,1774396325,1774396338,[],CrowsOverHoes 🐦‍⬛🍉🔻 CrowsOverHoes 🐦‍⬛🍉🔻
6764408836688675846,wixico,canopy_380,1,0,0,0,2,2.0,1774440423,1774440423,[],Wixico ✪
6765138161942709253,that_farming_fool,canopy_368,1,0,0,0,2,2.0,1774562225,1774562225,[],remember over 150 Iranian school girls dead due to Israel and the US Trazyn The Infinite
6765565991936377862,user783132655,canopy_048,1,0,0,0,88,88.0,1774217622,1774217622,[],user462720460936
6766343211709858822,22.5mk,canopy_447,1,0,0,0,1,1.0,1774512091,1774512091,[],225mk
6767803653706941445,spurcius,canopy_481,1,0,0,0,1,1.0,1774274648,1774274648,[],[Sticker] Mohamed Chand
6769282406316393477,shaunalexandermil,canopy_139,1,0,0,0,19,19.0,1774216997,1774216997,[],🇯🇲 Jamaican Villan 👽
6769473008249603078,stai.low,canopy_557,1,0,0,0,1,1.0,1774338284,1774338284,[],[Sticker] Pawns
6770116897880491014,mulaado,canopy_363,1,0,0,0,3,3.0,1774218631,1774218631,[],[Sticker] Fawad
6770293695444059138,nazeer4572,canopy_375,1,0,0,0,2,2.0,1774450260,1774450260,[],[Sticker] Nazeer
6770691012118791169,robby.kurniawan,canopy_568,1,0,0,0,1,1.0,1774331067,1774331067,[],Hi Robby Key
6774446817130267654,ashtinbarberlol,canopy_199,1,0,0,0,4,4.0,1774221820,1774221820,[],Its_ashtin_lol
6775687990901015557,naimatzamir,canopy_601,1,0,0,0,1,1.0,1774238977,1774238977,[],Masha Allah Naimat Zamir
6778180773998396422,fyzrrrrr,canopy_561,1,0,0,0,1,1.0,1774335066,1774335066,[],[Sticker] fyzrrrrr
6778887308772983810,rafaelatank_,canopy_195,1,0,0,0,1,1.0,1774301294,1774301294,[],[Sticker] G.O.R.D
6779799775913100293,moyong_yulcheon,canopy_498,1,0,0,0,1,1.0,1774392124,1774392124,[],moyong_yulcheon
6780104490298311685,strongerthanamouse,canopy_388,1,0,0,0,1,1.0,1774284890,1774284890,[],crazy how one sided reporting is strongerthanamouse
6780963947471488002,usertre41e8m52,canopy_195,2,0,0,0,2,1.0,1774448481,1774448515,[],[Sticker] شبیر شان [Sticker] شبیر شان
6781099370517070853,autowali,canopy_151,1,0,0,0,4,4.0,1774216386,1774216386,[],[Sticker] 🇵🇸 Wali 🇵🇸
6784603742592697350,yasser.313.1,canopy_000,1,0,0,0,4,4.0,1774355864,1774355864,[],( ͡° ͜ʖ ͡°)🇵🇸👆
6787077164376491014,pedromaxx,canopy_158,1,0,0,0,8,8.0,1774217961,1774217961,[],Pedro# Maxx
6787799755310842885,alic4c,canopy_195,1,0,0,0,16,16.0,1774231932,1774231932,[],[Sticker] علی قریشی
6788561594614137861,taco__belly,canopy_167,1,0,0,0,4,4.0,1774220967,1774220967,[],taco__belly
6788685362896536581,mashwabadashakesg,canopy_502,1,0,0,0,1,1.0,1774391751,1774391751,[],The Village General 🇿🇦
6790825402899514373,ibrahimdrgahmad,canopy_412,1,0,0,0,2,2.0,1774396064,1774396064,[],ibrahimdrgahmad
6791773227766940673,jonalyn0112,canopy_320,1,0,0,0,21,21.0,1774215613,1774215613,[],What about Palestine? Jonalyn Delos Reyes
6791913383433470981,abzurdizm,canopy_471,1,0,0,0,1,1.0,1774450825,1774450825,[],[Sticker] Ashes
6792274574055801861,zsb112233,canopy_286,1,0,0,0,6,6.0,1774219979,1774219979,[],ZseBe
6793797962901242885,badaixiii,canopy_012,1,0,0,0,791,791.0,1774215935,1774215935,[],"I, Dont care 2"
6795087729798661125,huzzlehard,canopy_296,2,0,0,0,10,5.0,1774216678,1774216765,[],[Sticker] Hustle_Hard [Sticker] Hustle_Hard
6797153722771375110,josephyem,canopy_445,1,0,0,0,1,1.0,1774546707,1774546707,[],what about Gaza...?! Joseph Yem
6797944169622553606,carolannstewart7,canopy_366,1,0,0,0,3,3.0,1774214876,1774214876,[],Bummer CAS
6797975222400320517,wakybaky1,canopy_012,1,0,0,0,0,0.0,1775854918,1775854918,[],Who cares wakybaky1
6798227774210982918,trinkaubool,canopy_492,1,0,0,0,1,1.0,1774395738,1774395738,[],trinkau bool
6799048483291677701,iamazeemi,canopy_210,1,0,0,0,22,22.0,1774226817,1774226817,[],[Sticker] Rain And Peace
6799207206266717185,hachimy99,canopy_639,1,0,0,0,1,1.0,1774242007,1774242007,[],[Sticker] Hachimy
6801133006398702597,notrrazure,canopy_151,1,0,0,0,3,3.0,1774217977,1774217977,[],[Sticker] ᯓ★𝘈𝘻𝘶𝘳𝘦.ᐟ.ᐟ
6801271413681636357,yybalam,canopy_404,1,0,0,0,2,2.0,1774399078,1774399078,[],[Sticker] Yeye Balam
6801280456668595206,grim_dream88,canopy_474,1,0,0,0,1,1.0,1774446499,1774446499,[],pray for humanity ASAPP
6802111873555727361,drew_42l,canopy_013,1,0,1,0,6,6.0,1774310987,1774310987,[],"WE ARE COMING
@SiddXFitness:...:Yes more please
☄️ ⠀ ⠀︎⠀ ⠀ᅠ⠀︎ ︎⠀ ⠀ ☄️ ⠀ ⠀︎⠀ ⠀ ⠀ᅠ⠀ᅠ⠀ ⠀ ⠀ ⠀ ⠀ ⠀ ⠀︎ ︎ ᅠ⠀ ⠀ ⠀ᅠ⠀︎ ︎⠀ ⠀ ⠀ ⠀ ⠀︎⠀ ⠀ᅠ⠀︎ ︎⠀ ⠀ ⠀ ⠀ ⠀︎⠀ ⠀ ⠀☄️ᅠ⠀ᅠ⠀ᅠ⠀ ⠀ ⠀ᅠ⠀︎ ︎⠀ ⠀ ⠀ ⠀ ⠀︎⠀ ⠀ᅠ⠀︎ ︎⠀ ⠀ ⠀ ⠀ ⠀︎⠀ ⠀ ⠀ᅠ⠀ᅠ⠀ ⠀ ⠀ ⠀ ⠀ ⠀ ⠀︎ ︎ ᅠ⠀ ⠀ ⠀ᅠ⠀︎ ︎⠀ ⠀ ⠀ ⠀ ⠀︎⠀ ⠀ᅠ⠀︎ ︎⠀☄️ ⠀ ⠀ ⠀︎⠀ ⠀ ⠀ᅠ⠀ᅠ⠀ᅠ⠀ ⠀ ⠀ᅠ⠀︎ ︎⠀ ⠀ ⠀ ⠀ "
6802216129184941062,m3fzk,canopy_013,1,0,0,0,16,16.0,1774312054,1774312054,[],yeah⠀ ⠀ ⠀ ⠀ ⠀ ⠀︎ ︎ ᅠ⠀ ⠀ ⠀ᅠ⠀︎ ︎⠀ ⠀ ⠀ ⠀ ⠀︎⠀ ⠀ᅠ⠀︎ ︎⠀ ⠀ ⠀ ⠀ ⠀︎⠀ ⠀ ⠀☄️ᅠ⠀ᅠ⠀ᅠ⠀ ⠀ ⠀ᅠ⠀︎ ︎⠀ ⠀ ⠀ ⠀ ⠀︎⠀ ⠀ᅠ⠀︎ ︎⠀ ⠀ ⠀ ⠀ ⠀︎⠀ ⠀ ⠀ᅠ⠀ᅠ⠀ ⠀ ⠀ ⠀ ⠀ ⠀ ⠀︎ ︎ ᅠ⠀ ⠀ ⠀ᅠ⠀︎ ︎⠀ ⠀ ⠀ ⠀ ⠀︎⠀ ⠀ᅠ⠀︎ ︎⠀☄️ ⠀ ⠀ ⠀︎⠀ ⠀ ⠀ᅠ⠀ᅠ⠀ᅠ⠀ ⠀ ⠀ᅠ⠀︎ ︎⠀ ⠀ ⠀ ⠀ ⠀︎⠀ ⠀ᅠ⠀︎ ︎⠀ ⠀ ⠀ ⠀ ⠀︎⠀ ⠀ ⠀ᅠ⠀ᅠ⠀ ⠀ ⠀ ⠀ ⠀ ☄️ ⠀︎ ︎ ᅠ⠀ ⠀ ⠀ᅠ⠀︎ ︎⠀ ⠀ ⠀ ⠀ ⠀︎⠀ ⠀ᅠ⠀︎ ︎⠀ ⠀ ⠀
6803042918397412358,wee_carrie,canopy_000,1,0,0,0,12,12.0,1774218867,1774218867,[],C 🏴󠁧󠁢󠁳󠁣󠁴󠁿
6803687435404641286,imafgx,canopy_002,1,0,0,0,11869,11869.0,1774217349,1774217349,[],AF
6804278710825534469,gisselacosta0305,canopy_000,1,0,0,0,1,1.0,1774237442,1774237442,[],❤️‍🩹🖤💔🫀💔❤️‍🩹 Gissel J Acosta
6805242171110573062,dfkowusu1261,canopy_540,1,0,0,0,1,1.0,1774356741,1774356741,[],what is Israel doing to Iran ? dfkowusu1261
6806673784097195014,petrefrancu1976,canopy_597,1,0,0,0,1,1.0,1774301609,1774301609,[],Petre F
6806764615436223494,luisrios16740,canopy_036,1,0,0,0,61,61.0,1774236855,1774236855,[],Luis Rios Perez
6807686944023020545,wolfofwallstreetnewyork,canopy_013,1,0,0,0,14,14.0,1774242155,1774242155,[],🤣⠀  ⠀ ⠀︎ ︎ ᅠ⠀ ⠀ ⠀ᅠ⠀︎ ︎⠀ ⠀ ⠀ ⠀ ⠀︎⠀ ⠀ᅠ⠀︎ ︎⠀ ⠀ ⠀ ⠀ ⠀︎⠀  ⠀ᅠ⠀ᅠ⠀ᅠ⠀ ⠀ ⠀ᅠ⠀︎ ︎⠀ ⠀ ⠀ ⠀ ⠀︎⠀ ⠀ᅠ⠀︎ ︎⠀ ⠀ ⠀ ⠀ ⠀︎⠀ ⠀ ⠀ᅠ⠀ᅠ⠀ ⠀ ⠀ ⠀ ⠀ ⠀ ⠀︎ ︎ ᅠ⠀ ⠀ ⠀ᅠ⠀︎ ︎⠀ ⠀ ⠀ ⠀ ⠀︎⠀ ⠀ᅠ⠀︎ ︎⠀ 😂⠀ ⠀ ⠀ ⠀︎⠀ ⠀ ⠀ᅠ⠀ᅠ⠀ᅠ⠀ ⠀ ⠀ᅠ⠀︎ ︎⠀ ⠀ ⠀ ⠀🤣 ⠀︎⠀ ⠀ᅠ⠀︎ ︎⠀ ⠀ ⠀ ⠀ ⠀︎⠀ ⠀ ⠀ᅠ⠀ᅠ⠀ ⠀ ⠀ ⠀ ⠀ 😂⠀ ⠀︎ ︎ ᅠ⠀ ⠀ ⠀ᅠ⠀︎ ︎⠀ ⠀ ⠀ ⠀ ⠀︎⠀ ⠀ᅠ⠀︎ ︎⠀ ⠀ ⠀ ⠀ ⠀︎⠀ ⠀ 
6807737200873063429,parwantajik001,canopy_572,1,0,0,0,1,1.0,1774330312,1774330312,[],parwantajik001
6807983111105823746,ololoeeekaa,canopy_410,1,0,0,0,2,2.0,1774397743,1774397743,[],Daddykoh               ᯤ 𓈆 1%
6809360915122308101,finesthoney03,canopy_013,1,0,1,0,11,11.0,1774297004,1774297004,[],"@SiddXFitness:...:Yes more please
☄️ ⠀ ⠀︎⠀ ⠀ᅠ⠀︎ ︎⠀ ⠀ ☄️ ⠀ ⠀︎⠀ ⠀ ⠀ᅠ⠀ᅠ⠀ ⠀ ⠀ ⠀ ⠀ ⠀ ⠀︎ ︎ ᅠ⠀ ⠀ ⠀ᅠ⠀︎ ︎⠀ ⠀ ⠀ ⠀ ⠀︎⠀ ⠀ᅠ⠀︎ ︎⠀ ⠀ ⠀ ⠀ ⠀︎⠀ ⠀ ⠀☄️ᅠ⠀ᅠ⠀ᅠ⠀ ⠀ ⠀ᅠ⠀︎ ︎⠀ ⠀ ⠀ ⠀ ⠀︎⠀ ⠀ᅠ⠀︎ ︎⠀ ⠀ ⠀ ⠀ ⠀︎⠀ ⠀ ⠀ᅠ⠀ᅠ⠀ ⠀ ⠀ ⠀ ⠀ ⠀ ⠀︎ ︎ ᅠ⠀ ⠀ ⠀ᅠ⠀︎ ︎⠀ ⠀ ⠀ ⠀ ⠀︎⠀ ⠀ᅠ⠀︎ ︎⠀☄️ ⠀ ⠀ ⠀︎⠀ ⠀ ⠀ᅠ⠀ᅠ⠀ᅠ⠀ ⠀ ⠀ᅠ⠀︎ ︎⠀ ⠀ ⠀ ⠀ ⠀︎⠀ ⠀ᅠ⠀︎ ︎⠀ ⠀ "
6809652528789292038,big_h83,canopy_407,1,0,0,0,2,2.0,1774398766,1774398766,[],What’s for breakfast Property Monster
6809697995937367046,avrilincanada,canopy_670,1,0,0,0,1,1.0,1774238873,1774238873,[],AvrilCanada 🇨🇦
6809802398032643078,kkudaa,canopy_612,1,0,0,0,1,1.0,1774272774,1774272774,[],[Sticker] kudaa 🥷🏾
6810336090362004485,alihamisi0,canopy_144,1,0,0,0,4,4.0,1774238623,1774238623,[],Ali Hamisi
6810484617755427845,brollanoancalano,canopy_025,1,0,0,0,1,1.0,1774693438,1774693438,[],Stop the war Brollano Ancalano
6811160099877389313,chronohps,canopy_359,1,0,0,0,3,3.0,1774221158,1774221158,[],[Sticker] Sojung
6811775237034886150,asifsyed.19,canopy_103,1,0,0,0,27,27.0,1774218764,1774218764,[],Friend
6811864837094917126,newlook6856,canopy_013,1,0,0,0,32,32.0,1774245848,1774245848,[],"more please
☄️ ⠀ ⠀︎⠀ ⠀ᅠ⠀︎ ︎⠀ ⠀ ☄️ ⠀ ⠀︎⠀ ⠀ ⠀ᅠ⠀ᅠ⠀ ⠀ ⠀ ⠀ ⠀ ⠀ ⠀︎ ︎ ᅠ⠀ ⠀ ⠀ᅠ⠀︎ ︎⠀ ⠀ ⠀ ⠀ ⠀︎⠀ ⠀ᅠ⠀︎ ︎⠀ ⠀ ⠀ ⠀ ⠀︎⠀ ⠀ ⠀☄️ᅠ⠀ᅠ⠀ᅠ⠀ ⠀ ⠀ᅠ⠀︎ ︎⠀ ⠀ ⠀ ⠀ ⠀︎⠀ ⠀ᅠ⠀︎ ︎⠀ ⠀ ⠀ ⠀ ⠀︎⠀ ⠀ ⠀ᅠ⠀ᅠ⠀ ⠀ ⠀ ⠀ ⠀ ⠀ ⠀︎ ︎ ᅠ⠀ ⠀ ⠀ᅠ⠀︎ ︎⠀ ⠀ ⠀ ⠀ ⠀︎⠀ ⠀ᅠ⠀︎ ︎⠀☄️ ⠀ ⠀ ⠀︎⠀ ⠀ ⠀ᅠ⠀ᅠ⠀ᅠ⠀ ⠀ ⠀ᅠ⠀︎ ︎⠀ ⠀ ⠀ ⠀ ⠀︎⠀ ⠀ᅠ⠀︎ ︎⠀ ⠀ ⠀ ⠀ ⠀︎⠀ ⠀ ⠀ᅠ⠀ᅠ⠀ ⠀ ⠀ ⠀ "
6812303251514704901,icon.47,canopy_533,1,0,0,0,1,1.0,1774360270,1774360270,[],[Sticker] Icon.47
6812577078438167557,manifesting_my_life,canopy_560,1,0,0,0,1,1.0,1774335930,1774335930,[],[Sticker] Emily🆘️🇺🇲
6814332639731713025,yeojm168,canopy_067,1,0,0,0,165,165.0,1774231157,1774231157,[],"stop all aggression, world peace….both parties must sit down negotiate for peace… superboy"
6817048044547228674,tengku_fitry,canopy_693,1,0,0,0,1,1.0,1774238016,1774238016,[],Diva Tengku Fruity
6817117068983518213,patiencehope25,canopy_650,1,0,0,0,1,1.0,1774240730,1774240730,[],[Sticker] Oumar
6818780344423416833,theresamariapcruz,canopy_607,1,0,0,0,1,1.0,1774280637,1774280637,[],Godspeed stop the war between Iran and Israel and u.s 🙏🙏🙏 Theresamaria P Cruz
6818925100223120390,is.sa.gi,canopy_159,1,0,0,0,15,15.0,1774265093,1774265093,[],I am praying for the Lebanese people now 🙏🏻 Past❌ present☀️ and future🪐
6818997048034018306,bear321,canopy_025,1,0,0,0,5,5.0,1774234048,1774234048,[],STOP WAR Julio
6819677799301809158,robert04210,canopy_138,1,0,0,0,4,4.0,1774258094,1774258094,[],What does Benjamin say? robert04210
6820241268720190469,rehad_rahim_photography,canopy_520,1,0,0,0,1,1.0,1774381879,1774381879,[],Praying for the people of Gaza! 🙏🏼💚🇵🇸. #stopthegenocide Rehad Rahim Photography
6821664407849092102,kandicemccollumgordon,canopy_326,1,0,0,0,5,5.0,1774270022,1774270022,[],Where was/is the coverage and care about Gaza? This is just so infuriating to the world. Kandice McCollum Gor
6822164219574027270,homerbart1212,canopy_369,1,0,0,0,1,1.0,1774564251,1774564251,[],so let me get this straight...the failed interception caused the iranian missile to hit a residential area...and iran gets blamed for hitting residential areas. that's the Isreali's own fault Homer
6822720405318304774,pes_archtriangle,canopy_585,1,0,0,0,1,1.0,1774307074,1774307074,[],"OMG, let make love not war pes_archtriangle"
6823162073837618182,ellis_tayzee,canopy_551,1,0,0,0,1,1.0,1774343650,1774343650,[],Israel is using human shields to protect nuclear sites. Iran has the right to exist and defend itself. Ellis_Tayzee
6824177861047370758,yazz.76min,,1,0,0,0,1,1.0,1774338293,1774338293,[],⏮️▶️⏭️
6824257455564997637,formagtxd,canopy_415,2,0,0,0,3,1.5,1774393993,1774393996,[],FormA GT xD FormA GT xD
6826821136366994437,bobdacraic,canopy_197,1,0,0,0,4,4.0,1774222264,1774222264,[],[Sticker] Bob Dacraic
6828012366325957638,_danielalencar,canopy_075,1,0,0,0,6,6.0,1774238509,1774238509,[],[Sticker] Daniel Alencar
6828658690528592901,mikelaiti1,canopy_229,1,0,0,0,5,5.0,1774221574,1774221574,[],[Sticker] Mike Laiti
6829337968281682949,tiktokblaal,canopy_039,1,0,0,0,775,775.0,1774215951,1774215951,[],tiktokblaal
6829350288241394689,muhammadikhram_1,canopy_405,1,0,0,0,2,2.0,1774398928,1774398928,[],[Sticker] .Mi.
6831114394236601346,kenapabruh,canopy_032,1,0,0,0,86,86.0,1774230053,1774230053,[],Riff 😎
6832398563352904710,catladycolleen,canopy_547,1,0,0,0,1,1.0,1774351344,1774351344,[],Maybe Israel shouldn’t have their military buildings embedded in the middle of residential and commercial areas. Maybe they shouldn’t use their citizens as human shields. Go ahead and look it up. It’s true. It’s their strategy. Colleen
6832809961032287238,ontherightsideofhistory8,,1,0,0,0,2,2.0,1774401163,1774401163,[],C B A
6834143886405157894,hameescatchee21,canopy_313,1,0,0,0,69,69.0,1774227239,1774227239,[],Is this AI… Hamees
6834231924526826502,ikyhamza,canopy_198,1,0,0,0,7,7.0,1774256956,1774256956,[],[Sticker] iky
6835062462527652869,ricarditocas,canopy_487,1,0,0,0,1,1.0,1774396389,1774396389,[],Ricky
6837101733156684806,dennohspin1,canopy_073,1,0,0,0,5,5.0,1774382722,1774382722,[],so sorry for that spinter dennoh 1🇹🇷
6837932290569176069,irving_absoluto,canopy_495,1,0,0,0,1,1.0,1774395475,1774395475,[],[Sticker] irving
6838326698851173382,tommrogers06,canopy_451,1,0,0,0,1,1.0,1774479290,1774479290,[],oh no. What does everyone think about boiled potatoes? I think they're the worst sort of potatoes. My top three types of potatoes would be 1) Roast Potatoes 2) Fried Potatoes 3) Mashed Potatoes. Tomm Rodgers
6839768600343430149,cassady77,canopy_000,1,0,0,0,1,1.0,1774396009,1774396009,[],🍄Cassady🍄
6841368350297375746,sirap78,canopy_642,1,0,0,0,1,1.0,1774241424,1774241424,[],sirap Ais ikat tepi
6842047849288287238,johanofnorway,canopy_284,1,0,0,0,10,10.0,1774471187,1774471187,[],The last 75 years have proving Israel is the true danger to the world. johanofnorway
6842625485920437250,lamawangju,canopy_033,1,0,0,0,17,17.0,1774229397,1774229397,[],Stop war 🇳🇵WANGJU  LAMA 🇯🇵(ཝང་།)
6843139966571365382,alpsovich,canopy_625,1,0,0,0,1,1.0,1774256701,1774256701,[],Alpsovich
6847662570619749381,buhayapodushka,canopy_651,1,0,0,0,1,1.0,1774240703,1774240703,[],gvardeec
6848622157234734086,mig.vaz1,canopy_331,1,0,0,0,3,3.0,1774343604,1774343604,[],Shame the press couldn't cover the atrocities made in Gaza. 😞 Nobody
6849714013304079366,riz.000,canopy_013,1,0,0,0,43,43.0,1774254598,1774254598,[],"Yes more please 😂😂
☄️ ⠀ ⠀︎⠀ ⠀ᅠ⠀︎ ︎⠀ ⠀ ☄️ ⠀ ⠀︎⠀ ⠀ ⠀ᅠ⠀ᅠ⠀ ⠀ ⠀ ⠀ ⠀ ⠀ ⠀︎ ︎ ᅠ⠀ ⠀ ⠀ᅠ⠀︎ ︎⠀ ⠀ ⠀ ⠀ ⠀︎⠀ ⠀ᅠ⠀︎ ︎⠀ ⠀ ⠀ ⠀ ⠀︎⠀ ⠀ ⠀☄️ᅠ⠀ᅠ⠀ᅠ⠀ ⠀ ⠀ᅠ⠀︎ ︎⠀ ⠀ ⠀ ⠀ ⠀︎⠀ ⠀ᅠ⠀︎ ︎⠀ ⠀ ⠀ ⠀ ⠀︎⠀ ⠀ ⠀ᅠ⠀ᅠ⠀ ⠀ ⠀ ⠀ ⠀ ⠀ ⠀︎ ︎ ᅠ⠀ ⠀ ⠀ᅠ⠀︎ ︎⠀ ⠀ ⠀ ⠀ ⠀︎⠀ ⠀ᅠ⠀︎ ︎⠀☄️ ⠀ ⠀ ⠀︎⠀ ⠀ ⠀ᅠ⠀ᅠ⠀ᅠ⠀ ⠀ ⠀ᅠ⠀︎ ︎⠀ ⠀ ⠀ ⠀ ⠀︎⠀ ⠀ᅠ⠀︎ ︎⠀ ⠀ ⠀ ⠀ ⠀︎⠀ ⠀ ⠀ᅠ⠀ᅠ⠀"
6850499594155361285,davedigger21stcentury,canopy_583,1,0,0,0,1,1.0,1774315230,1774315230,[],Like who believes Sky news ? See no Evil Hear no Evil
6851041098493330434,chirfan4163,canopy_586,1,0,0,0,1,1.0,1774238111,1774238111,[],false news Ch Irfan Hariya
6852936113049601025,unikopedy,canopy_425,1,0,0,0,1,1.0,1774237022,1774237022,[],wow Zai shop1234
6854084433894065158,umairbukhari122,canopy_070,1,0,0,0,6,6.0,1774217721,1774217721,[],syed umair Bukhari
6855850715719762949,mykinco,canopy_604,1,0,0,0,1,1.0,1774287958,1774287958,[],How are those neighborhoods in Gaza doing? Mike Kausalik
6856636665056068614,somalikabir,canopy_000,1,0,0,0,1,1.0,1774236996,1774236996,[],🤦‍♂️🔰
6856985681320838149,mrmiyagi00000,canopy_096,1,0,0,0,11,11.0,1774222272,1774222272,[],[Sticker] mrmiyagi00000🇲🇦
6861442596751246342,periclesdosinferno,canopy_691,1,0,0,0,1,1.0,1774238077,1774238077,[],didn't US won the war already? phelipe
6862468704480510981,user7058838665863,canopy_708,1,0,0,0,1,1.0,1774237403,1774237403,[],be a real journalist and show both sides user7058838665863
6864218825451291654,ruby9994,canopy_544,1,0,0,0,1,1.0,1774353292,1774353292,[],[Sticker] user7534288226175
6865188838906889221,twixfc6,canopy_004,1,0,0,0,4400,4400.0,1774216658,1774216658,[],twixfc6
6865515418422854662,armin.4u,canopy_000,1,0,0,0,10,10.0,1774401172,1774401172,[],🇨🇦 ARMIN 🇮🇷 ©️
6865687838509171718,marcosgranja2,canopy_050,1,0,0,0,11,11.0,1774231073,1774231073,[],Marcos André
6866361157725570054,sweety_pie27,canopy_161,1,0,0,0,33,33.0,1774240410,1774240410,[],[Sticker] We wish you a happy new year 🥰 user8588064757984
6867672357939561478,tattoomutante,canopy_132,1,0,0,0,5,5.0,1774230122,1774230122,[],Tattoo_mutante
6868361115987493890,cartmaan_eric,canopy_104,1,0,0,0,13,13.0,1774265583,1774265583,[],[Sticker] sky news looking at the comment section dudu
6869529128942126082,sam_sammy52,canopy_348,1,0,0,0,0,0.0,1775523275,1775523275,[],Sammy
6870272731359872005,awde125,canopy_225,1,0,0,0,1,1.0,1774304089,1774304089,[],Apple User368975
6870787891703006210,appleuser58868342,canopy_448,1,0,0,0,1,1.0,1774506298,1774506298,[],Anouar Manchester 🇬🇧🇲🇦
6871400804788470789,nelyjhonson,canopy_707,1,0,0,0,1,1.0,1774237455,1774237455,[],Natanyahu's reaction and comments are wild like really? BelowTheBelt🇭🇹
6873368506659390466,rewe2009,canopy_440,1,0,0,0,1,1.0,1774569665,1774569665,[],[Sticker] ridwan ronald
6874983109881086981,medy_pro_pvp,canopy_151,1,0,0,0,2,2.0,1774394256,1774394256,[],[Sticker] 🤍Medy🖤
6876111398716916738,_lululnasir13dec,canopy_013,1,0,0,0,25,25.0,1774256237,1774256237,[],"Yes more please...
☄️ ⠀ ⠀︎⠀ ⠀ᅠ⠀︎ ︎⠀ ⠀ ☄️ ⠀ ⠀︎⠀ ⠀ ⠀ᅠ⠀ᅠ⠀ ⠀ ⠀ ⠀ ⠀ ⠀ ⠀︎ ︎ ᅠ⠀ ⠀ ⠀ᅠ⠀︎ ︎⠀ ⠀ ⠀ ⠀ ⠀︎⠀ ⠀ᅠ⠀︎ ︎⠀ ⠀ ⠀ ⠀ ⠀︎⠀ ⠀ ⠀☄️ᅠ⠀ᅠ⠀ᅠ⠀ ⠀ ⠀ᅠ⠀︎ ︎⠀ ⠀ ⠀ ⠀ ⠀︎⠀ ⠀ᅠ⠀︎ ︎⠀ ⠀ ⠀ ⠀ ⠀︎⠀ ⠀ ⠀ᅠ⠀ᅠ⠀ ⠀ ⠀ ⠀ ⠀ ⠀ ⠀︎ ︎ ᅠ⠀ ⠀ ⠀ᅠ⠀︎ ︎⠀ ⠀ ⠀ ⠀ ⠀︎⠀ ⠀ᅠ⠀︎ ︎⠀☄️ ⠀ ⠀ ⠀︎⠀ ⠀ ⠀ᅠ⠀ᅠ⠀ᅠ⠀ ⠀ ⠀ᅠ⠀︎ ︎⠀ ⠀ ⠀ ⠀ ⠀︎⠀ ⠀ᅠ⠀︎ ︎⠀ ⠀ ⠀ ⠀ ⠀︎⠀ ⠀ ⠀ᅠ⠀ᅠ⠀"
6876922250068935686,tzow2,canopy_435,1,0,0,0,1,1.0,1774652031,1774652031,[],Tomer.Berger
6877092036177904642,abulolo_feroz,canopy_206,2,0,0,0,0,0.0,1775086514,1775086519,[],abulolo_feroz abulolo_feroz
6879141513667396614,alexanderroberts13,canopy_427,1,0,0,0,1,1.0,1775052778,1775052778,[],I would rather live in North Korea than live in Israel or Palestine Alexander Robertson
6880273018033079298,andrelima1969,canopy_050,1,0,0,0,55,55.0,1774224633,1774224633,[],and_1969     André Lima
6880847127791322113,jbistrosg,canopy_715,1,0,0,0,1,1.0,1774237185,1774237185,[],notice there is no mentioned about damage to the nuclear installation. J Bistro @ 45 Syed Alwi
6882770991467807745,bosski.06,canopy_172,1,0,0,0,4,4.0,1774220046,1774220046,[],Bosski
6882943806884512770,agammetuah12,canopy_190,1,0,0,0,4,4.0,1774230350,1774230350,[],[Sticker] Heri 46
6883354108897362945,supermariobalotelli4,canopy_013,1,0,1,0,8,8.0,1774277889,1774277889,[],@Rico BZed:Moooooooooooooooooooooore☄️ ⠀ ⠀︎⠀ ⠀ᅠ⠀︎ ︎⠀ ⠀ ☄️ ⠀ ⠀︎⠀ ⠀ ⠀ᅠ⠀ᅠ⠀ ⠀ ⠀ ⠀ ⠀ ⠀ ⠀︎ ︎ ᅠ⠀ ⠀ ⠀ᅠ⠀︎ ︎⠀ ⠀ ⠀ ⠀ ⠀︎⠀ ⠀ᅠ⠀︎ ︎⠀ ⠀ ⠀ ⠀ ⠀︎⠀ ⠀ ⠀☄️ᅠ⠀ᅠ⠀ᅠ⠀ ⠀ ⠀ᅠ⠀︎ ︎⠀ ⠀ ⠀ ⠀ ⠀︎⠀ ⠀ᅠ⠀︎ ︎⠀ ⠀ ⠀ ⠀ ⠀︎⠀ ⠀ ⠀ᅠ⠀ᅠ⠀ ⠀ ⠀ ⠀ ⠀ ⠀ ⠀︎ ︎ ᅠ⠀ ⠀ ⠀ᅠ⠀︎ ︎⠀ ⠀ ⠀ ⠀ ⠀︎⠀ ⠀ᅠ⠀︎ ︎⠀☄️ ⠀ ⠀ ⠀︎⠀ ⠀ ⠀ᅠ⠀ᅠ⠀ᅠ⠀ ⠀ ⠀ᅠ⠀︎ ︎⠀ ⠀ ⠀ ⠀ ⠀︎⠀ ⠀ᅠ⠀︎ ︎⠀ 
6883787245334610946,user._46570,canopy_454,1,0,0,0,1,1.0,1774459056,1774459056,[],[Sticker] Haryson🔪
6883861528681055237,gurelozler,canopy_090,2,0,0,0,36,18.0,1774217511,1774217520,[],1453 Osmanlı Torunları 1453 Osmanlı Torunları
6884016318182720517,habib1871,canopy_043,1,0,0,0,151,151.0,1774217453,1774217453,[],Gujar 🏇🏾
6884269257367749633,muhdfirdaus092,canopy_098,2,0,0,0,12,6.0,1774233501,1774233527,[],Muhd Firdaus99 Muhd Firdaus99
6884611690841179138,iamnotzir,canopy_335,1,0,0,0,3,3.0,1774237748,1774237748,[],"wow people are celebrating this... no matter what side, you shouldn't celebrate an attack on civilians. Just shows how hatred can blind judgements damdams"
6885048845878248453,drive7by,canopy_414,1,0,0,0,1,1.0,1774531690,1774531690,[],[Sticker] john
6887161232442033153,mundanial46,canopy_013,1,0,0,0,42,42.0,1774229576,1774229576,[],"@🫀🪨...:Yes more please
☄️ ⠀ ⠀︎⠀ ⠀ᅠ⠀︎ ︎⠀ ⠀ ☄️ ⠀ ⠀︎⠀ ⠀ ⠀ᅠ⠀ᅠ⠀ ⠀ ⠀ ⠀ ⠀ ⠀ ⠀︎ ︎ ᅠ⠀ ⠀ ⠀ᅠ⠀︎ ︎⠀ ⠀ ⠀ ⠀ ⠀︎⠀ ⠀ᅠ⠀︎ ︎⠀ ⠀ ⠀ ⠀ ⠀︎⠀ ⠀ ⠀☄️ᅠ⠀ᅠ⠀ᅠ⠀ ⠀ ⠀ᅠ⠀︎ ︎⠀ ⠀ ⠀ ⠀ ⠀︎⠀ ⠀ᅠ⠀︎ ︎⠀ ⠀ ⠀ ⠀ ⠀︎⠀ ⠀ ⠀ᅠ⠀ᅠ⠀ ⠀ ⠀ ⠀ ⠀ ⠀ ⠀︎ ︎ ᅠ⠀ ⠀ ⠀ᅠ⠀︎ ︎⠀ ⠀ ⠀ ⠀ ⠀︎⠀ ⠀ᅠ⠀︎ ︎⠀☄️ ⠀ ⠀ ⠀︎⠀ ⠀ ⠀ᅠ⠀ᅠ⠀ᅠ⠀ ⠀ ⠀ᅠ⠀︎ ︎⠀ ⠀ ⠀ ⠀ ⠀︎⠀ ⠀ᅠ⠀︎ ︎⠀ ⠀ ⠀ ⠀ ⠀︎⠀ ⠀ ⠀"
6889429234431853574,sajjadhadergsajjad,canopy_021,1,0,0,0,655,655.0,1774222264,1774222264,[],Sajjadhaderg Sajjad
6891705601257145349,siller25,canopy_122,1,0,0,0,5,5.0,1774219763,1774219763,[],Sill
6892347025741923333,mostafa.lalzadah,canopy_000,1,0,0,0,1,1.0,1774447604,1774447604,[],M O S T A F A 🇨🇦  🍉
6892655794388796421,andy_whatevs,canopy_457,1,0,0,0,1,1.0,1774458301,1774458301,[],Now show ALL the neighborhoods Israel has destroyed in Gaza. Interview the people living there who do not have the same rights as Israelis simply because they are Palestinian. Andy
6892755568563373062,lanjamar349,canopy_716,1,0,0,0,1,1.0,1774237186,1774237186,[],Lanja Mar
6893998420941390853,saddammatawalle,canopy_622,1,0,0,0,1,1.0,1774262328,1774262328,[],[Sticker] Saddam Matawalle
6896477963005658118,arri_93,canopy_073,1,0,0,0,1,1.0,1774238424,1774238424,[],"Sorry for the people's homes but you can't attack first, and then cry when they match you :/ Arri"
6897916711003489285,kata7878,canopy_260,1,0,0,0,17,17.0,1774686481,1774686481,[],Where is bad information? I don’t understand 🤷‍♀️ Maddi
6899872761571066881,sabbyviews,canopy_371,1,0,0,0,2,2.0,1774676555,1774676555,[],"I don’t think sky news, bbc realise that any attack to Israel is good news for the world! It’s like watching a villain in a movie get destroyed… and the good people live happily ever after Sabby•Mum of Two 👶🏽👧🏻"
6901293173320041474,.fiqqqq,canopy_051,1,0,0,0,1,1.0,1774237661,1774237661,[],[Sticker] αғιq🍉
6903288635920483333,gabriellagabriel89,canopy_417,1,0,0,0,2,2.0,1774391641,1774391641,[],Gabriella Gabriela
6904614150145328133,gtv2350,canopy_480,1,0,0,0,1,1.0,1774409471,1774409471,[],[Sticker] GTV
6906224034717090818,shaymck__,canopy_545,1,0,0,0,1,1.0,1774352639,1774352639,[],shaymckenna
6906427668766426114,zeroblack159,canopy_485,1,0,0,0,1,1.0,1774396857,1774396857,[],[Sticker] Zeroblack159
6907167382511289349,pjcklerjck,canopy_679,1,0,0,0,1,1.0,1774238383,1774238383,[],PjckleRjck
6908266585728697349,synchjxrc5e,canopy_013,1,0,0,0,12,12.0,1774250347,1774250347,[],☄️ ⠀ ⠀︎⠀ ⠀ᅠ⠀︎ ︎⠀ ⠀ ☄️ ⠀ ⠀︎⠀ ⠀ ⠀ᅠ⠀ᅠ⠀ ⠀ ⠀ ⠀ ⠀ ⠀ ⠀︎ ︎ ᅠ⠀ ⠀ ⠀ᅠ⠀︎ ︎⠀ ⠀ ⠀ ⠀ ⠀︎⠀ ⠀ᅠ⠀︎ ︎⠀ ⠀ ⠀ ⠀ ⠀︎⠀ ⠀ ⠀☄️ᅠ⠀ᅠ⠀ᅠ⠀ ⠀ ⠀ᅠ⠀︎ ︎⠀ ⠀ ⠀ ⠀ ⠀︎⠀ ⠀ᅠ⠀︎ ︎⠀ ⠀ ⠀ ⠀ ⠀︎⠀ ⠀ ⠀ᅠ⠀ᅠ⠀ ⠀ ⠀ ⠀ ⠀ ⠀ ⠀︎ ︎ ᅠ⠀ ⠀ ⠀ᅠ⠀︎ ︎⠀ ⠀ ⠀ ⠀ ⠀︎⠀ ⠀ᅠ⠀︎ ︎⠀☄️ ⠀ ⠀ ⠀︎⠀ ⠀ ⠀ᅠ⠀ᅠ⠀ᅠ⠀ ⠀ ⠀ᅠ⠀︎ ︎⠀ ⠀ ⠀ ⠀ ⠀︎⠀ ⠀ᅠ⠀︎ ︎⠀ ⠀ ⠀ ⠀ ⠀︎⠀ ⠀ ⠀ᅠ⠀ᅠ⠀ ⠀ ⠀ ⠀ ⠀ ☄️ ⠀︎ ︎ ᅠ⠀
6908833879592535046,georgecott,canopy_574,1,0,0,0,1,1.0,1774329995,1774329995,[],George Cott
6909418799418606598,theonlysistastroke,canopy_013,1,0,0,0,1,1.0,1774512901,1774512901,[],🤣 ⠀︎⠀ ⠀ ⠀ᅠ⠀ᅠ🤣⠀ᅠ⠀ ⠀ ⠀ᅠ⠀︎ ︎⠀ ⠀ 😂⠀ ⠀ ⠀︎⠀ ⠀ᅠ⠀︎ ︎⠀ ⠀ 😂⠀ ⠀ ⠀︎⠀ ⠀ ⠀ᅠ⠀ᅠ⠀ ⠀ ⠀ ⠀ ⠀ ⠀ ⠀︎ ︎ ᅠ⠀ ⠀ ⠀ᅠ⠀︎ ︎⠀ ⠀ ⠀ ⠀ ⠀︎⠀ ⠀ᅠ⠀︎🤣 ︎⠀ ⠀ ⠀ ⠀ ⠀︎⠀ ⠀ ⠀ᅠ⠀😂ᅠ⠀ᅠ⠀ ⠀ ⠀ᅠ⠀︎ ︎⠀ ⠀ ⠀ ⠀ ⠀︎⠀ ⠀ᅠ⠀︎ ︎⠀ ⠀ ⠀ ⠀ ⠀︎⠀ ⠀ ⠀ᅠ⠀ᅠ⠀ ⠀ ⠀ ⠀ ⠀ ⠀ ⠀︎ ︎ ᅠ⠀ ⠀ 🤣⠀ᅠ⠀︎ ︎⠀ ⠀ ⠀ ⠀ ⠀︎⠀ ⠀ᅠ⠀︎ ︎⠀ 😂⠀ ⠀ ⠀ ⠀︎⠀ ⠀ ⠀ᅠ⠀ᅠ⠀ᅠ⠀ ⠀ ⠀ᅠ⠀︎ ︎⠀ ⠀ ⠀ ⠀ ⠀︎⠀ ⠀ᅠ⠀︎ ︎⠀ ⠀ ⠀ ⠀
6909912221612557317,adebayoolalekan40,canopy_020,1,0,0,0,5,5.0,1774432155,1774432155,[],may Allah protect all Muslim in the world ola moore
6910309608222557189,gms_gas,canopy_013,1,0,0,0,3,3.0,1774357775,1774357775,[],ᅠ⠀ᅠ⠀ᅠ⠀ ⠀ ⠀ᅠ⠀︎ ︎⠀ ⠀ 😂⠀ ⠀ ⠀︎⠀ ⠀ᅠ⠀︎ ︎⠀ ⠀ 😂⠀ ⠀ ⠀︎⠀ ⠀ ⠀ᅠ⠀ᅠ⠀ ⠀ ⠀ ⠀ ⠀ ⠀ ⠀︎ ︎ ᅠ⠀ ⠀ ⠀ᅠ⠀︎ ︎⠀ ⠀ ⠀ ⠀ ⠀︎⠀ ⠀ᅠ⠀︎ ︎⠀ ⠀ ⠀ ⠀ ⠀︎⠀ ⠀ ⠀ᅠ⠀ᅠ⠀ᅠ⠀ ⠀ ⠀ᅠ⠀︎ ︎⠀ ⠀ ⠀ ⠀ ⠀︎⠀ ⠀ᅠ⠀︎ ︎⠀ ⠀ ⠀ ⠀ ⠀︎⠀ ⠀ ⠀ᅠ⠀ᅠ⠀ ⠀ ⠀ ⠀ ⠀ ⠀ ⠀︎ ︎ ᅠ⠀ ⠀ ⠀ᅠ⠀︎ ︎⠀ ⠀ ⠀ ⠀ ⠀︎⠀ ⠀ᅠ⠀︎ ︎⠀ 😂⠀ ⠀ ⠀ ⠀︎⠀ ⠀ ⠀ᅠ⠀ᅠ⠀ᅠ⠀ ⠀ ⠀ᅠ⠀︎ ︎⠀ ⠀ ⠀ ⠀ ⠀︎⠀ ⠀ᅠ⠀︎ ︎⠀ ⠀ ⠀ ⠀ ⠀︎⠀ ⠀ ⠀ᅠ⠀ᅠ⠀ 
6910798769080976385,dzulfakarsudirman,canopy_689,1,0,0,0,1,1.0,1774238265,1774238265,[],Dzulfakar Sudirman
6911232913338221574,lutendom12,canopy_013,1,0,2,0,8,8.0,1774217822,1774217822,[],@yentrianis 🌼:@Penguin:bisa salin gak😹😹🤣ᅠ︎⠀ ⠀ 😂⠀ ⠀ ⠀︎⠀ 🤣ᅠ︎⠀ ⠀ 😂⠀ ⠀ ⠀︎⠀ ⠀ᅠ⠀︎ ︎⠀ ⠀ 😂⠀ ⠀ ⠀︎⠀ ⠀ ⠀ᅠ⠀ᅠ⠀ ⠀ ⠀ 🤣⠀ ⠀ ⠀ ⠀︎ ︎ ᅠ⠀ ⠀ ⠀ᅠ⠀︎ ︎⠀ ⠀ ⠀ ⠀ ⠀︎⠀ ⠀ᅠ⠀︎ ︎⠀ ⠀ ⠀ ⠀ ⠀︎⠀  ⠀ᅠ⠀ᅠ⠀ᅠ⠀ ⠀ ⠀ᅠ⠀︎ ︎⠀ ⠀ ⠀ ⠀ ⠀︎⠀ ⠀ᅠ⠀︎ ︎⠀ ⠀ ⠀ ⠀ ⠀︎⠀ ⠀ ⠀ᅠ⠀ᅠ⠀ ⠀ ⠀ ⠀ ⠀ ⠀ ⠀︎ ︎ ᅠ⠀ ⠀ ⠀ᅠ⠀︎ ︎⠀ ⠀ ⠀ ⠀ ⠀︎⠀ ⠀ᅠ⠀︎ ︎⠀ 😂⠀ ⠀ ⠀ ⠀︎⠀ ⠀ ⠀ᅠ⠀ᅠ⠀ᅠ⠀ ⠀ ⠀
6911435183242413058,99xkurdistan,canopy_463,1,0,0,0,1,1.0,1774454276,1774454276,[],[Sticker] 99xKURDISTAN
6912121422416790533,medamnazerankhan,canopy_195,1,0,0,0,2,2.0,1774404842,1774404842,[],[Sticker] ٹک ٹاک ٹو تھری
6912144792286462981,billlyn4z,canopy_535,1,0,0,0,1,1.0,1774359120,1774359120,[],billyn4z
6914709275327661062,boosboos744,canopy_013,1,0,0,0,1,1.0,1774392339,1774392339,[],[Sticker] 🐼🌹♥️❤️🎀❤️♥️🌹🐼
6914932704597935110,thegoods83,canopy_023,1,0,0,0,58,58.0,1774305102,1774305102,[],"Lol. karma for Palestine 🇵🇸 land they sit on and for all the thousand’s they have killed in Gaza. The. They tell Iranians to protest a regime change and protest under Israeli protection they were promised. Well they protested and like 30,000 people got pew pew because Israel brok"
6915837066996728837,detectve_6.1.1854,canopy_107,1,0,0,0,6,6.0,1774218874,1774218874,[],Hassan khalifa
6916463036367242245,moeke_corry,canopy_342,1,0,0,0,0,0.0,1776188504,1776188504,[],Praying for Gaza and Libanon moeke_corry
6916943071255872518,neomkhon,canopy_431,1,0,0,0,1,1.0,1774776055,1774776055,[],😂🤣Didn’t Isreal and America kill 120 innocent Iranian girls. neomkhon
6917079199762285573,darealkhariji1361,canopy_361,1,0,0,0,3,3.0,1774219778,1774219778,[],[Sticker] DaRealCDNRedneck82
6917607474581406725,cepheusjones,canopy_013,1,0,0,0,18,18.0,1774323945,1774323945,[],"Yes more please
☄️ ⠀ ⠀︎⠀ ⠀ᅠ⠀︎ ︎⠀ ⠀ ☄️ ⠀ ⠀︎⠀ ⠀ ⠀ᅠ⠀ᅠ⠀ ⠀ ⠀ ⠀ ⠀ ⠀ ⠀︎ ︎ ᅠ⠀ ⠀ ⠀ᅠ⠀︎ ︎⠀ ⠀ ⠀ ⠀ ⠀︎⠀ ⠀ᅠ⠀︎ ︎⠀ ⠀ ⠀ ⠀ ⠀︎⠀ ⠀ ⠀☄️ᅠ⠀ᅠ⠀ᅠ⠀ ⠀ ⠀ᅠ⠀︎ ︎⠀ ⠀ ⠀ ⠀ ⠀︎⠀ ⠀ᅠ⠀︎ ︎⠀ ⠀ ⠀ ⠀ ⠀︎⠀ ⠀ ⠀ᅠ⠀ᅠ⠀ ⠀ ⠀ ⠀ ⠀ ⠀ ⠀︎ ︎ ᅠ⠀ ⠀ ⠀ᅠ⠀︎ ︎⠀ ⠀ ⠀ ⠀ ⠀︎⠀ ⠀ᅠ⠀︎ ︎⠀☄️ ⠀ ⠀ ⠀︎⠀ ⠀ ⠀ᅠ⠀ᅠ⠀ᅠ⠀ ⠀ ⠀ᅠ⠀︎ ︎⠀ ⠀ ⠀ ⠀ ⠀︎⠀ ⠀ᅠ⠀︎ ︎⠀ ⠀ ⠀ ⠀ ⠀︎⠀ ⠀ ⠀ᅠ⠀ᅠ⠀ ⠀ "
6918522708590887938,limmick621,canopy_339,1,0,0,0,1,1.0,1774350545,1774350545,[],Did u reports what happened in Gaza? limmick621
6921826785543177222,mr.willvanegas,canopy_434,1,0,0,0,1,1.0,1774677375,1774677375,[],Will Vanegas49
6923847519505335302,stalin_au,canopy_369,1,0,0,0,1,1.0,1774741941,1774741941,[],"I can see the target was outside the residential building because there was a military target outside the residential building , that means that Israel has military infrastructure within residential areas Stalin Elvis40"
6923948494491567110,dicreativohn,canopy_343,1,0,0,0,0,0.0,1775449840,1775449840,[],LOOK AT MY REPOST Diseño Creativo HN
6928620904365540354,ahmad0yan1,canopy_570,1,0,0,0,1,1.0,1774330842,1774330842,[],[Sticker] ahmad0yan1
6930980050721260549,mrmo_wp,canopy_120,1,0,0,0,19,19.0,1774367875,1774367875,[],I see nothing Shaiky_WP
6932287413504033797,ammadofficial7,canopy_162,1,0,0,0,1,1.0,1774268382,1774268382,[],[Sticker] Perfect Short Kill all These Rats🔥🔥 𝘼𝙢𝙢𝙖𝙙 𝙃𝙪𝙨𝙨𝙖𝙞𝙣☑️
6932505658856408070,lungilem11,canopy_013,1,0,1,0,11,11.0,1774250394,1774250394,[],@Synchronous ❤️‍🔥: ☄️ ⠀ ⠀︎⠀ ⠀ᅠ⠀︎ ︎⠀ ⠀ ☄️ ⠀ ⠀︎⠀ ⠀ ⠀ᅠ⠀ᅠ⠀ ⠀ ⠀ ⠀ ⠀ ⠀ ⠀︎ ︎ ᅠ⠀ ⠀ ⠀ᅠ⠀︎ ︎⠀ ⠀ ⠀ ⠀ ⠀︎⠀ ⠀ᅠ⠀︎ ︎⠀ ⠀ ⠀ ⠀ ⠀︎⠀ ⠀ ⠀☄️ᅠ⠀ᅠ⠀ᅠ⠀ ⠀ ⠀ᅠ⠀︎ ︎⠀ ⠀ ⠀ ⠀ ⠀︎⠀ ⠀ᅠ⠀︎ ︎⠀ ⠀ ⠀ ⠀ ⠀︎⠀ ⠀ ⠀ᅠ⠀ᅠ⠀ ⠀ ⠀ ⠀ ⠀ ⠀ ⠀︎ ︎ ᅠ⠀ ⠀ ⠀ᅠ⠀︎ ︎⠀ ⠀ ⠀ ⠀ ⠀︎⠀ ⠀ᅠ⠀︎ ︎⠀☄️ ⠀ ⠀ ⠀︎⠀ ⠀ ⠀ᅠ⠀ᅠ⠀ᅠ⠀ ⠀ ⠀ᅠ⠀︎ ︎⠀ ⠀ ⠀ ⠀ ⠀︎⠀ ⠀ᅠ⠀︎ ︎⠀ ⠀ ⠀ ⠀ ⠀︎⠀ ⠀ ⠀ᅠ⠀ᅠ⠀
6933063571936953349,imarockprincess.official,canopy_065,2,0,0,0,7,3.5,1774323069,1774323114,[],Lynda LaSage Lynda LaSage
6933068895939724293,grantheman,canopy_629,1,0,0,0,1,1.0,1774250638,1774250638,[],American. I approve this message. grantheman
6933226203005453314,khuxchai,,1,0,0,0,494,494.0,1774225258,1774225258,[],A/Q
6934107948599919621,philmo825,canopy_598,1,0,0,0,1,1.0,1774299977,1774299977,[],philmo825 🆘🇺🇸
6936558089194849286,abderzboshdiriye,canopy_281,1,0,0,0,14,14.0,1774218254,1774218254,[],Abderz
6936971554723103749,w.lia11,canopy_306,1,0,0,0,4,4.0,1774218843,1774218843,[],[Sticker] W.lia
6937699010555724801,paimen.borland,canopy_472,2,0,0,0,2,1.0,1774450106,1774450108,[],[Sticker] paimen [Sticker] paimen
6938129809118577670,786arfanch,canopy_586,2,0,0,0,2,1.0,1774305858,1774305894,[],Ch Arfan741 Ch Arfan741
6943126304288572422,justthinking101,canopy_324,1,0,0,0,7,7.0,1774215263,1774215263,[],"When someone is negotiating for peace don’t betray them by backstab them it’s the most dangerous thing because the person chose peace and you chose chaos, Just Thinking 🤔"
6943266816316933126,agagelo71,canopy_409,1,0,0,0,2,2.0,1774398398,1774398398,[],[Sticker] agagelo71
6943355592603173893,tsm_real_speed,canopy_076,2,0,0,0,56,28.0,1774217687,1774217690,[],Yannik.nls Yannik.nls
6944138606031619077,alejandrarourke,canopy_183,1,0,0,0,0,0.0,1775743377,1775743377,[],Alejandra
6944422984339129349,denisouellet2,canopy_365,1,0,0,0,3,3.0,1774217630,1774217630,[],[Sticker] Phantom1747
6945373217453425669,nxuba_rhudulu,canopy_140,1,0,0,0,4,4.0,1774237954,1774237954,[],Avuyile
6945431007680726021,ron_tiktok_2021,canopy_328,1,0,0,0,4,4.0,1774215403,1774215403,[],Is Spongebob aware of this though 🥺 ron_tiktok_2021
6949381153037370374,aussiedan3337,canopy_209,1,0,0,0,7,7.0,1774231794,1774231794,[],Aussie Dan 3337🇦🇺🔴🟡⚫️
6949584343513940998,danteferilo,canopy_121,1,0,0,0,27,27.0,1774215879,1774215879,[],danteferilo
6950265718026683398,mu3taf4._,canopy_006,1,0,1,0,1,1.0,1774257066,1774257066,[],@Bilal M̶ U̶ S̶ T̶ A̶ F̶ A̶
6951539781936202758,peenarchamber,canopy_536,1,0,0,0,1,1.0,1774358911,1774358911,[],[Sticker] peenarchamber
6952320940948915206,mutamanyirwa,canopy_711,1,0,0,0,1,1.0,1774237480,1774237480,[],jjuukowahab
6954311078944965637,justinnacci,canopy_413,1,0,0,0,2,2.0,1774394883,1774394883,[],justinnacci
6954906602508993542,theright_000,canopy_624,1,0,0,0,1,1.0,1774258875,1774258875,[],Not any 360 with the camera??🤔🤔 Right
6959539375579677702,saxe32,canopy_316,1,0,0,0,3,3.0,1774240709,1774240709,[],AI is easy to spot and becoming really boring and irritating 🤔🤔 saxe32
6959645215931270150,876kng,canopy_339,2,0,0,0,2,1.0,1775478625,1775478625,[],What’s happening in Gaza? KngRamos876 What’s happening in Gaza? KngRamos876
6959659732336968709,injera.is.not.bread,canopy_332,1,0,0,0,3,3.0,1774326648,1774326648,[],"Wait, so they're now trying to claim Netanyahu is still in Israel? injera.is.not.bread🇪🇹🇺🇸"
6959868806102516741,barcatheloveonce2,canopy_298,1,0,0,0,5,5.0,1774236119,1774236119,[],where can I download this movie please Barca history
6960298061139969029,jawadsafdar340,canopy_452,1,0,0,0,1,1.0,1774238072,1774238072,[],misinformation Muhammad
6961111781085873157,halamadrid0266,canopy_590,1,0,0,0,1,1.0,1774303641,1774303641,[],HalaMadrid15
6961393844521174018,itikmalaya11,canopy_554,1,0,0,0,1,1.0,1774338844,1774338844,[],[Sticker] ItikMalaya
6962414155648320518,soninkeyugoml,canopy_490,1,0,0,0,1,1.0,1774395803,1774395803,[],[Sticker] Ibn’ Cheick
6962525040178217990,brahimidolllar,canopy_127,1,0,0,0,10,10.0,1774230124,1774230124,[],[Sticker] B.Døllär🇨🇲🇪🇸
6962998966736946178,.hussein231,canopy_056,1,0,0,0,12,12.0,1774218057,1774218057,[],dr.Hussein
6963109032279213061,dasmakaveli,canopy_302,1,0,0,0,4,4.0,1774222549,1774222549,[],dasmakaveli
6963912208137536518,saifulismyname,canopy_099,1,0,0,0,8,8.0,1774239501,1774239501,[],[Sticker] Saiful Anwar
6964671467075634178,rabber302,canopy_627,1,0,0,0,1,1.0,1774252497,1774252497,[],[Sticker] PakhTOON
6965175721303999494,abzamadula,canopy_273,1,0,0,0,9,9.0,1774216556,1774216556,[],[Sticker] Hans Madula
6965476267068392450,jimmyfalkon7,canopy_352,1,0,0,0,0,0.0,1775197024,1775197024,[],Everything got Limitations jimmyfalkon7
6965504260722361350,thebestazihari,canopy_072,1,0,0,0,8,8.0,1774218836,1774218836,[], AZIHARI THE TRAVELER 😎👜
6966250842496730117,userunknown08532278,canopy_473,1,0,0,0,1,1.0,1774447782,1774447782,[],userunknown08532278
6966657160718943238,abdul699967,canopy_080,1,0,0,0,7,7.0,1774229984,1774229984,[],Noshouting999
6967100298687923201,sugimulyanto12,canopy_505,1,0,0,0,1,1.0,1774391374,1774391374,[],[Sticker] sugimulyanto
6967116138620077061,chingo_free,canopy_522,1,0,0,0,1,1.0,1774380198,1774380198,[],chingo_free
6967843926171993093,realganancy001,canopy_013,1,0,0,0,6,6.0,1774275641,1774275641,[],things i love to see 👀 ☄️ ⠀ ⠀︎⠀ ⠀ᅠ⠀︎ ︎⠀ ⠀ ☄️ ⠀ ⠀︎⠀ ⠀ ⠀ᅠ⠀ᅠ⠀ ⠀ ⠀ ⠀ ⠀ ⠀ ⠀︎ ︎ ᅠ⠀ ⠀ ⠀ᅠ⠀︎ ︎⠀ ⠀ ⠀ ⠀ ⠀︎⠀ ⠀ᅠ⠀︎ ︎⠀ ⠀ ⠀ ⠀ ⠀︎⠀ ⠀ ⠀☄️ᅠ⠀ᅠ⠀ᅠ⠀ ⠀ ⠀ᅠ⠀︎ ︎⠀ ⠀ ⠀ ⠀ ⠀︎⠀ ⠀ᅠ⠀︎ ︎⠀ ⠀ ⠀ ⠀ ⠀︎⠀ ⠀ ⠀ᅠ⠀ᅠ⠀ ⠀ ⠀ ⠀ ⠀ ⠀ ⠀︎ ︎ ᅠ⠀ ⠀ ⠀ᅠ⠀︎ ︎⠀ ⠀ ⠀ ⠀ ⠀︎⠀ ⠀ᅠ⠀︎ ︎⠀☄️ ⠀ ⠀ ⠀︎⠀ ⠀ ⠀ᅠ⠀ᅠ⠀ᅠ⠀ ⠀ ⠀ᅠ⠀︎ ︎⠀ ⠀ ⠀ ⠀ ⠀︎⠀ ⠀ᅠ⠀︎ ︎⠀ ⠀ ⠀ ⠀ ⠀︎⠀ ⠀ ⠀
6967865342052893698,farid6377,canopy_643,1,0,0,0,1,1.0,1774241558,1774241558,[],Farid
6967982835219661825,kopiice241,canopy_649,1,0,0,0,1,1.0,1774240796,1774240796,[],[Sticker] Epul
6968051165704209409,3dooo0,canopy_659,1,0,0,0,1,1.0,1774239713,1774239713,[],3d000
6968767240784380929,kingheart213,canopy_477,1,0,0,0,1,1.0,1774240238,1774240238,[],[Sticker] lala ke jan 😍😍
6969163964988376070,s191066,canopy_146,1,0,0,0,4,4.0,1774225914,1774225914,[],views views views S
6969277135371748358,musa..206,canopy_667,1,0,0,0,1,1.0,1774239061,1774239061,[],musa
6969779682486141958,madriddddo,canopy_034,1,0,0,0,474,474.0,1774216219,1774216219,[],Cr7
6970399499022009349,alisumerrr,canopy_227,1,0,0,0,6,6.0,1774265602,1774265602,[],[Sticker] I’m sad علي سومر
6970474901372388357,xander504504,canopy_266,1,0,0,0,1,1.0,1774238306,1774238306,[],Thank you for showing this XANDER504504🇨🇭🇨🇦
6971670223084078081,muhammadumarirsyad510,canopy_525,1,0,0,0,1,1.0,1774375428,1774375428,[],[Sticker] 𝕀𝕞𝕒𝕟 𝕍𝕚𝕓𝕖𝕤 ®
6975000026854687749,antdote,canopy_334,1,0,0,0,3,3.0,1774237967,1774237967,[],Interesting that the word escalation is only used when referring to Iran's response antdote
6976288257181008902,brandeoficiali1,canopy_283,1,0,0,0,17,17.0,1774216646,1774216646,[],[Sticker] officialbrande
6976420668834497541,lissafalcon07,canopy_688,1,0,0,0,1,1.0,1774238298,1774238298,[],lissafalcon07
6977245355705156609,littlecritters25,canopy_267,1,0,0,0,155,155.0,1774237257,1774237257,[],Can we just live peacefully and be kind to each other? 🥹 just love and peace. That's what Jesus taught us Jaycee
6978785360063267846,pk.2x,canopy_051,1,0,0,0,19,19.0,1774231539,1774231539,[],[Sticker] ﻟَﺂ ﺍِﻟٰﻪَﺍِﻟَﺎ ﺍﻟﻠّٰﻪُﻣُﺤَﻤَﺪٌ ﺭَﺳُﻮْﻝُﺍﻟﻠّٰﻪِؕ ﷺ 🇵🇰 𓅓
6979776947182355462,ly_rical1,canopy_084,1,0,0,0,7,7.0,1774232930,1774232930,[],Ly_Rical
6980103239853163522,bhlenganpanjang,canopy_394,1,0,0,0,2,2.0,1774402922,1774402922,[],[Sticker] BH Lengan Panjang
6981112366020838426,rahatahmedoli,canopy_256,1,0,0,0,5,5.0,1774231877,1774231877,[],[Sticker] My Bangladesh313
6981168624778216453,jochen_jochbeinbrecher_,canopy_548,1,0,0,0,1,1.0,1774350705,1774350705,[],[Sticker] vorname_nachname
6981842793023243270,bacardi999,canopy_195,1,0,0,0,5,5.0,1774214793,1774214793,[],[Sticker] ⃟
6982171632279634946,sigma3838,canopy_013,1,0,0,0,19,19.0,1774375832,1774375832,[],"more please
☄️ ⠀ ⠀︎⠀ ⠀ᅠ⠀︎ ︎⠀ ⠀ ☄️ ⠀ ⠀︎⠀ ⠀ ⠀ᅠ⠀ᅠ⠀ ⠀ ⠀ ⠀ ⠀ ⠀ ⠀︎ ︎ ᅠ⠀ ⠀ ⠀ᅠ⠀︎ ︎⠀ ⠀ ⠀ ⠀ ⠀︎⠀ ⠀ᅠ⠀︎ ︎⠀ ⠀ ⠀ ⠀ ⠀︎⠀ ⠀ ⠀☄️ᅠ⠀ᅠ⠀ᅠ⠀ ⠀ ⠀ᅠ⠀︎ ︎⠀ ⠀ ⠀ ⠀ ⠀︎⠀ ⠀ᅠ⠀︎ ︎⠀ ⠀ ⠀ ⠀ ⠀︎⠀ ⠀ ⠀ᅠ⠀ᅠ⠀ ⠀ ⠀ ⠀ ⠀ ⠀ ⠀︎ ︎ ᅠ⠀ ⠀ ⠀ᅠ⠀︎ ︎⠀ ⠀ ⠀ ⠀ ⠀︎⠀ ⠀ᅠ⠀︎ ︎⠀☄️ ⠀ ⠀ ⠀︎⠀ ⠀ ⠀ᅠ⠀ᅠ⠀ᅠ⠀ ⠀ ⠀ᅠ⠀︎ ︎⠀ ⠀ ⠀ ⠀ ⠀︎⠀ ⠀ᅠ⠀︎ ︎⠀ ⠀ ⠀ ⠀ ⠀︎⠀ ⠀ ⠀ᅠ⠀ᅠ⠀ ⠀ ⠀ ⠀ "
6982498486395175942,jakwath,canopy_077,1,0,0,0,11,11.0,1774227539,1774227539,[],CHIKE......
6984293816250401794,ibulong1227,canopy_672,1,0,0,0,1,1.0,1774238827,1774238827,[],[Sticker] IbuLong
6984465184196150278,cristooforoiglesias,canopy_563,1,0,0,0,1,1.0,1774334409,1774334409,[],[Sticker] Cristopher
6984843073390248966,alik_01278373,canopy_458,1,0,0,0,1,1.0,1774457951,1774457951,[],[Sticker] Alik_01278373
6985530541395624966,t_nel_,canopy_109,1,0,0,0,7,7.0,1774228774,1774228774,[],Something Strange about this video 🤔 T_nel_
6986127145840821254,chuhadryyasir,canopy_089,1,0,0,0,7,7.0,1774236575,1774236575,[],Chuhadry Yasir
6986545839854339074,rafys78,canopy_378,1,0,0,0,2,2.0,1774445857,1774445857,[],rafys78
6987339607461889025,lalalalalalaala9,canopy_655,1,0,0,0,1,1.0,1774240383,1774240383,[],[Sticker] takdokubat🐯
6987706064737289217,justnobody11223344,canopy_059,1,0,0,0,7,7.0,1774322230,1774322230,[],JustNobody
6987886708910212102,jack195216,canopy_416,2,0,0,0,3,1.5,1774392767,1774392803,[],[Sticker] JACKSON [Sticker] JACKSON
6989905844062258202,life_exists_,canopy_277,1,0,0,0,15,15.0,1774218516,1774218516,[],[Sticker] Scared🥺
6990019487899501573,fabiansotelo685,canopy_136,1,0,0,0,5,5.0,1774219903,1774219903,[],fabiansotelo685
6990299477060781061,danish.ahmed.sadd,canopy_134,1,0,0,0,5,5.0,1774230892,1774230892,[],Danish Ahmed saddiQi
6990433306123682822,ermano._,canopy_013,1,0,0,0,8,8.0,1774245520,1774245520,[],"Yes more please…..
☄️ ⠀ ⠀︎⠀ ⠀ᅠ⠀︎ ︎⠀ ⠀ ☄️ ⠀ ⠀︎⠀ ⠀ ⠀ᅠ⠀ᅠ⠀ ⠀ ⠀ ⠀ ⠀ ⠀ ⠀︎ ︎ ᅠ⠀ ⠀ ⠀ᅠ⠀︎ ︎⠀ ⠀ ⠀ ⠀ ⠀︎⠀ ⠀ᅠ⠀︎ ︎⠀ ⠀ ⠀ ⠀ ⠀︎⠀ ⠀ ⠀☄️ᅠ⠀ᅠ⠀ᅠ⠀ ⠀ ⠀ᅠ⠀︎ ︎⠀ ⠀ ⠀ ⠀ ⠀︎⠀ ⠀ᅠ⠀︎ ︎⠀ ⠀ ⠀ ⠀ ⠀︎⠀ ⠀ ⠀ᅠ⠀ᅠ⠀ ⠀ ⠀ ⠀ ⠀ ⠀ ⠀︎ ︎ ᅠ⠀ ⠀ ⠀ᅠ⠀︎ ︎⠀ ⠀ ⠀ ⠀ ⠀︎⠀ ⠀ᅠ⠀︎ ︎⠀☄️ ⠀ ⠀ ⠀︎⠀ ⠀ ⠀ᅠ⠀ᅠ⠀ᅠ⠀ ⠀ ⠀ᅠ⠀︎ ︎⠀ ⠀ ⠀ ⠀ ⠀︎⠀ ⠀ᅠ⠀︎ ︎⠀ ⠀ ⠀ ⠀ ⠀︎⠀ ⠀ ⠀ᅠ⠀ᅠ⠀"
6991030367710233602,roslijeff901,canopy_166,1,0,0,0,4,4.0,1774220232,1774220232,[],roslijeff901
6991296494569735173,adrian.leiton1,canopy_396,1,0,0,0,2,2.0,1774401352,1774401352,[],Adrian Leiton
6991802841732219910,remy___yow,canopy_232,1,0,0,0,4,4.0,1774241960,1774241960,[],[Sticker] Zakk Mo
6993227536423945222,kay_awad,canopy_219,1,0,0,0,31,31.0,1774217698,1774217698,[],Kay
6993706047081530374,usa_451,canopy_539,1,0,0,0,1,1.0,1774356817,1774356817,[],Nexus 🇺🇸🇩🇿🦅
6994977751610475525,duuliyesare.2.5.2,canopy_013,1,0,0,0,20,20.0,1774221501,1774221501,[],⠀ ⠀︎⠀ ⠀ᅠ⠀︎ ︎⠀ ⠀ ☄️ ⠀ ⠀︎⠀ ⠀ ⠀ᅠ⠀ᅠ⠀ ⠀ ⠀ ⠀ ⠀ ⠀ ⠀︎ ︎ ᅠ⠀ ⠀ ⠀ᅠ⠀︎ ︎⠀ ⠀ ⠀ ⠀ ⠀︎⠀ ⠀ᅠ⠀︎ ︎⠀ ⠀ ⠀ ⠀ ⠀︎⠀ ⠀ ⠀☄️ᅠ⠀ᅠ⠀ᅠ⠀ ⠀ ⠀ᅠ⠀︎ ︎⠀ ⠀ ⠀ ⠀ ⠀︎⠀ ⠀ᅠ⠀︎ ︎⠀ ⠀ ⠀ ⠀ ⠀︎⠀ ⠀ ⠀ᅠ⠀ᅠ⠀ ⠀ ⠀ ⠀ ⠀ ⠀ ⠀︎ ︎ ᅠ⠀ ⠀ ⠀ᅠ⠀︎ ︎⠀ ⠀ ⠀ ⠀ ⠀︎⠀ ⠀ᅠ⠀︎ ︎⠀☄️ ⠀ ⠀ ⠀︎⠀ ⠀ ⠀ᅠ⠀ᅠ⠀ᅠ⠀ ⠀ ⠀ᅠ⠀︎ ︎⠀ ⠀ ⠀ ⠀ ⠀︎⠀ ⠀ᅠ⠀︎ ︎⠀ ⠀ ⠀ ⠀ ⠀︎⠀ ⠀ ⠀ᅠ⠀ᅠ⠀ ⠀ ⠀ ⠀ ⠀ ☄️ ⠀︎ ︎ ᅠ⠀ ⠀ 
6995594325438972933,chinio_horseman,canopy_014,1,0,0,0,665,665.0,1774231267,1774231267,[],Please Denys_Chinio
6995830130393400325,13b_jay,canopy_388,1,0,0,0,2,2.0,1774413379,1774413379,[],crazy Jay
6996027289760187398,afrin.kurdistan1991,canopy_530,1,0,0,0,1,1.0,1774364822,1774364822,[],𝑨𝒇𝒓𝒊𝒏 𝑲𝒖𝒓𝒅𝒊𝒔𝒕𝒂𝒏
7002249998172046337,aniqskala,canopy_013,1,0,0,0,12,12.0,1774240124,1774240124,[],"@🫀🪨...:Yes more please
☄️ ⠀ ⠀︎⠀ ⠀ᅠ⠀︎ ︎⠀ ⠀ ☄️ ⠀ ⠀︎⠀ ⠀ ⠀ᅠ⠀ᅠ⠀ ⠀ ⠀ ⠀ ⠀ ⠀ ⠀︎ ︎ ᅠ⠀ ⠀ ⠀ᅠ⠀︎ ︎⠀ ⠀ ⠀ ⠀ ⠀︎⠀ ⠀ᅠ⠀︎ ︎⠀ ⠀ ⠀ ⠀ ⠀︎⠀ ⠀ ⠀☄️ᅠ⠀ᅠ⠀ᅠ⠀ ⠀ ⠀ᅠ⠀︎ ︎⠀ ⠀ ⠀ ⠀ ⠀︎⠀ ⠀ᅠ⠀︎ ︎⠀ ⠀ ⠀ ⠀ ⠀︎⠀ ⠀ ⠀ᅠ⠀ᅠ⠀ ⠀ ⠀ ⠀ ⠀ ⠀ ⠀︎ ︎ ᅠ⠀ ⠀ ⠀ᅠ⠀︎ ︎⠀ ⠀ ⠀ ⠀ ⠀︎⠀ ⠀ᅠ⠀︎ ︎⠀☄️ ⠀ ⠀ ⠀︎⠀ ⠀ ⠀ᅠ⠀ᅠ⠀ᅠ⠀ ⠀ ⠀ᅠ⠀︎ ︎⠀ ⠀ ⠀ ⠀ ⠀︎⠀ ⠀ᅠ⠀︎ ︎⠀ ⠀ ⠀ ⠀ ⠀︎⠀ ⠀ ⠀"
7002488915312739330,random_guy_on_internet77,,1,0,0,0,1,1.0,1774338215,1774338215,[],לעזאזל עם ישראל
7004852704795280390,lis_adhd,canopy_126,1,0,0,0,7,7.0,1774236270,1774236270,[],[Sticker] Lisa
7004989334039790597,eat.my.shortss,canopy_455,1,0,0,0,1,1.0,1774458786,1774458786,[],[Sticker] eat.my.shortss
7006020640302613509,barbaroskaptan71,canopy_261,1,0,0,0,0,0.0,1775230616,1775230616,[],[Sticker] barbaroskaptan71
7006613667513418757,taha_saud08,canopy_013,1,0,0,0,19,19.0,1774238315,1774238315,[],☄️ ⠀ ⠀︎⠀ ⠀ᅠ⠀︎ ︎⠀ ⠀ ☄️ ⠀ ⠀︎⠀ ⠀ ⠀ᅠ⠀ᅠ⠀ ⠀ ⠀ ⠀ ⠀ ⠀ ⠀︎ ︎ ᅠ⠀ ⠀ ⠀ᅠ⠀︎ ︎⠀ ⠀ ⠀ ⠀ ⠀︎⠀ ⠀ᅠ⠀︎ ︎⠀ ⠀ ⠀ ⠀ ⠀︎⠀ ⠀ ⠀☄️ᅠ⠀ᅠ⠀ᅠ⠀ ⠀ ⠀ᅠ⠀︎ ︎⠀ ⠀ ⠀ ⠀ ⠀︎⠀ ⠀ᅠ⠀︎ ︎⠀ ⠀ ⠀ ⠀ ⠀︎⠀ ⠀ ⠀ᅠ⠀ᅠ⠀ ⠀ ⠀ ⠀ ⠀ ⠀ ⠀︎ ︎ ᅠ⠀ ⠀ ⠀ᅠ⠀︎ ︎⠀ ⠀ ⠀ ⠀ ⠀︎⠀ ⠀ᅠ⠀︎ ︎⠀☄️ ⠀ ⠀ ⠀︎⠀ ⠀ ⠀ᅠ⠀ᅠ⠀ᅠ⠀ ⠀ ⠀ᅠ⠀︎ ︎⠀ ⠀ ⠀ ⠀ ⠀︎⠀ ⠀ᅠ⠀︎ ︎⠀ ⠀ ⠀ ⠀ ⠀︎⠀ ⠀ ⠀ᅠ⠀ᅠ⠀ ⠀ ⠀ ⠀ ⠀ ☄️ ⠀︎ ︎ ᅠ⠀
7007755339752113158,diablo_sama0097,canopy_465,1,0,0,0,1,1.0,1774452957,1774452957,[],Noob Gamer
7007808562148705285,habibmydrivingschool,canopy_438,1,0,0,0,1,1.0,1774597755,1774597755,[],"Evil Netanyahu, What do you do when you attack neighboring countries?....... you've been killing innocent people in Palestine!!!
Free Palestine 🇵🇸 Habib My Driving School"
7009641336668161030,wendiebln,canopy_022,1,0,0,0,970,970.0,1774370744,1774370744,[],PRAYING FOR PEOPLE OF PALESTINE ♥️🇵🇸 🙏 wendie
7012341717442462725,mdnirob1555,canopy_013,1,0,1,0,8,8.0,1774231046,1774231046,[],@Jessie: MORE🔥🤌🏼😁😂☄️ ⠀ ⠀︎⠀ ⠀ᅠ⠀︎ ︎⠀ ⠀ ☄️ ⠀ ⠀︎⠀ ⠀ ⠀ᅠ⠀☄️ᅠ⠀ᅠ ⠀ ⠀︎⠀ ⠀ ⠀ᅠ⠀ᅠ ⠀ ☄️ ⠀︎⠀ ⠀ᅠ⠀︎ ︎⠀ᅠ☄️ ⠀ ⠀ᅠ⠀︎ ︎⠀ ⠀ ⠀ ⠀  ☄️ ⠀ᅠ⠀︎ ︎⠀ ⠀  ⠀ ⠀ᅠ⠀ᅠ⠀ ⠀ ⠀ ⠀ ⠀ ⠀ ⠀︎ ︎ ᅠ☄️ ⠀ ⠀ᅠ⠀︎ ︎⠀☄️ ⠀ ⠀☄️☄️︎⠀ ⠀ᅠ⠀︎ ︎⠀ ⠀ ⠀ ⠀☄️ ⠀︎⠀ ⠀ ⠀ᅠ⠀ᅠ⠀ᅠ⠀☄️ ⠀ ⠀ᅠ⠀︎☄️ ⠀ ⠀ ⠀︎⠀ ⠀ᅠ⠀︎ ︎⠀ ⠀ ⠀ ⠀ ⠀︎⠀ ⠀ ⠀ᅠ⠀ᅠ⠀ ⠀ ⠀ ⠀ ⠀ ⠀ ⠀︎. ☄️︎ ᅠ⠀ ⠀ ⠀ᅠ⠀︎ ︎⠀︎⠀ ⠀ 
7013057860546036742,userec1vvkbf3k,,1,0,0,0,1,1.0,1774303584,1774303584,[],علي العزاوي
7014641270266594330,imamasrori212,canopy_337,1,0,0,0,3,3.0,1774236063,1774236063,[],gimana para saksi...? Ikhlas ku mencintaimu
7014863130023052293,emsewingmechanics,canopy_005,1,0,0,0,1650,1650.0,1774218041,1774218041,[],the movie name please E&M sewing mechanic engineers
7014893568998228993,_its.haider,canopy_013,1,0,0,0,8,8.0,1774243538,1774243538,[],☄️ ⠀ᅠ⠀ᅠ⠀ ⠀ ⠀ ⠀ ⠀ ⠀ ⠀︎ ︎ ᅠ⠀ ⠀ ⠀ᅠ⠀︎ ︎⠀ ⠀ ⠀ ⠀ ⠀︎⠀ᅠᅠ⠀ ⠀ ⠀ᅠ⠀︎ ︎⠀ ⠀ ⠀ ⠀ ⠀︎⠀ ⠀ᅠ⠀︎ ︎⠀ ⠀ ⠀ ⠀ ⠀︎⠀ ⠀ ⠀ᅠ⠀ᅠ⠀ ⠀ ⠀ ⠀ ⠀ ⠀ ⠀︎ ︎ ᅠ⠀ ⠀ ⠀ᅠ☄️︎⠀ ⠀ ⠀ ⠀☄️ ⠀ᅠ⠀︎ ︎⠀ ⠀ ⠀ ⠀ ⠀︎⠀ ⠀ ⠀ᅠ⠀ᅠ⠀ᅠ⠀ ⠀ ⠀ᅠ⠀︎ ︎⠀ ⠀ ⠀ ⠀ ⠀︎⠀☄️ ⠀ᅠ⠀︎ ︎⠀ ⠀ ⠀ ⠀ ⠀︎⠀ ⠀☄️ᅠ☄️ᅠ⠀ ⠀ ⠀ ⠀ ⠀ ⠀ ⠀︎ ︎ ᅠ⠀ ⠀ ⠀☄️ᅠ⠀︎ ︎⠀ ⠀ ⠀ ⠀ ⠀︎⠀ ⠀ᅠ⠀︎ ︎⠀ ⠀☄️ ⠀ ⠀︎⠀ ⠀ ⠀ᅠ⠀ᅠ⠀ᅠ☄️ ⠀ ⠀
7014981470109565957,lendexe,canopy_013,1,0,0,0,8,8.0,1774414700,1774414700,[],☄️ ⠀ ⠀︎⠀ ⠀ᅠ⠀︎ ︎⠀ ⠀ ☄️ ⠀ ⠀︎⠀ ⠀ ⠀ᅠ⠀ᅠ⠀ ⠀ ⠀ ⠀ ⠀ ⠀ ⠀︎ ︎ ᅠ⠀ ⠀ ⠀ᅠ⠀︎ ︎⠀ ⠀ ⠀ ⠀ ⠀︎⠀ ⠀ᅠ⠀︎ ︎⠀ ⠀ ⠀ ⠀ ⠀︎⠀ ⠀ ⠀☄️ᅠ⠀ᅠ⠀ᅠ⠀ ⠀ ⠀ᅠ⠀︎ ︎⠀ ⠀ ⠀ ⠀ ⠀︎⠀ ⠀ᅠ⠀︎ ︎⠀ ⠀ ⠀ ⠀ ⠀︎⠀ ⠀ ⠀ᅠ⠀ᅠ⠀ ⠀ ⠀ ⠀ ⠀ ⠀ ⠀︎ ︎ ᅠ⠀ ⠀ ⠀ᅠ⠀︎ ︎⠀ ⠀ ⠀ ⠀ ⠀︎⠀ ⠀ᅠ⠀︎ ︎⠀☄️ ⠀ ⠀ ⠀︎⠀ ⠀ ⠀ᅠ⠀ᅠ⠀ᅠ⠀ ⠀ ⠀ᅠ⠀︎ ︎⠀ ⠀ ⠀ ⠀ ⠀︎⠀ ⠀ᅠ⠀︎ ︎⠀ ⠀ ⠀ ⠀ ⠀︎⠀ ⠀ ⠀ᅠ⠀ᅠ⠀ ⠀ ⠀ ⠀ ⠀ ☄️ ⠀︎ ︎ ᅠ⠀
7016049507684271110,bilyaminumohammed11,canopy_601,1,0,0,0,1,1.0,1774291232,1774291232,[],masha Allah 👑𝕂𝕀ℕ𝔾 𝔹𝕀𝕃𝕐𝔸𝕄𝕀ℕ𝕌👑
7017795675979924481,....conika,canopy_025,1,0,0,0,3,3.0,1774226592,1774226592,[],please stop war ! candy santos
7019122231100359681,_kokak123,canopy_677,1,0,0,0,1,1.0,1774238502,1774238502,[],[Sticker] kokak123
7019741447605027842,ger01k,canopy_000,1,0,0,0,1,1.0,1774238707,1774238707,[],у камеры немного астигматизм 🌇🌆🌃 @
7019854514410210309,wikygirl007,canopy_437,1,0,0,0,1,1.0,1774628106,1774628106,[],"Why isn’t Israel, not sending their own troops to Iran. Why USA troops???? Torontogirl"
7020067657941763078,thander474,canopy_613,1,0,0,0,1,1.0,1774271520,1774271520,[],We have a living and loving God stop fighting no one will win.... This is about power money and greed Thander
7021176533500134406,tyberzan80,canopy_460,1,0,0,0,1,1.0,1774456609,1774456609,[],[Sticker] Mirko
7022490858335421441,oldg4200,canopy_234,1,0,0,0,5,5.0,1774230977,1774230977,[],[Sticker] OG*
7023254401751335938,murad19995312,canopy_107,1,0,0,0,4,4.0,1774234113,1774234113,[],[Sticker] Murad Hassan 💍
7024036134000116742,sayed.110.sayed,canopy_421,1,0,0,0,2,2.0,1774334391,1774334391,[],HASHMI🇵🇰
7024773008388834309,wrap.it.up.lil.bro,,1,0,0,0,204,204.0,1774224949,1774224949,[],⃟
7025154962762826753,wanmd75,canopy_171,1,0,0,0,4,4.0,1774221747,1774221747,[],wanmd75
7028867830490547206,hadiza2224,canopy_025,1,0,0,0,9,9.0,1774217771,1774217771,[],Stop the war. Samirah_2224
7029374960272081925,eltrul,canopy_154,1,0,0,0,4,4.0,1774233572,1774233572,[],eltrul
7029826856011580421,signaturetv1,canopy_173,1,0,0,0,4,4.0,1774220095,1774220095,[],[Sticker] SIGNATURE
7030932109430899718,foothballrumortv,canopy_300,1,0,0,0,5,5.0,1774224769,1774224769,[],Please stop foothballrumortv
7030985942694036485,mr_800r,canopy_263,1,0,0,0,4,4.0,1774231004,1774231004,[],[Sticker] 𝒩𝓎𝒸𝓉𝑜𝓅𝒽𝒾𝓁𝑒
7031874916669015045,hichamrifenyo,canopy_537,1,0,0,0,1,1.0,1774358291,1774358291,[],HRifeño🇵🇸
7033309963939496987,mustclean.malang,canopy_013,1,0,0,0,36,36.0,1774266149,1774266149,[],we want more... we want more⠀ ⠀ᅠ⠀ ⠀ ⠀ᅠ⠀︎ ︎⠀ ⠀ ⠀ ⠀ ⠀︎⠀ ⠀ᅠ⠀︎ ︎⠀ ⠀ ⠀ ⠀ ⠀︎⠀ ⠀ ⠀☄️ᅠ⠀ᅠ⠀ᅠ⠀ ⠀ ⠀ᅠ⠀︎ ︎⠀ ⠀ ⠀ ⠀ ⠀︎⠀ ⠀ᅠ⠀︎ ︎⠀ ⠀ ⠀ ⠀ ⠀︎⠀ ⠀ ⠀ᅠ⠀ᅠ⠀ ⠀ ⠀ ⠀ ⠀ ⠀ ⠀︎ ︎ ᅠ⠀ ⠀ ⠀ᅠ⠀︎ ︎⠀ ⠀ ⠀ ⠀ ⠀︎⠀ ⠀ᅠ⠀︎ ︎⠀☄️ ⠀ ⠀ ⠀︎⠀ ⠀ ⠀ᅠ⠀ᅠ⠀ᅠ⠀ ⠀ ⠀ᅠ⠀︎ ︎⠀ ⠀ ⠀ ⠀ ⠀︎⠀ ⠀ᅠ⠀︎ ︎⠀ ⠀ ⠀ ⠀ ⠀︎⠀ ⠀ ⠀ᅠ⠀ᅠ⠀ ⠀ ⠀ ⠀ ⠀ ☄️ ⠀︎ ︎ ᅠ⠀ ⠀ ⠀ᅠ⠀︎ ︎⠀ ⠀ ⠀ ⠀ ⠀︎⠀
7033817528258741254,jennifer39503,canopy_411,1,0,0,0,2,2.0,1774397501,1774397501,[],Jennifer Ann
7033903061694268422,abubakarbashir1986,canopy_289,1,0,0,0,7,7.0,1774228473,1774228473,[],ButtSahib
7034907735930160133,5_c4r,canopy_051,1,0,0,0,0,0.0,1775950478,1775950478,[],[Sticker] 🕸5️⃣©️4️⃣®️🕸
7035774233357026309,consegne1,canopy_202,1,0,0,0,0,0.0,1775292548,1775292548,[],sempreio
7036516442238518278,glory_816backup,canopy_511,1,0,0,0,1,1.0,1774390694,1774390694,[],[Sticker] glory_816
7038625080130520065,ahmedsefor,canopy_240,1,0,0,0,7,7.0,1774230191,1774230191,[],[Sticker] Faruk Sattar
7039563533004424198,ibtesamfancyfacetonta,canopy_680,2,0,0,0,2,1.0,1774238348,1774238387,[],what about the innocent people in these wars that's scared Charmd1🦋 yoh WORLD PEACE MAN GUYS Charmd1🦋
7040265792459162670,martindelgado060,canopy_507,1,0,0,0,1,1.0,1774391052,1774391052,[],Martin delgado
7040595999366759430,iceimpactinstantsnacks,canopy_217,1,0,0,0,1,1.0,1774390609,1774390609,[],[Sticker] AïssaFM ˙⋆✮ (real stand user)
7041796261662049281,thant09964433782,canopy_081,1,0,0,0,55,55.0,1774236038,1774236038,[],The United States has a responsibility to stop this war Thant Zin 🇲🇲🇹🇯
7041945495375971329,jihanbai2,canopy_521,1,0,0,0,1,1.0,1774380688,1774380688,[],foryou💵🐉🐲🪲
7043496794727613445,its_now_noxx,canopy_307,1,0,0,0,4,4.0,1774217054,1774217054,[],[Sticker] 𝘽. 𝙉𝙤𝙭𝙭𝙚𝙣𝙧𝙚𝙞𝙘𝙝
7043787986584814598,koyes.01,canopy_217,1,0,0,0,7,7.0,1774230351,1774230351,[],[Sticker] Unknown user
7043966862137721903,foyonakezaki,canopy_252,1,0,0,0,3,3.0,1774235456,1774235456,[],[Sticker] FoYonaKezaki
7045679836841837569,user825465651435,canopy_310,1,0,0,0,3,3.0,1774249181,1774249181,[],stop war peace please amal
7046403690119808006,user405010414,canopy_312,1,0,0,0,4,4.0,1774219526,1774219526,[],[Sticker] BigMike
7047368764291171333,leninmacumbeiro,canopy_092,1,0,0,0,6,6.0,1774232186,1774232186,[],LeninMacumbeiro
7047494209448166401,crashoveride6163,canopy_013,1,0,0,0,101,101.0,1774262835,1774262835,[],"more please
☄️ ⠀ ⠀︎⠀ ⠀ᅠ⠀︎ ︎⠀ ⠀ ☄️ ⠀ ⠀︎⠀ ⠀ ⠀ᅠ⠀ᅠ⠀ ⠀ ⠀ ⠀ ⠀ ⠀ ⠀︎ ︎ ᅠ⠀ ⠀ ⠀ᅠ⠀︎ ︎⠀ ⠀ ⠀ ⠀ ⠀︎⠀ ⠀ᅠ⠀︎ ︎⠀ ⠀ ⠀ ⠀ ⠀︎⠀ ⠀ ⠀☄️ᅠ⠀ᅠ⠀ᅠ⠀ ⠀ ⠀ᅠ⠀︎ ︎⠀ ⠀ ⠀ ⠀ ⠀︎⠀ ⠀ᅠ⠀︎ ︎⠀ ⠀ ⠀ ⠀ ⠀︎⠀ ⠀ ⠀ᅠ⠀ᅠ⠀ ⠀ ⠀ ⠀ ⠀ ⠀ ⠀︎ ︎ ᅠ⠀ ⠀ ⠀ᅠ⠀︎ ︎⠀ ⠀ ⠀ ⠀ ⠀︎⠀ ⠀ᅠ⠀︎ ︎⠀☄️ ⠀ ⠀ ⠀︎⠀ ⠀ ⠀ᅠ⠀ᅠ⠀ᅠ⠀ ⠀ ⠀ᅠ⠀︎ ︎⠀ ⠀ ⠀ ⠀ ⠀︎⠀ ⠀ᅠ⠀︎ ︎⠀ ⠀ ⠀ ⠀ ⠀︎⠀ ⠀ ⠀ᅠ⠀ᅠ⠀ ⠀ ⠀ ⠀ "
7050498314663379974,ridoy.ctg,canopy_013,1,0,1,0,7,7.0,1774269518,1774269518,[],"@SiddXFitness:...:Yes more please
☄️ ⠀ ⠀︎⠀ ⠀ᅠ⠀︎ ︎⠀ ⠀ ☄️ ⠀ ⠀︎⠀ ⠀ ⠀ᅠ⠀ᅠ⠀ ⠀ ⠀ ⠀ ⠀ ⠀ ⠀︎ ︎ ᅠ⠀ ⠀ ⠀ᅠ⠀︎ ︎⠀ ⠀ ⠀ ⠀ ⠀︎⠀ ⠀ᅠ⠀︎ ︎⠀ ⠀ ⠀ ⠀ ⠀︎⠀ ⠀ ⠀☄️ᅠ⠀ᅠ⠀ᅠ⠀ ⠀ ⠀ᅠ⠀︎ ︎⠀ ⠀ ⠀ ⠀ ⠀︎⠀ ⠀ᅠ⠀︎ ︎⠀ ⠀ ⠀ ⠀ ⠀︎⠀ ⠀ ⠀ᅠ⠀ᅠ⠀ ⠀ ⠀ ⠀ ⠀ ⠀ ⠀︎ ︎ ᅠ⠀ ⠀ ⠀ᅠ⠀︎ ︎⠀ ⠀ ⠀ ⠀ ⠀︎⠀ ⠀ᅠ⠀︎ ︎⠀☄️ ⠀ ⠀ ⠀︎⠀ ⠀ ⠀ᅠ⠀ᅠ⠀ᅠ⠀ ⠀ ⠀ᅠ⠀︎ ︎⠀ ⠀ ⠀ ⠀ ⠀︎⠀ ⠀ᅠ⠀︎ ︎⠀ ⠀ "
7055373226209772549,tigerbayboy,canopy_605,1,0,0,0,1,1.0,1774284525,1774284525,[],who cares Tiger bay boy
7057509455312061445,alaminhasannerob,canopy_258,1,0,0,0,1,1.0,1774328523,1774328523,[],[Sticker] Alamin Hasan 🇸🇦
7057768423321748481,nashruddin90,canopy_013,1,0,0,0,9,9.0,1774286516,1774286516,[],⠀ ⠀︎ ︎ ᅠ⠀ ⠀ ⠀ᅠ⠀︎ ︎⠀ ⠀ ⠀ ⠀ ⠀︎⠀ ⠀ᅠ⠀︎ ︎⠀ ⠀ ⠀ ⠀ ⠀︎⠀  ⠀ᅠ⠀ᅠ⠀ᅠ⠀ ⠀ ⠀ᅠ⠀︎ ︎⠀ ⠀ ⠀ ⠀ ⠀︎⠀ ⠀ᅠ⠀︎ ︎⠀ ⠀ ⠀ ⠀ ⠀︎⠀ ⠀ ⠀ᅠ⠀ᅠ⠀ ⠀ ⠀ ⠀ ⠀ ⠀ ⠀︎ ︎ ᅠ⠀ ⠀ ⠀ᅠ⠀︎ ︎⠀ ⠀ ⠀ ⠀ ⠀︎⠀ ⠀ᅠ⠀︎ ︎⠀ 😂⠀ ⠀ ⠀ ⠀︎⠀ ⠀ ⠀ᅠ⠀ᅠ⠀ᅠ⠀ ⠀ ⠀ᅠ⠀︎ ︎⠀ ⠀ ⠀ ⠀🤣 ⠀︎⠀ ⠀ᅠ⠀︎ ︎⠀ ⠀ ⠀ ⠀ ⠀︎⠀ ⠀ ⠀ᅠ⠀ᅠ⠀ ⠀ ⠀ ⠀ ⠀ 😂⠀ ⠀︎ ︎ ᅠ⠀ ⠀ ⠀ᅠ⠀︎ ︎⠀ ⠀ ⠀ ⠀ ⠀︎⠀ ⠀ᅠ⠀︎ ︎⠀ ⠀ ⠀ ⠀ ⠀︎⠀ ⠀ ⠀ᅠ⠀ᅠ
7059866762607690753,muggsgpwrx3,canopy_244,1,0,0,0,0,0.0,1775017482,1775017482,[],[Sticker] muggs 🇿🇦
7060170751220368389,kwameagyakwa,canopy_384,1,0,0,0,2,2.0,1774430937,1774430937,[],Do you show the damages in Iran. show both sides Kwame Agyakwa
7060956428266505221,beardyguy7,canopy_000,1,0,0,0,2,2.0,1774399114,1774399114,[],🇨🇦Beardy_Guy🇨🇦
7061134436725277701,chefrobertocachafeiro,canopy_200,1,0,0,0,9,9.0,1774256596,1774256596,[],chefrobertocachafeiro
7062096839953335302,lonewolf.45acp,canopy_393,1,0,0,0,2,2.0,1774404455,1774404455,[],METALhead
7062668564406666246,tsachimeged,canopy_620,1,0,0,0,1,1.0,1774268328,1774268328,[],The Islamic regime is desperate and trying to target civilians. The regime “leaders” are gone. Their Air force is gone. Navey gone. Nuclear program gone. Soon the Islamic regime will be gone. IM
7062743559237534725,cannacron,canopy_426,1,0,0,0,2,2.0,1774215750,1774215750,[],[Sticker] Duhhh Cannacron
7063430535804781574,rafiksao6,canopy_100,1,0,0,0,6,6.0,1774227679,1774227679,[],rafiksao
7063815593522873349,veteran.raver,canopy_645,1,0,0,0,1,1.0,1774241366,1774241366,[],Veteran Raver
7064637015815750702,animeniaxx,canopy_304,1,0,0,0,4,4.0,1774218244,1774218244,[],[Sticker] Animeniaxx
7066112826317882370,wonderico,canopy_676,1,0,0,0,1,1.0,1774238526,1774238526,[],Send one to Trumpet bedroom wonderico
7067407565362037765,akifdin98,canopy_593,1,0,0,0,1,1.0,1774303148,1774303148,[],[Sticker] AKiF
7068378496390153262,parebitstruth,canopy_000,1,0,0,0,1,1.0,1774457770,1774457770,[],pare♾️🔅🔆🔅
7069559776909493253,fantam22,canopy_678,1,0,0,0,1,1.0,1774238433,1774238433,[],fantam 20
7071238041176409090,djunaeidi_2661,canopy_369,1,0,0,0,2,2.0,1774906205,1774906205,[],"Who give a faq if it is residential area , Israel killed bro many Palestinian vin residential area جنيدي مُحَمَّد"
7071395036047131653,frank_nyoiks,canopy_052,1,0,0,0,146,146.0,1774216756,1774216756,[],frank_nyoiks
7071462271621776411,mal_mal08,canopy_310,1,0,0,0,1,1.0,1774237559,1774237559,[],[Sticker] amal
7071636331441603585,comrade2628.com,canopy_641,1,0,0,0,1,1.0,1774241992,1774241992,[],[Sticker] CELEBRITIES BIG PRAWN NOODLES
7071952426950198278,kennyrob02,canopy_083,1,0,0,0,1,1.0,1774334571,1774334571,[],can we have peace in the world? Kenny 🧢
7072173543165314053,sthedlaminigambu,canopy_013,1,0,1,0,8,8.0,1774297934,1774297934,[],"@Muhammad Rehan:more please
☄️ ⠀ ⠀︎⠀ ⠀ᅠ⠀︎ ︎⠀ ⠀ ☄️ ⠀ ⠀︎⠀ ⠀ ⠀ᅠ⠀ᅠ⠀ ⠀ ⠀ ⠀ ⠀ ⠀ ⠀︎ ︎ ᅠ⠀ ⠀ ⠀ᅠ⠀︎ ︎⠀ ⠀ ⠀ ⠀ ⠀︎⠀ ⠀ᅠ⠀︎ ︎⠀ ⠀ ⠀ ⠀ ⠀︎⠀ ⠀ ⠀☄️ᅠ⠀ᅠ⠀ᅠ⠀ ⠀ ⠀ᅠ⠀︎ ︎⠀ ⠀ ⠀ ⠀ ⠀︎⠀ ⠀ᅠ⠀︎ ︎⠀ ⠀ ⠀ ⠀ ⠀︎⠀ ⠀ ⠀ᅠ⠀ᅠ⠀ ⠀ ⠀ ⠀ ⠀ ⠀ ⠀︎ ︎ ᅠ⠀ ⠀ ⠀ᅠ⠀︎ ︎⠀ ⠀ ⠀ ⠀ ⠀︎⠀ ⠀ᅠ⠀︎ ︎⠀☄️ ⠀ ⠀ ⠀︎⠀ ⠀ ⠀ᅠ⠀ᅠ⠀ᅠ⠀ ⠀ ⠀ᅠ⠀︎ ︎⠀ ⠀ ⠀ ⠀ ⠀︎⠀ ⠀ᅠ⠀︎ ︎⠀ ⠀ ⠀ ⠀ ⠀︎"
7074044643659645958,thelonelyrip,canopy_308,1,0,0,0,4,4.0,1774217137,1774217137,[],[Sticker] TheLonelyRIP
7074661077590197253,stradero2,canopy_007,1,0,0,0,7743,7743.0,1774216363,1774216363,[],[Sticker] stradero
7075367754325869570,azistunny.id,canopy_596,1,0,0,0,1,1.0,1774301989,1774301989,[],[Sticker] Azis Tunny | AT
7077174182438011909,piotreksamson,canopy_331,1,0,0,0,2,2.0,1774424663,1774424663,[],show Gaza....🤮🕎🤮 Piotrek Samson
7077477385247720474,cheefsahib01,canopy_000,1,0,0,0,1,1.0,1774238536,1774238536,[],✌✌✌ 👀🫂امن پسند لوک🫂👀
7079516740987978757,propaskincare,canopy_189,1,0,0,0,7,7.0,1774218577,1774218577,[],Propa Skincare
7088069802837967877,adam13437,canopy_600,1,0,0,0,1,1.0,1774292861,1774292861,[],Adam13
7089082529218593798,natztourguide,canopy_026,1,0,0,0,465,465.0,1774221403,1774221403,[],NatzP 🇨🇦
7091886235563869190,shoaibqayyum.341,canopy_579,1,0,0,0,1,1.0,1774323945,1774323945,[],[Sticker] Shoaib Qayyum
7092389272800674817,danieinsa,canopy_094,1,0,0,0,7,7.0,1774290841,1774290841,[],danieinsa
7093023801574867969,putrabieu,canopy_013,1,0,1,0,14,14.0,1774240780,1774240780,[],"@SiddXFitness:...:Yes more please
☄️ ⠀ ⠀︎⠀ ⠀ᅠ⠀︎ ︎⠀ ⠀ ☄️ ⠀ ⠀︎⠀ ⠀ ⠀ᅠ⠀ᅠ⠀ ⠀ ⠀ ⠀ ⠀ ⠀ ⠀︎ ︎ ᅠ⠀ ⠀ ⠀ᅠ⠀︎ ︎⠀ ⠀ ⠀ ⠀ ⠀︎⠀ ⠀ᅠ⠀︎ ︎⠀ ⠀ ⠀ ⠀ ⠀︎⠀ ⠀ ⠀☄️ᅠ⠀ᅠ⠀ᅠ⠀ ⠀ ⠀ᅠ⠀︎ ︎⠀ ⠀ ⠀ ⠀ ⠀︎⠀ ⠀ᅠ⠀︎ ︎⠀ ⠀ ⠀ ⠀ ⠀︎⠀ ⠀ ⠀ᅠ⠀ᅠ⠀ ⠀ ⠀ ⠀ ⠀ ⠀ ⠀︎ ︎ ᅠ⠀ ⠀ ⠀ᅠ⠀︎ ︎⠀ ⠀ ⠀ ⠀ ⠀︎⠀ ⠀ᅠ⠀︎ ︎⠀☄️ ⠀ ⠀ ⠀︎⠀ ⠀ ⠀ᅠ⠀ᅠ⠀ᅠ⠀ ⠀ ⠀ᅠ⠀︎ ︎⠀ ⠀ ⠀ ⠀ ⠀︎⠀ ⠀ᅠ⠀︎ ︎⠀ ⠀ "
7093090538711483397,prince_ameh_joseph,canopy_196,1,0,0,0,4,4.0,1774466963,1774466963,[],"May God protect us all... Amen
From Nigeria Joshclean"
7093310083693724698,rahma_7676,canopy_602,1,0,0,0,1,1.0,1774291076,1774291076,[],Rahma7676
7094760895809684485,ari_alacantra991144,canopy_205,1,0,0,0,0,0.0,1775132329,1775132329,[],old soul
7094798766534280238,oscarmartinez8183,canopy_638,1,0,0,0,1,1.0,1774242170,1774242170,[],[Sticker] Oscar 2️⃣5️⃣ 🎭
7095862401271038981,sunnyali786786,canopy_362,1,0,0,0,3,3.0,1774219526,1774219526,[],[Sticker] Sunny Ali4272
7096318271246304257,draconian727,canopy_029,1,0,0,0,3,3.0,1774243196,1774243196,[],what's happen.. draconian
7097208681418195994,mohdsyamils,canopy_642,1,0,0,0,1,1.0,1774241789,1774241789,[],Kopi ais☕
7099497683849053190,dee.mack54,canopy_157,1,0,0,0,10,10.0,1774376385,1774376385,[],name of the movie plz nice movie I can get in YouTube Dee mack
7100966729770140677,sammyypaak,canopy_344,1,0,0,0,0,0.0,1775277389,1775277389,[],SEE MY REPOSTT SamP
7101038813632644101,memyselfi1347,canopy_073,1,0,0,0,27,27.0,1774219039,1774219039,[],I’m so sorry me-myself-I
7102031855201911813,usersarzmaijala,canopy_317,1,0,0,0,3,3.0,1774329744,1774329744,[],is not this a AI Sarz mai jala
7103710715597571074,faisalfaiz491,canopy_483,1,0,0,0,1,1.0,1774398654,1774398654,[],Faisal Faiz86
7104324169307259909,t786_2021,canopy_133,1,0,0,0,11,11.0,1774225527,1774225527,[],[Sticker] T786_2021
7104564907462411307,ricardomartinez2570,canopy_418,1,0,0,0,2,2.0,1774381631,1774381631,[],"No one got killed because they run and hide like cowards, Palestinians kids and women didn’t have nowhere to run and hide when they (Israel) started slaughtering them ricardomartinez2570"
7104625198607844379,yam_yam105,canopy_000,1,0,0,0,3,3.0,1774232199,1774232199,[],stay safe ♥️ |•🖤Techno Frogg🎧•|✔️
7106405480671839259,khizarh008,canopy_685,1,0,0,0,1,1.0,1774238346,1774238346,[],who is standing with Iran 🇮🇷 against the American aggression...?? Khizar
7106898276444587009,rina75034,canopy_025,1,0,0,0,14,14.0,1774233115,1774233115,[],stop the war Rina
7110264605897049115,zrdivil0,canopy_082,1,0,0,0,5,5.0,1774294041,1774294041,[],let.there.be.peace.in.earth zrdivil0
7110285028063872042,refugiocastro71,canopy_516,1,0,0,0,1,1.0,1774386407,1774386407,[],😳😳😳 refugiocastro71
7110530423914595334,lastchancetodance2023,canopy_235,1,0,0,0,4,4.0,1774221644,1774221644,[],[Sticker] Hayden 🇨🇦
7110565549231014913,bay.freedom,canopy_125,1,0,0,0,1,1.0,1774302070,1774302070,[],[Sticker] Mr.Freedom
7111181867437802497,heyits_sitin,canopy_452,1,0,0,0,1,1.0,1774479262,1774479262,[],Allahumma Sholli Ala Sayyidina Muhammad wa Ala Ali Sayyidina Muhammad Siti Nur
7111185904601400321,n.u.r.a.d.n.i,canopy_151,1,0,0,0,6,6.0,1774230737,1774230737,[],[Sticker] 🇲🇾•⊹𝒾ⓛα٭⊹•🇵🇸
7111668860398912513,celebeswarrior7,canopy_636,1,0,0,0,1,1.0,1774242197,1774242197,[],#celebeswarrior
7112043590829982747,bibiisawarcriminal,canopy_646,1,0,0,0,1,1.0,1774241151,1774241151,[],RadelaideSparky
7112272075901092866,user2872744819169,canopy_267,1,0,0,0,3,3.0,1774258263,1774258263,[],Can we stop all this war? Can we just live peacefully and follow our belief? Suo2 bua doh kung tiepppp
7112782834389517317,christyler040,canopy_367,1,0,0,0,1,1.0,1774238421,1774238421,[],[photo] chris t
7114285700455515162,tombhai966,canopy_653,1,0,0,0,1,1.0,1774240586,1774240586,[],[Sticker] 𝒜𝒽𝓉𝒾𝓈𝒽𝒶𝓂✨
7114857710017446917,power900900,canopy_104,1,0,0,0,1,1.0,1774266421,1774266421,[],Never seen so many likes on sky news 😂😂 X
7115031152766813185,useruser510_8517,canopy_550,1,0,0,0,1,1.0,1774347538,1774347538,[],UserUser510
7118597435305722926,forttxknocker,canopy_315,1,0,0,0,3,3.0,1774237784,1774237784,[],who is this guy? Tr3y
7118766647640753178,amirjusrysaad,canopy_313,1,0,0,0,1,1.0,1774238272,1774238272,[],AI amirtania
7122494145399047194,.owjfjwkd,canopy_115,1,0,0,0,6,6.0,1774230184,1774230184,[],.owjfjwkd
7123824749314589742,drugrimm,canopy_538,1,0,0,0,1,1.0,1774357714,1774357714,[],drugrimm
7124134844511126555,nonijeyms,canopy_047,1,0,0,0,847,847.0,1774230309,1774230309,[],"news are supposed to be unbiased, what happened bronijeyms"
7124837748766721026,mary_blank83,canopy_293,1,0,0,0,8,8.0,1774221574,1774221574,[],[Sticker] OYeN
7125195944199996422,jamilubala28,canopy_020,1,0,0,0,867,867.0,1774296646,1774296646,[],I'm from Nigeria 🇳🇬 May Allah protect all Muslim 🥰🥰🙏🙏🙏 jamilubala28
7126145497094947845,abubaker_sef,canopy_631,1,0,0,0,1,1.0,1774248751,1774248751,[],buki
7126405978883916806,akramullah360,canopy_714,1,0,0,0,1,1.0,1774237220,1774237220,[],[Sticker] akramullah366
7126424782262305797,shazadkhanshazadk241,canopy_000,1,0,0,0,1,1.0,1774237651,1774237651,[],😭😭😭 🌼SHAHZAD 💔KHAN🌼🩹💔
7128070099412157442,elmubareki,canopy_013,1,0,0,0,3,3.0,1774252046,1774252046,[],☄️ ⠀ᅠ⠀ᅠ⠀ ⠀ ⠀ ⠀ ⠀ ⠀ ⠀︎ ︎ ᅠ⠀ ⠀ ⠀ᅠ⠀︎ ︎⠀ ⠀ ⠀ ⠀ ⠀︎⠀ᅠᅠ⠀ ⠀ ⠀ᅠ⠀︎ ︎⠀ ⠀ ⠀ ⠀ ⠀︎⠀ ⠀ᅠ⠀︎ ︎⠀ ⠀ ⠀ ⠀ ⠀︎⠀ ⠀ ⠀ᅠ⠀ᅠ⠀ ⠀ ⠀ ⠀ ⠀ ⠀ ⠀︎ ︎ ᅠ⠀ ⠀ ⠀ᅠ☄️︎⠀ ⠀ ⠀ ⠀☄️ ⠀ᅠ⠀︎ ︎⠀ ⠀ ⠀ ⠀ ⠀︎⠀ ⠀ ⠀ᅠ⠀ᅠ⠀ᅠ⠀ ⠀ ⠀ᅠ⠀︎ ︎⠀ ⠀ ⠀ ⠀ ⠀︎⠀☄️ ⠀ᅠ⠀︎ ︎⠀ ⠀ ⠀ ⠀ ⠀︎⠀ ⠀☄️ᅠ☄️ᅠ⠀ ⠀ ⠀ ⠀ ⠀ ⠀ ⠀︎ ︎ ᅠ⠀ ⠀ ⠀☄️ᅠ⠀︎ ︎⠀ ⠀ ⠀ ⠀ ⠀︎⠀ ⠀ᅠ⠀︎ ︎⠀ ⠀☄️ ⠀ ⠀︎⠀ ⠀ ⠀ᅠ⠀ᅠ⠀ᅠ☄️ ⠀ ⠀
7128440962807956482,stay_calm_8,canopy_692,1,0,0,0,1,1.0,1774238020,1774238020,[],Facts🔥Over🔥Feelings
7132827351868277765,bmalema67,canopy_705,1,0,0,0,1,1.0,1774237442,1774237442,[],[Sticker] bmalema
7133356593046897669,alfredorivera665,canopy_192,1,0,0,0,4,4.0,1774229941,1774229941,[],[Sticker] Rauw
7134462289780753434,zeonecus9lg,canopy_674,1,0,0,0,1,1.0,1774238622,1774238622,[],Zett
7138346273199031302,lostappleid,canopy_453,1,0,0,0,1,1.0,1774459619,1774459619,[],Fuck Netanyahu. How he can call anyone else a threat with a straight face is incredible Oliranson 2
7139448682156131355,naem9577,canopy_051,1,0,0,0,131,131.0,1774230453,1774230453,[],[Sticker] 🔰🌾★ηαeм☆🌾🔰
7139904829536011269,leavebangladesh1,canopy_470,1,0,0,0,1,1.0,1774451172,1774451172,[],[Sticker] Leave Bangladesh 💔
7140235759920219178,jakobbietn,canopy_338,1,0,0,0,3,3.0,1774232627,1774232627,[],Jakobbie
7141833908052296709,siddxfitness23,canopy_013,1,0,0,0,1670,1670.0,1774240601,1774240601,[],"...:Yes more please
☄️ ⠀ ⠀︎⠀ ⠀ᅠ⠀︎ ︎⠀ ⠀ ☄️ ⠀ ⠀︎⠀ ⠀ ⠀ᅠ⠀ᅠ⠀ ⠀ ⠀ ⠀ ⠀ ⠀ ⠀︎ ︎ ᅠ⠀ ⠀ ⠀ᅠ⠀︎ ︎⠀ ⠀ ⠀ ⠀ ⠀︎⠀ ⠀ᅠ⠀︎ ︎⠀ ⠀ ⠀ ⠀ ⠀︎⠀ ⠀ ⠀☄️ᅠ⠀ᅠ⠀ᅠ⠀ ⠀ ⠀ᅠ⠀︎ ︎⠀ ⠀ ⠀ ⠀ ⠀︎⠀ ⠀ᅠ⠀︎ ︎⠀ ⠀ ⠀ ⠀ ⠀︎⠀ ⠀ ⠀ᅠ⠀ᅠ⠀ ⠀ ⠀ ⠀ ⠀ ⠀ ⠀︎ ︎ ᅠ⠀ ⠀ ⠀ᅠ⠀︎ ︎⠀ ⠀ ⠀ ⠀ ⠀︎⠀ ⠀ᅠ⠀︎ ︎⠀☄️ ⠀ ⠀ ⠀︎⠀ ⠀ ⠀ᅠ⠀ᅠ⠀ᅠ⠀ ⠀ ⠀ᅠ⠀︎ ︎⠀ ⠀ ⠀ ⠀ ⠀︎⠀ ⠀ᅠ⠀︎ ︎⠀ ⠀ ⠀ ⠀ ⠀︎⠀ ⠀ ⠀ᅠ⠀ᅠ"
7143638497873413126,janosvolgyi,canopy_091,1,0,0,0,8,8.0,1774231026,1774231026,[],janosvolgyi
7143925297570169861,pakistan672,,1,0,0,0,2,2.0,1774400702,1774400702,[],@(Z)
7146999325209576450,salim.colla,canopy_148,1,0,0,0,22,22.0,1774218651,1774218651,[],Salim Colla
7147846060249072645,user7969825059322,canopy_675,1,0,0,0,1,1.0,1774238580,1774238580,[],🙏 user7969825059322
7150565541089985542,shamsbuneri468,canopy_357,1,0,0,0,3,3.0,1774222083,1774222083,[],[Sticker] shams khan 92
7151042722353218565,nin.dheer98,canopy_088,1,0,0,0,6,6.0,1774215544,1774215544,[],Ok
7151417501942219781,joky_ohara,canopy_322,1,0,0,0,8,8.0,1774304232,1774304232,[],Wow where was this kind a coverage with Gaza ??? Joky O’Hara
7154612198102483973,wizzy_1267,canopy_038,1,0,0,0,530,530.0,1774239325,1774239325,[],"If I may ask what is this war all about? True False 7620193070906199318 7620300684047237905 0 en 1774239525 2182 7620299795492619029 1 {""reason"":""11""} ٱلْحَمْدُ لِلَّٰهِ🇦🇱’s comment: Epstein files Attacks on Israel on Saturday injured dozens in Arad and Dimona, two cities closest"
7154955988025590786,sfrecordsshafie,canopy_024,1,0,0,0,666,666.0,1774227547,1774227547,[],Beautifull! 👏👏👏😆 Sf.RECORDS Shafie
7155676547864691718,harry_shares,canopy_395,1,0,0,0,2,2.0,1774401820,1774401820,[],Harry Shares
7156899651936486405,hasnainhadi25,canopy_706,1,0,0,0,1,1.0,1774237440,1774237440,[],"when they attack on citizens In gazza, Iran, and other site, killed children's, what was that. hasnainhadi25"
7157484883282641925,1reed.1,canopy_000,1,0,0,0,1,1.0,1774237320,1774237320,[],💥الدلو💥
7157662712166630401,buayaberbudaya,canopy_683,1,0,0,0,1,1.0,1774238352,1774238352,[],"Demona is a place where IDF stores their nuclear warhead. The bombing is just a warning shows that Iran can and able to anytime cause the worst possible conclusion to this nonsense war. Pollute the whole area with nuclear waste, the land will remain barren and unhabitable for dec"
7158268924675752966,boeteqmizjat,canopy_164,1,0,0,0,4,4.0,1774350603,1774350603,[],Boeteqmizjat
7160888724522812418,pakngah1957,canopy_242,1,0,0,0,5,5.0,1774332748,1774332748,[],[Sticker] Pak_Ngah57
7161919347677234181,mhmd5814,canopy_681,1,0,0,0,1,1.0,1774238369,1774238369,[],Why you quiet when isral and america attack iranian civilian's?? MähmööD
7162956025019384837,laverdaderatronquitos,canopy_508,1,0,0,0,1,1.0,1774391020,1774391020,[],laverdaderatronquitos
7163936659606766598,chilety7,canopy_295,1,0,0,0,5,5.0,1774269455,1774269455,[],I hate wars please GOD stop this war chilety
7164695071642977286,bingivost,canopy_142,1,0,0,0,1,1.0,1774237586,1774237586,[],"end this war, simple. bingivost"
7165051441248650242,amirhamzah2265,canopy_182,1,0,0,0,4,4.0,1774222185,1774222185,[],#theresistance
7170534828961268738,kakshikun,canopy_652,1,0,0,0,1,1.0,1774240595,1774240595,[],BAR'S BARBER
7170886050868675589,raphael_gera,canopy_013,1,0,0,0,20,20.0,1774242343,1774242343,[],[Sticker] ☄️ ⠀ᅠ⠀ᅠ⠀ ⠀ ⠀ ⠀ ⠀ ⠀ ⠀︎ ︎ ᅠ⠀ ⠀ ⠀ᅠ⠀︎ ︎⠀ ⠀ ⠀ ⠀ ⠀︎⠀ᅠᅠ⠀ ⠀ ⠀ᅠ⠀︎ ︎⠀ ⠀ ⠀ ⠀ ⠀︎⠀ ⠀ᅠ⠀︎ ︎⠀ ⠀ ⠀ ⠀ ⠀︎⠀ ⠀ ⠀ᅠ⠀ᅠ⠀ ⠀ ⠀ ⠀ ⠀ ⠀ ⠀︎ ︎ ᅠ⠀ ⠀ ⠀ᅠ☄️︎⠀ ⠀ ⠀ ⠀☄️ ⠀ᅠ⠀︎ ︎⠀ ⠀ ⠀ ⠀ ⠀︎⠀ ⠀ ⠀ᅠ⠀ᅠ⠀ᅠ⠀ ⠀ ⠀ᅠ⠀︎ ︎⠀ ⠀ ⠀ ⠀ ⠀︎⠀☄️ ⠀ᅠ⠀︎ ︎⠀ ⠀ ⠀ ⠀ ⠀︎⠀ ⠀☄️ᅠ☄️ᅠ⠀ ⠀ ⠀ ⠀ ⠀ ⠀ ⠀︎ ︎ ᅠ⠀ ⠀ ⠀☄️ᅠ⠀︎ ︎⠀ ⠀ ⠀ ⠀ ⠀︎⠀ ⠀ᅠ⠀︎ ︎⠀ ⠀☄️ ⠀ ⠀︎⠀ ⠀ ⠀ᅠ
7171985902397834242,sitimardziah6,canopy_573,1,0,0,0,1,1.0,1774330002,1774330002,[],[Sticker] sitimardziah6
7174050320195568646,ugfamous,canopy_017,1,0,0,0,1740,1740.0,1774216867,1774216867,[],"why is the quality of the video, part of the prime minister not as clear as for the news reporter?🤔 Famous"
7175189895740425221,waheedfaki0,canopy_297,1,0,0,0,5,5.0,1774219978,1774219978,[],waheedfaki0
7178073990841500673,emiriyimayi,canopy_067,1,0,0,0,1,1.0,1774238300,1774238300,[],world peace 🙏🙏🙏 emiri
7178262848806650885,constructionsandtravels,canopy_718,1,0,0,0,1,1.0,1774237084,1774237084,[],Ooo my God CONSTRUCTIONS & TRAVELS 🇬🇭
7178590990041711622,user9282819818388,canopy_130,1,0,0,0,59,59.0,1774219692,1774219692,[],Lord Jesus please help create real peace and forgiveness in your people 😭😭 keto friendly
7180371385733301250,fadzelyzain,canopy_555,1,0,0,0,1,1.0,1774338730,1774338730,[],fadzelyzain
7181113461597783046,satar.103,canopy_000,1,0,0,0,7,7.0,1774286559,1774286559,[],وزيـر 🦅 السكراب.الاحتياطي
7184248317454042158,lifeinasystem,canopy_657,1,0,0,0,1,1.0,1774240208,1774240208,[],lifeinasystem
7185944755032146946,sijacksijack8,canopy_177,1,0,0,0,5,5.0,1774231961,1774231961,[],[Sticker] Ferrarista
7187464196166288389,tambobeno,canopy_549,1,0,0,0,1,1.0,1774349693,1774349693,[],Netanyahu didn’t expect this. Tambo44
7187479709860348934,ismailzabimohamme,canopy_157,1,0,0,0,6,6.0,1774329669,1774329669,[],Which movie is this Zaabi 🇨🇦
7187500258129593349,vah.ue3,canopy_662,1,0,0,0,1,1.0,1774239168,1774239168,[],How dare them to respond? 👇radars👇
7187952219559248898,robirob2383,canopy_013,1,0,0,0,5,5.0,1774256284,1774256284,[],☄️ᅠ⠀ᅠ⠀ᅠ⠀ ⠀ ⠀ᅠ⠀︎ ︎⠀ ⠀ ⠀ ⠀ ⠀︎⠀ ⠀ᅠ⠀︎ ︎⠀ ⠀ ⠀ ⠀ ⠀︎⠀ ⠀ ⠀ᅠ⠀ᅠ⠀ ⠀ ⠀ ⠀ ⠀ ⠀ ⠀︎ ︎ ᅠ⠀ ⠀ ⠀ᅠ⠀︎ ︎⠀ ⠀ ⠀ ⠀ ⠀︎⠀ ⠀ᅠ⠀︎ ︎⠀☄️ ⠀ ⠀ ⠀︎⠀ ⠀ ⠀ᅠ⠀ᅠ⠀ᅠ⠀ ⠀ ⠀ᅠ⠀︎ ︎⠀ ⠀ ⠀ ⠀ ⠀︎⠀ ⠀ᅠ⠀︎ ︎⠀ ⠀ ⠀ ⠀ ⠀︎⠀ ⠀ ⠀ᅠ⠀ᅠ⠀ ⠀ ⠀ ⠀ ⠀ ☄️ ⠀︎ ︎ ᅠ⠀ ⠀ ⠀ᅠ⠀︎ ︎⠀ ⠀ ⠀ ⠀ ⠀︎⠀ ⠀ᅠ⠀︎ ︎⠀ ⠀ ⠀ ⠀ ⠀︎⠀ ⠀ ⠀ᅠ⠀ᅠ⠀ᅠ☄️ ⠀ ⠀ᅠ⠀︎ ︎⠀ ⠀ ⠀ ⠀  ☄️ ⠀ᅠ⠀︎ ︎⠀ ⠀ ⠀ ⠀ ⠀︎⠀ ⠀ ⠀ᅠ⠀ᅠ⠀
7189144603827487746,sobrw6,canopy_137,1,0,0,0,15,15.0,1774227792,1774227792,[],@#$&121261
7189496226865267717,alexapnunez,canopy_204,1,0,0,0,0,0.0,1775133141,1775133141,[],Alexandra
7189559133157475354,ayesha.shiem,canopy_082,1,0,0,0,24,24.0,1774231368,1774231368,[],Let there be Peace on Earth🙏 Ayesha Shiem
7190421222563251226,anonimtiktok91,canopy_700,1,0,0,0,1,1.0,1774237600,1774237600,[],AnonimTiKToK
7191831178118284294,scottharris33,canopy_391,1,0,0,0,2,2.0,1774406961,1774406961,[],[Sticker] scotty_Battler 🇦🇺
7192187661674775557,robertoaugustogme,canopy_329,1,0,0,0,4,4.0,1774284572,1774284572,[],"Somehow, after years of seeing the destruction in Gaza, it's hard to feel anything. robgomez"
7192962788661724165,axmedcabdi4468gmail.com1,canopy_051,1,0,0,0,0,0.0,1775068996,1775068996,[],[Sticker] ألرحمان☝️🤍
7195308914127815722,uridigmi7,canopy_464,1,0,0,0,1,1.0,1774453215,1774453215,[],Israel shooting the army targets and Iran kill anyone baby’s women’s children’s uri
7195872824606163994,qucing_jahart,canopy_647,1,0,0,0,1,1.0,1774240931,1774240931,[],[Sticker] 𝓺ᵤ𝓬ᵢₙ𝑔 ⱼₐₕₐᵣₜ ®
7197284105015788549,memes_chor7,canopy_013,1,0,0,0,3,3.0,1774405224,1774405224,[],☄️ ⠀ ⠀︎⠀ ⠀ᅠ⠀︎ ︎⠀ ⠀ ☄️ ⠀ ⠀︎⠀ ⠀ ⠀ᅠ⠀ᅠ⠀ ⠀ ⠀ ⠀ ⠀ ⠀ ⠀︎ ︎ ᅠ⠀ ⠀ ⠀ᅠ⠀︎ ︎⠀ ⠀ ⠀ ⠀ ⠀︎⠀ ⠀ᅠ⠀︎ ︎⠀ ⠀ ⠀ ⠀ ⠀︎⠀ ⠀ ⠀☄️ᅠ⠀ᅠ⠀ᅠ⠀ ⠀ ⠀ᅠ⠀︎ ︎⠀ ⠀ ⠀ ⠀ ⠀︎⠀ ⠀ᅠ⠀︎ ︎⠀ ⠀ ⠀ ⠀ ⠀︎⠀ ⠀ ⠀ᅠ⠀ᅠ⠀ ⠀ ⠀ ⠀ ⠀ ⠀ ⠀︎ ︎ ᅠ⠀ ⠀ ⠀ᅠ⠀︎ ︎⠀ ⠀ ⠀ ⠀ ⠀︎⠀ ⠀ᅠ⠀︎ ︎⠀☄️ ⠀ ⠀ ⠀︎⠀ ⠀ ⠀ᅠ⠀ᅠ⠀ᅠ⠀ ⠀ ⠀ᅠ⠀︎ ︎⠀ ⠀ ⠀ ⠀ ⠀︎⠀ ⠀ᅠ⠀︎ ︎⠀ ⠀ ⠀ ⠀ ⠀︎⠀ ⠀ ⠀ᅠ⠀ᅠ⠀ ⠀ ⠀ ⠀ ⠀ ☄️ ⠀︎ ︎ ᅠ⠀
7201194948527948806,ddanenot,canopy_591,1,0,0,0,1,1.0,1774303398,1774303398,[],[Sticker] ️dane
7202373728666174466,zulranger0,canopy_195,1,0,0,0,2,2.0,1774408545,1774408545,[],[Sticker] Z.   N  I  N  E
7203670961974690817,mohan.infiniti,canopy_664,1,0,0,0,1,1.0,1774239101,1774239101,[],Please don't attack civilians Mohan Infiniti
7205671848440792069,andrekapp74,canopy_178,1,0,0,0,4,4.0,1774221774,1774221774,[],Kappie
7206954249904669702,oshanla0,canopy_280,1,0,0,0,15,15.0,1774264120,1774264120,[],I will stop smoking if I get 400 likes OshaNla👺🎃👹
7207214184994898949,aaronman_1,canopy_710,1,0,0,0,1,1.0,1774237503,1774237503,[],Why you speak opposite? aaron86
7209676024983487531,yeowzaa007,canopy_528,1,0,0,0,1,1.0,1774368430,1774368430,[],"Can you say ""Propaganda""!! yeowzaa007"
7210849373168141318,spl_mk786,canopy_527,1,0,0,0,1,1.0,1774370925,1774370925,[],𝐈𝐑𝐅4𝐍
7213907079759856645,alialmohammedsale1,canopy_144,1,0,0,0,4,4.0,1774219219,1774219219,[],Ali
7214715708412216325,mormor12317,canopy_673,1,0,0,0,1,1.0,1774238684,1774238684,[],mormor
7217407055849096197,manutikshop,canopy_343,1,0,0,0,0,0.0,1775463205,1775463205,[],LOOK AT MY REPOST manutikshop
7218748615745274885,leelee21230,canopy_274,1,0,0,0,9,9.0,1774217198,1774217198,[],leelee🇮🇪
7220015726932362267,mukhtarmenerimapa,canopy_660,1,0,0,0,1,1.0,1774239528,1774239528,[],Mukhtar.Terima panggilan urut
7222053350383944705,jourjour65,canopy_436,1,0,0,0,1,1.0,1774634979,1774634979,[],pray for the safety of Iranian missiles 🙏🙏 jourjour65
7223197815592715270,swiss_uk,canopy_000,1,0,0,0,1,1.0,1774336473,1774336473,[],A L I 🔱
7224271052267553819,crabsalts,canopy_213,1,0,0,0,20,20.0,1774217363,1774217363,[],[Sticker] Rhyso
7224878912467682331,vaaaalkyrie,canopy_462,1,0,0,0,1,1.0,1774454468,1774454468,[],[Sticker] Ｖａʟｋｙｒｉｅ
7226986584104600578,0guri_cap,canopy_469,1,0,0,0,1,1.0,1774451499,1774451499,[],oguri cap
7227584300489081862,soyabed29,canopy_062,1,0,0,0,22,22.0,1774215773,1774215773,[],[Sticker] soyabed29
7228721685779235846,a2zgh1,canopy_290,1,0,0,0,1,1.0,1774517581,1774517581,[],A 2 Z-gh
7230061843074139142,joemehrad,canopy_181,1,0,0,0,2,2.0,1774458581,1774458581,[],[Sticker] Joe Mehrad
7230689368007574534,qalibidhgax,canopy_013,1,0,0,0,394,394.0,1774219216,1774219216,[],"Yes more please
☄️ ⠀ ⠀︎⠀ ⠀ᅠ⠀︎ ︎⠀ ⠀ ☄️ ⠀ ⠀︎⠀ ⠀ ⠀ᅠ⠀ᅠ⠀ ⠀ ⠀ ⠀ ⠀ ⠀ ⠀︎ ︎ ᅠ⠀ ⠀ ⠀ᅠ⠀︎ ︎⠀ ⠀ ⠀ ⠀ ⠀︎⠀ ⠀ᅠ⠀︎ ︎⠀ ⠀ ⠀ ⠀ ⠀︎⠀ ⠀ ⠀☄️ᅠ⠀ᅠ⠀ᅠ⠀ ⠀ ⠀ᅠ⠀︎ ︎⠀ ⠀ ⠀ ⠀ ⠀︎⠀ ⠀ᅠ⠀︎ ︎⠀ ⠀ ⠀ ⠀ ⠀︎⠀ ⠀ ⠀ᅠ⠀ᅠ⠀ ⠀ ⠀ ⠀ ⠀ ⠀ ⠀︎ ︎ ᅠ⠀ ⠀ ⠀ᅠ⠀︎ ︎⠀ ⠀ ⠀ ⠀ ⠀︎⠀ ⠀ᅠ⠀︎ ︎⠀☄️ ⠀ ⠀ ⠀︎⠀ ⠀ ⠀ᅠ⠀ᅠ⠀ᅠ⠀ ⠀ ⠀ᅠ⠀︎ ︎⠀ ⠀ ⠀ ⠀ ⠀︎⠀ ⠀ᅠ⠀︎ ︎⠀ ⠀ ⠀ ⠀ ⠀︎⠀ ⠀ ⠀ᅠ⠀ᅠ⠀ ⠀ "
7232053097944777733,suzukirabe,canopy_038,1,0,0,0,7,7.0,1774222978,1774222978,[],stop war............. False 7620193070906199318 7620230098742919957 0 un 1774223106 16 1203 tos-alisg-i-zt8igodiya-sg/b16c8df1eb074377a7cbb9182134d069 https://p19-comment-sign-sg.tiktokcdn.com/tos-alisg-i-zt8igodiya-sg/b16c8df1eb074377a7cbb9182134d069~tplv-jj85edgx6n-image-medium
7232080941065569285,rogena21george91,canopy_541,1,0,0,0,1,1.0,1774355463,1774355463,[],rogenageorge
7232638793861678082,sebbrenren,canopy_671,1,0,0,0,1,1.0,1774238849,1774238849,[],😢😢🙏🙏 ren-ren mikhael
7234260997438374917,saad.the.airporttaximann,canopy_041,1,0,0,0,101,101.0,1774240063,1774240063,[],Saad@124
7234832896228836357,yolo39172,canopy_153,1,0,0,0,5,5.0,1774218497,1774218497,[],YOLO
7235505872251520046,joolz583,canopy_170,1,0,0,0,4,4.0,1774229213,1774229213,[],joolz
7235706083913876498,ayamayam548,canopy_628,1,0,0,0,1,1.0,1774251011,1774251011,[],israel and USA. land of terrorists. nonono
7236791190447686683,snksbsvwkbfb,canopy_174,1,0,0,0,4,4.0,1774222438,1774222438,[],[Sticker] Hwuscwvkslbe
7237562474958308358,nurion351,canopy_372,1,0,0,0,2,2.0,1774627353,1774627353,[],Nūrion
7247153806412252165,mohdokello,canopy_087,1,0,0,0,8,8.0,1774240471,1774240471,[],Moh'd Okello
7248103984781755397,sypho.sika,canopy_368,1,0,0,0,2,2.0,1774934043,1774934043,[],A Moment of silence for the 170 Iranian 🇮🇷 school girls Sipho Sika
7248602643801932827,xarunarala,canopy_044,1,0,0,0,137,137.0,1774215986,1774215986,[],XaruNarala
7250413502015390747,honestymakeyouperfect12,canopy_559,1,0,0,0,1,1.0,1774336063,1774336063,[],[Sticker] honestymakeyouperfect12
7251253251058959386,mizzyl1,canopy_013,1,0,0,0,16,16.0,1774300215,1774300215,[],🤣 ⠀︎⠀ ⠀ ⠀ᅠ⠀ᅠ🤣⠀ᅠ⠀ ⠀ ⠀ᅠ⠀︎ ︎⠀ ⠀ 😂⠀ ⠀ ⠀︎⠀ ⠀ᅠ⠀︎ ︎⠀ ⠀ 😂⠀ ⠀ ⠀︎⠀ ⠀ ⠀ᅠ⠀ᅠ⠀ ⠀ ⠀ ⠀ ⠀ ⠀ ⠀︎ ︎ ᅠ⠀ ⠀ ⠀ᅠ⠀︎ ︎⠀ ⠀ ⠀ ⠀ ⠀︎⠀ ⠀ᅠ⠀︎🤣 ︎⠀ ⠀ ⠀ ⠀ ⠀︎⠀ ⠀ ⠀ᅠ⠀😂ᅠ⠀ᅠ⠀ ⠀ ⠀ᅠ⠀︎ ︎⠀ ⠀ ⠀ ⠀ ⠀︎⠀ ⠀ᅠ⠀︎ ︎⠀ ⠀ ⠀ ⠀ ⠀︎⠀ ⠀ ⠀ᅠ⠀ᅠ⠀ ⠀ ⠀ ⠀ ⠀ ⠀ ⠀︎ ︎ ᅠ⠀ ⠀ 🤣⠀ᅠ⠀︎ ︎⠀ ⠀ ⠀ ⠀ ⠀︎⠀ ⠀ᅠ⠀︎ ︎⠀ 😂⠀ ⠀ ⠀ ⠀︎⠀ ⠀ ⠀ᅠ⠀ᅠ⠀ᅠ⠀ ⠀ ⠀ᅠ⠀︎ ︎⠀ ⠀ ⠀ ⠀ ⠀︎⠀ ⠀ᅠ⠀︎ ︎⠀ ⠀ ⠀ ⠀
7251991096619746306,do17406,canopy_479,1,0,0,0,1,1.0,1774427800,1774427800,[],coco
7252048520768111622,ahyan_faizan,canopy_013,1,0,0,0,7,7.0,1774383929,1774383929,[],BOOM !!!!!! BOOOM !!!!! ⠀ ⠀ ⠀︎⠀ ⠀ ⠀ᅠ⠀ᅠ ⠀ ☄️ ⠀︎ ︎ ᅠ⠀ ⠀ ⠀ᅠ⠀︎ ︎⠀ ⠀ ⠀ ⠀ ⠀︎⠀ ⠀ ⠀ᅠ⠀ᅠ⠀ ⠀ ⠀ ⠀ ⠀ ⠀ ⠀︎ ︎ ᅠ☄️ ⠀ ⠀☄️ ⠀ ⠀☄️☄️︎⠀ ⠀ᅠ⠀︎ ︎⠀ ⠀ ⠀ ⠀☄️ ⠀︎⠀ ⠀ ⠀ᅠ⠀ᅠ⠀ᅠ⠀☄️ ⠀ ⠀ᅠ⠀︎☄️ ⠀ ⠀  ⠀ᅠ⠀︎ ︎⠀ ⠀ ⠀ ⠀ ⠀︎⠀ ⠀ ⠀ᅠ⠀ᅠ⠀ ⠀ ⠀ ⠀ ⠀ ⠀ ⠀︎☄️︎ ᅠ⠀ ⠀ᅠ⠀ᅠ⠀. ☄️ ⠀ ⠀ ⠀ ⠀ ⠀︎ ︎ ᅠ⠀ ⠀ ⠀ᅠ☄️︎ ︎⠀ ⠀ ⠀ ⠀ ⠀︎ ︎⠀ ⠀ ⠀ ⠀ ⠀︎⠀ ⠀ ⠀ᅠ⠀ᅠ⠀ᅠ⠀ ⠀ ⠀ᅠ⠀
7252180988837889067,dog.person5,canopy_385,1,0,0,0,2,2.0,1774425116,1774425116,[],Justice for Palestine Adriana
7253090810513097730,hidayat.safi8,canopy_022,1,0,0,0,21,21.0,1774450518,1774450518,[],PRAYING FOR PEOPLE OF PALESTINE ♥️🇵🇸 🙏 Hidayat Safi
7253476605544121350,yk82025,,1,0,0,0,4,4.0,1774233438,1774233438,[],Джон
7254118992901358598,huseyndivanesiadn,canopy_475,1,0,0,0,1,1.0,1774446249,1774446249,[],HAK'KIN safında
7254221734713623557,adamnaser663,canopy_013,1,0,0,0,0,0.0,1775796980,1775796980,[],[Sticker] Adam🇵🇸🕋☪️🫸✝️☦️⛪️🇮🇱
7255307152083796994,yattmie88,canopy_013,1,0,0,0,9,9.0,1774257237,1774257237,[],👏👏👏 ᅠ⠀ᅠ⠀ ⠀ ⠀ᅠ⠀︎ ︎⠀ ⠀ 😂⠀ ⠀ ⠀︎⠀ ⠀ᅠ⠀︎ ︎⠀ ⠀ 😂⠀ ⠀ ⠀︎⠀ ⠀ ⠀ᅠ⠀ᅠ⠀ ⠀ ⠀ ⠀ ⠀ ⠀ ⠀︎ ︎ ᅠ⠀ ⠀ ⠀ᅠ⠀︎ ︎⠀ ⠀ ⠀ ⠀ ⠀︎⠀ ⠀ᅠ⠀︎ ︎⠀ ⠀ ⠀ ⠀ ⠀︎⠀ ⠀ ⠀ᅠ⠀ᅠ⠀ᅠ⠀ ⠀ ⠀ᅠ⠀︎ ︎⠀ ⠀ ⠀ ⠀ ⠀︎⠀ ⠀ᅠ⠀︎ ︎⠀ ⠀ ⠀ ⠀ ⠀︎⠀ ⠀ ⠀ᅠ⠀ᅠ⠀ ⠀ ⠀ ⠀ ⠀ ⠀ ⠀︎ ︎ ᅠ⠀ ⠀ ⠀ᅠ⠀︎ ︎⠀ ⠀ ⠀ ⠀ ⠀︎⠀ ⠀ᅠ⠀︎ ︎⠀ 😂⠀ ⠀ ⠀ ⠀︎⠀ ⠀ ⠀ᅠ⠀ᅠ⠀ᅠ⠀ ⠀ ⠀ᅠ⠀︎ ︎⠀ ⠀ ⠀ ⠀ ⠀︎⠀ ⠀ᅠ⠀︎ ︎⠀ ⠀ ⠀ ⠀ ⠀︎⠀ ⠀ ⠀ᅠ⠀ᅠ
7255459615491753002,goddesslisa1969,canopy_126,1,0,0,0,16,16.0,1774228975,1774228975,[],💜💙 Lisa 💙💜
7255585908618937370,nj.pnm,canopy_116,1,0,0,0,9,9.0,1774240651,1774240651,[],NJ
7256202462158406658,dniolsss,canopy_013,1,0,0,0,17,17.0,1774287542,1774287542,[],⠀ ⠀ ⠀︎⠀☄️ ⠀ᅠ⠀ᅠ⠀ ⠀ ⠀ ⠀ ⠀ ⠀ ⠀︎ ︎ ᅠ⠀ ⠀ ⠀ᅠ⠀︎ ︎⠀ ⠀ ⠀ ⠀ ⠀︎⠀ᅠᅠ⠀ ⠀ ⠀ᅠ⠀︎ ︎⠀ ⠀ ⠀ ⠀ ⠀︎⠀ ⠀ᅠ⠀︎ ︎⠀ ⠀ ⠀ ⠀ ⠀︎⠀ ⠀ ⠀ᅠ⠀ᅠ⠀ ⠀ ⠀ ⠀ ⠀ ⠀ ⠀︎ ︎ ᅠ⠀ ⠀ ⠀ᅠ☄️︎⠀ ⠀ ⠀ ⠀☄️ ⠀ᅠ⠀︎ ︎⠀ ⠀ ⠀ ⠀ ⠀︎⠀ ⠀ ⠀ᅠ⠀ᅠ⠀ᅠ⠀ ⠀ ⠀ᅠ⠀︎ ︎⠀ ⠀ ⠀ ⠀ ⠀︎⠀☄️ ⠀ᅠ⠀︎ ︎⠀ ⠀ ⠀ ⠀ ⠀︎⠀ ⠀☄️ᅠ☄️ᅠ⠀ ⠀ ⠀ ⠀ ⠀ ⠀ ⠀︎ ︎ ᅠ⠀ ⠀ ⠀☄️ᅠ⠀︎ ︎⠀ ⠀ ⠀ ⠀ ⠀︎⠀ ⠀ᅠ⠀︎ ︎⠀ ⠀☄️ ⠀ ⠀︎⠀ ⠀ ⠀ᅠ⠀ᅠ⠀
7258512037201429510,jag.mere.punjab.k,canopy_608,1,0,0,0,1,1.0,1774277367,1774277367,[],pls also show the Iranian destruction made by Israel. How many civilians have been killed in Iran as compared to the evil state. one sided propaganda. Jag mre Pjb k Pak  jal Raha h
7259830210505573382,kenan.zdemir3,canopy_353,1,0,0,0,0,0.0,1775163144,1775163144,[],Maşallah Kenan Özdemir
7261142322435867653,user65810150886663,canopy_350,1,0,0,0,0,0.0,1775465760,1775465760,[],report also who has died ISAAC
7261422825452422150,atilaarmagedon,canopy_006,1,0,0,0,1,1.0,1774333967,1774333967,[],[Sticker] @Armagedon@
7262400527862301702,nycwiki.tv,canopy_212,1,0,0,0,4,4.0,1774219195,1774219195,[],[Sticker] 👑Nyc-Wiki tv👑  🔵
7263081302823552005,userb1marb1w9s,canopy_142,1,0,0,0,4,4.0,1774237186,1774237186,[],life is simple 💞
7263621228413191173,jondoe0700,canopy_250,1,0,0,0,5,5.0,1774231133,1774231133,[],[Sticker] jondoe
7263914736517399557,arthur.wong2,canopy_025,1,0,0,0,6,6.0,1774225624,1774225624,[],stop war Arthur Wong
7265662037903885313,papadil_80,canopy_251,1,0,0,0,3,3.0,1774241798,1774241798,[],papaDIL
7265744876464423968,kamel.ancien,canopy_580,1,0,0,0,1,1.0,1774321470,1774321470,[],[Sticker] Kamel.ancien
7267394392368514053,upliftcentral1,canopy_309,1,0,0,0,3,3.0,1774248915,1774248915,[],We pray for peace 🙏 Uplift Central
7268149943910089734,ceramah_subuh79,canopy_344,1,0,0,0,0,0.0,1775550778,1775550778,[],LOOK AT MY REPOSTT C_S⁷⁹
7270136616478458887,tokmj_30,canopy_478,1,0,0,0,1,1.0,1774444351,1774444351,[],tokmj_30
7274983064991810566,www.highlandertreks.com,canopy_033,1,0,0,0,3,3.0,1774251741,1774251741,[],please stop war 🙏 Highlander Tours
7277183383178970117,shah.almizan,canopy_222,1,0,0,0,1,1.0,1774240421,1774240421,[],[Sticker] Shah Al-Mizan
7281282899318850566,aries675r,canopy_713,1,0,0,0,1,1.0,1774237242,1774237242,[],😳😳😳 Aries675r
7281769226565796870,faizel.mansfield,canopy_228,1,0,0,0,0,0.0,1775164698,1775164698,[],Faizel Mansfield
7282348803772318726,rockickass1,canopy_719,1,0,0,0,1,1.0,1774237076,1774237076,[],nothing lucky about that. Graven Image 🇨🇦
7282457131139646497,brother.sabbir.hijama,canopy_226,1,0,0,0,6,6.0,1774825416,1774825416,[],You stated this brother saabir
7284057704728626181,famlia.laones,canopy_131,2,0,0,0,11,5.5,1774234782,1774234789,[],Família LAONES Família LAONES
7284750471163970562,rebelchronicle,canopy_509,1,0,0,0,1,1.0,1774390983,1774390983,[],Rebel📜Chronicles🇪🇬🦅🇳🇿🥝
7287249230892106758,z.fallingangel.z,canopy_176,1,0,0,0,6,6.0,1774230160,1774230160,[],[Sticker] CatCrime
7287530802672944129,amri.yahya1,canopy_398,1,0,0,0,2,2.0,1774400964,1774400964,[],[Sticker] Lazuri Sani
7287629583536538630,saimraza51272,canopy_669,1,0,0,0,1,1.0,1774238930,1774238930,[],Saim Raza
7288239669111424005,akilhasan456,canopy_258,1,0,0,0,3,3.0,1774234761,1774234761,[],[Sticker] Akil Hasan
7290292672361759776,urdaddysbra,canopy_117,1,0,0,0,9,9.0,1774218803,1774218803,[],idk 🤓
7290350607356150827,kar98802,canopy_013,1,0,0,0,24,24.0,1774239550,1774239550,[],⠀ ⠀ᅠ⠀︎ ︎⠀ ⠀ 😂⠀ ⠀ ⠀︎⠀ ⠀ᅠ⠀︎ ︎⠀ ⠀ 😂⠀ ⠀ ⠀︎⠀ ⠀ ⠀ᅠ⠀ᅠ⠀ ⠀ ⠀ ⠀ ⠀ ⠀ ⠀︎ ︎ ᅠ⠀ ⠀ ⠀ᅠ⠀︎ ︎⠀ ⠀ ⠀ ⠀ ⠀︎⠀ ⠀ᅠ⠀︎ ︎⠀ ⠀ ⠀ ⠀ ⠀︎⠀ ⠀ ⠀🤣ᅠ⠀ᅠ⠀ᅠ⠀ ⠀ ⠀ᅠ⠀︎ ︎⠀ ⠀ ⠀ ⠀ ⠀︎⠀ ⠀ᅠ⠀︎ ︎⠀ ⠀ ⠀ ⠀ ⠀︎⠀ ⠀ ⠀ᅠ⠀ᅠ⠀ ⠀ ⠀ ⠀ ⠀ ⠀ ⠀︎ ︎ ᅠ⠀ ⠀ ⠀ᅠ⠀︎ ︎⠀ ⠀ ⠀ ⠀ ⠀︎⠀ ⠀ᅠ⠀︎ ︎⠀🤣 😂⠀ ⠀ ⠀ ⠀︎⠀ ⠀ ⠀ᅠ⠀ᅠ⠀ᅠ⠀ ⠀ ⠀ᅠ⠀︎ ︎⠀ ⠀ ⠀ ⠀ ⠀︎⠀ ⠀ᅠ⠀︎ ︎⠀ ⠀ ⠀ ⠀ ⠀︎⠀ ⠀ ⠀ᅠ⠀ᅠ⠀ ⠀ ⠀ ⠀
7292020279937025030,angelqu220,canopy_569,1,0,0,0,1,1.0,1774330901,1774330901,[],👑Angel Queen👑
7292436220012790816,polishman611,canopy_367,1,0,0,0,3,3.0,1774214794,1774214794,[],10k like and I'll change my profile photo to this PolishMan
7292469793109722154,whatever_5150,canopy_592,1,0,0,0,1,1.0,1774303192,1774303192,[],Aldo_Raine
7293760186871088133,mohamedmando673,canopy_481,1,0,0,0,1,1.0,1774241029,1774241029,[],[Sticker] Mohamed𓅓🇪🇬
7295710550214247432,jakksparrow99,canopy_097,1,0,0,0,7,7.0,1774239926,1774239926,[],Moey castle
7296163401382020102,syed.muhamad.din,canopy_070,1,0,0,0,14,14.0,1774230946,1774230946,[],Syed Muhamad din agha
7296760772994122757,mommy.zahrul,canopy_301,1,0,0,0,5,5.0,1774230971,1774230971,[],mommy zahrul
7296948579905045509,jagvetei,canopy_484,1,0,0,0,1,1.0,1774396954,1774396954,[],[Sticker] Vetej
7297306010283181062,abdallahali8089,canopy_578,1,0,0,0,1,1.0,1774245557,1774245557,[],netanyahu has no even an ounce of shame when he states that Iran is targeting civilians.......where does Israel and america target if not civilians they have killed all along in Iran???? dallazodulla
7297933972808729632,ronaldoof45,canopy_241,1,0,0,0,0,0.0,1775123732,1775123732,[],CR77
7298207797677884422,mahlobo.m,canopy_640,1,0,0,0,1,1.0,1774242002,1774242002,[],[Sticker] mahlobo.m
7299759192024466438,vuradmir,canopy_654,1,0,0,0,1,1.0,1774240422,1774240422,[],Vradimir
7300113222412895265,tony.pulla,canopy_382,1,0,0,0,2,2.0,1774437151,1774437151,[],"I can't really say anything because TIKTOK HAS BEEN INFILTRATED & IS CENSORING AND REMOVING EVEN FRONT PAGES OF A UK NEWSPAPER!
I HAVE TURNED TO THE NEW APP CALLED ""UpScrolled""
THERE NOTHING IS CENSORED AND IT WILL OVERTAKE TIKTOK! TONY PULLA"
7300626193325229061,chinesespareribs,canopy_120,1,0,0,0,7,7.0,1774441313,1774441313,[],i feel nothing ChineseSpareRibs
7306969713349805064,flow_master19,canopy_013,1,0,0,0,16,16.0,1774220222,1774220222,[],︎⠀ ⠀ᅠ⠀︎ ︎⠀ ⠀ ⠀ ⠀ ⠀︎⠀ ⠀ ⠀ᅠ⠀ᅠ⠀ᅠ⠀ ⠀ ⠀ᅠ⠀︎ ︎⠀ ⠀ 😂⠀ ⠀ ⠀︎⠀ ⠀ᅠ⠀︎ ︎⠀ ⠀ 😂⠀ ⠀ ⠀︎⠀ ⠀ ⠀ᅠ⠀ᅠ⠀ ⠀ ⠀ ⠀ ⠀ ⠀ ⠀︎ ︎ ᅠ⠀ ⠀ ⠀ᅠ⠀︎ ︎⠀ ⠀ ⠀ ⠀ ⠀︎⠀ ⠀ᅠ⠀︎ ︎⠀ ⠀ ⠀ ⠀ ⠀︎⠀ ⠀ ⠀ᅠ⠀ᅠ⠀ᅠ⠀ ⠀ ⠀ᅠ⠀︎ ︎⠀ ⠀ ⠀ ⠀ ⠀︎⠀ ⠀ᅠ⠀︎ ︎⠀ ⠀ ⠀ ⠀ ⠀︎⠀ ⠀ ⠀ᅠ⠀ᅠ⠀ ⠀ ⠀ ⠀ ⠀ ⠀ ⠀︎ ︎ ᅠ⠀ ⠀ ⠀ᅠ⠀︎ ︎⠀ ⠀ ⠀ ⠀ ⠀︎⠀ ⠀ᅠ⠀︎ ︎⠀ 😂⠀ ⠀ ⠀ ⠀︎⠀ ⠀ ⠀ᅠ⠀ᅠ⠀ᅠ⠀ ⠀ 😂⠀ᅠ⠀︎ ︎⠀ ⠀ ⠀ ⠀ ⠀︎⠀ ⠀
7307362809690506273,boeseca,canopy_254,1,0,0,0,4,4.0,1774234638,1774234638,[],[Sticker] inspector boeseca 🇲🇦🇳🇱🫡🫵
7307548469060584454,arman.khan5137,canopy_191,1,0,0,0,13,13.0,1774217208,1774217208,[],Arman Khan
7308377902638728224,panther230523,canopy_016,2,0,0,0,276,138.0,1774293481,1774293520,[],My tea tastes really good this morning😂 panther♊️ panther♊️
7309226277922309152,quartus.trichardt,canopy_467,1,0,0,0,1,1.0,1774452242,1774452242,[],Quartus Trichardt
7309689805897171970,yassinyassyassinyayassin,canopy_430,1,0,0,0,1,1.0,1774796574,1774796574,[],news tomahawk hit iranian school? yassinmaiden616
7311708051199230981,princess.powerran,canopy_013,1,0,0,0,23,23.0,1774248078,1774248078,[],It's my mom's birthday today ❤️❤️❤️❤️ Princess powerranger
7312576223157863457,stergiosmavrikis,canopy_141,1,0,0,0,21,21.0,1774216390,1774216390,[],stergiosmavrikis
7313835321618678816,user9820816840561,canopy_477,1,0,0,0,1,1.0,1774444680,1774444680,[],lala
7314655842044265478,intan.permata7572,canopy_068,1,0,0,0,20,20.0,1774225466,1774225466,[],[Sticker] Intan Permata
7315184692033930273,waysoo.qaabee,canopy_233,1,0,0,0,0,0.0,1775517516,1775517516,[],[Sticker] Le Chirurgien
7315521386973627425,kristin5752,canopy_028,1,0,0,0,1080,1080.0,1774215255,1774215255,[],Winterparfüm
7316071021454558214,_duluf.darkestman,canopy_442,1,0,0,0,1,1.0,1774556515,1774556515,[],"stop your propaganda zionist narrative, Dimona was legitimate target since was part of military related nuclear facility. _duluf"
7316298248997192709,higilarity,canopy_552,1,0,0,0,1,1.0,1774339111,1774339111,[],Excel tech aluminum company
7316789714857624582,bullet7453,canopy_025,1,0,0,0,10,10.0,1774224602,1774224602,[],stop war Bullet
7316815688206861344,user14185257455703,canopy_571,1,0,0,0,1,1.0,1774330417,1774330417,[],Maverick
7317147259148715013,tonychristiansen7,canopy_269,1,0,0,0,149,149.0,1774217352,1774217352,[],Nice filming. Nice scenery. What camera is used? TonyChristiansen
7317249968522462213,badboy_official28,canopy_272,1,0,0,0,1,1.0,1774349296,1774349296,[],Bad boy
7317314050736047136,josh._000,canopy_282,2,0,0,0,19,9.5,1774218450,1774218458,[],[Sticker] Josh🔻 [Sticker] Josh🔻
7317393952595297285,prettyjjeje1,canopy_634,1,0,0,0,1,1.0,1774242239,1774242239,[],Tracy
7317431073687815173,lalokan0,canopy_499,1,0,0,0,1,1.0,1774391829,1774391829,[],[Sticker] LaloKano
7318306691132589088,susanannesaid,canopy_370,1,0,0,0,2,2.0,1774694670,1774694670,[],"Gaza was a Residencial area too, but that wasn't considered an act of terrorism when the booms came from Israel??? they didn't even allow the press in to report what they were doing ,Netanyahu what have you been doing for years ??? Susanannesaid"
7319108928196903968,k4d1rb,canopy_534,1,0,0,0,1,1.0,1774359448,1774359448,[],[Sticker] K4D1R
7319637314757575686,cyairmtz18,canopy_515,1,0,0,0,1,1.0,1774386540,1774386540,[],Yair
7320351877056791584,pokaloni50,canopy_211,1,0,0,0,1,1.0,1774331519,1774331519,[],ALEX
7323120700012938245,ngwemyo382,canopy_025,1,0,0,0,5,5.0,1774225525,1774225525,[],Stop war ကိုဒိုး(တောင်ကြီး)
7323298125393003563,imnotimnayeon,canopy_214,1,0,0,0,5,5.0,1774283639,1774283639,[],im nayeon
7323679526399083553,apple.user7697996,canopy_225,1,0,0,0,12,12.0,1774348690,1774348690,[],Sky new just read the comments Apple User769799
7324383714049541153,shah.aminurrahman,canopy_222,1,0,0,0,9,9.0,1774222579,1774222579,[],[Sticker] shah.aminurrahman
7324429098661790726,user4154489185298,canopy_260,1,0,0,0,1,1.0,1774281859,1774281859,[],i don't understand what you mean abdullahidanladi6767@hotmail.c
7325894078187717675,bpuddin82,canopy_088,1,0,0,0,1,1.0,1774396742,1774396742,[],Ok Bpuddin
7327226218813391877,saddiqcad,canopy_013,1,0,0,0,20,20.0,1774384550,1774384550,[],".:Yes more please
☄️ ⠀ ⠀︎⠀ ⠀ᅠ⠀︎ ︎⠀ ⠀ ☄️ ⠀ ⠀︎⠀ ⠀ ⠀ᅠ⠀ᅠ⠀ ⠀ ⠀ ⠀ ⠀ ⠀ ⠀︎ ︎ ᅠ⠀ ⠀ ⠀ᅠ⠀︎ ︎⠀ ⠀ ⠀ ⠀ ⠀︎⠀ ⠀ᅠ⠀︎ ︎⠀ ⠀ ⠀ ⠀ ⠀︎⠀ ⠀ ⠀☄️ᅠ⠀ᅠ⠀ᅠ⠀ ⠀ ⠀ᅠ⠀︎ ︎⠀ ⠀ ⠀ ⠀ ⠀︎⠀ ⠀ᅠ⠀︎ ︎⠀ ⠀ ⠀ ⠀ ⠀︎⠀ ⠀ ⠀ᅠ⠀ᅠ⠀ ⠀ ⠀ ⠀ ⠀ ⠀ ⠀︎ ︎ ᅠ⠀ ⠀ ⠀ᅠ⠀︎ ︎⠀ ⠀ ⠀ ⠀ ⠀︎⠀ ⠀ᅠ⠀︎ ︎⠀☄️ ⠀ ⠀ ⠀︎⠀ ⠀ ⠀ᅠ⠀ᅠ⠀ᅠ⠀ ⠀ ⠀ᅠ⠀︎ ︎⠀ ⠀ ⠀ ⠀ ⠀︎⠀ ⠀ᅠ⠀︎ ︎⠀ ⠀ ⠀ ⠀ ⠀︎⠀ ⠀ ⠀ᅠ⠀ᅠ⠀ "
7330704995610477600,yoseph.tsegaye8,canopy_181,1,0,0,0,2,2.0,1774397700,1774397700,[],Joe
7330899919002027051,sultan.king7736,canopy_584,1,0,0,0,1,1.0,1774307239,1774307239,[],[Sticker] *SULTAN *
7331847404519883819,se4kn0wn,canopy_424,1,0,0,0,2,2.0,1774218605,1774218605,[],[Sticker] se4kn0wn
7332056821727446021,reallifeburner33,canopy_374,1,0,0,0,2,2.0,1774453919,1774453919,[],[Sticker] RL Burner (5ive)
7333474672351675398,kucingkepanasan,canopy_275,1,0,0,0,10,10.0,1774322385,1774322385,[],i'm gonna pause and make a cup of coffee kucingkepanasan
7333933730745566213,dudu.fudu3,canopy_061,1,0,0,0,56,56.0,1774237749,1774237749,[],Marwanovich مروان
7334272629450343470,komomine,canopy_111,1,0,0,0,6,6.0,1774236702,1774236702,[],Komo-mine
7337084105261138976,sokol.a,canopy_542,2,0,0,0,2,1.0,1774354554,1774354581,[],[Sticker] Sokol [Sticker] Sokol
7337597547799020549,user9815339781614,canopy_066,1,0,0,0,12,12.0,1774363540,1774363540,[],am not satisfied user9815339781614
7340377245914547206,khaled.mklch,canopy_420,1,0,0,0,2,2.0,1774349256,1774349256,[],[Sticker] Khaled Mklch
7345447179269719072,keysivinmugne,canopy_491,1,0,0,0,1,1.0,1774395749,1774395749,[],keyboard
7345507730973262881,ayoub.ahmed8,canopy_134,1,0,0,0,0,0.0,1775175319,1775175319,[],What happened? Ayoub Ahmed
7345519844223616002,mziq011,canopy_376,1,0,0,0,2,2.0,1774449444,1774449444,[],[Sticker] Haزيق. 🇵🇸
7345594575783248902,abdullah.cassim3,canopy_015,1,0,0,0,1,1.0,1774383951,1774383951,[],[Sticker] Abdullah ~~
7345693452820186117,_kampalaboys,canopy_010,1,0,0,0,900,900.0,1774217566,1774217566,[],Villain mode
7346466630966412293,nagito_k2,canopy_168,1,0,0,0,4,4.0,1774222409,1774222409,[],[Sticker] Nagito K.
7347823456870581291,brent.bartlett,canopy_294,1,0,0,0,9,9.0,1774653677,1774653677,[],Get’em. Now they know what Gaza was going through. F Israel Brent Bartlett
7349160078996276230,ay.dot28,canopy_419,1,0,0,0,2,2.0,1774360446,1774360446,[],"I'm neutral in this war but it's thought provoking when this attack is described as staggering when the destruction in Iran is 50 times more devastating...
I'm curious to hear this reporter diacrine the other side too Life Attraction"
7349660179460015147,sassssessa,canopy_342,1,0,0,0,2,2.0,1774400413,1774400413,[],Praying Gaza is okay Essa
7351522222589199365,employment60,,1,0,0,0,1,1.0,1774457469,1774457469,[],X
7352849317865505798,artistic_ansari,canopy_152,1,0,0,0,23,23.0,1774217937,1774217937,[],Ubaid Ansari
7352986419860423712,fox_underscore,canopy_443,1,0,0,0,1,1.0,1774549205,1774549205,[],fox__🦊
7353421506658124833,keyboard_warrior62,canopy_243,1,0,0,0,6,6.0,1774232182,1774232182,[],[Sticker] keyboard_warrior62
7354374148095181829,tony.spark18,canopy_401,1,0,0,0,2,2.0,1774399493,1774399493,[],Tony Spark
7355557262863336453,hassan.razzaq42,canopy_013,1,0,0,0,20,20.0,1774220514,1774220514,[],"@🫀🪨...: Yes more please
☄️ ⠀ ⠀︎⠀ ⠀ᅠ⠀︎ ︎⠀ ⠀ ☄️ ⠀ ⠀︎⠀ ⠀ ⠀ᅠ⠀ᅠ⠀ ⠀ ⠀ ⠀ ⠀ ⠀ ⠀︎ ︎ ᅠ⠀ ⠀ ⠀ᅠ⠀︎ ︎⠀ ⠀ ⠀ ⠀ ⠀︎⠀ ⠀ᅠ⠀︎ ︎⠀ ⠀ ⠀ ⠀ ⠀︎⠀ ⠀ ⠀☄️ᅠ⠀ᅠ⠀ᅠ⠀ ⠀ ⠀ᅠ⠀︎ ︎⠀ ⠀ ⠀ ⠀ ⠀︎⠀ ⠀ᅠ⠀︎ ︎⠀ ⠀ ⠀ ⠀ ⠀︎⠀ ⠀ ⠀ᅠ⠀ᅠ⠀ ⠀ ⠀ ⠀ ⠀ ⠀ ⠀︎ ︎ ᅠ⠀ ⠀ ⠀ᅠ⠀︎ ︎⠀ ⠀ ⠀ ⠀ ⠀︎⠀ ⠀ᅠ⠀︎ ︎⠀☄️ ⠀ ⠀ ⠀︎⠀ ⠀ ⠀ᅠ⠀ᅠ⠀ᅠ⠀ ⠀ ⠀ᅠ⠀︎ ︎⠀ ⠀ ⠀ ⠀ ⠀︎⠀ ⠀ᅠ⠀︎ ︎⠀ ⠀ ⠀ ⠀ ⠀︎⠀ ⠀ "
7357806298803143713,2wheeledscotman,canopy_229,1,0,0,0,1,1.0,1774302047,1774302047,[],When was this Mike oxlong
7358089344354354194,zemmie808,canopy_390,1,0,0,0,2,2.0,1774409930,1774409930,[],Iran are responding to Israeli attacks. This is what happens when you attack someone. They strike back! Zemmie
7358930055361823749,isot_061,canopy_291,1,0,0,0,8,8.0,1774219043,1774219043,[],İsmail Hakkı
7359289173456913454,isekaimepls,canopy_266,1,0,0,0,5,5.0,1774288236,1774288236,[],thank you for posting IsekaiMePls🌎
7359928513861927969,a144myn,canopy_005,1,0,0,0,1,1.0,1774550536,1774550536,[],What is this movie called? a144myn
7361054820280730629,felipe62485,canopy_606,1,0,0,0,1,1.0,1774281994,1774281994,[],Felipe 🐠🐟
7361069886359716906,bassresearch,canopy_019,1,0,0,0,574,574.0,1774236567,1774236567,[],bassresearch
7363363492097065989,pa.dasman,canopy_540,1,0,0,0,1,1.0,1774272662,1774272662,[],that's the same thing israel doing to palestinian peoples since 1947 pa dasman
7364138059266688005,bow.wow1570,canopy_425,1,0,0,0,2,2.0,1774217968,1774217968,[],[Sticker] Bow wow
7365635139777823749,angela.1231236,canopy_666,1,0,0,0,1,1.0,1774239072,1774239072,[],hai Diyos ko Angela 123123@
7367437036964119584,simone.nairx9,canopy_577,1,0,0,0,1,1.0,1774327513,1774327513,[],Só querem saber de guerra… tô bocejando 😩🥲 Simone Nair
7367577463750132741,maryamyahya561,canopy_041,1,0,0,0,13,13.0,1774259545,1774259545,[],we should promote peace not violence maryam saad
7367761141394998277,shahbaz.hussain8865,canopy_162,1,0,0,0,6,6.0,1774241867,1774241867,[],[Sticker] Shahbaz hussain
7372146986432775174,bobba683,canopy_562,1,0,0,0,1,1.0,1774334883,1774334883,[],[Sticker] Bobba68
7373912731559609352,repinthreptilians,canopy_071,1,0,0,0,106,106.0,1774229198,1774229198,[],The reptilian
7375525564567241761,_clonetrooper7567_,canopy_101,1,0,0,0,10,10.0,1774260504,1774260504,[],[Sticker] CT-7567
7376897362978096145,islam_nur7,canopy_697,1,0,0,0,1,1.0,1774237742,1774237742,[],[Sticker] islam_nur7
7376941500363965472,scottweslby,canopy_314,1,0,0,0,4,4.0,1774218489,1774218489,[],[Sticker] Scott Wesley
7377044399681307681,arizmokkum,canopy_287,1,0,0,0,8,8.0,1774219513,1774219513,[],[Sticker] Arizmokkum
7377997874032084000,carlitos1way,canopy_013,3,0,0,0,3,1.0,1774509782,1774509789,[],🇵🇸✌️كارلوس ✌️🇵🇸 🇵🇸✌️كارلوس ✌️🇵🇸 🇵🇸✌️كارلوس ✌️🇵🇸
7378567914254959622,ins.onelia,canopy_042,1,0,0,0,35,35.0,1774225446,1774225446,[],stop wars. Inês onelia
7378695724613616658,lola.lulu69,canopy_220,1,0,0,0,3,3.0,1774230279,1774230279,[],[Sticker] Lola Lulu
7379189727608570886,weirosas,canopy_088,1,0,0,0,1,1.0,1774452396,1774452396,[],everything will be ok Fisher
7379964200321811472,iwmqs._,canopy_386,1,0,0,0,2,2.0,1774417452,1774417452,[],[Sticker] kurt
7380407783943881734,akbar4321.tiktok.com,canopy_720,1,0,0,0,1,1.0,1774237067,1774237067,[],[Sticker] Ayatulloh
7380648987244315666,the_lost_princess1,canopy_466,1,0,0,0,1,1.0,1774452492,1774452492,[],[Sticker] Lego_news
7383047865667322913,yusuf_m_2611,canopy_518,1,0,0,0,1,1.0,1774382791,1774382791,[],[Sticker] Yusuf
7384904311195599878,esotericwell,canopy_556,1,0,0,0,1,1.0,1774338623,1774338623,[],Why don't they just stop the attack on Iran? Have they not done enough by killing their leader? Esoteric
7386533375073682449,firstblood131,canopy_108,1,0,0,0,15,15.0,1774229241,1774229241,[],Firstblood
7387033416446837765,kiruba2579,canopy_025,1,0,0,0,69,69.0,1774225526,1774225526,[],stop war Kiruba
7389067466839983111,rise.of.palestine,canopy_558,1,0,0,0,1,1.0,1774336217,1774336217,[],1948
7389767673448285226,imrubberurglue4,canopy_049,1,0,0,0,47,47.0,1774248424,1774248424,[],Guys I had a cold last Sunday it was really bad but I’m feeling better now. I just have a cough that won’t stop. Any advice? ImRubberUrGlue
7393383072991396869,sylvestermhlongo8,canopy_603,1,0,0,0,1,1.0,1774290606,1774290606,[],How many Iranian buildings you targeted even Gaza residents buildings ? SLYDAHUSTLER
7396054750779900933,thefallenone666,canopy_489,1,0,0,0,1,1.0,1774395832,1774395832,[],Satan
7396903607784490000,muhammad.rehan2958,canopy_013,1,0,0,0,91,91.0,1774246340,1774246340,[],"more please
☄️ ⠀ ⠀︎⠀ ⠀ᅠ⠀︎ ︎⠀ ⠀ ☄️ ⠀ ⠀︎⠀ ⠀ ⠀ᅠ⠀ᅠ⠀ ⠀ ⠀ ⠀ ⠀ ⠀ ⠀︎ ︎ ᅠ⠀ ⠀ ⠀ᅠ⠀︎ ︎⠀ ⠀ ⠀ ⠀ ⠀︎⠀ ⠀ᅠ⠀︎ ︎⠀ ⠀ ⠀ ⠀ ⠀︎⠀ ⠀ ⠀☄️ᅠ⠀ᅠ⠀ᅠ⠀ ⠀ ⠀ᅠ⠀︎ ︎⠀ ⠀ ⠀ ⠀ ⠀︎⠀ ⠀ᅠ⠀︎ ︎⠀ ⠀ ⠀ ⠀ ⠀︎⠀ ⠀ ⠀ᅠ⠀ᅠ⠀ ⠀ ⠀ ⠀ ⠀ ⠀ ⠀︎ ︎ ᅠ⠀ ⠀ ⠀ᅠ⠀︎ ︎⠀ ⠀ ⠀ ⠀ ⠀︎⠀ ⠀ᅠ⠀︎ ︎⠀☄️ ⠀ ⠀ ⠀︎⠀ ⠀ ⠀ᅠ⠀ᅠ⠀ᅠ⠀ ⠀ ⠀ᅠ⠀︎ ︎⠀ ⠀ ⠀ ⠀ ⠀︎⠀ ⠀ᅠ⠀︎ ︎⠀ ⠀ ⠀ ⠀ ⠀︎⠀ ⠀ ⠀ᅠ⠀ᅠ⠀ ⠀ ⠀ ⠀ "
7397098503866041349,abubakarimubiru71,canopy_377,1,0,0,0,2,2.0,1774446944,1774446944,[],The end is not yet and Iranian affiliated Hizhibollah are contemplating for full all out boots on ground.... Abubakari Mubiru
7397174816681264133,profe0766,canopy_433,1,0,0,0,1,1.0,1774728628,1774728628,[],"Isaiah 41:1-29
[1]“Keep silence before Me, O coastlands, And let the people renew their strength! Let them come near, then let them speak; Let us come near together for judgment.
[2]“Who raised up one from the east? Who in righteousness called him to His feet? Who gave the nation"
7398073899592352769,user8166161445544,canopy_658,1,0,0,0,1,1.0,1774239758,1774239758,[],Hameedkhan
7399170004366885889,larryhanzo,canopy_686,1,0,0,0,1,1.0,1774238317,1774238317,[],larryhanzo 🇦🇺
7400347622539019270,user4444927246349,canopy_389,1,0,0,0,2,2.0,1774436857,1774436857,[],iran is not Venezuela siphikili misomali
7402268913452663809,aryan_tariq1,canopy_656,1,0,0,0,1,1.0,1774240225,1774240225,[],[Sticker] 𝐀𝐑𝐘𝐀𝐍 ✨
7402984582746358816,usermt0046,canopy_013,1,0,1,0,5,5.0,1774556352,1774556352,[],"@SiddXFitness:...:Yes more please
☄️ ⠀ ⠀︎⠀ ⠀ᅠ⠀︎ ︎⠀ ⠀ ☄️ ⠀ ⠀︎⠀ ⠀ ⠀ᅠ⠀ᅠ⠀ ⠀ ⠀ ⠀ ⠀ ⠀ ⠀︎ ︎ ᅠ⠀ ⠀ ⠀ᅠ⠀︎ ︎⠀ ⠀ ⠀ ⠀ ⠀︎⠀ ⠀ᅠ⠀︎ ︎⠀ ⠀ ⠀ ⠀ ⠀︎⠀ ⠀ ⠀☄️ᅠ⠀ᅠ⠀ᅠ⠀ ⠀ ⠀ᅠ⠀︎ ︎⠀ ⠀ ⠀ ⠀ ⠀︎⠀ ⠀ᅠ⠀︎ ︎⠀ ⠀ ⠀ ⠀ ⠀︎⠀ ⠀ ⠀ᅠ⠀ᅠ⠀ ⠀ ⠀ ⠀ ⠀ ⠀ ⠀︎ ︎ ᅠ⠀ ⠀ ⠀ᅠ⠀︎ ︎⠀ ⠀ ⠀ ⠀ ⠀︎⠀ ⠀ᅠ⠀︎ ︎⠀☄️ ⠀ ⠀ ⠀︎⠀ ⠀ ⠀ᅠ⠀ᅠ⠀ᅠ⠀ ⠀ ⠀ᅠ⠀︎ ︎⠀ ⠀ ⠀ ⠀ ⠀︎⠀ ⠀ᅠ⠀︎ ︎⠀ ⠀ "
7403666842986546209,polisgh4,canopy_290,1,0,0,0,6,6.0,1774873861,1774873861,[],The only species whose actions undermine their very existence. Polis-gh
7405527020195284001,zionism_da_terrorism,canopy_623,1,0,0,0,1,1.0,1774253631,1774253631,[],So they lied about having nuclear weapons! Hypocrites Terrorist State Of Israel
7407221110629073926,bukandia_881,canopy_053,1,0,0,0,24,24.0,1774263557,1774263557,[],thank you for your fair reporting sky news. nonchalant
7408910802202461190,chemical_engineerms09,canopy_623,1,0,0,0,1,1.0,1774261681,1774261681,[],it's nuclear weapons destruction Ahsan Khan
7409739423779357702,vdj.martinez,canopy_149,1,0,0,0,4,4.0,1774246684,1774246684,[],vDj martinez
7411689832726545414,user3611469249516,canopy_459,1,0,0,0,1,1.0,1774456844,1774456844,[],Abdou aziz fall
7414410186095772678,abid.virk51,canopy_699,1,0,0,0,1,1.0,1774237620,1774237620,[],💓💓💓 Abid virk🤫
7415589102207321093,www.hamad.777,canopy_349,1,0,0,0,0,0.0,1775482405,1775482405,[],[Sticker] Hamad
7415799988297319429,benditoaztecaaztl,canopy_135,2,0,0,0,11,5.5,1774218878,1774218884,[],BenditoAzteca Aztlansenoco BenditoAzteca Aztlansenoco
7416269225385296902,seehher.sarajevo,canopy_000,1,0,0,0,11,11.0,1774218057,1774218057,[],⚜⚜Š𝕖𝕙𝕖𝕣_Տᗩᖇᗩᒍ€ᐯO⚜⚜
7416287041577305094,philnaidoo81,canopy_112,1,0,0,0,12,12.0,1774237843,1774237843,[],we need peace n love not WAR shanee
7418987475336971269,salim.khan7339,canopy_148,1,0,0,0,1,1.0,1774239112,1774239112,[],MashAAllah Salim Khan
7421215511235150853,hivro0707,canopy_151,1,0,0,0,2,2.0,1774397038,1774397038,[],[Sticker] 🔥Ömeroğlu🔥
7421976792565711905,abdussamad2849,canopy_526,1,0,0,0,1,1.0,1774374462,1774374462,[],What about Gaza??? Abdus Samad
7421992589585843243,stevenst352,canopy_018,1,0,0,0,392,392.0,1774218593,1774218593,[],StevensT
7424539742974477318,iqbalnonee3,canopy_247,1,0,0,0,4,4.0,1774358972,1774358972,[],[Sticker] nonee
7424553645365543942,user7958738129222,canopy_040,1,0,0,0,129,129.0,1774219452,1774219452,[],user7958738129222
7426645678765458449,ishakothman.othma0,canopy_406,1,0,0,0,2,2.0,1774398837,1774398837,[],[Sticker] IshakOthman Othman
7426970340070818822,satria.baja.putih44,canopy_383,1,0,0,0,2,2.0,1774434850,1774434850,[],Satria baja putih
7428767448856282118,cygnusx1023,canopy_145,1,0,0,0,4,4.0,1774239186,1774239186,[],Cygnusx1
7430756915124634630,lee121727,canopy_523,1,0,0,0,1,1.0,1774378974,1774378974,[],lee
7431474919115064326,8taofiq_hidayat8,canopy_397,1,0,0,0,2,2.0,1774401181,1774401181,[],FiqTop
7432711408628679685,iphisi0,canopy_074,1,0,0,0,7,7.0,1774245342,1774245342,[],iphisi
7434627254548382776,anasbukari229,canopy_000,1,0,0,0,20766,20766.0,1774214740,1774214740,[],ℍë𝕣ø👌
7434634221899596833,themutedcommentato,canopy_276,1,0,0,0,15,15.0,1774218284,1774218284,[],Themutedcommentator80
7435499715750806536,wolf45011,canopy_165,1,0,0,0,5,5.0,1774218892,1774218892,[],wolf
7435823402563355704,chin67693,canopy_073,1,0,0,0,1,1.0,1774666395,1774666395,[],UPS sorry chin
7436219840279053328,jr.chrley,canopy_696,1,0,0,0,1,1.0,1774237812,1774237812,[],😳😳😳 JR Chrley
7436296718439875639,red.devil733,canopy_414,1,0,0,0,1,1.0,1774353287,1774353287,[],Red Devil
7436415158378824725,applegreen_64,canopy_147,1,0,0,0,1,1.0,1774323886,1774323886,[],*F_KI*FA*YAH_🍉🍉
7437501539181642808,user3673581981214,canopy_721,1,0,0,0,1,1.0,1774236940,1774236940,[],"what movie name?
Ai😏 ကိုဆန်းမင်း"
7437773895165920312,daw.khin.hinn.yee,canopy_195,1,0,0,0,1,1.0,1774328128,1774328128,[],[Sticker] မို့မို့
7438808668303623224,ahmad_alghazali15,canopy_400,1,0,0,0,2,2.0,1774400052,1774400052,[],al
7441015530360570926,amricaaztlan,canopy_082,1,0,0,0,3,3.0,1774240382,1774240382,[],PEACE ON EARTH ✌️AND JUSTICE FOR ALL 🌍 SAY NO TO WAR 🙏✌️GANDI amricaaztlan
7441608528565224494,mahone.images.pho,canopy_245,1,0,0,0,0,0.0,1775179481,1775179481,[],Mahone Images / Photography
7442002957991724065,new.era.606,canopy_013,1,0,0,0,59,59.0,1774303539,1774303539,[],"MORE PLEASE
☄️ ⠀ ⠀︎⠀ ⠀ᅠ⠀︎ ︎⠀ ⠀ ☄️ ⠀ ⠀︎⠀ ⠀ ⠀ᅠ⠀ᅠ⠀ ⠀ ⠀ ⠀ ⠀ ⠀ ⠀︎ ︎ ᅠ⠀ ⠀ ⠀ᅠ⠀︎ ︎⠀ ⠀ ⠀ ⠀ ⠀︎⠀ ⠀ᅠ⠀︎ ︎⠀ ⠀ ⠀ ⠀ ⠀︎⠀ ⠀ ⠀☄️ᅠ⠀ᅠ⠀ᅠ⠀ ⠀ ⠀ᅠ⠀︎ ︎⠀ ⠀ ⠀ ⠀ ⠀︎⠀ ⠀ᅠ⠀︎ ︎⠀ ⠀ ⠀ ⠀ ⠀︎⠀ ⠀ ⠀ᅠ⠀ᅠ⠀ ⠀ ⠀ ⠀ ⠀ ⠀ ⠀︎ ︎ ᅠ⠀ ⠀ ⠀ᅠ⠀︎ ︎⠀ ⠀ ⠀ ⠀ ⠀︎⠀ ⠀ᅠ⠀︎ ︎⠀☄️ ⠀ ⠀ ⠀︎⠀ ⠀ ⠀ᅠ⠀ᅠ⠀ᅠ⠀ ⠀ ⠀ᅠ⠀︎ ︎⠀ ⠀ ⠀ ⠀ ⠀︎⠀ ⠀ᅠ⠀︎ ︎⠀ ⠀ ⠀ ⠀ ⠀︎⠀ ⠀ ⠀ᅠ⠀ᅠ⠀ ⠀ ⠀ ⠀ "
7442753421524288544,micheal.hunt89,canopy_105,1,0,0,0,6,6.0,1774215819,1774215819,[],Micheal Hunt
7444668199523992609,paddylad28,canopy_003,1,0,0,0,26747,26747.0,1774218437,1774218437,[],Paddylad
7445468737078526993,icam7287,canopy_357,1,0,0,0,2,2.0,1774230776,1774230776,[],[Sticker] Sham Moncheh
7446622049529594923,amberlea59,canopy_271,1,0,0,0,30,30.0,1774283718,1774283718,[],"someone should remind the people of isnotreal, the energy you put out in the universe will always return to sender. you cant commit genocide and then cry victim. bibi trump and anyone supporting this belongs in prison ohsnap"
7447572034136556561,titanic0742,canopy_336,1,0,0,0,3,3.0,1774237245,1774237245,[],GEN.JÖŘÐÃÑ 🇺🇸🇺🇬🇬🇧🇮🇱
7449327343900541984,kuromi_dundee,canopy_000,1,0,0,0,1,1.0,1774332665,1774332665,[],🦄Kuromidundee🏴󠁧󠁢󠁳󠁣󠁴󠁿💚
7452567943022167047,mnh.v5564,canopy_468,1,0,0,0,1,1.0,1774451616,1774451616,[],[Sticker] Mạnh vẽ
7452648710973441029,zmusti30,canopy_717,1,0,0,0,1,1.0,1774237123,1774237123,[],mstf7634
7453398291771524102,pikatchubkk,canopy_118,1,0,0,0,16,16.0,1774217932,1774217932,[],PikatchuBKK
7453634343190807557,kendrixxx69,canopy_079,1,0,0,0,19,19.0,1774228425,1774228425,[],what game is this? 🙏🏻 .
7454739601820288005,popular_lozer,canopy_379,1,0,0,0,2,2.0,1774441903,1774441903,[],"man, Trump really doesn't want those files released untill they are doctored and redacted his name. Kaze"
7454926910012064774,kingdomtrust,canopy_082,1,0,0,0,5,5.0,1774283460,1774283460,[],Let there be PEACE Worship&Prophetic🙌🏼
7455253044214449159,saif.7883,canopy_013,1,0,0,0,35,35.0,1774264541,1774264541,[],☄️ ⠀ᅠ⠀ᅠ⠀ ⠀ ⠀ ⠀ ⠀ ⠀ ⠀︎ ︎ ᅠ⠀ ⠀ ⠀ᅠ⠀︎ ︎⠀ ⠀ ⠀ ⠀ ⠀︎⠀ᅠᅠ⠀ ⠀ ⠀ᅠ⠀︎ ︎⠀ ⠀ ⠀ ⠀ ⠀︎⠀ ⠀ᅠ⠀︎ ︎⠀ ⠀ ⠀ ⠀ ⠀︎⠀ ⠀ ⠀ᅠ⠀ᅠ⠀ ⠀ ⠀ ⠀ ⠀ ⠀ ⠀︎ ︎ ᅠ⠀ ⠀ ⠀ᅠ☄️︎⠀ ⠀ ⠀ ⠀☄️ ⠀ᅠ⠀︎ ︎⠀ ⠀ ⠀ ⠀ ⠀︎⠀ ⠀ ⠀ᅠ⠀ᅠ⠀ᅠ⠀ ⠀ ⠀ᅠ⠀︎ ︎⠀ ⠀ ⠀ ⠀ ⠀︎⠀☄️ ⠀ᅠ⠀︎ ︎⠀ ⠀ ⠀ ⠀ ⠀︎⠀ ⠀☄️ᅠ☄️ᅠ⠀ ⠀ ⠀ ⠀ ⠀ ⠀ ⠀︎ ︎ ᅠ⠀ ⠀ ⠀☄️ᅠ⠀︎ ︎⠀ ⠀ ⠀ ⠀ ⠀︎⠀ ⠀ᅠ⠀︎ ︎⠀ ⠀☄️ ⠀ ⠀︎⠀ ⠀ ⠀ᅠ⠀ᅠ⠀ᅠ☄️ ⠀ ⠀
7455603448303567877,joyceatto,canopy_025,1,0,0,0,5,5.0,1774271019,1774271019,[],both of you stop war stop war please Joyce Atto
7456825610020160518,chairmagister,canopy_423,1,0,0,0,2,2.0,1774222402,1774222402,[],[Sticker] chairmagister
7457519820280644613,lorduzivert,canopy_046,1,0,0,0,134,134.0,1774217007,1774217007,[],SAINT~MICHAEL ✪
7459201168917480453,fernie_2.5,canopy_565,1,0,0,0,1,1.0,1774333570,1774333570,[],[Sticker] Fernie_isNumero1
7461329320323253254,tiaramor3,canopy_123,1,0,0,0,5,5.0,1774230156,1774230156,[],tiaramor
7462811958108062726,nainglinnsoe556,canopy_008,2,0,0,0,3866,1933.0,1774224124,1774224129,[],Stephen Stephen
7463218092195218454,donotredem,canopy_517,1,0,0,0,1,1.0,1774384386,1774384386,[],[Sticker] Ptw
7463351104668501024,helsxxxx,canopy_193,1,0,0,0,4,4.0,1774219878,1774219878,[],Hels 🇬🇧🇫🇷🇮🇹
7463944109431145489,wakilahmad.afg1,canopy_461,1,0,0,0,1,1.0,1774456346,1774456346,[],wakilahmad kandahar 🫵🇦🇫🇦🇫
7463993064467252256,mixedopinionsandvideos,canopy_128,1,0,0,0,11,11.0,1774217175,1774217175,[],Tom
7466945875685819393,abi.yanuar8,canopy_345,1,0,0,0,0,0.0,1775687296,1775687296,[],[Sticker] professor
7469354913887241217,tengkurizz,canopy_057,1,0,0,0,44,44.0,1774231022,1774231022,[],[Sticker] tengkurizal
7469616549301634065,oradanta248,canopy_194,1,0,0,0,8,8.0,1774231425,1774231425,[],[Sticker] ORADANTA
7469977879825466414,sarcofago216,canopy_450,1,0,0,0,1,1.0,1774485935,1774485935,[],Sarcofago
7471571264202441729,prettygurlly3,canopy_000,1,0,0,0,1,1.0,1774249981,1774249981,[],😱😱😱 Prettygurl🦋
7472777689112675361,js5014,canopy_358,1,0,0,0,3,3.0,1774221424,1774221424,[],is he blaming Iran for all of this? J
7474455005735437329,fullybird5,canopy_221,1,0,0,0,22,22.0,1774230313,1774230313,[],[Sticker] active
7475281813004338198,alpha.beta639,canopy_063,1,0,0,0,44,44.0,1774218096,1774218096,[],alpha beta
7475477880530502689,shofiqur_7,canopy_257,4,0,0,0,19,4.75,1774230143,1774230181,[],[Sticker] shafiq [Sticker] shafiq [Sticker] shafiq [Sticker] shafiq
7476936817243604001,cookie07cookie,canopy_255,1,0,0,0,21,21.0,1774333520,1774333520,[],"SKY, why are you just showing one side? cookie07cookie"
7480684683241473025,addis0132,canopy_246,1,0,0,0,5,5.0,1774231124,1774231124,[],[Sticker] Addis
7481202044420228112,user5658467749085,canopy_704,1,0,0,0,1,1.0,1774237516,1774237516,[],don't blame the war blame Trump... James
7482541173300462614,manulito92,canopy_119,1,0,0,0,43,43.0,1774287424,1774287424,[],"back to way more interesting things...
how was your monday? manulito92"
7483319222622602262,mo.ibrahim164,canopy_232,1,0,0,0,1,1.0,1774396094,1774396094,[],[Sticker] Mo Ibrahim
7483576233717400594,ef.makara,canopy_682,1,0,0,0,1,1.0,1774238356,1774238356,[],my God my God what are we doing upon each other. it is time the parties revisit diplomacy EF MAKARA
7483884642539471878,affulsamuel6,canopy_599,1,0,0,0,1,1.0,1774294936,1774294936,[],is this how nuclear reaction looks like? Meta AI
7486249118827185153,ebarahimholiulla,canopy_553,1,0,0,0,1,1.0,1774338910,1774338910,[],[Sticker] Ebarahim Holiulla
7486273853688464430,justice.for.hind,canopy_439,1,0,0,0,1,1.0,1774577671,1774577671,[],after seeing all the destruction in jizzreal I'm sure I'm thinking what everyone else is... When's the last time I had a banana its a good source of potassium JUSTICE FOR HIND RAJAB
7486594305004585989,ante.alan,canopy_346,1,0,0,0,0,0.0,1775567663,1775567663,[],CHECKK MY REPOST Ante alan
7487688540064531463,soulzzz.001,canopy_013,1,0,0,0,7,7.0,1774239935,1774239935,[],why palastin⠀︎⠀☄️ ⠀ᅠ⠀ᅠ⠀ ⠀ ⠀ ⠀ ⠀ ⠀ ⠀︎ ︎ ᅠ⠀ ⠀ ⠀ᅠ⠀︎ ︎⠀ ⠀ ⠀ ⠀ ⠀︎⠀ᅠᅠ⠀ ⠀ ⠀ᅠ⠀︎ ︎⠀ ⠀ ⠀ ⠀ ⠀︎⠀ ⠀ᅠ⠀︎ ︎⠀ ⠀ ⠀ ⠀ ⠀︎⠀ ⠀ ⠀ᅠ⠀ᅠ⠀ ⠀ ⠀ ⠀ ⠀ ⠀ ⠀︎ ︎ ᅠ⠀ ⠀ ⠀ᅠ☄️︎⠀ ⠀ ⠀ ⠀☄️ ⠀ᅠ⠀︎ ︎⠀ ⠀ ⠀ ⠀ ⠀︎⠀ ⠀ ⠀ᅠ⠀ᅠ⠀ᅠ⠀ ⠀ ⠀ᅠ⠀︎ ︎⠀ ⠀ ⠀ ⠀ ⠀︎⠀☄️ ⠀ᅠ⠀︎ ︎⠀ ⠀ ⠀ ⠀ ⠀︎⠀ ⠀☄️ᅠ☄️ᅠ⠀ ⠀ ⠀ ⠀ ⠀ ⠀ ⠀︎ ︎ ᅠ⠀ ⠀ ⠀☄️ᅠ⠀︎ ︎⠀ ⠀ ⠀ ⠀ ⠀︎⠀ ⠀ᅠ⠀︎ ︎⠀ ⠀☄️ ⠀ ⠀︎⠀
7487696987476886560,alan.rowan6,canopy_709,1,0,0,0,1,1.0,1774237493,1774237493,[],Aldo
7489528358398002198,dropp377,canopy_351,1,0,0,0,0,0.0,1775234891,1775234891,[],Jubjab
7490403226492077078,mario.hack1,canopy_262,1,0,0,0,0,0.0,1775418984,1775418984,[],[Sticker] Mario Hack
7490579692137137174,gamer_guy_198,canopy_218,1,0,0,0,10,10.0,1774222253,1774222253,[],gamer_guy_198
7492091019530798087,trustworthy606,canopy_633,1,0,0,0,1,1.0,1774244415,1774244415,[],Much respect Iranian government and its citizens 🤝🫡 Dear God protect Iranian citizens🙏🙏🙏🙏🙏🙏🙏🙏🇮🇷🇮🇷🇮🇷🇮🇷🇮🇷🫂🥰🥰🥰 trustworthy606
7493498844564489224,user7863404150737,canopy_313,1,0,0,0,1,1.0,1774237081,1774237081,[],Ai Felix
7493568304607937558,nananaturalmixxxxx,canopy_013,1,0,0,0,2,2.0,1774479551,1774479551,[],We Are Not Mad Enough!! ☄️ ⠀ ⠀︎⠀ ⠀ᅠ⠀︎ ︎⠀ ⠀ ☄️ ⠀ ⠀︎⠀ ⠀ ⠀ᅠ⠀ᅠ⠀ ⠀ ⠀ ⠀ ⠀ ⠀ ⠀︎ ︎ ᅠ⠀ ⠀ ⠀ᅠ⠀︎ ︎⠀ ⠀ ⠀ ⠀ ⠀︎⠀ ⠀ᅠ⠀︎ ︎⠀ ⠀ ⠀ ⠀ ⠀︎⠀ ⠀ ⠀☄️ᅠ⠀ᅠ⠀ᅠ⠀ ⠀ ⠀ᅠ⠀︎ ︎⠀ ⠀ ⠀ ⠀ ⠀︎⠀ ⠀ᅠ⠀︎ ︎⠀ ⠀ ⠀ ⠀ ⠀︎⠀ ⠀ ⠀ᅠ⠀ᅠ⠀ ⠀ ⠀ ⠀ ⠀ ⠀ ⠀︎ ︎ ᅠ⠀ ⠀ ⠀ᅠ⠀︎ ︎⠀ ⠀ ⠀ ⠀ ⠀︎⠀ ⠀ᅠ⠀︎ ︎⠀☄️ ⠀ ⠀ ⠀︎⠀ ⠀ ⠀ᅠ⠀ᅠ⠀ᅠ⠀ ⠀ ⠀ᅠ⠀︎ ︎⠀ ⠀ ⠀ ⠀ ⠀︎⠀ ⠀ᅠ⠀︎ ︎⠀ ⠀ ⠀ ⠀ ⠀︎⠀ ⠀ 
7493826108368405512,zaccyboi77,canopy_299,1,0,0,0,5,5.0,1774218541,1774218541,[],Zaccyboi77
7494339416820270087,zacaria423,canopy_160,1,0,0,0,5,5.0,1774231134,1774231134,[],Zacaria
7494711694116881415,larcenciel60,canopy_216,1,0,0,0,8,8.0,1774289706,1774289706,[],current report doesn't state dates larcenciel
7494827943799571486,justinher76,canopy_611,1,0,0,0,1,1.0,1774273184,1774273184,[],200 people injured is not 200 casualties casualties in war are considered death people who died just-in-her
7495346041269814279,user2161157560746,canopy_179,1,0,0,0,6,6.0,1774230268,1774230268,[],user2161157560746
7495408204823397384,lucaaa1q,canopy_347,1,0,0,0,1,1.0,1774392449,1774392449,[],[Sticker] 𝕷𝖚𝖈𝖆
7495918801364485163,b.miller619,canopy_180,1,0,0,0,20,20.0,1774574225,1774574225,[],😂😂😂😂😂😂😂SOMETHING WRONG WITH THE WAR YOU REQUESTED😂😂😂😂😂😂😂😂 B. Miller 🇵🇷
7496559084507726855,mehran.khan.54,canopy_566,1,0,0,0,1,1.0,1774332883,1774332883,[],[Sticker] Mehran/Mureed/54
7497772332389123079,erie_soe,canopy_292,1,0,0,0,8,8.0,1774227070,1774227070,[],Erie_soe 🇮🇩🇷🇺
7498060815040431122,mildredpaida.muna,canopy_215,1,0,0,0,5,5.0,1774337775,1774337775,[],the movie name please Mildredpaida Munacho
7498665985957823506,okvbhdj,canopy_186,1,0,0,0,3,3.0,1774334747,1774334747,[],$300BG👿
7499448682740204566,haq.halal.aston,canopy_129,1,0,0,0,61,61.0,1774246048,1774246048,[],HAQ J
7499826250930226194,amon.ra752,canopy_029,1,0,0,0,98,98.0,1774260394,1774260394,[],What happened? Amon Ra
7500049445330256916,kylo.zip0,canopy_524,1,0,0,0,1,1.0,1774378191,1774378191,[],[Sticker] kylo
7501092673261618231,alstevenson709,canopy_318,1,0,0,0,34361,34361.0,1774215710,1774215710,[],LOUIE
7502226464433177632,alfalatif.latif,canopy_187,1,0,0,0,0,0.0,1776626579,1776626579,[],[Sticker] Alfa
7502699724320097322,mrcatchdeezhandz0,canopy_237,2,0,0,0,2,1.0,1775330514,1775330514,[],yes Iran obliterate their bloodlines 👏 MrCatchDeezHandz yes Iran obliterate their bloodlines 👏 MrCatchDeezHandz
7502829652847657991,aziz.awan724,canopy_459,1,0,0,0,1,1.0,1774237179,1774237179,[],Muhammad AZIZ
7503034501376082986,pissyphus2,canopy_632,1,0,0,0,1,1.0,1774247228,1774247228,[],Onanis☦🔻☭
7504218153414165526,arean656,canopy_239,1,0,0,0,0,0.0,1776090941,1776090941,[],[Sticker] Arean
7508718935962321938,user9323620516615,canopy_259,1,0,0,0,5,5.0,1774341279,1774341279,[],which drama is this? is this season 1? where can i watch this drama? Nobody
7508750993641489415,allan6152,canopy_578,1,0,0,0,1,1.0,1774326866,1774326866,[],in this war Iranian civilians are the ones dieing more. 1000 civilians killed in Iran and 28 civilians in Israel so who is targeting civilians here? Allan Kambova
7509040397092865042,raja.adnan692,canopy_665,1,0,0,0,1,1.0,1774239089,1774239089,[],Raja Adnan
7510166423118758918,rico.bzed,canopy_013,1,0,0,0,56,56.0,1774258805,1774258805,[],Moooooooooooooooooooooore☄️ ⠀ ⠀︎⠀ ⠀ᅠ⠀︎ ︎⠀ ⠀ ☄️ ⠀ ⠀︎⠀ ⠀ ⠀ᅠ⠀ᅠ⠀ ⠀ ⠀ ⠀ ⠀ ⠀ ⠀︎ ︎ ᅠ⠀ ⠀ ⠀ᅠ⠀︎ ︎⠀ ⠀ ⠀ ⠀ ⠀︎⠀ ⠀ᅠ⠀︎ ︎⠀ ⠀ ⠀ ⠀ ⠀︎⠀ ⠀ ⠀☄️ᅠ⠀ᅠ⠀ᅠ⠀ ⠀ ⠀ᅠ⠀︎ ︎⠀ ⠀ ⠀ ⠀ ⠀︎⠀ ⠀ᅠ⠀︎ ︎⠀ ⠀ ⠀ ⠀ ⠀︎⠀ ⠀ ⠀ᅠ⠀ᅠ⠀ ⠀ ⠀ ⠀ ⠀ ⠀ ⠀︎ ︎ ᅠ⠀ ⠀ ⠀ᅠ⠀︎ ︎⠀ ⠀ ⠀ ⠀ ⠀︎⠀ ⠀ᅠ⠀︎ ︎⠀☄️ ⠀ ⠀ ⠀︎⠀ ⠀ ⠀ᅠ⠀ᅠ⠀ᅠ⠀ ⠀ ⠀ᅠ⠀︎ ︎⠀ ⠀ ⠀ ⠀ ⠀︎⠀ ⠀ᅠ⠀︎ ︎⠀ ⠀ ⠀ ⠀ ⠀︎⠀ ⠀
7512265205633008662,bilal.jatt844,canopy_364,1,0,0,0,3,3.0,1774218245,1774218245,[],[Sticker] Chaudhary Bilal Jatt 🦁
7513207192766743559,zayn122786,canopy_441,1,0,0,0,1,1.0,1774557176,1774557176,[],the dimona retaliation strikes are being played since its inception! no coverage of the ongoing Palestinian Holocaust! the Lebanese genocide zayn12278
7515508502254732331,aquilescastro780,canopy_506,1,0,0,0,1,1.0,1774391078,1774391078,[],[Sticker] aquilescastro780
7516814050480571408,poling9789,canopy_392,2,0,0,0,4,2.0,1774406827,1774406843,[],[Sticker] poling [Sticker] poling
7516833731350643719,user10472845187038,canopy_196,1,0,0,0,2,2.0,1774407928,1774407928,[],MY God protect you all 🙏🙏🙏 Dainah jj
7517915187601720327,kuyajay1788,canopy_236,1,0,0,0,4,4.0,1774234238,1774234238,[],[Sticker] Serge
7519531111723222072,bashaban1,canopy_053,1,0,0,0,6,6.0,1774229488,1774229488,[],sky news you're in mix bashaban1
7520061487814427656,overwhelmed221,canopy_156,1,0,0,0,4,4.0,1774335714,1774335714,[],Miss somebody
7520209498390283282,s_awan_92,canopy_610,1,0,0,0,1,1.0,1774274627,1774274627,[],They can't imagine before but see a super power country and another country nuclear power country can't beat a non nuclear country who faces many sancions 😅 Sohail Asghar
7520642008689116176,bangmandor421,canopy_078,1,0,0,0,20,20.0,1774234888,1774234888,[],bang mandor
7521069418713990158,bosnia_91,canopy_000,1,0,0,0,2,2.0,1774261925,1774261925,[],🇧🇦🍉 selco 🍉🇧🇦
7521665294160200711,sanzaigg,canopy_615,1,0,0,0,1,1.0,1774269041,1774269041,[],[Sticker] sanzaigg
7522457887882445846,risy2922,canopy_203,1,0,0,0,0,0.0,1775083928,1775083928,[],Risy
7523457544536589330,reinaldofc,canopy_399,1,0,0,0,2,2.0,1774400761,1774400761,[],Reinaldo
7523591048695170064,labang_wade,canopy_013,1,0,0,0,18,18.0,1774259219,1774259219,[],ᅠ⠀︎ ︎⠀ ⠀ ☄️ ⠀ ⠀︎⠀ ⠀ ⠀ᅠ⠀ᅠ⠀ ⠀ ⠀ ⠀ ⠀ ⠀ ⠀︎ ︎ ᅠ⠀ ⠀ ⠀ᅠ⠀︎ ︎⠀ ⠀ ⠀ ⠀ ⠀︎⠀ ⠀ᅠ⠀︎ ︎⠀ ⠀ ⠀ ⠀ ⠀︎⠀ ⠀ ⠀☄️ᅠ⠀ᅠ⠀ᅠ⠀ ⠀ ⠀ᅠ⠀︎ ︎⠀ ⠀ ⠀ ⠀ ⠀︎⠀ ⠀ᅠ⠀︎ ︎⠀ ⠀ ⠀ ⠀ ⠀︎⠀ ⠀ ⠀ᅠ⠀ᅠ⠀ ⠀ ⠀ ⠀ ⠀ ⠀ ⠀︎ ︎ ᅠ⠀ ⠀ ⠀ᅠ⠀︎ ︎⠀ ⠀ ⠀ ⠀ ⠀︎⠀ ⠀ᅠ⠀︎ ︎⠀☄️ ⠀ ⠀ ⠀︎⠀ ⠀ ⠀ᅠ⠀ᅠ⠀ᅠ⠀ ⠀ ⠀ᅠ⠀︎ ︎⠀ ⠀ ⠀ ⠀ ⠀︎⠀ ⠀ᅠ⠀︎ ︎⠀ ⠀ ⠀ ⠀ ⠀︎⠀ ⠀ ⠀ᅠ⠀ᅠ⠀ ⠀ ⠀ ⠀ ⠀ ☄️ ⠀︎ ︎ ᅠ⠀ ⠀ ⠀ᅠ⠀︎ ︎⠀
7524535795760776222,amyourpapi1,canopy_184,1,0,0,0,0,0.0,1775584318,1775584318,[],Hey  Daddy
7524800391486522390,rumanaa891,canopy_223,1,0,0,0,470,470.0,1774261907,1774261907,[],why is this irrelevant information being broadcasted rumanaa
7525651754726671368,anderson.l97,canopy_227,1,0,0,0,1,1.0,1774238121,1774238121,[],sad 🥺😳😟😥 Anderson.L
7526713237481833504,haredvndvai,canopy_278,1,0,0,0,15,15.0,1774222403,1774222403,[],zuber
7528230653382460434,vzopa5,canopy_497,1,0,0,0,1,1.0,1774392198,1774392198,[],[Sticker] VZ Opa
7528317052487566392,freelancerug,canopy_110,1,0,0,0,6,6.0,1774249687,1774249687,[],Freelancer
7529208229067621384,mehide.hasan524,canopy_258,1,0,0,0,1,1.0,1774237291,1774237291,[],Mehide Hasan
7531355177938682896,hafsar.aka.liones,canopy_694,1,0,0,0,1,1.0,1774237940,1774237940,[],Hafsar AKA lioness
7532290090426237972,kurdi_89suli,canopy_510,1,0,0,0,1,1.0,1774390790,1774390790,[],[Sticker] kurda_89
7533684525809943574,63x033,canopy_195,1,0,0,0,1,1.0,1774302827,1774302827,[],[Sticker] ً
7534224814162166800,nehal.ansari7,canopy_152,1,0,0,0,2,2.0,1774238276,1774238276,[],Stop war... It's doesn't bring happiness Nehal Ansari
7534543341909083143,prettii001,canopy_355,1,0,0,0,0,0.0,1775134937,1775134937,[],oh no Bwoii Simbu
7534684083310347265,another1280,canopy_006,1,0,0,0,2,2.0,1774457314,1774457314,[],@مسترامبرس:@عاشٖــ᭄ـ͜ـق الٖاحَٖـۘـِۘزان💘::ﷺﷺﷺﷺﷺﷺﷺﷺﷺﷺﷺﷺﷺﷺﷺﷺﷺﷺﷺﷺﷺﷺﷺﷺﷺﷺﷺﷺﷺﷺﷺﷺﷺﷺﷺﷺﷺﷺﷺﷺﷺﷺﷺﷺﷺﷺﷺﷺﷺﷺﷺﷺﷺﷺﷺﷺﷺﷺﷺﷺﷺﷺﷺﷺﷺﷺﷺﷺﷺﷺﷺﷺﷺﷺﷺﷺﷺﷺﷺﷺﷺﷺﷺﷺﷺﷺﷺﷺﷺﷺﷺﷺﷺﷺﷺﷺﷺﷺﷺﷺﷺﷺﷺﷺﷺﷺﷺﷺﷺﷺﷺﷺﷺﷺﷺﷺﷺﷺﷺﷺﷺﷺﷺﷺﷺﷺﷺﷺﷺﷺﷺﷺﷺﷺﷺﷺﷺﷺﷺﷺﷺﷺﷺﷺﷺﷺﷺﷺﷺﷺﷺﷺﷺﷺﷺﷺﷺﷺﷺﷺﷺﷺﷺﷺﷺﷺﷺﷺﷺﷺﷺﷺﷺﷺﷺﷺﷺﷺﷺﷺﷺﷺﷺﷺﷺﷺﷺﷺﷺﷺﷺﷺﷺﷺﷺﷺﷺﷺﷺﷺﷺﷺﷺﷺﷺﷺﷺﷺﷺﷺﷺﷺﷺﷺﷺﷺﷺﷺﷺﷺﷺﷺﷺﷺﷺﷺﷺﷺﷺﷺﷺﷺﷺﷺﷺﷺﷺﷺ
7535385905805460487,lyoner_zpt,canopy_155,4,0,0,0,7,1.75,1774381690,1774381710,[],lyvan_jsper lyvan_jsper lyvan_jsper lyvan_jsper
7535561785211552776,kryptonian.85,canopy_712,1,0,0,0,1,1.0,1774237275,1774237275,[],[Sticker] SUPERMAN
7536210918439863297,chosen.genius,canopy_086,1,0,0,0,5,5.0,1774239156,1774239156,[],Gaza 2nd... 😵⚰️🇵🇸🦍 Chosen Genius
7537837262555235350,ibo.1312,canopy_663,1,0,0,0,1,1.0,1774239174,1774239174,[],ibo.1312
7538303426845819918,thundercat11111,canopy_201,1,0,0,0,0,0.0,1775112918,1775112918,[],yall okay? Thundercat
7538449740879660045,ray.jay86,canopy_227,1,0,0,0,1,1.0,1774240244,1774240244,[],So sad Ray Jay
7539280226653357073,baksteenkamp,canopy_013,1,0,0,0,11,11.0,1774521002,1774521002,[],This was also promised 3000 year ago 🚀 ☄️ ⠀ ⠀︎⠀ ⠀ᅠ⠀︎ ︎⠀ ⠀ ☄️ ⠀ ⠀︎⠀ ⠀ ⠀ᅠ⠀ᅠ⠀ ⠀ ⠀ ⠀ ⠀ ⠀ ⠀︎ ︎ ᅠ⠀ ⠀ ⠀ᅠ⠀︎ ︎⠀ ⠀ ⠀ ⠀ ⠀︎⠀ ⠀ᅠ⠀︎ ︎⠀ ⠀ ⠀ ⠀ ⠀︎⠀ ⠀ ⠀☄️ᅠ⠀ᅠ⠀︎ ︎⠀ ⠀ ⠀ ⠀︎⠀ ⠀ ⠀ᅠ⠀︎ ︎⠀ ⠀ ⠀ ⠀ ⠀︎⠀ ⠀ᅠ⠀︎ ︎⠀☄️ ⠀ᅠ⠀︎ ︎⠀ ⠀ ⠀ ⠀ ⠀︎⠀ ⠀ ⠀ᅠ⠀ᅠ⠀ ⠀ ⠀ ⠀ ⠀ ☄️ ⠀︎ ︎ ᅠ⠀ ⠀ ⠀ᅠ⠀︎ ︎⠀ ⠀ ⠀ ⠀ ⠀︎⠀ ⠀ᅠ⠀︎ ︎⠀ ⠀ ⠀ ⠀ ⠀︎⠀ ⠀ ⠀ᅠ⠀ᅠ⠀ᅠ☄️ ⠀ ⠀
7540825121352614920,user2054843684638,canopy_601,1,0,0,0,1,1.0,1774273221,1774273221,[],Masha Allah Oumarou Altiné Mamane
7541721033906045972,king.pilato359,canopy_323,1,0,0,0,1,1.0,1774329818,1774329818,[],King Pilato
7542455562676470840,hayuin.aja,canopy_069,1,0,0,0,21,21.0,1774233286,1774233286,[],[Sticker] Hayuin Aja Ya
7543302231467328534,amircessur,canopy_037,1,0,0,0,1,1.0,1774320420,1774320420,[],"very satisfied, Iran fighting terrorism Amir"
7543308180970226696,maqbool.shah0545,canopy_222,1,0,0,0,1,1.0,1774241540,1774241540,[],[Sticker] Maqbool Shah
7543955698288739335,mila_mon5,canopy_581,1,0,0,0,1,1.0,1774319698,1774319698,[],When was it Mila
7544469740279186488,ayonitemiolanrewaju1,canopy_188,2,0,0,0,2,1.0,1775430329,1775430329,[],Ayonitemi olanrewaju Ayonitemi olanrewaju
7546456230891750422,videocopyforeveryone,canopy_064,1,0,0,0,32,32.0,1774218541,1774218541,[],Donvid_official
7547644791631135764,ek.nepali0,canopy_027,1,0,0,0,23,23.0,1774244149,1774244149,[],Why showing single video always Ek Nepali
7549955744930825222,deadpoetry04,canopy_503,1,0,0,0,1,1.0,1774391742,1774391742,[],[Sticker] Tearsinmyheart
7550338226915230776,freedomofposting8,canopy_106,1,0,0,0,8,8.0,1774321227,1774321227,[],Freedomofposting
7550753650902270984,haymanot142,canopy_025,1,0,0,0,1,1.0,1774343754,1774343754,[],stop war haymanotweb
7552094429399385106,hamzozi61,canopy_248,1,0,0,0,0,0.0,1775064704,1775064704,[],[Sticker] Hamzozi
7553889065608414263,secret.scorpions,canopy_408,1,0,0,0,2,2.0,1774398684,1774398684,[],🐦‍⬛ Secret Scorpions 🦂
7553907650837955595,egoistic_vibes2,canopy_051,1,0,0,0,1,1.0,1774238773,1774238773,[],[Sticker] E G O C E N T R I C ☠️🖤
7555033171922912263,slamit770,canopy_150,1,0,0,0,15,15.0,1774218587,1774218587,[],And??? What is your point slamit77
7555104317654008839,user926194642,canopy_015,1,0,0,0,125,125.0,1774261383,1774261383,[],first time allowed Media let me ask why Abdul Qadir
7555788949694088210,rodokman2,canopy_125,2,0,0,0,10,5.0,1774232416,1774233812,[],Mr Rodok | HCS 🪽 Mr Rodok | HCS 🪽
7556652869841044512,themasterchef96,canopy_093,1,0,0,0,31,31.0,1774222372,1774222372,[],themasterchef
7556669488167650315,user9472329717025,canopy_011,1,0,0,0,5,5.0,1774233609,1774233609,[],l hate war in my life saddam
7557359371543430166,cymbreflair,canopy_621,1,0,0,0,1,1.0,1774268123,1774268123,[],[Sticker] cycy ꒰ᐢ. .ᐢ꒱₊˚⊹
7559878386093442056,whattheppen3,canopy_195,1,0,0,0,8,8.0,1774231130,1774231130,[],"[Sticker] ""T a n p a  @ b j @ d"""
7560202600190460948,teman.anda7659,canopy_446,1,0,0,0,1,1.0,1774524778,1774524778,[],teman anda
7562405333067629580,jsjhjjjs,canopy_151,1,0,0,0,4,4.0,1774244035,1774244035,[],[Sticker] 👇👈Afghan=Pashtoons
7563546409505489931,sultanmahbebasstaycation,canopy_432,1,0,0,0,1,1.0,1774750353,1774750353,[],[Sticker] slebew
7567226487067427860,user33046853053934,canopy_006,1,0,0,0,3186,3186.0,1774218238,1774218238,[],kev @840i
7568897073518396434,allbark0biteplsreason,canopy_185,1,0,0,0,0,0.0,1776664538,1776664538,[],[Sticker] allbark0biteplsreason
7570721274922779668,asafkrat3535,canopy_195,2,0,0,0,3,1.5,1774394413,1774394419,[],asafkırat3535 [Sticker] asafkırat3535
7571272033645626385,h2h1617,canopy_456,1,0,0,0,1,1.0,1774458685,1774458685,[],[Sticker] Hugo H. Huidobro
7572160716909806600,roman.afghann,canopy_319,1,0,0,0,56,56.0,1774216870,1774216870,[],Roman Afghann
7572620715221812246,infojhzsuw,canopy_305,1,0,0,0,4,4.0,1774220330,1774220330,[],[Sticker] KAMRAN
7573400555184604167,user1778328658195,canopy_582,1,0,0,0,1,1.0,1774316817,1774316817,[],Iran is unaware of his location Andy
7573875560531805204,selam79952,canopy_270,1,0,0,0,30,30.0,1774215993,1774215993,[],[Sticker] Selam
7574297613940769793,haquenawazujjan,canopy_125,2,0,0,0,2,1.0,1774237490,1774237495,[],[Sticker] Mr.Haqnawazujjan Mr.Haqnawazujjan
7575049308014576661,kevin_jasiel96,canopy_444,1,0,0,0,1,1.0,1774547377,1774547377,[],[Sticker] kevin_777
7575174922190177312,jack.borney,canopy_340,2,0,0,0,2,1.0,1775074993,1775074993,[],[Sticker] Nice 🥰 are the CATS OK Jack Borney [Sticker] Nice 🥰 are the CATS OK Jack Borney
7575604955886208022,rorita094,canopy_486,1,0,0,0,1,1.0,1774396580,1774396580,[],Nancy
7576228097504363527,j.l2755,canopy_195,1,0,0,0,2,2.0,1774392634,1774392634,[],[Sticker] J L
7577464395643552775,mosteyugwtg,canopy_609,1,0,0,0,1,1.0,1774274635,1774274635,[],😳😳😳 DaantjieKat
7577628387390129168,alfredkelly795,canopy_356,1,0,0,0,3,3.0,1774222288,1774222288,[],"Who fired the first shut? We were waiting for the end of Ramadan, and now we are going to start the war, United States of Iran 🇮🇷 Talk And Do....💪 Alfred Kelly"
7578586528784696332,shaficidle,canopy_617,1,0,0,0,1,1.0,1774268536,1774268536,[],But all that for what 🥺🥺🥺🥺 Shafic Idle
7579316049855841287,muhammadzehri_,canopy_013,1,0,0,0,14,14.0,1774287403,1774287403,[],@# AjOy #:⠀ ⠀︎ ︎ ᅠ⠀ ⠀ ⠀ᅠ⠀︎ ︎⠀ ⠀ ⠀ ⠀ ⠀︎⠀ ⠀ᅠ⠀︎ ︎⠀ ⠀ ⠀ ⠀ ⠀︎⠀  ⠀ᅠ⠀ᅠ⠀ᅠ⠀ ⠀ ⠀ᅠ⠀︎ ︎⠀ ⠀ ⠀ ⠀ ⠀︎⠀ ⠀ᅠ⠀︎ ︎⠀ ⠀ ⠀ ⠀ ⠀︎⠀ ⠀ ⠀ᅠ⠀ᅠ⠀ ⠀ ⠀ ⠀ ⠀ ⠀ ⠀︎ ︎ ᅠ⠀ ⠀ ⠀ᅠ⠀︎ ︎⠀ ⠀ ⠀ ⠀ ⠀︎⠀ ⠀ᅠ⠀︎ ︎⠀ 😂⠀ ⠀ ⠀ ⠀︎⠀ ⠀ ⠀ᅠ⠀ᅠ⠀ᅠ⠀ ⠀ ⠀ᅠ⠀︎ ︎⠀ ⠀ ⠀ ⠀🤣 ⠀︎⠀ ⠀ᅠ⠀︎ ︎⠀ ⠀ ⠀ ⠀ ⠀︎⠀ ⠀ ⠀ᅠ⠀ᅠ⠀ ⠀ ⠀ ⠀ ⠀ 😂⠀ ⠀︎ ︎ ᅠ⠀ ⠀ ⠀ᅠ⠀︎ ︎⠀ ⠀ ⠀ ⠀ ⠀︎⠀ ⠀ᅠ⠀︎ ︎⠀ ⠀ ⠀ ⠀ 
7579972033883882518,high.pressure10,canopy_575,1,0,0,0,1,1.0,1774328841,1774328841,[],Gaza and Iranian schoolgirl? High Pressure
7580931726077330450,mohamed.badi211,canopy_481,1,0,0,0,1,1.0,1774409207,1774409207,[],[Sticker] Mohamed Badi🇩🇿
7585186788609508373,fkisrael10,canopy_013,1,0,0,0,50,50.0,1774257428,1774257428,[],"surprise surprise motherfuckers
☄️ᅠ⠀ᅠ⠀ᅠ⠀ ⠀ ⠀ᅠ⠀︎ ︎⠀ ⠀ ⠀ ⠀ ⠀︎⠀ ⠀ᅠ⠀︎ ︎⠀ ⠀ ⠀ ⠀ ⠀︎⠀ ⠀ ⠀ᅠ⠀ᅠ⠀ ⠀ ⠀ ⠀ ⠀ ⠀ ⠀︎ ︎ ᅠ⠀ ⠀ ⠀ᅠ⠀︎ ︎⠀ ⠀ ⠀ ⠀ ⠀︎⠀ ⠀ᅠ⠀︎ ︎⠀☄️ ⠀ ⠀ ⠀︎⠀ ⠀ ⠀ᅠ⠀ᅠ⠀ᅠ⠀ ⠀ ⠀ᅠ⠀︎ ︎⠀ ⠀ ⠀ ⠀ ⠀︎⠀ ⠀ᅠ⠀︎ ︎⠀ ⠀ ⠀ ⠀ ⠀︎⠀ ⠀ ⠀ᅠ⠀ᅠ⠀ ⠀ ⠀ ⠀ ⠀ ☄️ ⠀︎ ︎ ᅠ⠀ ⠀ ⠀ᅠ⠀︎ ︎⠀ ⠀ ⠀ ⠀ ⠀︎⠀ ⠀ᅠ⠀︎ ︎⠀ ⠀ ⠀ ⠀ ⠀︎⠀ ⠀ ⠀ᅠ⠀ᅠ⠀ᅠ☄️ ⠀ ⠀ᅠ⠀︎ ︎⠀ ⠀ ⠀"
7585187926658450454,die_eine_1230,canopy_343,1,0,0,0,0,0.0,1776013614,1776013614,[],LOOK AT MY REPOST ່
7585691270368019463,ryan.hulk7,canopy_011,1,0,0,0,271,271.0,1774220729,1774220729,[],I hate war Ryan Hulk
7587625784933041174,tgivingt,canopy_529,1,0,0,0,1,1.0,1774365463,1774365463,[],TM
7589457676943606796,billy.joe.jhon,canopy_181,1,0,0,0,4,4.0,1774230889,1774230889,[],Billy Joe Jhon
7589963743808947221,thai.sinking,canopy_000,1,0,0,0,4,4.0,1774231810,1774231810,[],ត្មិល🇹🇭ទមិឡ
7590371958509700116,muhammad.faith81,canopy_452,1,0,0,0,1,1.0,1774242217,1774242217,[],[Sticker] Muhammad Faith
7592395448494474254,charlizetheronfanpage01,canopy_264,1,0,0,0,8,8.0,1774375388,1774375388,[],I pray for peace over the world ❤️❤️❤️ CHARLIZE THERON
7593513425976984598,marnie7578,canopy_325,1,0,0,0,5,5.0,1774274659,1774274659,[],I heard they didn’t have shelters in Gaza Marnie
7594214580139967544,france.france3021,canopy_025,1,0,0,0,11,11.0,1774222160,1774222160,[],stop war France France
7595754884038427661,scareye5,canopy_500,1,0,0,0,1,1.0,1774391807,1774391807,[],ScarEye
7597512785483957259,musahali928,canopy_013,1,0,0,0,21,21.0,1774251379,1774251379,[],"Yes more please 😂😂
☄️ ⠀ ⠀︎⠀ ⠀ᅠ⠀︎ ︎⠀ ⠀ ☄️ ⠀ ⠀︎⠀ ⠀ ⠀ᅠ⠀ᅠ⠀ ⠀ ⠀ ⠀ ⠀ ⠀ ⠀︎ ︎ ᅠ⠀ ⠀ ⠀ᅠ⠀︎ ︎⠀ ⠀ ⠀ ⠀ ⠀︎⠀ ⠀ᅠ⠀︎ ︎⠀ ⠀ ⠀ ⠀ ⠀︎⠀ ⠀ ⠀☄️ᅠ⠀ᅠ⠀ᅠ⠀ ⠀ ⠀ᅠ⠀︎ ︎⠀ ⠀ ⠀ ⠀ ⠀︎⠀ ⠀ᅠ⠀︎ ︎⠀ ⠀ ⠀ ⠀ ⠀︎⠀ ⠀ ⠀ᅠ⠀ᅠ⠀ ⠀ ⠀ ⠀ ⠀ ⠀ ⠀︎ ︎ ᅠ⠀ ⠀ ⠀ᅠ⠀︎ ︎⠀ ⠀ ⠀ ⠀ ⠀︎⠀ ⠀ᅠ⠀︎ ︎⠀☄️ ⠀ ⠀ ⠀︎⠀ ⠀ ⠀ᅠ⠀ᅠ⠀ᅠ⠀ ⠀ ⠀ᅠ⠀︎ ︎⠀ ⠀ ⠀ ⠀ ⠀︎⠀ ⠀ᅠ⠀︎ ︎⠀ ⠀ ⠀ ⠀ ⠀︎⠀ ⠀ ⠀ᅠ⠀ᅠ⠀"
7597556117011497997,justayeran,canopy_221,1,0,0,0,1,1.0,1774368325,1774368325,[],Netanyahu literally has an active warrant. Idt he can talk about Iran Justayeran
7598645062255739959,haibor22,canopy_381,1,0,0,0,2,2.0,1774440424,1774440424,[],[Sticker] Haibor
7599049732175021073,suspect.boom,canopy_360,1,0,0,0,3,3.0,1774219921,1774219921,[],[Sticker] Suspect Boom
7601465278044668949,flywithfishing,canopy_546,1,0,0,0,1,1.0,1774352122,1774352122,[],"omg 😳😳😳
may our Ancestors protect our land and families Cherie Miller"
7601825276554118152,user298519771,canopy_496,1,0,0,0,1,1.0,1774392500,1774392500,[],[Sticker] user298519771
7603001410426618881,explainin30sec,canopy_112,1,0,0,0,4,4.0,1774760737,1774760737,[],This is serious. we need peace 30second explain
7603626364147123222,witness4363,canopy_285,1,0,0,0,6,6.0,1774219248,1774219248,[],[Sticker] Witness
7605645281590510610,mikejames5110,canopy_229,1,0,0,0,1,1.0,1774268481,1774268481,[],I'm single never married Mike James
7609668379692401697,user9498153967865,,1,0,0,0,25,25.0,1774219786,1774219786,[],トロール 트롤
7610014708498023431,mirandaloves1,canopy_054,1,0,0,0,74,74.0,1774218870,1774218870,[],Morganwallenfans
7610364091814872085,davidwilliams17080,canopy_030,1,0,0,0,68,68.0,1774216986,1774216986,[],May we be protected by the lord David Williams
7611159661320930321,olayanjusaheed2,canopy_531,2,0,0,0,2,1.0,1774363425,1774363476,[],I GRANT PEACE TO ALL RELIGIONIST Olayanju Saheed AM MALE Olayanju Saheed
7612304113564566531,ramaveloni,canopy_588,1,0,0,0,1,1.0,1774304342,1774304342,[],[Sticker] Ramaveloni
7613356856131453972,khairulizzat2338,canopy_249,1,0,0,0,3,3.0,1774230132,1774230132,[],[Sticker] Khairul Izzat
7613372812347589646,dingra92,canopy_358,1,0,0,0,1,1.0,1774271138,1774271138,[],Iran Times
7614802407563035656,kebbynshimbi,canopy_265,1,0,0,0,6,6.0,1774268328,1774268328,[],lf l may ask what is this war all Kebby Nshimbi
7615456357705417750,jennifernewspage,canopy_031,1,0,0,0,5,5.0,1774353860,1774353860,[],follow me for follow back🥰🥺🥺 ⚡GLOBAL NEWS UPDATE ⚡
7617508216503600150,nova.eclipse29,canopy_279,1,0,0,0,16,16.0,1774216057,1774216057,[],nova eclipse
7617626564747166734,enrique.moy.bohor,canopy_504,1,0,0,0,1,1.0,1774391566,1774391566,[],Are the Palestine people OK?? Enrique - Moy Bohorquez
7618800850517410830,breifworldwar,canopy_513,1,0,0,0,1,1.0,1774388997,1774388997,[],[Sticker] alishyk
7620205971531416579,unitedcondomsofbe6,canopy_449,1,0,0,0,1,1.0,1774492351,1774492351,[],UnitedCondomsOfBenetton
7620360781880771597,vmpg6rs,canopy_482,1,0,0,0,1,1.0,1774406624,1774406624,[],😳😳😳 vmpg6rs
