source,target,weight
123192684759916544,6761998434112144389,0.5216708097650881
123192684759916544,6802111873555727361,0.49824572115460486
123192684759916544,6802216129184941062,0.49825229960923056
123192684759916544,6806764615436223494,0.015602131706557932
123192684759916544,6807686944023020545,0.497650425968835
123192684759916544,6809360915122308101,0.4987317298539308
123192684759916544,6849714013304079366,0.49904046338795216
123192684759916544,6876111398716916738,0.49782128255855196
123192684759916544,6883354108897362945,0.4970460618193411
123192684759916544,6887161232442033153,0.49827626447899975
123192684759916544,6908266585728697349,0.4983105622003085
123192684759916544,6917607474581406725,0.49853608472428396
123192684759916544,6982171632279634946,0.4988159108261794
123192684759916544,6986127145840821254,0.015348953458922631
123192684759916544,7006613667513418757,0.5234517523800561
123192684759916544,7014893568998228993,0.4947031206093632
123192684759916544,7014981470109565957,0.4988159108261794
123192684759916544,7033309963939496987,0.4970695516101428
123192684759916544,7047494209448166401,0.4988159108261794
123192684759916544,7050498314663379974,0.4987317298539308
123192684759916544,7057768423321748481,0.498688312792522
123192684759916544,7093023801574867969,0.4987317298539308
123192684759916544,7141833908052296709,0.49902294444621087
123192684759916544,7170886050868675589,0.49438190466762033
123192684759916544,7234260997438374917,0.014753097797681336
123192684759916544,7256202462158406658,0.4992341782246429
123192684759916544,7284057704728626181,0.014835241585371474
123192684759916544,7290350607356150827,0.5231785226413732
123192684759916544,7295710550214247432,0.014661037771303728
123192684759916544,7327226218813391877,0.49809603273731284
123192684759916544,7333933730745566213,0.015541207366438563
123192684759916544,7334272629450343470,0.015555737741236171
123192684759916544,7361069886359716906,0.015515826742922683
123192684759916544,7396903607784490000,0.49752087330410516
123192684759916544,7402984582746358816,0.4987317298539308
123192684759916544,7416287041577305094,0.015281496669308545
123192684759916544,7442002957991724065,0.497607162050421
123192684759916544,7455253044214449159,0.4969531578204076
123192684759916544,7487688540064531463,0.5192383517955818
123192684759916544,7510166423118758918,0.49793403597289154
123192684759916544,7520642008689116176,0.01486680123328792
123192684759916544,7523591048695170064,0.49888079742766783
123192684759916544,7579316049855841287,0.4967676333796598
123192684759916544,7585186788609508373,0.4968598882706044
132905031397322752,6693961050361267206,0.01465767624515957
132905031397322752,6814332639731713025,0.015032856916436108
132905031397322752,6831114394236601346,0.014600498481323092
132905031397322752,6865687838509171718,0.014929103403288726
132905031397322752,6867672357939561478,0.014730684512994478
132905031397322752,6978785360063267846,0.01480969799360939
132905031397322752,6979776947182355462,0.014825020275241138
132905031397322752,6990299477060781061,0.014842069373974705
132905031397322752,6995594325438972933,0.015001615040916934
132905031397322752,7047368764291171333,0.014889413113320826
132905031397322752,7139448682156131355,0.014711075235078445
132905031397322752,7143638497873413126,0.014828456415086793
132905031397322752,7189559133157475354,0.014973455454805561
132905031397322752,7296163401382020102,0.014836183394565872
132905031397322752,7469354913887241217,0.014945386313027765
277636453445046272,6565018648809078790,0.02921310033655796
277636453445046272,6586144504133271558,0.015446176540353268
277636453445046272,6630176154991411206,0.04730941588690425
277636453445046272,6669850252496093190,0.03250845606279348
277636453445046272,6761998434112144389,0.1503913305911978
277636453445046272,6769282406316393477,0.09179510344746498
277636453445046272,6803687435404641286,0.015142931633891514
277636453445046272,6807686944023020545,0.14918908841428005
277636453445046272,6831114394236601346,0.0718096834489347
277636453445046272,6842625485920437250,0.060357030533123
277636453445046272,6854084433894065158,0.015431102027738532
277636453445046272,6856985681320838149,0.04930500881577347
277636453445046272,6865515418422854662,0.09876424244286301
277636453445046272,6876111398716916738,0.15114211535591326
277636453445046272,6883861528681055237,0.01480688982987025
277636453445046272,6884016318182720517,0.0871290075241541
277636453445046272,6887161232442033153,0.1486179184097161
277636453445046272,6908266585728697349,0.14971725957765736
277636453445046272,6914932704597935110,0.01292255157650987
277636453445046272,6943355592603173893,0.015184379087788018
277636453445046272,6962525040178217990,0.04930500881577347
277636453445046272,6965504260722361350,0.046217806291914264
277636453445046272,6978785360063267846,0.09293563039124886
277636453445046272,6985530541395624966,0.031904828602351755
277636453445046272,7014893568998228993,0.14923923370362147
277636453445046272,7041796261662049281,0.0242213807817576
277636453445046272,7089082529218593798,0.0718096834489347
277636453445046272,7125195944199996422,0.05398624294785734
277636453445046272,7139448682156131355,0.12758165058338478
277636453445046272,7154612198102483973,0.029103873801082748
277636453445046272,7154955988025590786,0.031363716919361705
277636453445046272,7170886050868675589,0.15300834352491446
277636453445046272,7174050320195568646,0.03635365525725076
277636453445046272,7178590990041711622,0.019751931516233955
277636453445046272,7181113461597783046,0.5
277636453445046272,7189559133157475354,0.028381534155625183
277636453445046272,7255459615491753002,0.10034725395026488
277636453445046272,7256202462158406658,0.1506061374853044
277636453445046272,7290292672361759776,0.0718096834489347
277636453445046272,7290350607356150827,0.14751040727323445
277636453445046272,7308377902638728224,0.04756056136383347
277636453445046272,7345693452820186117,0.014911797058723662
277636453445046272,7396903607784490000,0.148515043522963
277636453445046272,7416269225385296902,0.11330894184318951
277636453445046272,7434627254548382776,0.5
277636453445046272,7442002957991724065,0.14844837213098033
277636453445046272,7453398291771524102,0.015067216678459441
277636453445046272,7453634343190807557,0.0718096834489347
277636453445046272,7455253044214449159,0.1499180121774004
277636453445046272,7457519820280644613,0.061730255388603994
277636453445046272,7463993064467252256,0.015092345114236157
277636453445046272,7487688540064531463,0.14927080119412015
277636453445046272,7536210918439863297,0.059065401629559464
277636453445046272,7555788949694088210,0.036702079939034044
6557891870416224258,6575934081941438469,0.0156362895995089
6557891870416224258,6643801147025096709,0.015961128207016017
6557891870416224258,6749961922102477830,0.015544021298153856
6557891870416224258,6856985681320838149,0.015852489911748546
6557891870416224258,6880273018033079298,0.015504985607372746
6557891870416224258,6889429234431853574,0.0158499567784235
6557891870416224258,6933226203005453314,0.025224269404142085
6557891870416224258,7024773008388834309,0.02538981859404403
6557891870416224258,7089082529218593798,0.015913367079810156
6557891870416224258,7232053097944777733,0.015528254044016098
6557891870416224258,7462811958108062726,0.015173251956857068
6557891870416224258,7556652869841044512,0.015862431177975013
6557891870416224258,7585691270368019463,0.015527668114084032
6557891870416224258,7594214580139967544,0.015816657970140258
6557891870416224258,7609668379692401697,0.02385398921221633
6565018648809078790,6627871200587038726,0.015964472100607977
6565018648809078790,6652900469893660677,0.020469993389398398
6565018648809078790,6761998434112144389,0.014644656767697068
6565018648809078790,6876111398716916738,0.01471776593657304
6565018648809078790,6908266585728697349,0.018394176613948637
6565018648809078790,6982171632279634946,0.020238055553422833
6565018648809078790,7009641336668161030,0.02275273442982319
6565018648809078790,7033309963939496987,0.017354207738436433
6565018648809078790,7170886050868675589,0.014899493639079518
6565018648809078790,7181113461597783046,0.02921310033655796
6565018648809078790,7256202462158406658,0.014665574018865469
6565018648809078790,7327226218813391877,0.016146437727268047
6565018648809078790,7337597547799020549,0.02273738484460115
6565018648809078790,7434627254548382776,0.02921310033655796
6575934081941438469,6749961922102477830,0.015455069846196934
6575934081941438469,6856985681320838149,0.015772531689040654
6575934081941438469,6880273018033079298,0.016638767210898454
6575934081941438469,6889429234431853574,0.01576991585298454
6575934081941438469,6933226203005453314,0.027071929027352736
6575934081941438469,7024773008388834309,0.027243280108362706
6575934081941438469,7104324169307259909,0.016154255682942317
6575934081941438469,7232053097944777733,0.015846841168839113
6575934081941438469,7314655842044265478,0.016174236769088638
6575934081941438469,7378567914254959622,0.01618093930176053
6575934081941438469,7387033416446837765,0.01615457593258488
6575934081941438469,7462811958108062726,0.016189975823253617
6575934081941438469,7556652869841044512,0.015807098489340074
6575934081941438469,7594214580139967544,0.015735532369454772
6586144504133271558,6765565991936377862,0.015607853447903925
6586144504133271558,6803687435404641286,0.01581296330155055
6586144504133271558,6854084433894065158,0.016228003800076354
6586144504133271558,6883861528681055237,0.015447962538894945
6586144504133271558,6884016318182720517,0.016004274360331135
6586144504133271558,6943355592603173893,0.01596691881616633
6586144504133271558,6962998966736946178,0.01525961748228261
6586144504133271558,7014863130023052293,0.015651313631449195
6586144504133271558,7028867830490547206,0.016212669695794078
6586144504133271558,7345693452820186117,0.015590984128173899
6586144504133271558,7416269225385296902,0.01525961748228261
6586144504133271558,7453398291771524102,0.01583112897343659
6586144504133271558,7463993064467252256,0.015760020106988296
6586144504133271558,7475281813004338198,0.01524799640927536
6586144504133271558,7567226487067427860,0.015590837868946418
6627871200587038726,6669850252496093190,0.07801031602910861
6627871200587038726,6761998434112144389,0.12979546978955375
6627871200587038726,6807686944023020545,0.12973982057582978
6627871200587038726,6876111398716916738,0.13399422478050857
6627871200587038726,6887161232442033153,0.12966048359634744
6627871200587038726,6908266585728697349,0.13395101356844305
6627871200587038726,6982171632279634946,0.1491030802024618
6627871200587038726,7006613667513418757,0.12957479409599154
6627871200587038726,7047494209448166401,0.12957479409599154
6627871200587038726,7057768423321748481,0.12965428036816026
6627871200587038726,7125195944199996422,0.30191712507933377
6627871200587038726,7170886050868675589,0.12991002879270958
6627871200587038726,7256202462158406658,0.13056420173774683
6627871200587038726,7290350607356150827,0.1296816302259745
6627871200587038726,7337597547799020549,0.014228641714697624
6627871200587038726,7455253044214449159,0.1299676488148568
6627871200587038726,7523591048695170064,0.12960591824046433
6627871200587038726,7610364091814872085,0.02306959219045471
6630176154991411206,6727959454509532166,0.015118361585203572
6630176154991411206,6761998434112144389,0.023716420015746274
6630176154991411206,6807686944023020545,0.023526828765264345
6630176154991411206,6876111398716916738,0.023834817311331195
6630176154991411206,6887161232442033153,0.038131988301119205
6630176154991411206,6908266585728697349,0.023610120329356634
6630176154991411206,6966657160718943238,0.014680387900035105
6630176154991411206,6982498486395175942,0.015123196334910376
6630176154991411206,6985530541395624966,0.015930727923557916
6630176154991411206,7014893568998228993,0.02353473657975842
6630176154991411206,7063430535804781574,0.015301468779417328
6630176154991411206,7124134844511126555,0.030785767297849764
6630176154991411206,7170886050868675589,0.02412911785995497
6630176154991411206,7181113461597783046,0.04730941588690425
6630176154991411206,7189144603827487746,0.015067401690878801
6630176154991411206,7256202462158406658,0.02375029464470849
6630176154991411206,7373912731559609352,0.015036522321178917
6630176154991411206,7386533375073682449,0.015023619555063726
6630176154991411206,7434627254548382776,0.04730941588690425
6630176154991411206,7455253044214449159,0.023641778623462038
6630176154991411206,7487688540064531463,0.023539714711546776
6630176154991411206,7499826250930226194,0.043306237118338024
6630176154991411206,7519531111723222072,0.014720410981595404
6643801147025096709,6705803659719263237,0.015149111164741508
6643801147025096709,6749961922102477830,0.01613424332449497
6643801147025096709,6856985681320838149,0.016140040845336337
6643801147025096709,6889429234431853574,0.01614253853048995
6643801147025096709,6891705601257145349,0.015079188072868148
6643801147025096709,6990019487899501573,0.015010507528368473
6643801147025096709,7089082529218593798,0.016677408538849702
6643801147025096709,7178590990041711622,0.015436030774885949
6643801147025096709,7232053097944777733,0.01576396327886533
6643801147025096709,7424553645365543942,0.0153562046269497
6643801147025096709,7556652869841044512,0.01611071887517806
6643801147025096709,7585691270368019463,0.016271103981210976
6643801147025096709,7594214580139967544,0.016174617412872728
6643801147025096709,7609668379692401697,0.024957619088071235
6647609787890106374,6669850252496093190,0.01593399291830065
6647609787890106374,6700212094179394565,0.015596029950642472
6647609787890106374,6718433480264762373,0.015223456601822775
6647609787890106374,6793797962901242885,0.01588074820190279
6647609787890106374,6829337968281682949,0.015885612742706324
6647609787890106374,6865188838906889221,0.015076562298254229
6647609787890106374,6949584343513940998,0.015864084535537542
6647609787890106374,6969779682486141958,0.015733332903399476
6647609787890106374,7071395036047131653,0.014826567247045317
6647609787890106374,7074661077590197253,0.015408174157885132
6647609787890106374,7174050320195568646,0.014792260833842885
6647609787890106374,7227584300489081862,0.016002047693842822
6647609787890106374,7248602643801932827,0.0158964807952109
6647609787890106374,7315521386973627425,0.015857656319300566
6647609787890106374,7434627254548382776,0.015898910042517676
6647609787890106374,7442753421524288544,0.016015355109106986
6647609787890106374,7610364091814872085,0.01508606500620066
6652900469893660677,6718433480264762373,0.015549471710058903
6652900469893660677,6765565991936377862,0.015607701830704182
6652900469893660677,6769282406316393477,0.016436194189409694
6652900469893660677,6803687435404641286,0.01598654941565295
6652900469893660677,6814332639731713025,0.04454624733012863
6652900469893660677,6865188838906889221,0.0154559656906557
6652900469893660677,6883861528681055237,0.015508445718387318
6652900469893660677,6884016318182720517,0.016115768794732685
6652900469893660677,7071395036047131653,0.015253990054166736
6652900469893660677,7074661077590197253,0.015618471030157543
6652900469893660677,7174050320195568646,0.015285329919835895
6652900469893660677,7189559133157475354,0.017112241185726677
6652900469893660677,7345693452820186117,0.015625175011101906
6652900469893660677,7367577463750132741,0.01862899459256002
6652900469893660677,7416287041577305094,0.01894442752589211
6652900469893660677,7457519820280644613,0.016627543180353473
6652900469893660677,7463993064467252256,0.01604232955345868
6652900469893660677,7610364091814872085,0.015669003035059397
6669850252496093190,6700212094179394565,0.015938933812416636
6669850252496093190,6718433480264762373,0.015220373300327925
6669850252496093190,6761998434112144389,0.01629663320916334
6669850252496093190,6793797962901242885,0.01598219436941124
6669850252496093190,6829337968281682949,0.015977053515851276
6669850252496093190,6865188838906889221,0.015071956730909688
6669850252496093190,6876111398716916738,0.016377989387617902
6669850252496093190,6908266585728697349,0.01622358984940707
6669850252496093190,6949584343513940998,0.01600055775545202
6669850252496093190,6969779682486141958,0.015735706570214225
6669850252496093190,7071395036047131653,0.014819439275698194
6669850252496093190,7125195944199996422,0.059523338449235186
6669850252496093190,7170886050868675589,0.01658021670906831
6669850252496093190,7174050320195568646,0.01478476830869911
6669850252496093190,7181113461597783046,0.03250845606279348
6669850252496093190,7227584300489081862,0.016208879486291114
6669850252496093190,7248602643801932827,0.0159660387142829
6669850252496093190,7256202462158406658,0.016319910010760174
6669850252496093190,7315521386973627425,0.016216437225699626
6669850252496093190,7434627254548382776,0.048771215901997726
6669850252496093190,7442753421524288544,0.01619308764480849
6669850252496093190,7455253044214449159,0.016245343706301197
6669850252496093190,7610364091814872085,0.02224088741071357
6693961050361267206,6831114394236601346,0.01479631984805439
6693961050361267206,6867672357939561478,0.014932869688578094
6693961050361267206,6884269257367749633,0.015647608488234495
6693961050361267206,6887161232442033153,0.014557443604898867
6693961050361267206,6962525040178217990,0.014581096839450839
6693961050361267206,6966657160718943238,0.014777403664157402
6693961050361267206,6990299477060781061,0.014662417587268255
6693961050361267206,7122494145399047194,0.014493091231117824
6693961050361267206,7124134844511126555,0.014485949112694737
6693961050361267206,7139448682156131355,0.01477862652387773
6693961050361267206,7143638497873413126,0.014641695260019225
6693961050361267206,7296163401382020102,0.014647534045383341
6693961050361267206,7461329320323253254,0.01448576145799424
6693961050361267206,7469354913887241217,0.014763243471570998
6693961050361267206,7519531111723222072,0.014532901637206403
6700212094179394565,6718433480264762373,0.014898162042659147
6700212094179394565,6793797962901242885,0.015639923614396742
6700212094179394565,6829337968281682949,0.015635228250735878
6700212094179394565,6865188838906889221,0.014752981711152026
6700212094179394565,6943355592603173893,0.01568566478669481
6700212094179394565,6949584343513940998,0.01565672586310328
6700212094179394565,6969779682486141958,0.015402084508028008
6700212094179394565,7074661077590197253,0.015078813836041066
6700212094179394565,7227584300489081862,0.01586121201791467
6700212094179394565,7248602643801932827,0.01562518679965445
6700212094179394565,7315521386973627425,0.016030402791062694
6700212094179394565,7434627254548382776,0.016395282565542048
6700212094179394565,7442753421524288544,0.015846716635697693
6705803659719263237,6749961922102477830,0.014639406771495202
6705803659719263237,6856985681320838149,0.014630891391491128
6705803659719263237,6889429234431853574,0.014633233326220688
6705803659719263237,6891705601257145349,0.01459970062479223
6705803659719263237,6915837066996728837,0.014662936333610325
6705803659719263237,6990019487899501573,0.014538345538914102
6705803659719263237,7089082529218593798,0.015195168058170134
6705803659719263237,7101038813632644101,0.014989660006134444
6705803659719263237,7178590990041711622,0.014923477006870724
6705803659719263237,7415799988297319429,0.014664146496001472
6705803659719263237,7424553645365543942,0.014848825620237118
6705803659719263237,7556652869841044512,0.014603231995633372
6705803659719263237,7585691270368019463,0.015237270161855679
6705803659719263237,7594214580139967544,0.014663345884526904
6705803659719263237,7609668379692401697,0.024174376176323432
6705803659719263237,7610014708498023431,0.014661746343220424
6718433480264762373,6769282406316393477,0.015379964017518608
6718433480264762373,6793797962901242885,0.01517650241902322
6718433480264762373,6829337968281682949,0.015181199031144555
6718433480264762373,6949584343513940998,0.015160398601676141
6718433480264762373,6969779682486141958,0.015117356758083466
6718433480264762373,7227584300489081862,0.015286312412936293
6718433480264762373,7248602643801932827,0.015191682270121278
6718433480264762373,7315521386973627425,0.015146320801139791
6718433480264762373,7434627254548382776,0.015177478301829018
6718433480264762373,7442753421524288544,0.015299191252199688
6718433480264762373,7457519820280644613,0.01554732920022619
6718433480264762373,7463993064467252256,0.01502603602489239
6727959454509532166,6933226203005453314,0.02531510582512117
6727959454509532166,6982498486395175942,0.015411226385990351
6727959454509532166,6985530541395624966,0.01563565385518277
6727959454509532166,7024773008388834309,0.025159553355614907
6727959454509532166,7063430535804781574,0.015507172239103742
6727959454509532166,7104324169307259909,0.015270806597654224
6727959454509532166,7154955988025590786,0.015408730843439352
6727959454509532166,7189144603827487746,0.015201997867792711
6727959454509532166,7255459615491753002,0.014951472870953058
6727959454509532166,7314655842044265478,0.015252111383797682
6727959454509532166,7373912731559609352,0.014755282129376926
6727959454509532166,7378567914254959622,0.015246118491147029
6727959454509532166,7386533375073682449,0.014742375448472254
6727959454509532166,7387033416446837765,0.015270493494057357
6727959454509532166,7453634343190807557,0.015137908271012699
6749961922102477830,6856985681320838149,0.015713613850149837
6749961922102477830,6880273018033079298,0.015323763618213491
6749961922102477830,6889429234431853574,0.01571603641445745
6749961922102477830,6891705601257145349,0.014571663819475862
6749961922102477830,6990019487899501573,0.014508509933843398
6749961922102477830,7089082529218593798,0.016086494071508424
6749961922102477830,7178590990041711622,0.014905803572612411
6749961922102477830,7232053097944777733,0.015352684766363745
6749961922102477830,7424553645365543942,0.014828529331047864
6749961922102477830,7462811958108062726,0.015009564686035572
6749961922102477830,7556652869841044512,0.015685126434409967
6749961922102477830,7585691270368019463,0.015698986289464104
6749961922102477830,7594214580139967544,0.015747160244022663
6749961922102477830,7609668379692401697,0.024122728948920712
6761998434112144389,6769282406316393477,0.038327490921891284
6761998434112144389,6806764615436223494,0.014892888452033593
6761998434112144389,6809360915122308101,0.4974003219840166
6761998434112144389,6831114394236601346,0.03599851281072668
6761998434112144389,6842625485920437250,0.030257247108033077
6761998434112144389,6849714013304079366,0.4975440260693285
6761998434112144389,6865515418422854662,0.049510952786046065
6761998434112144389,6884016318182720517,0.03599851281072668
6761998434112144389,6887161232442033153,0.4976680772667855
6761998434112144389,6962525040178217990,0.024716819602049703
6761998434112144389,6965504260722361350,0.023169191284157398
6761998434112144389,6982171632279634946,0.4973252937601693
6761998434112144389,6985530541395624966,0.01599403208597262
6761998434112144389,7006613667513418757,0.5213147325126545
6761998434112144389,7009641336668161030,0.1144080733354308
6761998434112144389,7014981470109565957,0.4973252937601693
6761998434112144389,7047494209448166401,0.4973252937601693
6761998434112144389,7050498314663379974,0.4974003219840166
6761998434112144389,7057768423321748481,0.49721157954234446
6761998434112144389,7089082529218593798,0.03599851281072668
6761998434112144389,7093023801574867969,0.5210889571304097
6761998434112144389,7125195944199996422,0.02706354303515978
6761998434112144389,7139448682156131355,0.11319832762125392
6761998434112144389,7141833908052296709,0.5214542346978153
6761998434112144389,7154612198102483973,0.0349916863582742
6761998434112144389,7154955988025590786,0.0157227703992949
6761998434112144389,7181113461597783046,0.1503913305911978
6761998434112144389,7234260997438374917,0.014948080585041813
6761998434112144389,7247153806412252165,0.014490993248255892
6761998434112144389,7253090810513097730,0.10264840980378899
6761998434112144389,7255459615491753002,0.05030452347584389
6761998434112144389,7255585908618937370,0.014249479958364916
6761998434112144389,7256202462158406658,0.4978478980543208
6761998434112144389,7290292672361759776,0.03599851281072668
6761998434112144389,7295710550214247432,0.014855704682453204
6761998434112144389,7308377902638728224,0.023842320357237434
6761998434112144389,7311708051199230981,0.14010318097133356
6761998434112144389,7334272629450343470,0.014847221380038054
6761998434112144389,7361069886359716906,0.014807889090849836
6761998434112144389,7402984582746358816,0.4974003219840166
6761998434112144389,7416269225385296902,0.049510952786046065
6761998434112144389,7434627254548382776,0.1503913305911978
6761998434112144389,7453634343190807557,0.03599851281072668
6761998434112144389,7457519820280644613,0.023169191284157398
6761998434112144389,7523591048695170064,0.4975574814635988
6761998434112144389,7536210918439863297,0.06703817440091689
6761998434112144389,7555788949694088210,0.01839891545831946
6765565991936377862,6769282406316393477,0.01543453158060763
6765565991936377862,6803687435404641286,0.015234478273418351
6765565991936377862,6854084433894065158,0.01559265373009184
6765565991936377862,6883861528681055237,0.014897019202041919
6765565991936377862,6884016318182720517,0.015413171926685783
6765565991936377862,6943355592603173893,0.015340982002057097
6765565991936377862,6962998966736946178,0.014691100955021392
6765565991936377862,7014863130023052293,0.01505479881049153
6765565991936377862,7028867830490547206,0.015577887177789813
6765565991936377862,7345693452820186117,0.015030482878439439
6765565991936377862,7453398291771524102,0.015222698525236547
6765565991936377862,7457519820280644613,0.015609860138391086
6765565991936377862,7463993064467252256,0.015183483912565491
6765565991936377862,7475281813004338198,0.014679899225814268
6765565991936377862,7567226487067427860,0.0149965671376626
6769282406316393477,6803687435404641286,0.01580603386363096
6769282406316393477,6807686944023020545,0.0380210974220759
6769282406316393477,6865188838906889221,0.015288753931947143
6769282406316393477,6876111398716916738,0.03851882971875416
6769282406316393477,6883861528681055237,0.015337741754469156
6769282406316393477,6887161232442033153,0.03787553375774283
6769282406316393477,6908266585728697349,0.03815570275730347
6769282406316393477,6969779682486141958,0.015686292875996648
6769282406316393477,7014893568998228993,0.038033877035863826
6769282406316393477,7071395036047131653,0.01509133645493992
6769282406316393477,7170886050868675589,0.038994441197982316
6769282406316393477,7174050320195568646,0.01512235931400445
6769282406316393477,7181113461597783046,0.07645551928669725
6769282406316393477,7256202462158406658,0.038382234830675564
6769282406316393477,7345693452820186117,0.015451809732966141
6769282406316393477,7396903607784490000,0.03784931591478193
6769282406316393477,7434627254548382776,0.07645551928669725
6769282406316393477,7442002957991724065,0.037832324595129925
6769282406316393477,7455253044214449159,0.038206864904841834
6769282406316393477,7463993064467252256,0.015861175365067176
6769282406316393477,7487688540064531463,0.03804192206545934
6769282406316393477,7610364091814872085,0.01549829488972904
6793797962901242885,6829337968281682949,0.015923328191594883
6793797962901242885,6865188838906889221,0.015029976635264508
6793797962901242885,6949584343513940998,0.015911750246527252
6793797962901242885,6969779682486141958,0.015685114810472807
6793797962901242885,7071395036047131653,0.014780672755651227
6793797962901242885,7074661077590197253,0.015360829141367433
6793797962901242885,7227584300489081862,0.01605022367751192
6793797962901242885,7248602643801932827,0.015912436826239208
6793797962901242885,7315521386973627425,0.0159058929902654
6793797962901242885,7434627254548382776,0.015947770306961342
6793797962901242885,7442753421524288544,0.016063527202525917
6793797962901242885,7610364091814872085,0.015039146110912619
6802111873555727361,6809360915122308101,0.5207206857763201
6802111873555727361,6849714013304079366,0.498263212810768
6802111873555727361,6914932704597935110,0.016431033927395734
6802111873555727361,6933063571936953349,0.015025348075946365
6802111873555727361,6982171632279634946,0.49803900998738526
6802111873555727361,6987706064737289217,0.015352315070324137
6802111873555727361,7006613667513418757,0.49803900998738526
6802111873555727361,7014981470109565957,0.49803900998738526
6802111873555727361,7047494209448166401,0.49803900998738526
6802111873555727361,7050498314663379974,0.49853779087744593
6802111873555727361,7057768423321748481,0.49791161068640116
6802111873555727361,7092389272800674817,0.010961988996406628
6802111873555727361,7093023801574867969,0.49853779087744593
6802111873555727361,7141833908052296709,0.49824572115460486
6802111873555727361,7256202462158406658,0.5145827096093595
6802111873555727361,7290350607356150827,0.4977890452370395
6802111873555727361,7402984582746358816,0.49853779087744593
6802111873555727361,7482541173300462614,0.009635784940173546
6802111873555727361,7523591048695170064,0.49827126788992887
6802111873555727361,7550338226915230776,0.015664463726632074
6802216129184941062,6809360915122308101,0.5195601542812853
6802216129184941062,6811864837094917126,0.49797158172351946
6802216129184941062,6849714013304079366,0.49827724127870965
6802216129184941062,6914932704597935110,0.01608296088927408
6802216129184941062,6933063571936953349,0.015473738656607483
6802216129184941062,6982171632279634946,0.4984582921598013
6802216129184941062,6987706064737289217,0.015801678651682454
6802216129184941062,7006613667513418757,0.4984582921598013
6802216129184941062,7014981470109565957,0.4984582921598013
6802216129184941062,7047494209448166401,0.4984582921598013
6802216129184941062,7050498314663379974,0.4979615347418068
6802216129184941062,7057768423321748481,0.49833137880852774
6802216129184941062,7092389272800674817,0.010610590493432876
6802216129184941062,7141833908052296709,0.49825229960923056
6802216129184941062,7256202462158406658,0.5144237928053939
6802216129184941062,7290350607356150827,0.49820902216546314
6802216129184941062,7402984582746358816,0.4979615347418068
6802216129184941062,7523591048695170064,0.49852320739244405
6802216129184941062,7550338226915230776,0.016112546027428207
6803687435404641286,6854084433894065158,0.015797481837124327
6803687435404641286,6883861528681055237,0.015141125714938865
6803687435404641286,6884016318182720517,0.015716571927864537
6803687435404641286,6943355592603173893,0.015550682474105636
6803687435404641286,7028867830490547206,0.01578244706300524
6803687435404641286,7345693452820186117,0.0152514122629109
6803687435404641286,7453398291771524102,0.015416893084649497
6803687435404641286,7457519820280644613,0.01598874825362896
6803687435404641286,7463993064467252256,0.015543166722566832
6803687435404641286,7610364091814872085,0.015089668400428208
6806764615436223494,6828012366325957638,0.01514279028831597
6806764615436223494,6986127145840821254,0.01646755710256295
6806764615436223494,7004852704795280390,0.01656567887106237
6806764615436223494,7006613667513418757,0.015203427596683394
6806764615436223494,7041796261662049281,0.01631720839254161
6806764615436223494,7154612198102483973,0.015008545641580905
6806764615436223494,7284057704728626181,0.015929976924126583
6806764615436223494,7333933730745566213,0.01608619719909005
6806764615436223494,7334272629450343470,0.016697603990705436
6806764615436223494,7361069886359716906,0.016655749735809206
6806764615436223494,7416287041577305094,0.01574450710994291
6806764615436223494,7520642008689116176,0.015963096847761836
6806764615436223494,7536210918439863297,0.014943411293658318
6807686944023020545,6809360915122308101,0.49736001233653737
6807686944023020545,6811864837094917126,0.5214567796502797
6807686944023020545,6831114394236601346,0.035710737376881935
6807686944023020545,6849714013304079366,0.49767424444782277
6807686944023020545,6865515418422854662,0.0491151576599256
6807686944023020545,6884016318182720517,0.035710737376881935
6807686944023020545,6908266585728697349,0.5185758033616478
6807686944023020545,6965504260722361350,0.02298397463066155
6807686944023020545,6982171632279634946,0.497856169686663
6807686944023020545,7006613667513418757,0.497856169686663
6807686944023020545,7009641336668161030,0.1143590213975233
6807686944023020545,7014981470109565957,0.497856169686663
6807686944023020545,7047494209448166401,0.497856169686663
6807686944023020545,7050498314663379974,0.49736001233653737
6807686944023020545,7057768423321748481,0.4977383687023438
6807686944023020545,7089082529218593798,0.035710737376881935
6807686944023020545,7125195944199996422,0.026847194574342304
6807686944023020545,7139448682156131355,0.1129447089771533
6807686944023020545,7141833908052296709,0.5214149881236938
6807686944023020545,7154612198102483973,0.03407108699909562
6807686944023020545,7181113461597783046,0.14918908841428005
6807686944023020545,7247153806412252165,0.014318125146692487
6807686944023020545,7253090810513097730,0.1026043997678081
6807686944023020545,7255459615491753002,0.0499023844723876
6807686944023020545,7255585908618937370,0.014181827655463688
6807686944023020545,7256202462158406658,0.49834832339812396
6807686944023020545,7290292672361759776,0.035710737376881935
6807686944023020545,7290350607356150827,0.5213630334742628
6807686944023020545,7308377902638728224,0.023651722647805812
6807686944023020545,7311708051199230981,0.15372071596219009
6807686944023020545,7389767673448285226,0.013630650008038174
6807686944023020545,7416269225385296902,0.0491151576599256
6807686944023020545,7432711408628679685,0.01463648112441247
6807686944023020545,7434627254548382776,0.14918908841428005
6807686944023020545,7453634343190807557,0.035710737376881935
6807686944023020545,7457519820280644613,0.02298397463066155
6807686944023020545,7499448682740204566,0.014360861976187456
6807686944023020545,7523591048695170064,0.4979221414932341
6807686944023020545,7528317052487566392,0.013242184173607476
6807686944023020545,7536210918439863297,0.06609082308773812
6807686944023020545,7547644791631135764,0.014596793929419415
6807686944023020545,7555788949694088210,0.018251832830041746
6809360915122308101,6849714013304079366,0.49874923857215125
6809360915122308101,6876111398716916738,0.4975307692195521
6809360915122308101,6883354108897362945,0.5153499599085671
6809360915122308101,6887161232442033153,0.4979854856264078
6809360915122308101,6914932704597935110,0.015115385318506354
6809360915122308101,6917607474581406725,0.5133262326225483
6809360915122308101,6933063571936953349,0.00932588394917779
6809360915122308101,6987706064737289217,0.009639729959371486
6809360915122308101,7014893568998228993,0.49441442693471105
6809360915122308101,7033309963939496987,0.49677947695842994
6809360915122308101,7050498314663379974,0.4990240844731996
6809360915122308101,7057768423321748481,0.52209515019095
6809360915122308101,7092389272800674817,0.015381371211139035
6809360915122308101,7093023801574867969,0.4990240844731996
6809360915122308101,7141833908052296709,0.4987317298539308
6809360915122308101,7256202462158406658,0.5224121239920834
6809360915122308101,7327226218813391877,0.49780535906247625
6809360915122308101,7396903607784490000,0.497230535274797
6809360915122308101,7402984582746358816,0.4990240844731996
6809360915122308101,7442002957991724065,0.5233819874023068
6809360915122308101,7455253044214449159,0.4966631510925656
6809360915122308101,7482541173300462614,0.014043507944893775
6809360915122308101,7510166423118758918,0.497643456834433
6809360915122308101,7523591048695170064,0.4987573015085568
6809360915122308101,7550338226915230776,0.009966502250910775
6809360915122308101,7579316049855841287,0.5198725438207329
6809360915122308101,7585186788609508373,0.49656993597203103
6811775237034886150,6915837066996728837,0.015157683190107723
6811775237034886150,6962998966736946178,0.014619569462694602
6811775237034886150,6965504260722361350,0.015040091666013706
6811775237034886150,7014863130023052293,0.014972211031701725
6811775237034886150,7101038813632644101,0.015398605870873756
6811775237034886150,7178590990041711622,0.014936806275259097
6811775237034886150,7290292672361759776,0.015049872656116348
6811775237034886150,7415799988297319429,0.015156539667108407
6811775237034886150,7421992589585843243,0.014892645291326159
6811775237034886150,7424553645365543942,0.015003590058563063
6811775237034886150,7444668199523992609,0.015535599536186941
6811775237034886150,7475281813004338198,0.014630927028159454
6811775237034886150,7546456230891750422,0.014997039081139894
6811775237034886150,7567226487067427860,0.015030719155071717
6811775237034886150,7609668379692401697,0.02409675682887962
6811775237034886150,7610014708498023431,0.01515884783104761
6811864837094917126,6849714013304079366,0.4983538690868549
6811864837094917126,6908266585728697349,0.5225219387321665
6811864837094917126,6982171632279634946,0.505066051690632
6811864837094917126,7006613667513418757,0.4985348753990354
6811864837094917126,7014893568998228993,0.5200075335668114
6811864837094917126,7014981470109565957,0.4985348753990354
6811864837094917126,7033309963939496987,0.4967895000906842
6811864837094917126,7047494209448166401,0.4985348753990354
6811864837094917126,7057768423321748481,0.4984073492547607
6811864837094917126,7093023801574867969,0.5213786722971966
6811864837094917126,7141833908052296709,0.5217369651499318
6811864837094917126,7170886050868675589,0.5184730507034662
6811864837094917126,7256202462158406658,0.49895290714351426
6811864837094917126,7337597547799020549,0.004014349060900184
6811864837094917126,7389767673448285226,0.015749737504391653
6811864837094917126,7396903607784490000,0.5243153974863766
6811864837094917126,7432711408628679685,0.016505778469645745
6811864837094917126,7442002957991724065,0.4973268076384995
6811864837094917126,7455253044214449159,0.49667317187780347
6811864837094917126,7487688540064531463,0.49452898434975934
6811864837094917126,7499448682740204566,0.016531038992032326
6811864837094917126,7510166423118758918,0.4976534973985357
6811864837094917126,7523591048695170064,0.49859972544308173
6811864837094917126,7528317052487566392,0.015334002769241604
6811864837094917126,7547644791631135764,0.015657085235520243
6811864837094917126,7579316049855841287,0.4964877519624714
6811864837094917126,7585186788609508373,0.4965799548765401
6814332639731713025,6865687838509171718,0.015215636795042582
6814332639731713025,6884269257367749633,0.01445894737031243
6814332639731713025,6978785360063267846,0.015144473973906506
6814332639731713025,6979776947182355462,0.015169800539120926
6814332639731713025,6990299477060781061,0.015027930145561946
6814332639731713025,6995594325438972933,0.015342303191237954
6814332639731713025,7047368764291171333,0.015231726756705661
6814332639731713025,7122494145399047194,0.014493398807469231
6814332639731713025,7124134844511126555,0.014530557117799608
6814332639731713025,7143638497873413126,0.015083322664534205
6814332639731713025,7189559133157475354,0.03543464147523013
6814332639731713025,7296163401382020102,0.015043755211210614
6814332639731713025,7367577463750132741,0.02190439431168245
6814332639731713025,7416287041577305094,0.022275287508106274
6814332639731713025,7455603448303567877,0.015289230707198372
6814332639731713025,7461329320323253254,0.014485484379912199
6814332639731713025,7469354913887241217,0.015201892359071332
6814332639731713025,7555788949694088210,0.015075393027160617
6819677799301809158,6849714013304079366,0.01505805960168037
6819677799301809158,6868361115987493890,0.013483001842316515
6819677799301809158,6876111398716916738,0.015203802344336726
6819677799301809158,6908266585728697349,0.013354126832767182
6819677799301809158,7047494209448166401,0.01457162575351583
6819677799301809158,7300626193325229061,0.004254536700149432
6819677799301809158,7367577463750132741,0.015539901016697891
6819677799301809158,7375525564567241761,0.015372464004226202
6819677799301809158,7407221110629073926,0.014492428445039441
6819677799301809158,7455253044214449159,0.014231830756528046
6819677799301809158,7499826250930226194,0.015407473690942086
6819677799301809158,7510166423118758918,0.015749305913680182
6819677799301809158,7523591048695170064,0.015612113440544018
6819677799301809158,7528317052487566392,0.013523280780529452
6819677799301809158,7555104317654008839,0.014983934825921495
6819677799301809158,7585186788609508373,0.015598579231025912
6828012366325957638,6856985681320838149,0.023092621975442585
6828012366325957638,6962525040178217990,0.023092621975442585
6828012366325957638,6963912208137536518,0.035988317278288696
6828012366325957638,6978785360063267846,0.0435275732064768
6828012366325957638,6986127145840821254,0.014898509157180575
6828012366325957638,7004852704795280390,0.04771727784318281
6828012366325957638,7074661077590197253,0.031762997053422726
6828012366325957638,7104324169307259909,0.031762997053422726
6828012366325957638,7139448682156131355,0.029877236600174516
6828012366325957638,7227584300489081862,0.031762997053422726
6828012366325957638,7234260997438374917,0.014710172021501157
6828012366325957638,7295710550214247432,0.014619893534440676
6828012366325957638,7314655842044265478,0.02112288926664588
6828012366325957638,7333933730745566213,0.015092297694962061
6828012366325957638,7334272629450343470,0.015097133960386453
6828012366325957638,7361069886359716906,0.015057827625505865
6828012366325957638,7375525564567241761,0.02112288926664588
6828012366325957638,7469354913887241217,0.031762997053422726
6828012366325957638,7542455562676470840,0.016924032626353516
6829337968281682949,6865188838906889221,0.015034637772995262
6829337968281682949,6949584343513940998,0.01590666718228596
6829337968281682949,6969779682486141958,0.015689932878445285
6829337968281682949,7071395036047131653,0.014785267061892584
6829337968281682949,7074661077590197253,0.015365563068787589
6829337968281682949,7174050320195568646,0.014750966858132888
6829337968281682949,7227584300489081862,0.016045084825169323
6829337968281682949,7248602643801932827,0.015917300953377025
6829337968281682949,7315521386973627425,0.015900749184198183
6829337968281682949,7434627254548382776,0.015942559656148332
6829337968281682949,7442753421524288544,0.016058388625497494
6829337968281682949,7610364091814872085,0.015043840533883024
6831114394236601346,6867672357939561478,0.014941961868654539
6831114394236601346,6876111398716916738,0.03617822486503502
6831114394236601346,6887161232442033153,0.05018283370941936
6831114394236601346,6908266585728697349,0.03583716339037854
6831114394236601346,6966657160718943238,0.014830161194599428
6831114394236601346,6990299477060781061,0.01460550561294922
6831114394236601346,7014893568998228993,0.03572274043472881
6831114394236601346,7122494145399047194,0.01449031788733952
6831114394236601346,7124134844511126555,0.014455974662055166
6831114394236601346,7170886050868675589,0.036624935711899884
6831114394236601346,7181113461597783046,0.0718096834489347
6831114394236601346,7256202462158406658,0.03604993019428816
6831114394236601346,7373912731559609352,0.014721853258582046
6831114394236601346,7386533375073682449,0.014734312654339913
6831114394236601346,7396903607784490000,0.03554939420929577
6831114394236601346,7434627254548382776,0.0718096834489347
6831114394236601346,7442002957991724065,0.03553343537078452
6831114394236601346,7455253044214449159,0.03588521665917553
6831114394236601346,7461329320323253254,0.01449841203292074
6831114394236601346,7487688540064531463,0.035730296606395436
6831114394236601346,7519531111723222072,0.014582902789011691
6842625485920437250,6867672357939561478,0.014872257852516401
6842625485920437250,6876111398716916738,0.030408297571258854
6842625485920437250,6908266585728697349,0.030121630692213894
6842625485920437250,6966657160718943238,0.014800414262882809
6842625485920437250,7028867830490547206,0.06208907400721142
6842625485920437250,7041796261662049281,0.03546193384171399
6842625485920437250,7122494145399047194,0.01441912941095986
6842625485920437250,7170886050868675589,0.030783764206519452
6842625485920437250,7181113461597783046,0.060357030533123
6842625485920437250,7256202462158406658,0.030300464128920797
6842625485920437250,7373912731559609352,0.015036784175254166
6842625485920437250,7386533375073682449,0.015049344333635344
6842625485920437250,7387033416446837765,0.06208907400721142
6842625485920437250,7434627254548382776,0.060357030533123
6842625485920437250,7455253044214449159,0.030162020128188208
6842625485920437250,7455603448303567877,0.06797607711194181
6842625485920437250,7461329320323253254,0.014427287707798928
6842625485920437250,7487688540064531463,0.030031807684590812
6842625485920437250,7519531111723222072,0.014839161364732852
6842625485920437250,7594214580139967544,0.04279747419561345
6849714013304079366,6876111398716916738,0.5237855287726637
6849714013304079366,6883354108897362945,0.4970710153058653
6849714013304079366,6887161232442033153,0.49829296136983436
6849714013304079366,6908266585728697349,0.5228481592933824
6849714013304079366,6917607474581406725,0.4985535865740915
6849714013304079366,6982171632279634946,0.5053378623628538
6849714013304079366,7006613667513418757,0.4988409531654413
6849714013304079366,7014893568998228993,0.4947257822093065
6849714013304079366,7014981470109565957,0.5059256573563604
6849714013304079366,7033309963939496987,0.4970944340732526
6849714013304079366,7047494209448166401,0.5217476566144521
6849714013304079366,7050498314663379974,0.49874923857215125
6849714013304079366,7057768423321748481,0.4987130681330594
6849714013304079366,7093023801574867969,0.49874923857215125
6849714013304079366,7141833908052296709,0.49904046338795216
6849714013304079366,7170886050868675589,0.49440301984542007
6849714013304079366,7256202462158406658,0.4992570473854661
6849714013304079366,7290350607356150827,0.49859015775320376
6849714013304079366,7300626193325229061,0.0043646443596942345
6849714013304079366,7327226218813391877,0.5046104283358542
6849714013304079366,7389767673448285226,0.014519758590395199
6849714013304079366,7396903607784490000,0.5203747347519256
6849714013304079366,7402984582746358816,0.5065071554124413
6849714013304079366,7442002957991724065,0.4976313646696432
6849714013304079366,7455253044214449159,0.4969759224911443
6849714013304079366,7487688540064531463,0.4948304279585628
6849714013304079366,7499826250930226194,0.014592600975902283
6849714013304079366,7510166423118758918,0.5228750244119968
6849714013304079366,7523591048695170064,0.523589345220159
6849714013304079366,7528317052487566392,0.014919888773982015
6849714013304079366,7555104317654008839,0.01416693672234869
6849714013304079366,7579316049855841287,0.49679229337592745
6849714013304079366,7585186788609508373,0.52225712825602
6854084433894065158,6883861528681055237,0.01543288805881129
6854084433894065158,6884016318182720517,0.015988638072329944
6854084433894065158,6943355592603173893,0.01596269072020544
6854084433894065158,6962998966736946178,0.01527466299068581
6854084433894065158,7014863130023052293,0.01566674157234281
6854084433894065158,7028867830490547206,0.01622856821213761
6854084433894065158,7296163401382020102,0.03579024306889469
6854084433894065158,7345693452820186117,0.01557578416342097
6854084433894065158,7453398291771524102,0.01584670130345683
6854084433894065158,7463993064467252256,0.01574453741684463
6854084433894065158,7475281813004338198,0.015263041965087449
6854084433894065158,7567226487067427860,0.01560626576806172
6856985681320838149,6876111398716916738,0.024840211100193185
6856985681320838149,6880273018033079298,0.01563994201437499
6856985681320838149,6889429234431853574,0.016024176367163374
6856985681320838149,6962525040178217990,0.03334931407840184
6856985681320838149,6963912208137536518,0.023092621975442585
6856985681320838149,6978785360063267846,0.06286054097612283
6856985681320838149,7004852704795280390,0.03579765920210376
6856985681320838149,7024773008388834309,0.025607888054688565
6856985681320838149,7074661077590197253,0.03472493154239118
6856985681320838149,7104324169307259909,0.03472493154239118
6856985681320838149,7139448682156131355,0.05363136987060399
6856985681320838149,7170886050868675589,0.02794499985469084
6856985681320838149,7181113461597783046,0.04930500881577347
6856985681320838149,7227584300489081862,0.03472493154239118
6856985681320838149,7232053097944777733,0.015659377226803037
6856985681320838149,7256202462158406658,0.024752123121408415
6856985681320838149,7314655842044265478,0.023092621975442585
6856985681320838149,7375525564567241761,0.023092621975442585
6856985681320838149,7434627254548382776,0.04930500881577347
6856985681320838149,7462811958108062726,0.015307769376555888
6856985681320838149,7469354913887241217,0.03472493154239118
6856985681320838149,7542455562676470840,0.018502217324860175
6856985681320838149,7556652869841044512,0.0159980110526918
6856985681320838149,7585691270368019463,0.015700396900133792
6856985681320838149,7594214580139967544,0.01599054066100551
6865188838906889221,6949584343513940998,0.015013991265987663
6865188838906889221,6969779682486141958,0.014972624867618148
6865188838906889221,7227584300489081862,0.015137446042757824
6865188838906889221,7248602643801932827,0.015045039835081235
6865188838906889221,7315521386973627425,0.014998391038923347
6865188838906889221,7434627254548382776,0.01502752005676309
6865188838906889221,7442753421524288544,0.01515023396313906
6865188838906889221,7457519820280644613,0.015453840123114241
6865188838906889221,7463993064467252256,0.014939238959578409
6865515418422854662,6876111398716916738,0.0537230862570695
6865515418422854662,6887161232442033153,0.048927120417236125
6865515418422854662,6908266585728697349,0.05324067720897625
6865515418422854662,7014893568998228993,0.04913166619830521
6865515418422854662,7170886050868675589,0.05037251045225174
6865515418422854662,7181113461597783046,0.09876424244286301
6865515418422854662,7256202462158406658,0.04958167025327255
6865515418422854662,7300626193325229061,0.006261091770146696
6865515418422854662,7337597547799020549,0.00687036001419403
6865515418422854662,7396903607784490000,0.04889325254971423
6865515418422854662,7434627254548382776,0.09876424244286301
6865515418422854662,7442002957991724065,0.048871303384641636
6865515418422854662,7455253044214449159,0.04935512967080287
6865515418422854662,7487688540064531463,0.04914205866258829
6865687838509171718,6867672357939561478,0.014812453233429005
6865687838509171718,6880273018033079298,0.06299708417421464
6865687838509171718,6884269257367749633,0.014302968088807917
6865687838509171718,6978785360063267846,0.014989168060814767
6865687838509171718,6979776947182355462,0.015009810530846785
6865687838509171718,6990299477060781061,0.01492421812402579
6865687838509171718,6995594325438972933,0.015184130643668711
6865687838509171718,7047368764291171333,0.01507285454105872
6865687838509171718,7122494145399047194,0.014396334389276247
6865687838509171718,7124134844511126555,0.01443317508688216
6865687838509171718,7139448682156131355,0.014792055777994279
6865687838509171718,7143638497873413126,0.014979033017873147
6865687838509171718,7189559133157475354,0.015155739422175388
6865687838509171718,7296163401382020102,0.01493990874166317
6865687838509171718,7461329320323253254,0.01438848506388584
6865687838509171718,7469354913887241217,0.0150957926155074
6865687838509171718,7555788949694088210,0.014914435130689789
6867672357939561478,6962525040178217990,0.0147347222556582
6867672357939561478,6966657160718943238,0.014921797920567671
6867672357939561478,6990299477060781061,0.014735730092218931
6867672357939561478,7122494145399047194,0.01461692045045664
6867672357939561478,7124134844511126555,0.014582333302629813
6867672357939561478,7139448682156131355,0.014860034966466757
6867672357939561478,7143638497873413126,0.014711961474043387
6867672357939561478,7255459615491753002,0.014875508912358126
6867672357939561478,7296163401382020102,0.014719873284842169
6867672357939561478,7373912731559609352,0.014813395126850603
6867672357939561478,7386533375073682449,0.01482594855947697
6867672357939561478,7461329320323253254,0.01462507564989821
6867672357939561478,7469354913887241217,0.014828850595945147
6867672357939561478,7519531111723222072,0.014672060462389915
6868361115987493890,6978785360063267846,0.025081319880090665
6868361115987493890,7004852704795280390,0.018867772790626236
6868361115987493890,7033309963939496987,0.015565638245590131
6868361115987493890,7047494209448166401,0.015139170997380094
6868361115987493890,7050498314663379974,0.01456293814192024
6868361115987493890,7074661077590197253,0.018302373203032875
6868361115987493890,7104324169307259909,0.018302373203032875
6868361115987493890,7139448682156131355,0.017215766308575794
6868361115987493890,7227584300489081862,0.018302373203032875
6868361115987493890,7375525564567241761,0.026648889831320126
6868361115987493890,7407221110629073926,0.05671456358711053
6868361115987493890,7455253044214449159,0.01588845134182832
6868361115987493890,7455603448303567877,0.01412196476086749
6868361115987493890,7469354913887241217,0.018302373203032875
6868361115987493890,7499826250930226194,0.014443384232687897
6868361115987493890,7519531111723222072,0.05395996633010489
6868361115987493890,7555104317654008839,0.01464430536740687
6876111398716916738,6884016318182720517,0.03617822486503502
6876111398716916738,6962525040178217990,0.024840211100193185
6876111398716916738,6965504260722361350,0.02328485670023253
6876111398716916738,6978785360063267846,0.04682162589756218
6876111398716916738,6982171632279634946,0.497637045019625
6876111398716916738,6985530541395624966,0.01607387761675763
6876111398716916738,7006613667513418757,0.497637045019625
6876111398716916738,7009641336668161030,0.11476852767191775
6876111398716916738,7014981470109565957,0.5045056625859606
6876111398716916738,7047494209448166401,0.5208429968089452
6876111398716916738,7050498314663379974,0.4975307692195521
6876111398716916738,7057768423321748481,0.4975299481741341
6876111398716916738,7089082529218593798,0.03617822486503502
6876111398716916738,7093023801574867969,0.4975307692195521
6876111398716916738,7125195944199996422,0.027198649864191377
6876111398716916738,7139448682156131355,0.1139009008053718
6876111398716916738,7141833908052296709,0.49782128255855196
6876111398716916738,7154612198102483973,0.020322881805480836
6876111398716916738,7154955988025590786,0.015801261735387918
6876111398716916738,7181113461597783046,0.15114211535591326
6876111398716916738,7253090810513097730,0.10725047591924977
6876111398716916738,7255459615491753002,0.05055565410733353
6876111398716916738,7256202462158406658,0.49821228078234947
6876111398716916738,7290292672361759776,0.03617822486503502
6876111398716916738,7290350607356150827,0.49741810547130716
6876111398716916738,7300626193325229061,0.00422849942109658
6876111398716916738,7308377902638728224,0.023961346173481703
6876111398716916738,7311708051199230981,0.1538224104506055
6876111398716916738,7367577463750132741,0.014889866269282131
6876111398716916738,7389767673448285226,0.013651573227683246
6876111398716916738,7402984582746358816,0.5050334327116236
6876111398716916738,7416269225385296902,0.049758121747795286
6876111398716916738,7434627254548382776,0.15114211535591326
6876111398716916738,7453634343190807557,0.03617822486503502
6876111398716916738,7457519820280644613,0.02328485670023253
6876111398716916738,7499826250930226194,0.014752479091502303
6876111398716916738,7523591048695170064,0.5226425963498893
6876111398716916738,7528317052487566392,0.014042358047718192
6876111398716916738,7536210918439863297,0.052731740193632894
6876111398716916738,7555104317654008839,0.014335760819190661
6876111398716916738,7555788949694088210,0.018490766666491444
6880273018033079298,6889429234431853574,0.01563732614576204
6880273018033079298,6933226203005453314,0.027305992840190155
6880273018033079298,7024773008388834309,0.02747741794648089
6880273018033079298,7104324169307259909,0.016294660396094764
6880273018033079298,7232053097944777733,0.015715523260703176
6880273018033079298,7314655842044265478,0.016314647524746772
6880273018033079298,7378567914254959622,0.016321353379531348
6880273018033079298,7387033416446837765,0.016294980679927053
6880273018033079298,7462811958108062726,0.016068022762112034
6880273018033079298,7556652869841044512,0.015674493901846148
6880273018033079298,7594214580139967544,0.015602945365590976
6883354108897362945,6982171632279634946,0.49725155567477464
6883354108897362945,7006613667513418757,0.49725155567477464
6883354108897362945,7014981470109565957,0.49725155567477464
6883354108897362945,7047494209448166401,0.5171357720013017
6883354108897362945,7050498314663379974,0.5201308913232574
6883354108897362945,7057768423321748481,0.5218012820964252
6883354108897362945,7092389272800674817,0.013011684933217105
6883354108897362945,7093023801574867969,0.49691991825981435
6883354108897362945,7141833908052296709,0.4970460618193411
6883354108897362945,7256202462158406658,0.5209364193198524
6883354108897362945,7290350607356150827,0.4970019861461217
6883354108897362945,7455603448303567877,0.014436879178351644
6883354108897362945,7482541173300462614,0.014002052209169854
6883354108897362945,7510166423118758918,0.49748722260444034
6883354108897362945,7523591048695170064,0.4974834463520941
6883861528681055237,6884016318182720517,0.015317500522417149
6883861528681055237,6943355592603173893,0.01518598222015959
6883861528681055237,7014863130023052293,0.014903743310036346
6883861528681055237,7028867830490547206,0.015418238886331453
6883861528681055237,7345693452820186117,0.01491351863938047
6883861528681055237,7453398291771524102,0.015068968465453015
6883861528681055237,7457519820280644613,0.015510585987806535
6883861528681055237,7463993064467252256,0.015090539166241538
6884016318182720517,6887161232442033153,0.03557401891947107
6884016318182720517,6908266585728697349,0.03583716339037854
6884016318182720517,6943355592603173893,0.01573661639091529
6884016318182720517,7014893568998228993,0.03572274043472881
6884016318182720517,7028867830490547206,0.015973458232090728
6884016318182720517,7071395036047131653,0.014806722865176739
6884016318182720517,7170886050868675589,0.036624935711899884
6884016318182720517,7174050320195568646,0.01483746868803399
6884016318182720517,7181113461597783046,0.0718096834489347
6884016318182720517,7256202462158406658,0.03604993019428816
6884016318182720517,7345693452820186117,0.015430271910600838
6884016318182720517,7396903607784490000,0.03554939420929577
6884016318182720517,7434627254548382776,0.0718096834489347
6884016318182720517,7442002957991724065,0.03553343537078452
6884016318182720517,7453398291771524102,0.015600562561826046
6884016318182720517,7455253044214449159,0.03588521665917553
6884016318182720517,7463993064467252256,0.015664169643075702
6884016318182720517,7487688540064531463,0.035730296606395436
6884016318182720517,7610364091814872085,0.015203331883737993
6884269257367749633,6978785360063267846,0.01445173148145727
6884269257367749633,6979776947182355462,0.015311499685917381
6884269257367749633,6995594325438972933,0.014491428901372764
6884269257367749633,7041796261662049281,0.0149126872125589
6884269257367749633,7047368764291171333,0.014923237335694214
6884269257367749633,7143638497873413126,0.014172491168924493
6884269257367749633,7189559133157475354,0.014521809707718766
6884269257367749633,7284057704728626181,0.015300636923373932
6884269257367749633,7469354913887241217,0.014290022397039595
6884269257367749633,7520642008689116176,0.015268250384061677
6884269257367749633,7542455562676470840,0.015265658337907956
6884269257367749633,7555788949694088210,0.015586820311067336
6887161232442033153,6965504260722361350,0.02289598054855926
6887161232442033153,6966657160718943238,0.014628654879333916
6887161232442033153,6982171632279634946,0.4980713336783988
6887161232442033153,6985530541395624966,0.03116110330748568
6887161232442033153,7006613667513418757,0.4980713336783988
6887161232442033153,7009641336668161030,0.11428908990467886
6887161232442033153,7014981470109565957,0.4980713336783988
6887161232442033153,7047494209448166401,0.4980713336783988
6887161232442033153,7050498314663379974,0.4979854856264078
6887161232442033153,7057768423321748481,0.49795071689139125
6887161232442033153,7089082529218593798,0.03557401891947107
6887161232442033153,7093023801574867969,0.4979854856264078
6887161232442033153,7125195944199996422,0.02674441016557258
6887161232442033153,7139448682156131355,0.12722092072946783
6887161232442033153,7141833908052296709,0.49827626447899975
6887161232442033153,7154612198102483973,0.020067166529601003
6887161232442033153,7154955988025590786,0.029962510754315077
6887161232442033153,7181113461597783046,0.1486179184097161
6887161232442033153,7253090810513097730,0.10254165632386737
6887161232442033153,7255459615491753002,0.06452833303817691
6887161232442033153,7256202462158406658,0.4985420792215982
6887161232442033153,7290292672361759776,0.03557401891947107
6887161232442033153,7290350607356150827,0.49783171504150237
6887161232442033153,7308377902638728224,0.02356117209430167
6887161232442033153,7311708051199230981,0.14008655824859098
6887161232442033153,7373912731559609352,0.014756229077845745
6887161232442033153,7386533375073682449,0.014768600188599285
6887161232442033153,7402984582746358816,0.4979854856264078
6887161232442033153,7416269225385296902,0.048927120417236125
6887161232442033153,7434627254548382776,0.1486179184097161
6887161232442033153,7453634343190807557,0.050250206536362065
6887161232442033153,7457519820280644613,0.02289598054855926
6887161232442033153,7519531111723222072,0.014617686638495374
6887161232442033153,7523591048695170064,0.49813698372304627
6887161232442033153,7536210918439863297,0.052190783572349665
6887161232442033153,7555788949694088210,0.018181955739487467
6889429234431853574,6990019487899501573,0.014501170533873247
6889429234431853574,7024773008388834309,0.025603578706291926
6889429234431853574,7089082529218593798,0.016094301475225576
6889429234431853574,7232053097944777733,0.01565684373833954
6889429234431853574,7462811958108062726,0.015305406421293691
6889429234431853574,7556652869841044512,0.01599545227693937
6889429234431853574,7585691270368019463,0.015702868414684983
6889429234431853574,7594214580139967544,0.015992986356053288
6889429234431853574,7609668379692401697,0.024109944370390303
6891705601257145349,6915837066996728837,0.014722319278973888
6891705601257145349,6965504260722361350,0.014587887515776471
6891705601257145349,6990019487899501573,0.014516529213854911
6891705601257145349,7089082529218593798,0.015125232628917686
6891705601257145349,7101038813632644101,0.015050083396948286
6891705601257145349,7178590990041711622,0.01498287790934065
6891705601257145349,7290292672361759776,0.01457839775527918
6891705601257145349,7415799988297319429,0.014723529293717891
6891705601257145349,7424553645365543942,0.014908228272732865
6891705601257145349,7585691270368019463,0.0151680642016108
6891705601257145349,7594214580139967544,0.014594953355490565
6891705601257145349,7609668379692401697,0.024248814044083092
6891705601257145349,7610014708498023431,0.014721129512849776
6908266585728697349,6965504260722361350,0.02306534433905471
6908266585728697349,6982171632279634946,0.5048093780949717
6908266585728697349,6985530541395624966,0.01592234501879655
6908266585728697349,7006613667513418757,0.4985165788383943
6908266585728697349,7009641336668161030,0.11853401357177085
6908266585728697349,7014893568998228993,0.5170443176175493
6908266585728697349,7014981470109565957,0.5053613016360451
6908266585728697349,7047494209448166401,0.4985165788383943
6908266585728697349,7057768423321748481,0.49840396110358187
6908266585728697349,7089082529218593798,0.03583716339037854
6908266585728697349,7125195944199996422,0.02694224116348944
6908266585728697349,7139448682156131355,0.11359874461315177
6908266585728697349,7141833908052296709,0.4983105622003085
6908266585728697349,7154612198102483973,0.020219303227571882
6908266585728697349,7154955988025590786,0.01565229915778747
6908266585728697349,7170886050868675589,0.5156967655401835
6908266585728697349,7181113461597783046,0.14971725957765736
6908266585728697349,7253090810513097730,0.10721058964493296
6908266585728697349,7255459615491753002,0.05007905289192304
6908266585728697349,7256202462158406658,0.49905113926303635
6908266585728697349,7290292672361759776,0.03583716339037854
6908266585728697349,7308377902638728224,0.023735456371227193
6908266585728697349,7311708051199230981,0.15568192863497915
6908266585728697349,7389767673448285226,0.01546008569952199
6908266585728697349,7396903607784490000,0.521682949179667
6908266585728697349,7416269225385296902,0.049289039076029356
6908266585728697349,7432711408628679685,0.014567709409564623
6908266585728697349,7434627254548382776,0.14971725957765736
6908266585728697349,7442002957991724065,0.497349934051594
6908266585728697349,7453634343190807557,0.03583716339037854
6908266585728697349,7455253044214449159,0.4967709551709456
6908266585728697349,7457519820280644613,0.02306534433905471
6908266585728697349,7487688540064531463,0.4946263455026903
6908266585728697349,7499448682740204566,0.014725962007340337
6908266585728697349,7523591048695170064,0.520418065526421
6908266585728697349,7528317052487566392,0.015848987863345435
6908266585728697349,7536210918439863297,0.05259185348761579
6908266585728697349,7555788949694088210,0.018316449430907634
6908266585728697349,7579316049855841287,0.49648437686063024
6914932704597935110,6933063571936953349,0.012505283548780236
6914932704597935110,6987706064737289217,0.01282473282845754
6914932704597935110,7009641336668161030,0.01823649347756861
6914932704597935110,7092389272800674817,0.012788703135717753
6914932704597935110,7125195944199996422,0.014989961482170966
6914932704597935110,7178590990041711622,0.0140779747246976
6914932704597935110,7181113461597783046,0.024112156461869667
6914932704597935110,7253090810513097730,0.016362018879395535
6914932704597935110,7256202462158406658,0.017991159732049997
6914932704597935110,7308377902638728224,0.013681399662957977
6914932704597935110,7434627254548382776,0.01292255157650987
6914932704597935110,7442002957991724065,0.01761872427889847
6914932704597935110,7482541173300462614,0.016816755670084723
6914932704597935110,7550338226915230776,0.013141844861483554
6915837066996728837,6962998966736946178,0.01471044289712883
6915837066996728837,6965504260722361350,0.015178650066329796
6915837066996728837,6990019487899501573,0.01457753779265463
6915837066996728837,7101038813632644101,0.01556725219322907
6915837066996728837,7178590990041711622,0.01509859017187587
6915837066996728837,7290292672361759776,0.01516895060571233
6915837066996728837,7415799988297319429,0.015319986849130773
6915837066996728837,7421992589585843243,0.014986536256223485
6915837066996728837,7424553645365543942,0.015165902596079956
6915837066996728837,7444668199523992609,0.015639375816407914
6915837066996728837,7475281813004338198,0.014721896442072193
6915837066996728837,7546456230891750422,0.015092551416735996
6915837066996728837,7567226487067427860,0.015127280658641586
6915837066996728837,7609668379692401697,0.024351692211570766
6915837066996728837,7610014708498023431,0.015319922269830318
6917607474581406725,6933063571936953349,0.020201001584269924
6917607474581406725,6982171632279634946,0.49832925309161963
6917607474581406725,6987706064737289217,0.019871296485382006
6917607474581406725,7006613667513418757,0.49832925309161963
6917607474581406725,7014981470109565957,0.49832925309161963
6917607474581406725,7047494209448166401,0.49832925309161963
6917607474581406725,7050498314663379974,0.4982451542485099
6917607474581406725,7057768423321748481,0.49820177954591194
6917607474581406725,7093023801574867969,0.4982451542485099
6917607474581406725,7141833908052296709,0.49853608472428396
6917607474581406725,7256202462158406658,0.5077115556110234
6917607474581406725,7290350607356150827,0.49807914266885933
6917607474581406725,7337597547799020549,0.005161769199550047
6917607474581406725,7402984582746358816,0.4982451542485099
6917607474581406725,7523591048695170064,0.4983940763880574
6917607474581406725,7550338226915230776,0.01937515037774339
6933063571936953349,6987706064737289217,0.020109866408917116
6933063571936953349,7092389272800674817,0.006947234463681791
6933063571936953349,7125195944199996422,0.009193277075936227
6933063571936953349,7181113461597783046,0.005323472693723128
6933063571936953349,7256202462158406658,0.005667168222584805
6933063571936953349,7308377902638728224,0.00789950435690591
6933063571936953349,7337597547799020549,0.004744508323325221
6933063571936953349,7442002957991724065,0.011898528925343568
6933063571936953349,7482541173300462614,0.005625344281507626
6933063571936953349,7550338226915230776,0.01961527671843216
6933063571936953349,7579316049855841287,0.005617964766580808
6933226203005453314,6982498486395175942,0.02530584086999261
6933226203005453314,7024773008388834309,0.027165231809411772
6933226203005453314,7063430535804781574,0.02546693262145103
6933226203005453314,7104324169307259909,0.02717885676549998
6933226203005453314,7154955988025590786,0.02530155602758975
6933226203005453314,7189144603827487746,0.02495012684426202
6933226203005453314,7232053097944777733,0.025570962845199344
6933226203005453314,7314655842044265478,0.02721178627595838
6933226203005453314,7378567914254959622,0.02722283473215052
6933226203005453314,7387033416446837765,0.027179384428852146
6933226203005453314,7462811958108062726,0.026162897460337082
6933226203005453314,7556652869841044512,0.02549750187435939
6943355592603173893,6962998966736946178,0.015015809537880918
6943355592603173893,7014863130023052293,0.015402143856666517
6943355592603173893,7028867830490547206,0.015948948702421358
6943355592603173893,7345693452820186117,0.015325834051391695
6943355592603173893,7416269225385296902,0.015015809537880918
6943355592603173893,7453398291771524102,0.015576718143901493
6943355592603173893,7463993064467252256,0.015503178827266494
6943355592603173893,7475281813004338198,0.015005369753504395
6949584343513940998,6969779682486141958,0.01566860595815071
6949584343513940998,7071395036047131653,0.0147649112483219
6949584343513940998,7074661077590197253,0.015344601464354277
6949584343513940998,7227584300489081862,0.016068581459776993
6949584343513940998,7248602643801932827,0.01589577531837792
6949584343513940998,7315521386973627425,0.015924265186392703
6949584343513940998,7434627254548382776,0.015966382020840775
6949584343513940998,7442753421524288544,0.016081884302974338
6949584343513940998,7610364091814872085,0.015023046711238438
6962525040178217990,6963912208137536518,0.023092621975442585
6962525040178217990,6966657160718943238,0.014586694499734832
6962525040178217990,6978785360063267846,0.06286054097612283
6962525040178217990,6995594325438972933,0.014545804985030877
6962525040178217990,7004852704795280390,0.03579765920210376
6962525040178217990,7074661077590197253,0.03472493154239118
6962525040178217990,7104324169307259909,0.03472493154239118
6962525040178217990,7139448682156131355,0.06815894289352459
6962525040178217990,7170886050868675589,0.02794499985469084
6962525040178217990,7181113461597783046,0.04930500881577347
6962525040178217990,7227584300489081862,0.03472493154239118
6962525040178217990,7256202462158406658,0.024752123121408415
6962525040178217990,7314655842044265478,0.023092621975442585
6962525040178217990,7375525564567241761,0.023092621975442585
6962525040178217990,7434627254548382776,0.04930500881577347
6962525040178217990,7469354913887241217,0.0492191265683281
6962525040178217990,7542455562676470840,0.018502217324860175
6962998966736946178,7014863130023052293,0.014940429153123215
6962998966736946178,7028867830490547206,0.01529012733401956
6962998966736946178,7345693452820186117,0.014675090789860023
6962998966736946178,7415799988297319429,0.014709316347914319
6962998966736946178,7444668199523992609,0.015265811724055757
6962998966736946178,7453398291771524102,0.015040628678672672
6962998966736946178,7546456230891750422,0.01468500834302291
6962998966736946178,7567226487067427860,0.014892426702157208
6962998966736946178,7610014708498023431,0.01471158962516245
6963912208137536518,6978785360063267846,0.0435275732064768
6963912208137536518,7004852704795280390,0.03274422420006175
6963912208137536518,7074661077590197253,0.031762997053422726
6963912208137536518,7104324169307259909,0.031762997053422726
6963912208137536518,7139448682156131355,0.029877236600174516
6963912208137536518,7170886050868675589,0.016964349457354092
6963912208137536518,7227584300489081862,0.031762997053422726
6963912208137536518,7234260997438374917,0.015506921841823462
6963912208137536518,7247153806412252165,0.01502208107211565
6963912208137536518,7255585908618937370,0.014765721591592396
6963912208137536518,7290350607356150827,0.015514754421801327
6963912208137536518,7295710550214247432,0.015406497848622263
6963912208137536518,7314655842044265478,0.02112288926664588
6963912208137536518,7333933730745566213,0.015296682258905871
6963912208137536518,7375525564567241761,0.02112288926664588
6963912208137536518,7469354913887241217,0.031762997053422726
6963912208137536518,7542455562676470840,0.016924032626353516
6965504260722361350,7014863130023052293,0.014950501480340536
6965504260722361350,7014893568998228993,0.022991699981558995
6965504260722361350,7101038813632644101,0.015419969100527562
6965504260722361350,7170886050868675589,0.023572366606937234
6965504260722361350,7181113461597783046,0.046217806291914264
6965504260722361350,7256202462158406658,0.02320228429556402
6965504260722361350,7396903607784490000,0.02288013170993173
6965504260722361350,7415799988297319429,0.015177506630191386
6965504260722361350,7421992589585843243,0.014871286264141371
6965504260722361350,7424553645365543942,0.015024584912102469
6965504260722361350,7434627254548382776,0.046217806291914264
6965504260722361350,7444668199523992609,0.015513234292231452
6965504260722361350,7455253044214449159,0.023096272154946453
6965504260722361350,7487688540064531463,0.022996563248762297
6965504260722361350,7546456230891750422,0.014975505931156277
6965504260722361350,7567226487067427860,0.015009007972540102
6965504260722361350,7609668379692401697,0.024130721630500413
6965504260722361350,7610014708498023431,0.015179814649118807
6966657160718943238,6985530541395624966,0.01534502680863302
6966657160718943238,6990299477060781061,0.014585494974198834
6966657160718943238,7122494145399047194,0.0144707401847583
6966657160718943238,7124134844511126555,0.014436395513921903
6966657160718943238,7139448682156131355,0.01470890803565104
6966657160718943238,7255459615491753002,0.014803054047674088
6966657160718943238,7373912731559609352,0.01474199673432609
6966657160718943238,7386533375073682449,0.014754455973741757
6966657160718943238,7453634343190807557,0.014661206790104893
6966657160718943238,7461329320323253254,0.01447883411087826
6966657160718943238,7519531111723222072,0.014602742107094335
6969779682486141958,7074661077590197253,0.0152994858359575
6969779682486141958,7227584300489081862,0.015803177723779566
6969779682486141958,7248602643801932827,0.01570069436237195
6969779682486141958,7315521386973627425,0.015659999273641555
6969779682486141958,7434627254548382776,0.015698390145686403
6969779682486141958,7442753421524288544,0.015816366782585373
6969779682486141958,7610364091814872085,0.014981333894401285
6978785360063267846,6979776947182355462,0.015169311296640236
6978785360063267846,6990299477060781061,0.014804806495843021
6978785360063267846,6995594325438972933,0.015178439644699216
6978785360063267846,7004852704795280390,0.06747545745117649
6978785360063267846,7047368764291171333,0.01523072632448992
6978785360063267846,7074661077590197253,0.06545345961184898
6978785360063267846,7104324169307259909,0.06545345961184898
6978785360063267846,7139448682156131355,0.4005889600483491
6978785360063267846,7143638497873413126,0.014859558142005883
6978785360063267846,7170886050868675589,0.06334680650361475
6978785360063267846,7181113461597783046,0.09293563039124886
6978785360063267846,7189559133157475354,0.015210175211419331
6978785360063267846,7227584300489081862,0.06545345961184898
6978785360063267846,7256202462158406658,0.04665558775995953
6978785360063267846,7296163401382020102,0.01482051567341083
6978785360063267846,7314655842044265478,0.0435275732064768
6978785360063267846,7375525564567241761,0.0435275732064768
6978785360063267846,7434627254548382776,0.09293563039124886
6978785360063267846,7469354913887241217,0.0804289652267249
6978785360063267846,7542455562676470840,0.049798793941827964
6979776947182355462,6990299477060781061,0.014819985347285975
6979776947182355462,6995594325438972933,0.015204780552874796
6979776947182355462,7041796261662049281,0.015256947609362321
6979776947182355462,7047368764291171333,0.01566004228356288
6979776947182355462,7143638497873413126,0.01487634572308262
6979776947182355462,7189559133157475354,0.015237464420153798
6979776947182355462,7284057704728626181,0.015673580749499254
6979776947182355462,7296163401382020102,0.014836155171995252
6979776947182355462,7469354913887241217,0.014995744453122538
6979776947182355462,7520642008689116176,0.01563876847077746
6979776947182355462,7542455562676470840,0.015806675902037964
6979776947182355462,7555788949694088210,0.015982055616524243
6982171632279634946,7006613667513418757,0.4990221363906514
6982171632279634946,7009641336668161030,0.1357199768541754
6982171632279634946,7014893568998228993,0.4949076458221311
6982171632279634946,7014981470109565957,0.5096163340083663
6982171632279634946,7033309963939496987,0.4972750551769654
6982171632279634946,7047494209448166401,0.4990221363906514
6982171632279634946,7057768423321748481,0.49889448560411276
6982171632279634946,7093023801574867969,0.4985248170524146
6982171632279634946,7141833908052296709,0.4988159108261794
6982171632279634946,7170886050868675589,0.49458629708001534
6982171632279634946,7253090810513097730,0.10247388900531092
6982171632279634946,7256202462158406658,0.49944057671349135
6982171632279634946,7290350607356150827,0.49877167821119456
6982171632279634946,7311708051199230981,0.14398269550046647
6982171632279634946,7327226218813391877,0.5307322548734893
6982171632279634946,7337597547799020549,0.018571356404649908
6982171632279634946,7396903607784490000,0.5041523845561643
6982171632279634946,7402984582746358816,0.4985248170524146
6982171632279634946,7442002957991724065,0.49781288788163824
6982171632279634946,7455253044214449159,0.4971586132665218
6982171632279634946,7487688540064531463,0.49501233003967565
6982171632279634946,7510166423118758918,0.4981398969436618
6982171632279634946,7523591048695170064,0.49908704981822083
6982171632279634946,7579316049855841287,0.4969730121243663
6982171632279634946,7585186788609508373,0.49706530515626945
6982498486395175942,6985530541395624966,0.015640673004126592
6982498486395175942,7024773008388834309,0.025150289812078137
6982498486395175942,7063430535804781574,0.0155120454929345
6982498486395175942,7104324169307259909,0.015265246689765472
6982498486395175942,7154955988025590786,0.015413562399839247
6982498486395175942,7189144603827487746,0.015206791194048724
6982498486395175942,7255459615491753002,0.014956303871052627
6982498486395175942,7314655842044265478,0.01524655174916638
6982498486395175942,7373912731559609352,0.01476007467395256
6982498486395175942,7378567914254959622,0.015240558893744097
6982498486395175942,7386533375073682449,0.014747168192985176
6982498486395175942,7387033416446837765,0.015264933593181956
6982498486395175942,7453634343190807557,0.015142742662109318
6985530541395624966,7063430535804781574,0.015830769755186942
6985530541395624966,7154955988025590786,0.015643081650801145
6985530541395624966,7170886050868675589,0.01627234991630718
6985530541395624966,7174050320195568646,0.017117818594426154
6985530541395624966,7181113461597783046,0.031904828602351755
6985530541395624966,7189144603827487746,0.015578195757038567
6985530541395624966,7255459615491753002,0.015933399636812857
6985530541395624966,7256202462158406658,0.0160168766764362
6985530541395624966,7373912731559609352,0.015720863521305847
6985530541395624966,7386533375073682449,0.015707443964758212
6985530541395624966,7434627254548382776,0.031904828602351755
6985530541395624966,7453634343190807557,0.01591040738980585
6985530541395624966,7455253044214449159,0.015943694943084143
6985530541395624966,7519531111723222072,0.015381807742161751
6985530541395624966,7547644791631135764,0.02044510999667355
6986127145840821254,7004852704795280390,0.016469819451150194
6986127145840821254,7006613667513418757,0.014958485326033001
6986127145840821254,7041796261662049281,0.0162250171200881
6986127145840821254,7154612198102483973,0.01476386958485524
6986127145840821254,7284057704728626181,0.015842004851236255
6986127145840821254,7333933730745566213,0.01582064910799953
6986127145840821254,7334272629450343470,0.01651822703492559
6986127145840821254,7361069886359716906,0.016558913546588547
6986127145840821254,7416287041577305094,0.015487608604705851
6986127145840821254,7520642008689116176,0.015874761422998596
6986127145840821254,7536210918439863297,0.014701260846240237
6986127145840821254,7555788949694088210,0.015531886925405653
6987706064737289217,7092389272800674817,0.007256064344569084
6987706064737289217,7125195944199996422,0.009507080816080633
6987706064737289217,7181113461597783046,0.005628398579466101
6987706064737289217,7256202462158406658,0.0059715829415301225
6987706064737289217,7308377902638728224,0.008208153168903665
6987706064737289217,7442002957991724065,0.012217264088597893
6987706064737289217,7482541173300462614,0.005929785436865273
6987706064737289217,7550338226915230776,0.019955188765034444
6987706064737289217,7579316049855841287,0.005922414161946685
6990019487899501573,7089082529218593798,0.015056212971661223
6990019487899501573,7101038813632644101,0.01490028116843586
6990019487899501573,7178590990041711622,0.014836049608202614
6990019487899501573,7415799988297319429,0.014578738861301427
6990019487899501573,7424553645365543942,0.014761970476037563
6990019487899501573,7585691270368019463,0.015099418592662657
6990019487899501573,7594214580139967544,0.014531066203909001
6990019487899501573,7609668379692401697,0.02403781361443775
6990019487899501573,7610014708498023431,0.014576356635818298
6990299477060781061,6995594325438972933,0.014996687704209043
6990299477060781061,7047368764291171333,0.014884432011119041
6990299477060781061,7122494145399047194,0.01432527259508172
6990299477060781061,7139448682156131355,0.01471608116645392
6990299477060781061,7143638497873413126,0.01482360799153585
6990299477060781061,7189559133157475354,0.014968527426763273
6990299477060781061,7296163401382020102,0.014831340068707285
6990299477060781061,7461329320323253254,0.014317489260721742
6990299477060781061,7469354913887241217,0.014940500674578064
6995594325438972933,7047368764291171333,0.01526633464889604
6995594325438972933,7122494145399047194,0.014462802722694052
6995594325438972933,7124134844511126555,0.014499961548947426
6995594325438972933,7139448682156131355,0.014863359402212964
6995594325438972933,7143638497873413126,0.015052051617071396
6995594325438972933,7189559133157475354,0.015347923605390031
6995594325438972933,7296163401382020102,0.015012514216102479
6995594325438972933,7461329320323253254,0.014454887347952868
6995594325438972933,7469354913887241217,0.015170382156089773
6995594325438972933,7542455562676470840,0.014957007130655491
6995594325438972933,7555788949694088210,0.01511077800693676
7004852704795280390,7041796261662049281,0.016516894272301224
7004852704795280390,7074661077590197253,0.04923827813771072
7004852704795280390,7104324169307259909,0.04923827813771072
7004852704795280390,7139448682156131355,0.04631501502302536
7004852704795280390,7227584300489081862,0.04923827813771072
7004852704795280390,7255459615491753002,0.08268208182609081
7004852704795280390,7284057704728626181,0.016129659437287017
7004852704795280390,7314655842044265478,0.03274422420006175
7004852704795280390,7333933730745566213,0.01590917177251783
7004852704795280390,7334272629450343470,0.01661696432383797
7004852704795280390,7361069886359716906,0.016663385280379594
7004852704795280390,7375525564567241761,0.03274422420006175
7004852704795280390,7416287041577305094,0.015570719778669213
7004852704795280390,7469354913887241217,0.04923827813771072
7004852704795280390,7520642008689116176,0.016162784958913295
7004852704795280390,7542455562676470840,0.041542256762559605
7006613667513418757,7009641336668161030,0.11421355898933422
7006613667513418757,7014893568998228993,0.4949076458221311
7006613667513418757,7014981470109565957,0.4990221363906514
7006613667513418757,7033309963939496987,0.4972750551769654
7006613667513418757,7047494209448166401,0.4990221363906514
7006613667513418757,7057768423321748481,0.49889448560411276
7006613667513418757,7093023801574867969,0.5217405037814953
7006613667513418757,7141833908052296709,0.5222660783777264
7006613667513418757,7170886050868675589,0.49458629708001534
7006613667513418757,7234260997438374917,0.014654043612601872
7006613667513418757,7253090810513097730,0.10247388900531092
7006613667513418757,7256202462158406658,0.49944057671349135
7006613667513418757,7290350607356150827,0.5232205720371389
7006613667513418757,7295710550214247432,0.014564255406112012
7006613667513418757,7311708051199230981,0.14012476950267175
7006613667513418757,7327226218813391877,0.4978893836725181
7006613667513418757,7333933730745566213,0.015151658912265163
7006613667513418757,7334272629450343470,0.015157771354214781
7006613667513418757,7361069886359716906,0.015118469144487352
7006613667513418757,7396903607784490000,0.4977265634609484
7006613667513418757,7402984582746358816,0.4985248170524146
7006613667513418757,7442002957991724065,0.49781288788163824
7006613667513418757,7455253044214449159,0.4971586132665218
7006613667513418757,7487688540064531463,0.5192816873037603
7006613667513418757,7510166423118758918,0.4981398969436618
7006613667513418757,7523591048695170064,0.49908704981822083
7006613667513418757,7579316049855841287,0.4969730121243663
7006613667513418757,7585186788609508373,0.49706530515626945
7009641336668161030,7047494209448166401,0.11421355898933422
7009641336668161030,7057768423321748481,0.11428362207605199
7009641336668161030,7170886050868675589,0.11450905124209838
7009641336668161030,7178590990041711622,0.015536491719679052
7009641336668161030,7253090810513097730,0.3399317173917278
7009641336668161030,7256202462158406658,0.11508567126120402
7009641336668161030,7290350607356150827,0.1143077295779825
7009641336668161030,7337597547799020549,0.02111642680012087
7009641336668161030,7455253044214449159,0.11455984034691154
7009641336668161030,7523591048695170064,0.11424099333206682
7014863130023052293,7028867830490547206,0.015682609591729763
7014863130023052293,7290292672361759776,0.014960363041921661
7014863130023052293,7345693452820186117,0.015038401946817822
7014863130023052293,7416269225385296902,0.014940429153123215
7014863130023052293,7421992589585843243,0.01490313372740977
7014863130023052293,7444668199523992609,0.01564792838340815
7014863130023052293,7453398291771524102,0.015419363468824745
7014863130023052293,7475281813004338198,0.01492913176372864
7014863130023052293,7546456230891750422,0.015039271786710145
7014863130023052293,7567226487067427860,0.015254651783965477
7014893568998228993,7014981470109565957,0.4949076458221311
7014893568998228993,7047494209448166401,0.4949076458221311
7014893568998228993,7050498314663379974,0.49441442693471105
7014893568998228993,7057768423321748481,0.4947988684337529
7014893568998228993,7089082529218593798,0.03572274043472881
7014893568998228993,7125195944199996422,0.026856218426919223
7014893568998228993,7139448682156131355,0.11306202341076733
7014893568998228993,7141833908052296709,0.5185067202593319
7014893568998228993,7154612198102483973,0.020134897576115043
7014893568998228993,7154955988025590786,0.015602323597142826
7014893568998228993,7181113461597783046,0.14923923370362147
7014893568998228993,7247153806412252165,0.014343435642847683
7014893568998228993,7255459615491753002,0.04991915761266744
7014893568998228993,7255585908618937370,0.014202859237326889
7014893568998228993,7256202462158406658,0.4954619917736873
7014893568998228993,7290292672361759776,0.03572274043472881
7014893568998228993,7290350607356150827,0.5184673134131096
7014893568998228993,7308377902638728224,0.023659672441508576
7014893568998228993,7337597547799020549,0.0038547066865156298
7014893568998228993,7389767673448285226,0.014499639559493226
7014893568998228993,7416269225385296902,0.04913166619830521
7014893568998228993,7432711408628679685,0.01554215798838757
7014893568998228993,7434627254548382776,0.14923923370362147
7014893568998228993,7453634343190807557,0.03572274043472881
7014893568998228993,7457519820280644613,0.022991699981558995
7014893568998228993,7499448682740204566,0.015253864075260087
7014893568998228993,7523591048695170064,0.49497428169488633
7014893568998228993,7528317052487566392,0.014098365571967069
7014893568998228993,7536210918439863297,0.05234337219554145
7014893568998228993,7547644791631135764,0.015476624366196255
7014893568998228993,7555788949694088210,0.01825796761810166
7014981470109565957,7033309963939496987,0.4972750551769654
7014981470109565957,7047494209448166401,0.4990221363906514
7014981470109565957,7057768423321748481,0.49889448560411276
7014981470109565957,7141833908052296709,0.4988159108261794
7014981470109565957,7170886050868675589,0.49458629708001534
7014981470109565957,7256202462158406658,0.49944057671349135
7014981470109565957,7290350607356150827,0.49877167821119456
7014981470109565957,7300626193325229061,0.01463935045531742
7014981470109565957,7311708051199230981,0.14012476950267175
7014981470109565957,7327226218813391877,0.5159475305903874
7014981470109565957,7396903607784490000,0.4977265634609484
7014981470109565957,7442002957991724065,0.49781288788163824
7014981470109565957,7455253044214449159,0.4971586132665218
7014981470109565957,7487688540064531463,0.49501233003967565
7014981470109565957,7510166423118758918,0.5051178588055526
7014981470109565957,7523591048695170064,0.5060603310933551
7014981470109565957,7579316049855841287,0.4969730121243663
7014981470109565957,7585186788609508373,0.5039498234113318
7024773008388834309,7104324169307259909,0.027018699383588543
7024773008388834309,7154955988025590786,0.025146005184606874
7024773008388834309,7232053097944777733,0.025736637847759647
7024773008388834309,7314655842044265478,0.027051632119388137
7024773008388834309,7378567914254959622,0.027062680193121014
7024773008388834309,7387033416446837765,0.02701922716948395
7024773008388834309,7462811958108062726,0.026317746615761358
7024773008388834309,7556652869841044512,0.025664757320188056
7028867830490547206,7041796261662049281,0.049832905649329066
7028867830490547206,7345693452820186117,0.015561016900436993
7028867830490547206,7378567914254959622,0.023296542739305915
7028867830490547206,7387033416446837765,0.10115060913103904
7028867830490547206,7416287041577305094,0.020380662778293077
7028867830490547206,7453398291771524102,0.015862722754944967
7028867830490547206,7455603448303567877,0.11074124902253805
7028867830490547206,7463993064467252256,0.01572949994774512
7028867830490547206,7475281813004338198,0.015278506039707391
7028867830490547206,7567226487067427860,0.015622132052519543
7028867830490547206,7585691270368019463,0.023296542739305915
7028867830490547206,7594214580139967544,0.06972226037150159
7033309963939496987,7047494209448166401,0.5222236989093588
7033309963939496987,7057768423321748481,0.5140405794395843
7033309963939496987,7093023801574867969,0.49677947695842994
7033309963939496987,7141833908052296709,0.4970695516101428
7033309963939496987,7256202462158406658,0.5135028536003081
7033309963939496987,7290350607356150827,0.49702637689808404
7033309963939496987,7402984582746358816,0.5042968280304971
7033309963939496987,7407221110629073926,0.01534994228522243
7033309963939496987,7455603448303567877,0.01430279822613721
7033309963939496987,7482541173300462614,0.00952230360886661
7033309963939496987,7523591048695170064,0.5202705667319028
7033309963939496987,7555104317654008839,0.014474581392351147
7041796261662049281,7181113461597783046,0.0242213807817576
7041796261662049281,7284057704728626181,0.01603663280118364
7041796261662049281,7333933730745566213,0.015672754795757676
7041796261662049281,7334272629450343470,0.016367939093120776
7041796261662049281,7361069886359716906,0.01641384161722009
7041796261662049281,7387033416446837765,0.049832905649329066
7041796261662049281,7416287041577305094,0.025382868007728574
7041796261662049281,7434627254548382776,0.0242213807817576
7041796261662049281,7455603448303567877,0.054557834712391964
7041796261662049281,7520642008689116176,0.01606942089174055
7041796261662049281,7594214580139967544,0.034349400884475946
7047368764291171333,7124134844511126555,0.014385059052630053
7047368764291171333,7143638497873413126,0.014940268044663054
7047368764291171333,7189559133157475354,0.015298673130221069
7047368764291171333,7284057704728626181,0.015265314574660079
7047368764291171333,7296163401382020102,0.014900429809131805
7047368764291171333,7469354913887241217,0.0150589455429083
7047368764291171333,7520642008689116176,0.015230920265301418
7047368764291171333,7542455562676470840,0.015405353489724737
7047368764291171333,7555788949694088210,0.015570332898817527
7047494209448166401,7050498314663379974,0.5217718524622174
7047494209448166401,7057768423321748481,0.49889448560411276
7047494209448166401,7093023801574867969,0.4985248170524146
7047494209448166401,7170886050868675589,0.49458629708001534
7047494209448166401,7253090810513097730,0.10685423816605732
7047494209448166401,7256202462158406658,0.49944057671349135
7047494209448166401,7290350607356150827,0.49877167821119456
7047494209448166401,7311708051199230981,0.14012476950267175
7047494209448166401,7327226218813391877,0.4978893836725181
7047494209448166401,7367577463750132741,0.01516384128303987
7047494209448166401,7396903607784490000,0.4977265634609484
7047494209448166401,7402984582746358816,0.5062138759283181
7047494209448166401,7407221110629073926,0.01620771331094397
7047494209448166401,7442002957991724065,0.49781288788163824
7047494209448166401,7455253044214449159,0.523741638109103
7047494209448166401,7487688540064531463,0.49501233003967565
7047494209448166401,7499826250930226194,0.01556794068243135
7047494209448166401,7510166423118758918,0.5229885189596167
7047494209448166401,7523591048695170064,0.5241403088648707
7047494209448166401,7555104317654008839,0.015763901115824683
7047494209448166401,7579316049855841287,0.4969730121243663
7047494209448166401,7585186788609508373,0.5209338941242735
7050498314663379974,7057768423321748481,0.5171767784851227
7050498314663379974,7092389272800674817,0.009639258044664064
7050498314663379974,7093023801574867969,0.4990240844731996
7050498314663379974,7141833908052296709,0.4987317298539308
7050498314663379974,7170886050868675589,0.4940933984448088
7050498314663379974,7256202462158406658,0.51657320494982
7050498314663379974,7327226218813391877,0.49780535906247625
7050498314663379974,7396903607784490000,0.497230535274797
7050498314663379974,7402984582746358816,0.4990240844731996
7050498314663379974,7407221110629073926,0.014319371606008675
7050498314663379974,7442002957991724065,0.49731677366562843
7050498314663379974,7455253044214449159,0.521134840890578
7050498314663379974,7455603448303567877,0.015375962274141728
7050498314663379974,7482541173300462614,0.01061701933586159
7050498314663379974,7487688540064531463,0.49451900682524885
7050498314663379974,7510166423118758918,0.518674389037398
7050498314663379974,7523591048695170064,0.5199919756931242
7050498314663379974,7579316049855841287,0.5141844592257755
7050498314663379974,7585186788609508373,0.5166742060627372
7057768423321748481,7092389272800674817,0.016158113004239923
7057768423321748481,7141833908052296709,0.498688312792522
7057768423321748481,7170886050868675589,0.4944901446548653
7057768423321748481,7253090810513097730,0.10253675051698448
7057768423321748481,7256202462158406658,0.5277994155253398
7057768423321748481,7290350607356150827,0.498647600887016
7057768423321748481,7311708051199230981,0.14016640345636103
7057768423321748481,7327226218813391877,0.4977620226462224
7057768423321748481,7396903607784490000,0.4976060301661498
7057768423321748481,7442002957991724065,0.517833295784897
7057768423321748481,7455253044214449159,0.497049341130564
7057768423321748481,7482541173300462614,0.017123406740379068
7057768423321748481,7487688540064531463,0.494903529642407
7057768423321748481,7510166423118758918,0.4980124718356074
7057768423321748481,7523591048695170064,0.49895967378258255
7057768423321748481,7579316049855841287,0.5257685873284774
7057768423321748481,7585186788609508373,0.4969387464758914
7063430535804781574,7104324169307259909,0.015362647818242505
7063430535804781574,7154955988025590786,0.015514383786973134
7063430535804781574,7189144603827487746,0.015384365403358661
7063430535804781574,7255459615491753002,0.015132833779304522
7063430535804781574,7314655842044265478,0.015343781268967283
7063430535804781574,7373912731559609352,0.01493335367526403
7063430535804781574,7378567914254959622,0.015337734239636898
7063430535804781574,7386533375073682449,0.014920331216750161
7063430535804781574,7387033416446837765,0.015362331807014611
7063430535804781574,7453634343190807557,0.015321190617559356
7063430535804781574,7519531111723222072,0.014616003857688324
7071395036047131653,7227584300489081862,0.014884069457280772
7071395036047131653,7248602643801932827,0.014795516637730065
7071395036047131653,7315521386973627425,0.014746808098490856
7071395036047131653,7434627254548382776,0.014772518458752226
7071395036047131653,7442753421524288544,0.014896684494682177
7071395036047131653,7457519820280644613,0.015251896294333583
7071395036047131653,7463993064467252256,0.014750548619743729
7074661077590197253,7104324169307259909,0.047762783257536
7074661077590197253,7139448682156131355,0.04492711987058804
7074661077590197253,7227584300489081862,0.06323623110156179
7074661077590197253,7248602643801932827,0.015376132156628431
7074661077590197253,7314655842044265478,0.031762997053422726
7074661077590197253,7315521386973627425,0.015332501271468313
7074661077590197253,7375525564567241761,0.031762997053422726
7074661077590197253,7442753421524288544,0.015486420653727738
7074661077590197253,7469354913887241217,0.047762783257536
7074661077590197253,7542455562676470840,0.02544907524993412
7089082529218593798,7170886050868675589,0.036624935711899884
7089082529218593798,7178590990041711622,0.015483232726823294
7089082529218593798,7181113461597783046,0.0718096834489347
7089082529218593798,7232053097944777733,0.015716182354431455
7089082529218593798,7256202462158406658,0.03604993019428816
7089082529218593798,7396903607784490000,0.03554939420929577
7089082529218593798,7424553645365543942,0.015403391819479431
7089082529218593798,7434627254548382776,0.0718096834489347
7089082529218593798,7442002957991724065,0.03553343537078452
7089082529218593798,7455253044214449159,0.03588521665917553
7089082529218593798,7487688540064531463,0.035730296606395436
7089082529218593798,7556652869841044512,0.01606247379134374
7089082529218593798,7585691270368019463,0.016319836118645552
7089082529218593798,7594214580139967544,0.016126383769052993
7089082529218593798,7609668379692401697,0.02503379217195386
7092389272800674817,7125195944199996422,0.015503523643910657
7092389272800674817,7181113461597783046,0.01565948609500121
7092389272800674817,7256202462158406658,0.015957211827434918
7092389272800674817,7308377902638728224,0.016350611248525573
7092389272800674817,7442002957991724065,0.013309164888353379
7092389272800674817,7455603448303567877,0.010138661726525769
7092389272800674817,7482541173300462614,0.015919851068949525
7092389272800674817,7550338226915230776,0.0075889104194763355
7092389272800674817,7579316049855841287,0.01591337164193429
7093023801574867969,7141833908052296709,0.5231049537749481
7093023801574867969,7170886050868675589,0.5178748217078086
7093023801574867969,7234260997438374917,0.014905037673462167
7093023801574867969,7247153806412252165,0.014685685824086345
7093023801574867969,7255585908618937370,0.01454484271150721
7093023801574867969,7256202462158406658,0.49894284036276304
7093023801574867969,7290350607356150827,0.5226380473031308
7093023801574867969,7295710550214247432,0.014733223181151755
7093023801574867969,7327226218813391877,0.49780535906247625
7093023801574867969,7389767673448285226,0.013185978513012417
7093023801574867969,7402984582746358816,0.4990240844731996
7093023801574867969,7432711408628679685,0.014187493185380769
7093023801574867969,7499448682740204566,0.01391433482663884
7093023801574867969,7523591048695170064,0.4987573015085568
7101038813632644101,7178590990041711622,0.015441468796388899
7101038813632644101,7290292672361759776,0.015410084865198842
7101038813632644101,7415799988297319429,0.015568515877586304
7101038813632644101,7421992589585843243,0.015222321477520397
7101038813632644101,7424553645365543942,0.015509983241849651
7101038813632644101,7444668199523992609,0.01589890019527425
7101038813632644101,7546456230891750422,0.015332239792934957
7101038813632644101,7567226487067427860,0.015369584866506018
7101038813632644101,7585691270368019463,0.015603846356501005
7101038813632644101,7609668379692401697,0.024890628451554046
7101038813632644101,7610014708498023431,0.015566010796838418
7104324169307259909,7139448682156131355,0.04492711987058804
7104324169307259909,7189144603827487746,0.015051110636058901
7104324169307259909,7227584300489081862,0.047762783257536
7104324169307259909,7314655842044265478,0.04813524322723691
7104324169307259909,7375525564567241761,0.031762997053422726
7104324169307259909,7378567914254959622,0.016366079433064715
7104324169307259909,7387033416446837765,0.01639119257327124
7104324169307259909,7462811958108062726,0.015617438079330335
7104324169307259909,7469354913887241217,0.047762783257536
7104324169307259909,7542455562676470840,0.02544907524993412
7122494145399047194,7139448682156131355,0.01444606833368355
7122494145399047194,7189559133157475354,0.014435206285079124
7122494145399047194,7255459615491753002,0.014418588476385094
7122494145399047194,7373912731559609352,0.014361997965045312
7122494145399047194,7386533375073682449,0.014374186918798774
7122494145399047194,7469354913887241217,0.014412215059672965
7124134844511126555,7139448682156131355,0.014482590641834507
7124134844511126555,7189559133157475354,0.01447236691081464
7124134844511126555,7407221110629073926,0.015387122590664964
7124134844511126555,7469354913887241217,0.014449060289798131
7124134844511126555,7499826250930226194,0.02834399886063888
7124134844511126555,7519531111723222072,0.03435314115590742
7125195944199996422,7170886050868675589,0.027534485355284154
7125195944199996422,7181113461597783046,0.06788361270944003
7125195944199996422,7256202462158406658,0.04130442875191478
7125195944199996422,7434627254548382776,0.05398624294785734
7125195944199996422,7455253044214449159,0.02697836742556324
7125195944199996422,7482541173300462614,0.014164182773902871
7125195944199996422,7487688540064531463,0.02686189912762361
7125195944199996422,7550338226915230776,0.009834447596916861
7125195944199996422,7610364091814872085,0.01846753270612796
7139448682156131355,7143638497873413126,0.014692482200588542
7139448682156131355,7170886050868675589,0.13333687180236475
7139448682156131355,7181113461597783046,0.12758165058338478
7139448682156131355,7227584300489081862,0.04492711987058804
7139448682156131355,7256202462158406658,0.1140975748775607
7139448682156131355,7296163401382020102,0.014700348776957894
7139448682156131355,7314655842044265478,0.029877236600174516
7139448682156131355,7375525564567241761,0.029877236600174516
7139448682156131355,7396903607784490000,0.11265439642026435
7139448682156131355,7434627254548382776,0.12758165058338478
7139448682156131355,7455253044214449159,0.113576258614129
7139448682156131355,7461329320323253254,0.014438288265889145
7139448682156131355,7469354913887241217,0.05973544179960618
7139448682156131355,7487688540064531463,0.11308593859889318
7139448682156131355,7542455562676470840,0.023938170608368125
7141833908052296709,7170886050868675589,0.5182303129303254
7141833908052296709,7234260997438374917,0.015056766429317416
7141833908052296709,7247153806412252165,0.014832609920581772
7141833908052296709,7255585908618937370,0.014660329980870199
7141833908052296709,7256202462158406658,0.4992341782246429
7141833908052296709,7290350607356150827,0.5231764483771201
7141833908052296709,7295710550214247432,0.014882502575568774
7141833908052296709,7311708051199230981,0.15326250109278428
7141833908052296709,7327226218813391877,0.49809603273731284
7141833908052296709,7396903607784490000,0.5203752748033199
7141833908052296709,7402984582746358816,0.4987317298539308
7141833908052296709,7432711408628679685,0.014229307886613935
7141833908052296709,7442002957991724065,0.497607162050421
7141833908052296709,7455253044214449159,0.4969531578204076
7141833908052296709,7487688540064531463,0.5196163471973875
7141833908052296709,7499448682740204566,0.013954135641131625
7141833908052296709,7510166423118758918,0.49793403597289154
7141833908052296709,7523591048695170064,0.49888079742766783
7141833908052296709,7579316049855841287,0.4967676333796598
7141833908052296709,7585186788609508373,0.4968598882706044
7143638497873413126,7189559133157475354,0.015023867570140011
7143638497873413126,7296163401382020102,0.014839179099249356
7143638497873413126,7469354913887241217,0.014992996700410864
7143638497873413126,7555788949694088210,0.01478023623931882
7154612198102483973,7170886050868675589,0.03444482364357133
7154612198102483973,7181113461597783046,0.029103873801082748
7154612198102483973,7232053097944777733,0.17188324038813615
7154612198102483973,7234260997438374917,0.01506370899611894
7154612198102483973,7247153806412252165,0.014600645363756371
7154612198102483973,7255585908618937370,0.014355942341426644
7154612198102483973,7256202462158406658,0.020319316022642638
7154612198102483973,7295710550214247432,0.014969632739018728
7154612198102483973,7333933730745566213,0.01496059568859982
7154612198102483973,7334272629450343470,0.01496252709182996
7154612198102483973,7396903607784490000,0.020053275825799743
7154612198102483973,7416287041577305094,0.01772989303072917
7154612198102483973,7434627254548382776,0.029103873801082748
7154612198102483973,7455253044214449159,0.02022647627634847
7154612198102483973,7487688540064531463,0.03510612888566375
7154955988025590786,7170886050868675589,0.01599636790871956
7154955988025590786,7181113461597783046,0.031363716919361705
7154955988025590786,7189144603827487746,0.01520909024343747
7154955988025590786,7256202462158406658,0.015745227541358525
7154955988025590786,7373912731559609352,0.01476237200454002
7154955988025590786,7386533375073682449,0.014749465580580119
7154955988025590786,7434627254548382776,0.031363716919361705
7154955988025590786,7455253044214449159,0.015673286983484688
7154955988025590786,7487688540064531463,0.015605623843262344
7170886050868675589,7181113461597783046,0.15300834352491446
7170886050868675589,7247153806412252165,0.014369196026495626
7170886050868675589,7253090810513097730,0.1027390084935716
7170886050868675589,7255459615491753002,0.05117989034734653
7170886050868675589,7255585908618937370,0.014231268565944824
7170886050868675589,7256202462158406658,0.49523845532746397
7170886050868675589,7290292672361759776,0.036624935711899884
7170886050868675589,7290350607356150827,0.5182118762150218
7170886050868675589,7308377902638728224,0.024257209037984024
7170886050868675589,7389767673448285226,0.013793592238697314
7170886050868675589,7416269225385296902,0.05037251045225174
7170886050868675589,7432711408628679685,0.014808036512965882
7170886050868675589,7434627254548382776,0.15300834352491446
7170886050868675589,7453634343190807557,0.036624935711899884
7170886050868675589,7457519820280644613,0.023572366606937234
7170886050868675589,7499448682740204566,0.014529573641050625
7170886050868675589,7523591048695170064,0.4946544801466276
7170886050868675589,7528317052487566392,0.013402051725472302
7170886050868675589,7536210918439863297,0.05285823255391823
7170886050868675589,7547644791631135764,0.014763510334150479
7170886050868675589,7555788949694088210,0.018719081517968642
7174050320195568646,7181113461597783046,0.022034847027882467
7174050320195568646,7227584300489081862,0.014849406440639295
7174050320195568646,7248602643801932827,0.014761215234291794
7174050320195568646,7434627254548382776,0.022034847027882467
7174050320195568646,7442753421524288544,0.014862022297523323
7174050320195568646,7457519820280644613,0.015283236414913562
7174050320195568646,7463993064467252256,0.014781016456781839
7178590990041711622,7181113461597783046,0.019751931516233955
7178590990041711622,7415799988297319429,0.015099830392519541
7178590990041711622,7421992589585843243,0.0147671823501489
7178590990041711622,7424553645365543942,0.01528941160640028
7178590990041711622,7434627254548382776,0.019751931516233955
7178590990041711622,7546456230891750422,0.01487156579102187
7178590990041711622,7585691270368019463,0.015523393159921713
7178590990041711622,7609668379692401697,0.02478261005077004
7178590990041711622,7610014708498023431,0.01509737120212607
7178590990041711622,7610364091814872085,0.016646913906370006
7181113461597783046,7189559133157475354,0.028381534155625183
7181113461597783046,7255459615491753002,0.10034725395026488
7181113461597783046,7256202462158406658,0.16716531158065562
7181113461597783046,7290292672361759776,0.0718096834489347
7181113461597783046,7290350607356150827,0.14751040727323445
7181113461597783046,7308377902638728224,0.06231858662675627
7181113461597783046,7396903607784490000,0.148515043522963
7181113461597783046,7416269225385296902,0.09876424244286301
7181113461597783046,7434627254548382776,0.5
7181113461597783046,7442002957991724065,0.16015537018137174
7181113461597783046,7453634343190807557,0.0718096834489347
7181113461597783046,7455253044214449159,0.1499180121774004
7181113461597783046,7457519820280644613,0.046217806291914264
7181113461597783046,7482541173300462614,0.016600028795698777
7181113461597783046,7487688540064531463,0.14927080119412015
7181113461597783046,7536210918439863297,0.059065401629559464
7181113461597783046,7550338226915230776,0.005964698826433874
7181113461597783046,7555788949694088210,0.036702079939034044
7189144603827487746,7255459615491753002,0.014902026935791695
7189144603827487746,7314655842044265478,0.015032579741348995
7189144603827487746,7373912731559609352,0.014707914872647313
7189144603827487746,7378567914254959622,0.015026637595815448
7189144603827487746,7386533375073682449,0.014695119633592001
7189144603827487746,7387033416446837765,0.015050800377754626
7189144603827487746,7453634343190807557,0.015086778426376159
7189559133157475354,7296163401382020102,0.014984355824363575
7189559133157475354,7434627254548382776,0.028381534155625183
7189559133157475354,7461329320323253254,0.014427289771314356
7189559133157475354,7469354913887241217,0.015141986771132657
7189559133157475354,7542455562676470840,0.014989363904749184
7189559133157475354,7555104317654008839,0.016622953557228315
7189559133157475354,7555788949694088210,0.015143836708358158
7227584300489081862,7248602643801932827,0.016034075276760835
7227584300489081862,7314655842044265478,0.031762997053422726
7227584300489081862,7315521386973627425,0.016131891283635475
7227584300489081862,7375525564567241761,0.031762997053422726
7227584300489081862,7442753421524288544,0.016261758394238227
7227584300489081862,7469354913887241217,0.047762783257536
7227584300489081862,7542455562676470840,0.02544907524993412
7232053097944777733,7378567914254959622,0.018032139159163896
7232053097944777733,7387033416446837765,0.027195899691277364
7232053097944777733,7462811958108062726,0.01536358112411677
7232053097944777733,7556652869841044512,0.015692845390985928
7232053097944777733,7585691270368019463,0.01808223096050169
7232053097944777733,7594214580139967544,0.023852995521576388
7234260997438374917,7247153806412252165,0.015201493086995935
7234260997438374917,7255585908618937370,0.014942517515333842
7234260997438374917,7290350607356150827,0.015385909868788586
7234260997438374917,7295710550214247432,0.015505684817654294
7234260997438374917,7367577463750132741,0.04504654780632706
7234260997438374917,7487688540064531463,0.015508415483645729
7234260997438374917,7536210918439863297,0.014899970553135574
7234260997438374917,7547644791631135764,0.014479260021971377
7247153806412252165,7255585908618937370,0.014722326191309561
7247153806412252165,7290350607356150827,0.014907923234985352
7247153806412252165,7295710550214247432,0.01502474866225531
7247153806412252165,7432711408628679685,0.014292233618648799
7247153806412252165,7487688540064531463,0.015027415926022185
7247153806412252165,7499448682740204566,0.01401482668285116
7247153806412252165,7536210918439863297,0.014443961730684523
7247153806412252165,7547644791631135764,0.01426160179482182
7248602643801932827,7315521386973627425,0.015889726971323456
7248602643801932827,7434627254548382776,0.01593139467940266
7248602643801932827,7442753421524288544,0.01604737985546251
7248602643801932827,7610364091814872085,0.015054316956536173
7253090810513097730,7256202462158406658,0.10325635946624892
7253090810513097730,7290350607356150827,0.1025583800809249
7253090810513097730,7300626193325229061,0.026292394988518545
7253090810513097730,7455253044214449159,0.1027845771382698
7253090810513097730,7523591048695170064,0.10684457168800447
7255459615491753002,7256202462158406658,0.05037637441568783
7255459615491753002,7373912731559609352,0.015159718646594694
7255459615491753002,7386533375073682449,0.015146832938111986
7255459615491753002,7396903607784490000,0.04967692262611136
7255459615491753002,7434627254548382776,0.10034725395026488
7255459615491753002,7455253044214449159,0.05014620279894834
7255459615491753002,7461329320323253254,0.01442681523414647
7255459615491753002,7487688540064531463,0.049929716649286256
7255459615491753002,7519531111723222072,0.014842139235450844
7255585908618937370,7290350607356150827,0.014655209372454722
7255585908618937370,7295710550214247432,0.014770378129879653
7255585908618937370,7432711408628679685,0.014147725487453616
7255585908618937370,7487688540064531463,0.01477300957954343
7255585908618937370,7499448682740204566,0.013874744554569053
7255585908618937370,7536210918439863297,0.014203058856486555
7256202462158406658,7290292672361759776,0.03604993019428816
7256202462158406658,7290350607356150827,0.4992173512468549
7256202462158406658,7308377902638728224,0.03893339200605774
7256202462158406658,7311708051199230981,0.1408481296507079
7256202462158406658,7327226218813391877,0.49830687415891095
7256202462158406658,7396903607784490000,0.4981969831491301
7256202462158406658,7402984582746358816,0.49894284036276304
7256202462158406658,7416269225385296902,0.04958167025327255
7256202462158406658,7434627254548382776,0.1506061374853044
7256202462158406658,7442002957991724065,0.5183130834754056
7256202462158406658,7453634343190807557,0.03604993019428816
7256202462158406658,7455253044214449159,0.49771548052624626
7256202462158406658,7457519820280644613,0.02320228429556402
7256202462158406658,7482541173300462614,0.01681484712855832
7256202462158406658,7487688540064531463,0.49556679324800224
7256202462158406658,7510166423118758918,0.4985575974905838
7256202462158406658,7523591048695170064,0.4995078229138676
7256202462158406658,7536210918439863297,0.05282279273144566
7256202462158406658,7550338226915230776,0.006305699532634627
7256202462158406658,7555788949694088210,0.01842519499098265
7256202462158406658,7579316049855841287,0.5254217720630098
7256202462158406658,7585186788609508373,0.4974867303939945
7284057704728626181,7333933730745566213,0.015293372215588833
7284057704728626181,7334272629450343470,0.015980739855815246
7284057704728626181,7361069886359716906,0.016026645354782317
7284057704728626181,7416287041577305094,0.014969675538782541
7284057704728626181,7520642008689116176,0.016423966161492283
7284057704728626181,7542455562676470840,0.01563682277955933
7284057704728626181,7555788949694088210,0.016148359535954344
7290292672361759776,7396903607784490000,0.03554939420929577
7290292672361759776,7415799988297319429,0.015167807136288524
7290292672361759776,7421992589585843243,0.014880989014245586
7290292672361759776,7424553645365543942,0.01501487344169835
7290292672361759776,7434627254548382776,0.0718096834489347
7290292672361759776,7442002957991724065,0.03553343537078452
7290292672361759776,7444668199523992609,0.015523390419623175
7290292672361759776,7455253044214449159,0.03588521665917553
7290292672361759776,7487688540064531463,0.035730296606395436
7290292672361759776,7546456230891750422,0.014985287197650401
7290292672361759776,7567226487067427860,0.015018869934854491
7290292672361759776,7609668379692401697,0.02411501591283114
7290292672361759776,7610014708498023431,0.01517011520838216
7290350607356150827,7295710550214247432,0.015287412758196579
7290350607356150827,7311708051199230981,0.14017266826191718
7290350607356150827,7327226218813391877,0.4976394940193106
7290350607356150827,7333933730745566213,0.015146340210149122
7290350607356150827,7396903607784490000,0.49748711069059354
7290350607356150827,7434627254548382776,0.14751040727323445
7290350607356150827,7442002957991724065,0.49757278008685085
7290350607356150827,7455253044214449159,0.4969364077257365
7290350607356150827,7487688540064531463,0.5202655969187076
7290350607356150827,7510166423118758918,0.4978898815583609
7290350607356150827,7523591048695170064,0.49883700365086614
7290350607356150827,7579316049855841287,0.4967270782745373
7290350607356150827,7585186788609508373,0.4968167317695873
7295710550214247432,7416287041577305094,0.014784404806675524
7295710550214247432,7487688540064531463,0.015403359815054668
7295710550214247432,7536210918439863297,0.0148080187782597
7295710550214247432,7547644791631135764,0.014304585767297016
7296163401382020102,7469354913887241217,0.014956192637010193
7300626193325229061,7367577463750132741,0.004305103570163613
7300626193325229061,7375525564567241761,0.004354164590943963
7300626193325229061,7389767673448285226,0.01795552273134025
7300626193325229061,7499826250930226194,0.004354306499710441
7300626193325229061,7510166423118758918,0.004297374662031833
7300626193325229061,7523591048695170064,0.004294425675043661
7300626193325229061,7528317052487566392,0.004370618416611963
7300626193325229061,7555104317654008839,0.004311788185435172
7300626193325229061,7585186788609508373,0.0042385129683428805
7308377902638728224,7396903607784490000,0.023544862803087603
7308377902638728224,7434627254548382776,0.04756056136383347
7308377902638728224,7442002957991724065,0.03773404325703019
7308377902638728224,7455253044214449159,0.02376728272569062
7308377902638728224,7482541173300462614,0.015019601792477532
7308377902638728224,7487688540064531463,0.023664677000071795
7308377902638728224,7550338226915230776,0.00853627157753028
7311708051199230981,7337597547799020549,0.003950734941351662
7311708051199230981,7389767673448285226,0.01625227593107454
7311708051199230981,7432711408628679685,0.015569310205919432
7311708051199230981,7455253044214449159,0.14020458906065023
7311708051199230981,7499448682740204566,0.015726147711296278
7311708051199230981,7523591048695170064,0.14015281252189732
7311708051199230981,7528317052487566392,0.015841839582234358
7311708051199230981,7547644791631135764,0.014757809532929305
7314655842044265478,7375525564567241761,0.02112288926664588
7314655842044265478,7378567914254959622,0.016385836348189478
7314655842044265478,7387033416446837765,0.016372562727434044
7314655842044265478,7462811958108062726,0.015635473656761833
7314655842044265478,7469354913887241217,0.031762997053422726
7314655842044265478,7542455562676470840,0.016924032626353516
7315521386973627425,7434627254548382776,0.016363408986677645
7315521386973627425,7442753421524288544,0.016116094235136835
7327226218813391877,7337597547799020549,0.014414633485285926
7327226218813391877,7402984582746358816,0.49780535906247625
7327226218813391877,7523591048695170064,0.49795414975018826
7333933730745566213,7334272629450343470,0.016038495875163265
7333933730745566213,7361069886359716906,0.015997492394922798
7333933730745566213,7416287041577305094,0.01568010263817011
7333933730745566213,7520642008689116176,0.015325803939200144
7334272629450343470,7361069886359716906,0.01670702029111168
7334272629450343470,7416287041577305094,0.015697708027770967
7334272629450343470,7520642008689116176,0.01601385837061195
7334272629450343470,7536210918439863297,0.014897746411872654
7337597547799020549,7396903607784490000,0.003948188814203377
7337597547799020549,7432711408628679685,0.004025030946170441
7337597547799020549,7499448682740204566,0.004003609414434653
7337597547799020549,7547644791631135764,0.0038887117700346996
7345693452820186117,7453398291771524102,0.015206156374393046
7345693452820186117,7457519820280644613,0.015627333347343304
7345693452820186117,7463993064467252256,0.015200418377307966
7345693452820186117,7475281813004338198,0.014663888839245628
7361069886359716906,7416287041577305094,0.01565745780421605
7361069886359716906,7520642008689116176,0.01605976483541729
7361069886359716906,7536210918439863297,0.014858419385079683
7361069886359716906,7555788949694088210,0.015712970913953805
7367577463750132741,7375525564567241761,0.01597476372283899
7367577463750132741,7407221110629073926,0.015089976216800131
7367577463750132741,7416287041577305094,0.015983608642122085
7367577463750132741,7455253044214449159,0.014829103960102879
7367577463750132741,7499826250930226194,0.016010110161247666
7367577463750132741,7510166423118758918,0.01588358245905135
7367577463750132741,7523591048695170064,0.016005353259721224
7367577463750132741,7555104317654008839,0.015578232539643078
7367577463750132741,7585186788609508373,0.015287619740760814
7373912731559609352,7386533375073682449,0.015082350386617855
7373912731559609352,7453634343190807557,0.015017181470143425
7373912731559609352,7461329320323253254,0.014370155494233424
7373912731559609352,7519531111723222072,0.014781158064967765
7375525564567241761,7407221110629073926,0.015532634769566485
7375525564567241761,7469354913887241217,0.031762997053422726
7375525564567241761,7499826250930226194,0.016387884847004083
7375525564567241761,7542455562676470840,0.016924032626353516
7375525564567241761,7555104317654008839,0.0160194014994546
7378567914254959622,7387033416446837765,0.03966293873171704
7378567914254959622,7455603448303567877,0.025505414777240464
7378567914254959622,7462811958108062726,0.01564153418567099
7378567914254959622,7594214580139967544,0.016058110105115257
7386533375073682449,7453634343190807557,0.015004278843125865
7386533375073682449,7461329320323253254,0.01438234452375974
7386533375073682449,7519531111723222072,0.014793528497909054
7387033416446837765,7416287041577305094,0.020380662778293077
7387033416446837765,7455603448303567877,0.11074124902253805
7387033416446837765,7462811958108062726,0.01561772663407037
7387033416446837765,7585691270368019463,0.023296542739305915
7387033416446837765,7594214580139967544,0.06972226037150159
7389767673448285226,7396903607784490000,0.01568880362362728
7389767673448285226,7432711408628679685,0.015620718370378482
7389767673448285226,7499448682740204566,0.01577900197020308
7389767673448285226,7528317052487566392,0.016119029223979318
7389767673448285226,7547644791631135764,0.014799660068671967
7396903607784490000,7416269225385296902,0.04889325254971423
7396903607784490000,7432711408628679685,0.016118400211442806
7396903607784490000,7434627254548382776,0.148515043522963
7396903607784490000,7453634343190807557,0.03554939420929577
7396903607784490000,7457519820280644613,0.02288013170993173
7396903607784490000,7499448682740204566,0.016272727007495314
7396903607784490000,7523591048695170064,0.49779216806194426
7396903607784490000,7528317052487566392,0.015278842446321952
7396903607784490000,7536210918439863297,0.05215465656285436
7396903607784490000,7547644791631135764,0.01529183040841891
7396903607784490000,7555788949694088210,0.018169369998429694
7402984582746358816,7487688540064531463,0.49451900682524885
7402984582746358816,7510166423118758918,0.5052751783060014
7402984582746358816,7523591048695170064,0.5063834940561859
7402984582746358816,7585186788609508373,0.504091353206065
7407221110629073926,7455253044214449159,0.016352564806495027
7407221110629073926,7455603448303567877,0.013865957037014877
7407221110629073926,7499826250930226194,0.015497571343061895
7407221110629073926,7510166423118758918,0.014832790936122785
7407221110629073926,7519531111723222072,0.05841920851042315
7407221110629073926,7523591048695170064,0.014956884935066627
7407221110629073926,7555104317654008839,0.015696150963644125
7407221110629073926,7585186788609508373,0.014239646824629327
7415799988297319429,7421992589585843243,0.014985401388284574
7415799988297319429,7424553645365543942,0.015167142634458989
7415799988297319429,7444668199523992609,0.015638189693980474
7415799988297319429,7475281813004338198,0.014720769918454127
7415799988297319429,7546456230891750422,0.015091407638264605
7415799988297319429,7567226487067427860,0.015126127470359643
7415799988297319429,7609668379692401697,0.024353694078089117
7415799988297319429,7610014708498023431,0.015318769342255286
7416269225385296902,7434627254548382776,0.09876424244286301
7416269225385296902,7442002957991724065,0.048871303384641636
7416269225385296902,7455253044214449159,0.04935512967080287
7416269225385296902,7487688540064531463,0.04914205866258829
7416287041577305094,7455603448303567877,0.022313064363769113
7416287041577305094,7520642008689116176,0.015001505693685748
7421992589585843243,7424553645365543942,0.01483348201049942
7421992589585843243,7444668199523992609,0.015459997679502534
7421992589585843243,7453398291771524102,0.015003781309833573
7421992589585843243,7546456230891750422,0.014928295127438861
7421992589585843243,7567226487067427860,0.014961174911151617
7421992589585843243,7609668379692401697,0.02382854849031646
7421992589585843243,7610014708498023431,0.01498769184233415
7424553645365543942,7444668199523992609,0.01547990672555002
7424553645365543942,7546456230891750422,0.014938373312787577
7424553645365543942,7585691270368019463,0.015444405019957573
7424553645365543942,7609668379692401697,0.024659132675223346
7424553645365543942,7610014708498023431,0.01516468389712158
7432711408628679685,7499448682740204566,0.01640366436769676
7432711408628679685,7528317052487566392,0.015204117192216966
7432711408628679685,7547644791631135764,0.015851455605995254
7434627254548382776,7442002957991724065,0.14844837213098033
7434627254548382776,7442753421524288544,0.016161082928150654
7434627254548382776,7453634343190807557,0.0718096834489347
7434627254548382776,7455253044214449159,0.1499180121774004
7434627254548382776,7457519820280644613,0.046217806291914264
7434627254548382776,7487688540064531463,0.14927080119412015
7434627254548382776,7536210918439863297,0.059065401629559464
7434627254548382776,7555788949694088210,0.036702079939034044
7442002957991724065,7453634343190807557,0.03553343537078452
7442002957991724065,7457519820280644613,0.022869860358332175
7442002957991724065,7482541173300462614,0.011980935000546094
7442002957991724065,7523591048695170064,0.49787845292759036
7442002957991724065,7536210918439863297,0.05214612570127931
7442002957991724065,7550338226915230776,0.01253660927983233
7442002957991724065,7555788949694088210,0.018161213402569047
7444668199523992609,7453398291771524102,0.015760048520104084
7444668199523992609,7475281813004338198,0.015277598440894383
7444668199523992609,7546456230891750422,0.015604679065206122
7444668199523992609,7567226487067427860,0.01570868942913787
7444668199523992609,7610014708498023431,0.01564058453518022
7453398291771524102,7475281813004338198,0.01502923177203696
7453398291771524102,7546456230891750422,0.015141931524266067
7453398291771524102,7567226487067427860,0.015360086222791287
7453634343190807557,7455253044214449159,0.03588521665917553
7453634343190807557,7487688540064531463,0.035730296606395436
7453634343190807557,7519531111723222072,0.014701367446423341
7455253044214449159,7455603448303567877,0.014228527433989972
7455253044214449159,7457519820280644613,0.023096272154946453
7455253044214449159,7499826250930226194,0.015235841575552123
7455253044214449159,7523591048695170064,0.5217189551929553
7455253044214449159,7536210918439863297,0.052581443334139576
7455253044214449159,7555104317654008839,0.015437157463864853
7455253044214449159,7555788949694088210,0.01834100955745343
7455603448303567877,7482541173300462614,0.011112208736378366
7455603448303567877,7585691270368019463,0.025505414777240464
7455603448303567877,7594214580139967544,0.07633300742867588
7457519820280644613,7463993064467252256,0.01604452854541142
7457519820280644613,7487688540064531463,0.022996563248762297
7457519820280644613,7610364091814872085,0.015666861966765526
7461329320323253254,7469354913887241217,0.014404365198422236
7462811958108062726,7556652869841044512,0.015339131065303414
7462811958108062726,7594214580139967544,0.015274319049705254
7463993064467252256,7610364091814872085,0.015142276251054698
7469354913887241217,7542455562676470840,0.04020107881579157
7475281813004338198,7546456230891750422,0.014696366960424924
7475281813004338198,7567226487067427860,0.014903878455021965
7475281813004338198,7610014708498023431,0.014723043160325692
7482541173300462614,7550338226915230776,0.006264128218432588
7482541173300462614,7579316049855841287,0.0168492884707884
7487688540064531463,7523591048695170064,0.4950789800074328
7487688540064531463,7536210918439863297,0.06715982227916734
7487688540064531463,7547644791631135764,0.014307323826225224
7487688540064531463,7555788949694088210,0.018261829593300853
7499448682740204566,7528317052487566392,0.015364184963252061
7499448682740204566,7547644791631135764,0.015559695380195826
7499826250930226194,7510166423118758918,0.015753083448468333
7499826250930226194,7523591048695170064,0.01587599074423143
7499826250930226194,7555104317654008839,0.015984812659997696
7499826250930226194,7585186788609508373,0.01515341245561074
7510166423118758918,7523591048695170064,0.5247975414224066
7510166423118758918,7555104317654008839,0.01532371891510854
7520642008689116176,7542455562676470840,0.015602342919180626
7520642008689116176,7555788949694088210,0.016113086630869487
7523591048695170064,7555104317654008839,0.01544593027436684
7523591048695170064,7579316049855841287,0.49703794923300126
7523591048695170064,7585186788609508373,0.5227301971532025
7528317052487566392,7547644791631135764,0.01439528125442804
7528317052487566392,7585186788609508373,0.013693311086407452
7542455562676470840,7555788949694088210,0.01594237049403805
7546456230891750422,7567226487067427860,0.015097784239976958
7546456230891750422,7609668379692401697,0.02399126235634973
7546456230891750422,7610014708498023431,0.015093716223698362
7550338226915230776,7579316049855841287,0.00625680077815858
7555104317654008839,7585186788609508373,0.01473297119846475
7556652869841044512,7585691270368019463,0.0156713306555056
7556652869841044512,7594214580139967544,0.015961813201673208
7556652869841044512,7609668379692401697,0.02406027584534955
7567226487067427860,7610014708498023431,0.015128455093049265
7585691270368019463,7594214580139967544,0.03179273182762161
7585691270368019463,7609668379692401697,0.02510642987340335
7594214580139967544,7609668379692401697,0.024159772646658997
7609668379692401697,7610014708498023431,0.024349723606516174
