source,target,weight
123192684759916544,6605547178974052353,0.016393711825759306
123192684759916544,6640835033697648645,0.4993160243551481
123192684759916544,6759168903093978117,0.016397520546517785
123192684759916544,6761373990138332165,0.4987725770003556
123192684759916544,6761998434112144389,0.49765133173904064
123192684759916544,6802111873555727361,0.4983050305015433
123192684759916544,6809360915122308101,0.4987725770003556
123192684759916544,6817048044547228674,0.016391086998140156
123192684759916544,6849714013304079366,0.49907707596632667
123192684759916544,6876111398716916738,0.49791801500093047
123192684759916544,6884611690841179138,0.016393693010800764
123192684759916544,6887161232442033153,0.4983674448275893
123192684759916544,6917607474581406725,0.4985918481053523
123192684759916544,6945373217453425669,0.016393803226120912
123192684759916544,6960298061139969029,0.01638865140444401
123192684759916544,6975000026854687749,0.016393220950436837
123192684759916544,6982171632279634946,0.4988463786298887
123192684759916544,6990433306123682822,0.4995298805719497
123192684759916544,7002249998172046337,0.4984397717552651
123192684759916544,7006613667513418757,0.4988463786298887
123192684759916544,7014981470109565957,0.4988463786298887
123192684759916544,7047494209448166401,0.4988463786298887
123192684759916544,7050498314663379974,0.4987725770003556
123192684759916544,7093023801574867969,0.4987725770003556
123192684759916544,7118597435305722926,0.0160326827413587
123192684759916544,7128070099412157442,0.49924989555189625
123192684759916544,7141833908052296709,0.4990602031684527
123192684759916544,7197284105015788549,0.4988463786298887
123192684759916544,7230689368007574534,0.499529793279088
123192684759916544,7255307152083796994,0.49931025748244395
123192684759916544,7256202462158406658,0.49924989555189625
123192684759916544,7327226218813391877,0.4981791922378031
123192684759916544,7333933730745566213,0.016393739786057508
123192684759916544,7355557262863336453,0.49881479760127806
123192684759916544,7402984582746358816,0.4987725770003556
123192684759916544,7523591048695170064,0.4989307096218447
123192684759916544,7531355177938682896,0.016394458082223996
123192684759916544,7597512785483957259,0.4986421347773837
132905031397322752,6693961050361267206,0.016712489400709307
132905031397322752,6778887308772983810,0.03618973298447943
132905031397322752,6780963947471488002,0.019573439206882984
132905031397322752,6787799755310842885,0.03618973298447943
132905031397322752,6884269257367749633,0.01665149789171113
132905031397322752,6912121422416790533,0.03618973298447943
132905031397322752,6981842793023243270,0.03618973298447943
132905031397322752,6990299477060781061,0.015572722750564896
132905031397322752,7143638497873413126,0.014831012599733654
132905031397322752,7202373728666174466,0.03618973298447943
132905031397322752,7284057704728626181,0.016549088400736715
132905031397322752,7296163401382020102,0.015401391797554013
132905031397322752,7296760772994122757,0.01540032640470377
132905031397322752,7437773895165920312,0.03618973298447943
132905031397322752,7475477880530502689,0.016743071457647668
132905031397322752,7533684525809943574,0.03618973298447943
132905031397322752,7559878386093442056,0.03618973298447943
132905031397322752,7570721274922779668,0.03618973298447943
132905031397322752,7576228097504363527,0.03618973298447943
132905031397322752,7589457676943606796,0.015572617588426737
139056116595929088,6779799775913100293,0.015346752581485995
139056116595929088,6788685362896536581,0.014569855414269911
139056116595929088,6903288635920483333,0.014558353462655873
139056116595929088,6914709275327661062,0.015040104331764633
139056116595929088,7036516442238518278,0.01487627876161876
139056116595929088,7040265792459162670,0.015165503950092746
139056116595929088,7040595999366759430,0.014873127341256214
139056116595929088,7162956025019384837,0.01516423299284664
139056116595929088,7284750471163970562,0.015020005326948523
139056116595929088,7317431073687815173,0.014568702204029987
139056116595929088,7495408204823397384,0.014901435077931352
139056116595929088,7528230653382460434,0.015045604093369438
139056116595929088,7532290090426237972,0.014879905635105104
139056116595929088,7576228097504363527,0.015029090370970779
139056116595929088,7595754884038427661,0.014569528916222402
139056116595929088,7601825276554118152,0.014899511655004792
179836966824349696,6643674283590893573,0.015053946225063746
179836966824349696,6791773227766940673,0.027048974004002743
179836966824349696,6801280456668595206,0.031461550746721356
179836966824349696,6820241268720190469,0.01745824735913801
179836966824349696,6877092036177904642,0.014935222988984798
179836966824349696,6879141513667396614,0.03261727785071665
179836966824349696,6916463036367242245,0.030600469680141316
179836966824349696,7007808562148705285,0.024822575357321876
179836966824349696,7009641336668161030,0.04493794768094769
179836966824349696,7094760895809684485,0.012946544332530953
179836966824349696,7189496226865267717,0.012851715817897838
179836966824349696,7192962788661724165,0.016116844870731804
179836966824349696,7222053350383944705,0.020620394038121406
179836966824349696,7252180988837889067,0.034084847081434846
179836966824349696,7253090810513097730,0.040081136009750766
179836966824349696,7267394392368514053,0.02371971401823865
179836966824349696,7297933972808729632,0.01331058331869064
179836966824349696,7349660179460015147,0.026750185491531502
179836966824349696,7522457887882445846,0.015243421056373961
179836966824349696,7534543341909083143,0.01287281995353495
179836966824349696,7538303426845819918,0.013817262291401318
179836966824349696,7592395448494474254,0.018972048132648904
179836966824349696,7617626564747166734,0.021406719514135492
277636453445046272,6532054466269560834,0.03566871491372837
277636453445046272,6565018648809078790,0.027824357327832182
277636453445046272,6586144504133271558,0.01515328483976975
277636453445046272,6630176154991411206,0.04421614433596275
277636453445046272,6635638444507348997,0.15257281456220087
277636453445046272,6669299551658704902,0.4073274872619761
277636453445046272,6669850252496093190,0.030592933411709496
277636453445046272,6682417245623354373,0.07859411035340232
277636453445046272,6691413216834880518,0.07198600935697892
277636453445046272,6694846327920624642,0.3401518292006314
277636453445046272,6706132394343465990,0.053499693371079425
277636453445046272,6731392185419695110,0.06629274870887089
277636453445046272,6745432638369301510,0.0760042995448023
277636453445046272,6763023633415521285,0.028849495692213754
277636453445046272,6763576723490817029,0.09198123855513254
277636453445046272,6764408836688675846,0.06629274870887089
277636453445046272,6765565991936377862,0.015580964641184294
277636453445046272,6769282406316393477,0.07062402936401824
277636453445046272,6781099370517070853,0.07859411035340232
277636453445046272,6784603742592697350,0.5
277636453445046272,6788685362896536581,0.04255524572864896
277636453445046272,6803042918397412358,0.5
277636453445046272,6809697995937367046,0.06629274870887089
277636453445046272,6818925100223120390,0.07942836522241806
277636453445046272,6820241268720190469,0.02261820317860262
277636453445046272,6831114394236601346,0.06629274870887089
277636453445046272,6837101733156684806,0.03428132558451939
277636453445046272,6839768600343430149,0.15257281456220087
277636453445046272,6842625485920437250,0.05725626818545522
277636453445046272,6848622157234734086,0.023939300696403005
277636453445046272,6854084433894065158,0.015282958932021157
277636453445046272,6856636665056068614,0.3401518292006314
277636453445046272,6856985681320838149,0.046872177419903675
277636453445046272,6865515418422854662,0.15257281456220087
277636453445046272,6866361157725570054,0.02442212084308029
277636453445046272,6870787891703006210,0.04255524572864896
277636453445046272,6871400804788470789,0.022081487068939212
277636453445046272,6874983109881086981,0.07859411035340232
277636453445046272,6883861528681055237,0.015171961008316293
277636453445046272,6884016318182720517,0.08187594273246548
277636453445046272,6892347025741923333,0.4073274872619761
277636453445046272,6897916711003489285,0.050486965299498185
277636453445046272,6916943071255872518,0.019588278098373848
277636453445046272,6932287413504033797,0.04200463943527787
277636453445046272,6934107948599919621,0.06629274870887089
277636453445046272,6943355592603173893,0.01502544057820888
277636453445046272,6945431007680726021,0.033770526771125006
277636453445046272,6949381153037370374,0.04255524572864896
277636453445046272,6954906602508993542,0.03452387658761352
277636453445046272,6959539375579677702,0.020307634042693257
277636453445046272,6959659732336968709,0.022132716932823638
277636453445046272,6962525040178217990,0.046872177419903675
277636453445046272,6965504260722361350,0.04255524572864896
277636453445046272,6970474901372388357,0.04359126146652884
277636453445046272,6977245355705156609,0.01827738496890733
277636453445046272,6985530541395624966,0.029416635676430204
277636453445046272,6989905844062258202,0.04749794844874578
277636453445046272,6993227536423945222,0.015283938618162683
277636453445046272,6993706047081530374,0.06629274870887089
277636453445046272,7007808562148705285,0.015040013956552068
277636453445046272,7016049507684271110,0.05448204801514494
277636453445046272,7019741447605027842,0.5
277636453445046272,7024036134000116742,0.06629274870887089
277636453445046272,7031874916669015045,0.06629274870887089
277636453445046272,7039563533004424198,0.03208768229518476
277636453445046272,7040595999366759430,0.026925383136580914
277636453445046272,7041945495375971329,0.06629274870887089
277636453445046272,7057509455312061445,0.03627689491972875
277636453445046272,7059866762607690753,0.046872177419903675
277636453445046272,7060956428266505221,0.15257281456220087
277636453445046272,7068378496390153262,0.1684404699465821
277636453445046272,7071952426950198278,0.03646476369904526
277636453445046272,7077174182438011909,0.03547078666433743
277636453445046272,7077477385247720474,0.3401518292006314
277636453445046272,7089082529218593798,0.06629274870887089
277636453445046272,7097208681418195994,0.043021902579175514
277636453445046272,7104625198607844379,0.15330206425855425
277636453445046272,7106405480671839259,0.02666842376476978
277636453445046272,7110285028063872042,0.06629274870887089
277636453445046272,7110530423914595334,0.046872177419903675
277636453445046272,7111185904601400321,0.07859411035340232
277636453445046272,7114857710017446917,0.0313421695415901
277636453445046272,7125195944199996422,0.05045738698597132
277636453445046272,7126424782262305797,0.19009999501991104
277636453445046272,7128440962807956482,0.07472936274009748
277636453445046272,7147846060249072645,0.06629274870887089
277636453445046272,7154612198102483973,0.027017195126709286
277636453445046272,7154955988025590786,0.028849495692213754
277636453445046272,7157484883282641925,0.4073274872619761
277636453445046272,7174050320195568646,0.020338829682538008
277636453445046272,7178073990841500673,0.03675708350515264
277636453445046272,7178262848806650885,0.02935096757489139
277636453445046272,7178590990041711622,0.018414837419401843
277636453445046272,7181113461597783046,0.5
277636453445046272,7187479709860348934,0.04432430102121359
277636453445046272,7187500258129593349,0.05990330051492652
277636453445046272,7189559133157475354,0.027448409368094655
277636453445046272,7191831178118284294,0.046872177419903675
277636453445046272,7206954249904669702,0.026609035367055736
277636453445046272,7218748615745274885,0.08219544232062646
277636453445046272,7222053350383944705,0.026714953247180023
277636453445046272,7223197815592715270,0.5
277636453445046272,7232638793861678082,0.03024362537332386
277636453445046272,7248103984781755397,0.02051246473421245
277636453445046272,7255459615491753002,0.09270805655876609
277636453445046272,7263081302823552005,0.043838743048970986
277636453445046272,7267394392368514053,0.030730307571341438
277636453445046272,7281282899318850566,0.06629274870887089
277636453445046272,7282348803772318726,0.02937479242703941
277636453445046272,7284750471163970562,0.07062402936401824
277636453445046272,7290292672361759776,0.06629274870887089
277636453445046272,7292020279937025030,0.07062402936401824
277636453445046272,7307362809690506273,0.03580993854967912
277636453445046272,7308377902638728224,0.05069156849798685
277636453445046272,7345693452820186117,0.015583388091717457
277636453445046272,7352986419860423712,0.06629274870887089
277636453445046272,7359289173456913454,0.03428132558451939
277636453445046272,7361054820280730629,0.06629274870887089
277636453445046272,7367437036964119584,0.023244489512866152
277636453445046272,7399170004366885889,0.06629274870887089
277636453445046272,7414410186095772678,0.07062402936401824
277636453445046272,7416269225385296902,0.15257281456220087
277636453445046272,7421215511235150853,0.07859411035340232
277636453445046272,7434627254548382776,0.5
277636453445046272,7436219840279053328,0.043021902579175514
277636453445046272,7436415158378824725,0.034002323409445395
277636453445046272,7437501539181642808,0.04621056382464171
277636453445046272,7441015530360570926,0.060920515121093755
277636453445046272,7447572034136556561,0.04255524572864896
277636453445046272,7449327343900541984,0.19409470640386714
277636453445046272,7453634343190807557,0.06629274870887089
277636453445046272,7454926910012064774,0.03036914914195038
277636453445046272,7457519820280644613,0.04255524572864896
277636453445046272,7463351104668501024,0.06629274870887089
277636453445046272,7463944109431145489,0.04255524572864896
277636453445046272,7463993064467252256,0.015901674086934818
277636453445046272,7471571264202441729,0.15257281456220087
277636453445046272,7492091019530798087,0.03322427090168043
277636453445046272,7495918801364485163,0.0681541651705542
277636453445046272,7497772332389123079,0.06629274870887089
277636453445046272,7498665985957823506,0.06629274870887089
277636453445046272,7502699724320097322,0.025971397918972315
277636453445046272,7503034501376082986,0.06629274870887089
277636453445046272,7512265205633008662,0.03009007780359321
277636453445046272,7516833731350643719,0.0303795668004485
277636453445046272,7521069418713990158,0.15257281456220087
277636453445046272,7525651754726671368,0.043345304246595086
277636453445046272,7534684083310347265,0.05523388222078247
277636453445046272,7536210918439863297,0.055650992089492216
277636453445046272,7553889065608414263,0.07062402936401824
277636453445046272,7555788949694088210,0.03292697851478155
277636453445046272,7577464395643552775,0.06629274870887089
277636453445046272,7577628387390129168,0.03022285519761773
277636453445046272,7578586528784696332,0.04255524572864896
277636453445046272,7589963743808947221,0.5
277636453445046272,7601465278044668949,0.02192499848057527
277636453445046272,7615456357705417750,0.06648465389281194
277636453445046272,7620360781880771597,0.06629274870887089
6532054466269560834,6669299551658704902,0.0290576960393455
6532054466269560834,6694846327920624642,0.024265557246281093
6532054466269560834,6719415986493719557,0.016262962148835918
6532054466269560834,6752306766380745734,0.015567643828747845
6532054466269560834,6784603742592697350,0.03566871491372837
6532054466269560834,6803042918397412358,0.03566871491372837
6532054466269560834,6818780344423416833,0.037145714109545216
6532054466269560834,6822720405318304774,0.015682746304958747
6532054466269560834,6850499594155361285,0.016227479085238326
6532054466269560834,6856636665056068614,0.024265557246281093
6532054466269560834,6870272731359872005,0.015157561554254314
6532054466269560834,6892347025741923333,0.0290576960393455
6532054466269560834,6892655794388796421,0.015364399524520227
6532054466269560834,6914932704597935110,0.015590416353941988
6532054466269560834,6961111781085873157,0.015023115770093238
6532054466269560834,7013057860546036742,0.02503457506530585
6532054466269560834,7019741447605027842,0.03566871491372837
6532054466269560834,7138346273199031302,0.02388812026483545
6532054466269560834,7151417501942219781,0.015163601253598268
6532054466269560834,7157484883282641925,0.0290576960393455
6532054466269560834,7181113461597783046,0.03566871491372837
6532054466269560834,7223197815592715270,0.03566871491372837
6532054466269560834,7434627254548382776,0.03566871491372837
6532054466269560834,7573400555184604167,0.016153578123168186
6532054466269560834,7589963743808947221,0.03566871491372837
6545407023667429377,6592124930460172289,0.01602530156765477
6545407023667429377,6778887308772983810,0.04269618527168356
6545407023667429377,6780963947471488002,0.023092493861159996
6545407023667429377,6787799755310842885,0.04269618527168356
6545407023667429377,6901293173320041474,0.016697550952443154
6545407023667429377,6912121422416790533,0.04269618527168356
6545407023667429377,6978785360063267846,0.016697550952443154
6545407023667429377,6981842793023243270,0.04269618527168356
6545407023667429377,7202373728666174466,0.04269618527168356
6545407023667429377,7261422825452422150,0.026620492260868378
6545407023667429377,7437773895165920312,0.04269618527168356
6545407023667429377,7476936817243604001,0.016220524834655043
6545407023667429377,7520061487814427656,0.01500461524671898
6545407023667429377,7533684525809943574,0.04269618527168356
6545407023667429377,7559878386093442056,0.04269618527168356
6545407023667429377,7570721274922779668,0.04269618527168356
6545407023667429377,7576228097504363527,0.04269618527168356
6551322351751954433,6778887308772983810,0.06650584129825902
6551322351751954433,6780963947471488002,0.03597009245999016
6551322351751954433,6787799755310842885,0.06650584129825902
6551322351751954433,6807983111105823746,0.015243728468200218
6551322351751954433,6809652528789292038,0.01561518048362072
6551322351751954433,6832809961032287238,0.024729390963507406
6551322351751954433,6901293173320041474,0.026008990420257994
6551322351751954433,6912121422416790533,0.06650584129825902
6551322351751954433,6978785360063267846,0.026008990420257994
6551322351751954433,6981842793023243270,0.06650584129825902
6551322351751954433,6991296494569735173,0.01440850695379041
6551322351751954433,7103710715597571074,0.015610523196098463
6551322351751954433,7143925297570169861,0.02519175188777915
6551322351751954433,7202373728666174466,0.06650584129825902
6551322351751954433,7354374148095181829,0.014900694032519318
6551322351751954433,7431474919115064326,0.01461669294125407
6551322351751954433,7437773895165920312,0.06650584129825902
6551322351751954433,7438808668303623224,0.015004485473504126
6551322351751954433,7523457544536589330,0.015112593002400546
6551322351751954433,7533684525809943574,0.06650584129825902
6551322351751954433,7559878386093442056,0.06650584129825902
6551322351751954433,7570721274922779668,0.06650584129825902
6551322351751954433,7576228097504363527,0.06650584129825902
6555661839655976965,6869529128942126082,0.017936920578448604
6555661839655976965,6923948494491567110,0.014266668861051997
6555661839655976965,6944138606031619077,0.008326591546095496
6555661839655976965,6959645215931270150,0.014929590092944976
6555661839655976965,7217407055849096197,0.014824148461946985
6555661839655976965,7261142322435867653,0.014942537301863444
6555661839655976965,7268149943910089734,0.01710139085641223
6555661839655976965,7315184692033930273,0.01753597131884438
6555661839655976965,7415589102207321093,0.015850426573869605
6555661839655976965,7466945875685819393,0.01101922230640596
6555661839655976965,7486594305004585989,0.016381988800031468
6555661839655976965,7490403226492077078,0.012951070357870414
6555661839655976965,7495408204823397384,0.1853906414315033
6555661839655976965,7524535795760776222,0.015639680900454277
6555661839655976965,7544469740279186488,0.012734387157364132
6557891870416224258,6631290398412537862,0.015032164482661096
6557891870416224258,6682417245623354373,0.015870524815993794
6557891870416224258,6826821136366994437,0.015408500915666909
6557891870416224258,6856985681320838149,0.015408824402089625
6557891870416224258,6889429234431853574,0.015408500915666909
6557891870416224258,6963109032279213061,0.015700689515981935
6557891870416224258,7165051441248650242,0.01492015040643956
6557891870416224258,7232053097944777733,0.015136407810755143
6557891870416224258,7236791190447686683,0.015704311623645488
6557891870416224258,7324383714049541153,0.015403651708199547
6557891870416224258,7346466630966412293,0.015705450143798653
6557891870416224258,7456825610020160518,0.015551634681232142
6557891870416224258,7490579692137137174,0.015408072659224519
6557891870416224258,7526713237481833504,0.015551594372631419
6557891870416224258,7556652869841044512,0.015552868177464974
6557891870416224258,7577628387390129168,0.015552532781099514
6558047058670157826,6560777333711519745,0.14910037353010075
6558047058670157826,6571440042689085441,0.015732806984347047
6558047058670157826,6669299551658704902,0.27187360314150844
6558047058670157826,6669429443285123078,0.016237546023142244
6558047058670157826,6694846327920624642,0.26514896921366765
6558047058670157826,6724242765444449285,0.14772945870840873
6558047058670157826,6841368350297375746,0.016233948024034158
6558047058670157826,6856636665056068614,0.26514896921366765
6558047058670157826,6876111398716916738,0.14769358241251068
6558047058670157826,6892347025741923333,0.24624517429819853
6558047058670157826,6908266585728697349,0.1476767994901497
6558047058670157826,6914709275327661062,0.14910037353010075
6558047058670157826,6967865342052893698,0.015348933163056234
6558047058670157826,7063815593522873349,0.016236508424243443
6558047058670157826,7077477385247720474,0.26514896921366765
6558047058670157826,7112043590829982747,0.016235075180035485
6558047058670157826,7128070099412157442,0.14810864913556318
6558047058670157826,7157484883282641925,0.24624517429819853
6558047058670157826,7170886050868675589,0.14810472934891883
6558047058670157826,7195872824606163994,0.015738558503552207
6558047058670157826,7256202462158406658,0.14810864913556318
6558047058670157826,7265662037903885313,0.01571978231522195
6558047058670157826,7377997874032084000,0.1516178668974855
6559204966497206278,6818997048034018306,0.01603506559832536
6559204966497206278,6834143886405157894,0.06557416621878104
6559204966497206278,6959868806102516741,0.015695669808319553
6559204966497206278,7004852704795280390,0.01599734628061509
6559204966497206278,7014641270266594330,0.01569820086606628
6559204966497206278,7023254401751335938,0.01603796873356777
6559204966497206278,7029374960272081925,0.015713613863135117
6559204966497206278,7043966862137721903,0.016217930652312956
6559204966497206278,7102031855201911813,0.02170217174322583
6559204966497206278,7118766647640753178,0.06557416621878104
6559204966497206278,7253476605544121350,0.02616794513039289
6559204966497206278,7284057704728626181,0.015722156295394023
6559204966497206278,7288239669111424005,0.016067332680958345
6559204966497206278,7307362809690506273,0.016061838480388536
6559204966497206278,7437501539181642808,0.030636782327003682
6559204966497206278,7483884642539471878,0.017504418808435767
6559204966497206278,7493498844564489224,0.06557416621878104
6559204966497206278,7517915187601720327,0.016043666615397977
6559204966497206278,7520642008689116176,0.01623615936283966
6560777333711519745,6635638444507348997,0.04821234771911847
6560777333711519745,6638604713418309637,0.223670174973415
6560777333711519745,6640835033697648645,0.45866975403365795
6560777333711519745,6727959454509532166,0.016588392955617808
6560777333711519745,6731392185419695110,0.03491370181924107
6560777333711519745,6745432638369301510,0.0724859205977882
6560777333711519745,6763576723490817029,0.08772325768838052
6560777333711519745,6764408836688675846,0.03491370181924107
6560777333711519745,6769282406316393477,0.03719481165756379
6560777333711519745,6788685362896536581,0.022412121825561994
6560777333711519745,6801133006398702597,0.055889200278257445
6560777333711519745,6809697995937367046,0.03491370181924107
6560777333711519745,6831114394236601346,0.03491370181924107
6560777333711519745,6834143886405157894,0.016600191503991914
6560777333711519745,6839768600343430149,0.04821234771911847
6560777333711519745,6865515418422854662,0.04821234771911847
6560777333711519745,6870787891703006210,0.022412121825561994
6560777333711519745,6876111398716916738,0.4586158133478777
6560777333711519745,6884016318182720517,0.03491370181924107
6560777333711519745,6892347025741923333,0.23308292880113002
6560777333711519745,6901293173320041474,0.13033934456623947
6560777333711519745,6908266585728697349,0.4590185274060864
6560777333711519745,6914709275327661062,0.5000000000000001
6560777333711519745,6934107948599919621,0.03491370181924107
6560777333711519745,6945431007680726021,0.01778556667100428
6560777333711519745,6949381153037370374,0.022412121825561994
6560777333711519745,6965504260722361350,0.022412121825561994
6560777333711519745,6969163964988376070,0.016171703879897123
6560777333711519745,6978785360063267846,0.13033934456623947
6560777333711519745,6982498486395175942,0.016587587516667758
6560777333711519745,6990433306123682822,0.45855563885064693
6560777333711519745,6993706047081530374,0.03491370181924107
6560777333711519745,7024036134000116742,0.03491370181924107
6560777333711519745,7031874916669015045,0.03491370181924107
6560777333711519745,7033903061694268422,0.016012851272122805
6560777333711519745,7034907735930160133,0.223670174973415
6560777333711519745,7041945495375971329,0.03491370181924107
6560777333711519745,7057768423321748481,0.4583780912267553
6560777333711519745,7060956428266505221,0.04821234771911847
6560777333711519745,7063430535804781574,0.01658129502852639
6560777333711519745,7068378496390153262,0.09638583030007325
6560777333711519745,7089082529218593798,0.03491370181924107
6560777333711519745,7110285028063872042,0.03491370181924107
6560777333711519745,7128070099412157442,0.4600750651710445
6560777333711519745,7128440962807956482,0.07127000296488435
6560777333711519745,7139448682156131355,0.223670174973415
6560777333711519745,7147846060249072645,0.03491370181924107
6560777333711519745,7154955988025590786,0.031781076509730145
6560777333711519745,7170886050868675589,0.4672477213057793
6560777333711519745,7189144603827487746,0.016576439204853664
6560777333711519745,7192962788661724165,0.223670174973415
6560777333711519745,7218748615745274885,0.03491370181924107
6560777333711519745,7230689368007574534,0.45854114290324993
6560777333711519745,7251253251058959386,0.458485162824141
6560777333711519745,7255307152083796994,0.4591625069730575
6560777333711519745,7256202462158406658,0.4600750651710445
6560777333711519745,7262400527862301702,0.07847233734521394
6560777333711519745,7281282899318850566,0.03491370181924107
6560777333711519745,7284750471163970562,0.03719481165756379
6560777333711519745,7290292672361759776,0.03491370181924107
6560777333711519745,7292020279937025030,0.03719481165756379
6560777333711519745,7308377902638728224,0.026697193007649698
6560777333711519745,7352986419860423712,0.03491370181924107
6560777333711519745,7355557262863336453,0.45838535626859117
6560777333711519745,7361054820280730629,0.03491370181924107
6560777333711519745,7377997874032084000,0.46418021420660666
6560777333711519745,7399170004366885889,0.03491370181924107
6560777333711519745,7414410186095772678,0.03719481165756379
6560777333711519745,7416269225385296902,0.04821234771911847
6560777333711519745,7436219840279053328,0.022657891060486022
6560777333711519745,7447572034136556561,0.022412121825561994
6560777333711519745,7449327343900541984,0.09448824387187231
6560777333711519745,7453634343190807557,0.05092863103956886
6560777333711519745,7457519820280644613,0.022412121825561994
6560777333711519745,7463351104668501024,0.03491370181924107
6560777333711519745,7471571264202441729,0.04821234771911847
6560777333711519745,7495918801364485163,0.03589403436797941
6560777333711519745,7497772332389123079,0.05054585926205738
6560777333711519745,7498665985957823506,0.03491370181924107
6560777333711519745,7503034501376082986,0.03491370181924107
6560777333711519745,7521069418713990158,0.04821234771911847
6560777333711519745,7523591048695170064,0.4584199855766606
6560777333711519745,7553889065608414263,0.03719481165756379
6560777333711519745,7553907650837955595,0.223670174973415
6560777333711519745,7562405333067629580,0.041471917673656385
6560777333711519745,7577464395643552775,0.03491370181924107
6560777333711519745,7578586528784696332,0.022412121825561994
6560777333711519745,7620360781880771597,0.03491370181924107
6562551816679342082,6778887308772983810,0.04703061823988365
6562551816679342082,6784603742592697350,0.046872177419903675
6562551816679342082,6787799755310842885,0.04703061823988365
6562551816679342082,6803042918397412358,0.046872177419903675
6562551816679342082,6910798769080976385,0.015160303626702256
6562551816679342082,6912121422416790533,0.04703061823988365
6562551816679342082,6976420668834497541,0.014905955177017084
6562551816679342082,6981842793023243270,0.04703061823988365
6562551816679342082,7181113461597783046,0.046872177419903675
6562551816679342082,7202373728666174466,0.04703061823988365
6562551816679342082,7223197815592715270,0.046872177419903675
6562551816679342082,7437773895165920312,0.04703061823988365
6562551816679342082,7533684525809943574,0.04703061823988365
6562551816679342082,7559878386093442056,0.04703061823988365
6562551816679342082,7570721274922779668,0.04703061823988365
6562551816679342082,7576228097504363527,0.04703061823988365
6562551816679342082,7589963743808947221,0.046872177419903675
6565018648809078790,6646057147389231110,0.025038816152854068
6565018648809078790,6652900469893660677,0.02153950126084869
6565018648809078790,6669299551658704902,0.022667251110050468
6565018648809078790,6784603742592697350,0.027824357327832182
6565018648809078790,6803042918397412358,0.027824357327832182
6565018648809078790,6812303251514704901,0.015229268659987322
6565018648809078790,6892347025741923333,0.022667251110050468
6565018648809078790,6930980050721260549,0.01629784062053949
6565018648809078790,6996027289760187398,0.01601216010043989
6565018648809078790,7019741447605027842,0.027824357327832182
6565018648809078790,7112272075901092866,0.02592546518506753
6565018648809078790,7157484883282641925,0.022667251110050468
6565018648809078790,7181113461597783046,0.027824357327832182
6565018648809078790,7209676024983487531,0.016449910272260154
6565018648809078790,7210849373168141318,0.016336449491582538
6565018648809078790,7223197815592715270,0.027824357327832182
6565018648809078790,7337597547799020549,0.015643907004233376
6565018648809078790,7349160078996276230,0.015116872901829576
6565018648809078790,7434627254548382776,0.027824357327832182
6565018648809078790,7587625784933041174,0.015879857446589842
6565018648809078790,7589963743808947221,0.027824357327832182
6565018648809078790,7597556117011497997,0.016277622160449666
6565018648809078790,7611159661320930321,0.015278450947332385
6565018648809078790,7615456357705417750,0.1488296999308898
6565470626165129217,6778887308772983810,0.06650584129825902
6565470626165129217,6780963947471488002,0.03597009245999016
6565470626165129217,6787799755310842885,0.06650584129825902
6565470626165129217,6901293173320041474,0.026008990420257994
6565470626165129217,6912121422416790533,0.06650584129825902
6565470626165129217,6978785360063267846,0.026008990420257994
6565470626165129217,6981842793023243270,0.06650584129825902
6565470626165129217,7139448682156131355,0.015867614971258742
6565470626165129217,7202373728666174466,0.06650584129825902
6565470626165129217,7261422825452422150,0.01699149843783033
6565470626165129217,7319637314757575686,0.015450153514076848
6565470626165129217,7430756915124634630,0.015459426273122884
6565470626165129217,7437773895165920312,0.06650584129825902
6565470626165129217,7533684525809943574,0.06650584129825902
6565470626165129217,7535385905805460487,0.0149703400304773
6565470626165129217,7559878386093442056,0.06650584129825902
6565470626165129217,7570721274922779668,0.06650584129825902
6565470626165129217,7576228097504363527,0.06650584129825902
6566936778317643778,6778887308772983810,0.06650584129825902
6566936778317643778,6780963947471488002,0.03597009245999016
6566936778317643778,6787799755310842885,0.06650584129825902
6566936778317643778,6901293173320041474,0.026008990420257994
6566936778317643778,6912121422416790533,0.06650584129825902
6566936778317643778,6966250842496730117,0.015365525156859744
6566936778317643778,6978785360063267846,0.026008990420257994
6566936778317643778,6981842793023243270,0.06650584129825902
6566936778317643778,6986545839854339074,0.015034100968432095
6566936778317643778,7139448682156131355,0.015867614971258742
6566936778317643778,7202373728666174466,0.06650584129825902
6566936778317643778,7254118992901358598,0.015016540318142335
6566936778317643778,7261422825452422150,0.01699149843783033
6566936778317643778,7270136616478458887,0.015034191678546385
6566936778317643778,7313835321618678816,0.015047565902727638
6566936778317643778,7397098503866041349,0.014987091349982992
6566936778317643778,7426970340070818822,0.015399514148303818
6566936778317643778,7437773895165920312,0.06650584129825902
6566936778317643778,7454739601820288005,0.01506701809207204
6566936778317643778,7533684525809943574,0.06650584129825902
6566936778317643778,7559878386093442056,0.06650584129825902
6566936778317643778,7570721274922779668,0.06650584129825902
6566936778317643778,7576228097504363527,0.06650584129825902
6570665680386457601,6852936113049601025,0.014894906681888132
6570665680386457601,6880847127791322113,0.015015373935059858
6570665680386457601,6892755568563373062,0.015137893067927007
6570665680386457601,6959868806102516741,0.038109931572821415
6570665680386457601,6977245355705156609,0.015901931850158615
6570665680386457601,7014863130023052293,0.06392702643943361
6570665680386457601,7099497683849053190,0.05252820600583242
6570665680386457601,7126405978883916806,0.015269811137674902
6570665680386457601,7157484883282641925,0.015721299197225765
6570665680386457601,7187479709860348934,0.051534476771626446
6570665680386457601,7281282899318850566,0.015268907640528982
6570665680386457601,7359928513861927969,0.11550530373988258
6570665680386457601,7437501539181642808,0.06873430529970337
6570665680386457601,7447572034136556561,0.01540926298484561
6570665680386457601,7452648710973441029,0.015013115287256035
6570665680386457601,7493498844564489224,0.014788906007474744
6570665680386457601,7498060815040431122,0.04722612836546612
6570665680386457601,7502829652847657991,0.015137722243565343
6570665680386457601,7529208229067621384,0.01572247570977452
6570665680386457601,7535561785211552776,0.015901194343386427
6571440042689085441,6669429443285123078,0.0157298569212604
6571440042689085441,6778887308772983810,0.04269618527168356
6571440042689085441,6780963947471488002,0.023092493861159996
6571440042689085441,6787799755310842885,0.04269618527168356
6571440042689085441,6847662570619749381,0.015429872346548924
6571440042689085441,6901293173320041474,0.016697550952443154
6571440042689085441,6912121422416790533,0.04269618527168356
6571440042689085441,6978785360063267846,0.016697550952443154
6571440042689085441,6981842793023243270,0.04269618527168356
6571440042689085441,7063815593522873349,0.015728849811477045
6571440042689085441,7112043590829982747,0.015737840648633487
6571440042689085441,7170534828961268738,0.015019548159324119
6571440042689085441,7202373728666174466,0.04269618527168356
6571440042689085441,7247153806412252165,0.014899406070834356
6571440042689085441,7255585908618937370,0.015416300471713223
6571440042689085441,7299759192024466438,0.014897430859519951
6571440042689085441,7437773895165920312,0.04269618527168356
6571440042689085441,7533684525809943574,0.04269618527168356
6571440042689085441,7559878386093442056,0.04269618527168356
6571440042689085441,7570721274922779668,0.04269618527168356
6571440042689085441,7576228097504363527,0.04269618527168356
6573570143510249478,6611780515036004357,0.016413529365089212
6573570143510249478,6616406641624236037,0.0160467618858983
6573570143510249478,6646057147389231110,0.015730131099797304
6573570143510249478,6647609787890106374,0.01587649857521512
6573570143510249478,6718433480264762373,0.01623050534894141
6573570143510249478,6781099370517070853,0.0164133506992854
6573570143510249478,6865188838906889221,0.01588972213147376
6573570143510249478,6965175721303999494,0.016230723549838465
6573570143510249478,6969779682486141958,0.01604281267368677
6573570143510249478,6976288257181008902,0.01622677257949481
6573570143510249478,7016049507684271110,0.03890605401338512
6573570143510249478,7071395036047131653,0.016221956139517033
6573570143510249478,7074661077590197253,0.016412339534394707
6573570143510249478,7312576223157863457,0.016413529365089212
6573570143510249478,7541721033906045972,0.1377252484393505
6573570143510249478,7617508216503600150,0.015875057750343258
6574988278478143489,6706795899182613506,0.015404113154100615
6574988278478143489,6778887308772983810,0.06650584129825902
6574988278478143489,6780963947471488002,0.03597009245999016
6574988278478143489,6787799755310842885,0.06650584129825902
6574988278478143489,6901293173320041474,0.026008990420257994
6574988278478143489,6912121422416790533,0.06650584129825902
6574988278478143489,6968051165704209409,0.0158836531694975
6574988278478143489,6969277135371748358,0.015557526560128196
6574988278478143489,6978785360063267846,0.026008990420257994
6574988278478143489,6981842793023243270,0.06650584129825902
6574988278478143489,7202373728666174466,0.06650584129825902
6574988278478143489,7220015726932362267,0.015891218048911693
6574988278478143489,7261422825452422150,0.01699149843783033
6574988278478143489,7287629583536538630,0.015400970342605045
6574988278478143489,7365635139777823749,0.015557973585878956
6574988278478143489,7437773895165920312,0.06650584129825902
6574988278478143489,7509040397092865042,0.015407423390787973
6574988278478143489,7533684525809943574,0.06650584129825902
6574988278478143489,7537837262555235350,0.015411103716364985
6574988278478143489,7559878386093442056,0.06650584129825902
6574988278478143489,7570721274922779668,0.06650584129825902
6574988278478143489,7576228097504363527,0.06650584129825902
6575934081941438469,6880273018033079298,0.016218936941327228
6575934081941438469,6933226203005453314,0.026982906313959446
6575934081941438469,6963109032279213061,0.01597918098009204
6575934081941438469,6969163964988376070,0.0159815712597863
6575934081941438469,7024773008388834309,0.0270068394747479
6575934081941438469,7030932109430899718,0.016212512665092844
6575934081941438469,7104324169307259909,0.016177588851912388
6575934081941438469,7151042722353218565,0.2519358178029779
6575934081941438469,7232053097944777733,0.015429727208681158
6575934081941438469,7314655842044265478,0.01618025399837923
6575934081941438469,7316789714857624582,0.016220416059135205
6575934081941438469,7323120700012938245,0.01617767336360781
6575934081941438469,7325894078187717675,0.12694331258411057
6575934081941438469,7378567914254959622,0.016181148576053375
6575934081941438469,7379189727608570886,0.08805962638288745
6575934081941438469,7387033416446837765,0.016177630613164736
6575934081941438469,7462811958108062726,0.015874045591989502
6575934081941438469,7575174922190177312,0.030847401234844286
6575934081941438469,7617626564747166734,0.033651401298254384
6586144504133271558,6658566666366812166,0.015442934133182647
6586144504133271558,6765565991936377862,0.015446460155672305
6586144504133271558,6787077164376491014,0.015275751980569342
6586144504133271558,6854084433894065158,0.015157499773628798
6586144504133271558,6883861528681055237,0.015028773904039889
6586144504133271558,6884016318182720517,0.015439587163163813
6586144504133271558,6911232913338221574,0.015146003285414548
6586144504133271558,6944422984339129349,0.015446796477580129
6586144504133271558,6993227536423945222,0.015158470824659378
6586144504133271558,7028867830490547206,0.015435771547262321
6586144504133271558,7224271052267553819,0.015432788174511665
6586144504133271558,7317147259148715013,0.015144109647230498
6586144504133271558,7345693452820186117,0.015444153379899286
6586144504133271558,7352849317865505798,0.015590008003987828
6586144504133271558,7453398291771524102,0.015590218234719221
6587338017403912197,6640835033697648645,0.4981470725727597
6587338017403912197,6819677799301809158,0.016030708424987904
6587338017403912197,6843139966571365382,0.016016230700893135
6587338017403912197,6950265718026683398,0.016031290002967328
6587338017403912197,6982171632279634946,0.4976813567368228
6587338017403912197,6990433306123682822,0.49793710303527233
6587338017403912197,7006613667513418757,0.4976813567368228
6587338017403912197,7014981470109565957,0.4976813567368228
6587338017403912197,7047494209448166401,0.4976813567368228
6587338017403912197,7057768423321748481,0.4975585104381596
6587338017403912197,7061134436725277701,0.01601189747965686
6587338017403912197,7128070099412157442,0.4981318386665532
6587338017403912197,7187952219559248898,0.5246184812183269
6587338017403912197,7197284105015788549,0.4976813567368228
6587338017403912197,7230689368007574534,0.4979440448848164
6587338017403912197,7251253251058959386,0.4975259003871929
6587338017403912197,7255307152083796994,0.5248896858590422
6587338017403912197,7256202462158406658,0.4981318386665532
6587338017403912197,7523591048695170064,0.5236218008964592
6587855276791169025,6819677799301809158,0.015415966903506974
6587855276791169025,6904614150145328133,0.01571622999979692
6587855276791169025,6995830130393400325,0.016050591569871413
6587855276791169025,7014981470109565957,0.01628585855396027
6587855276791169025,7062096839953335302,0.014845902226163839
6587855276791169025,7077174182438011909,0.016129271369991954
6587855276791169025,7138346273199031302,0.02016424406146775
6587855276791169025,7191831178118284294,0.015313765807151493
6587855276791169025,7202373728666174466,0.015826149903239432
6587855276791169025,7251991096619746306,0.015983087830469807
6587855276791169025,7252180988837889067,0.016108552417329114
6587855276791169025,7317249968522462213,0.02796499586380996
6587855276791169025,7358089344354354194,0.015737149769095567
6587855276791169025,7379964200321811472,0.016249688338763515
6587855276791169025,7516833731350643719,0.015493084047901432
6587855276791169025,7580931726077330450,0.01570099583698289
6591519736101322758,6632663455630802950,0.015300601309718833
6591519736101322758,6643801147025096709,0.015453474832270908
6591519736101322758,6749961922102477830,0.015207603744731606
6591519736101322758,6774446817130267654,0.015305912155688214
6591519736101322758,6811160099877389313,0.015605078168170337
6591519736101322758,6828658690528592901,0.015454272673572616
6591519736101322758,6889429234431853574,0.015008492775459552
6591519736101322758,6994977751610475525,0.015292872289772878
6591519736101322758,7025154962762826753,0.015156102815519499
6591519736101322758,7089082529218593798,0.015447656748086725
6591519736101322758,7110530423914595334,0.015298515928966996
6591519736101322758,7124837748766721026,0.015454272673572616
6591519736101322758,7205671848440792069,0.015303882902771288
6591519736101322758,7472777689112675361,0.01544845669899365
6591519736101322758,7490579692137137174,0.01500897388747804
6592124930460172289,6597614380782977029,0.016032137861613588
6592124930460172289,6681455581809345541,0.019650691807441792
6592124930460172289,6770691012118791169,0.016315826294283794
6592124930460172289,6850499594155361285,0.031809566951891875
6592124930460172289,6868361115987493890,0.03385882564102512
6592124930460172289,6899872761571066881,0.02202205257720799
6592124930460172289,7114857710017446917,0.04305724379220815
6592124930460172289,7192187661674775557,0.019127287864715195
6592124930460172289,7320351877056791584,0.016336988125931942
6592124930460172289,7407221110629073926,0.0364498609011505
6592124930460172289,7459201168917480453,0.01620809532710882
6592124930460172289,7476936817243604001,0.03521698902470472
6592124930460172289,7496559084507726855,0.016033560902317875
6592124930460172289,7519531111723222072,0.047460890501991225
6597614380782977029,6619688145226448901,0.017927644219340906
6597614380782977029,6770691012118791169,0.016158374060818305
6597614380782977029,6810484617755427845,0.02211369079532855
6597614380782977029,6818997048034018306,0.029013379450951483
6597614380782977029,6822720405318304774,0.016201872752511146
6597614380782977029,6861442596751246342,0.02109051045468079
6597614380782977029,7017795675979924481,0.02211369079532855
6597614380782977029,7028867830490547206,0.029013379450951483
6597614380782977029,7045679836841837569,0.023208099552181793
6597614380782977029,7099497683849053190,0.018737180467234913
6597614380782977029,7106898276444587009,0.029013379450951483
6597614380782977029,7164695071642977286,0.021090354021557914
6597614380782977029,7263914736517399557,0.02211369079532855
6597614380782977029,7316789714857624582,0.029013379450951483
6597614380782977029,7320351877056791584,0.01617929935536783
6597614380782977029,7323120700012938245,0.054964742386979806
6597614380782977029,7387033416446837765,0.029013379450951483
6597614380782977029,7416287041577305094,0.01851587545664218
6597614380782977029,7455603448303567877,0.03204660990200203
6597614380782977029,7476936817243604001,0.016204401632218687
6597614380782977029,7550753650902270984,0.029013379450951483
6597614380782977029,7556669488167650315,0.021265313837749416
6597614380782977029,7585691270368019463,0.020872118127903516
6597614380782977029,7614802407563035656,0.017810613215485365
6605547178974052353,6736486271538152454,0.016390717354515992
6605547178974052353,6759168903093978117,0.016586169992313323
6605547178974052353,6817048044547228674,0.016589052477767614
6605547178974052353,6851041098493330434,0.016584825795189398
6605547178974052353,6861442596751246342,0.016586360947054443
6605547178974052353,6945373217453425669,0.016591619539330412
6605547178974052353,6960298061139969029,0.016586588904811166
6605547178974052353,6970474901372388357,0.10376286225858716
6605547178974052353,6975000026854687749,0.016591210977760756
6605547178974052353,7118597435305722926,0.01621309360512851
6605547178974052353,7128440962807956482,0.016588880673878353
6605547178974052353,7359289173456913454,0.0816018703060377
6605547178974052353,7407221110629073926,0.037894175422262553
6605547178974052353,7416287041577305094,0.016586621504827787
6605547178974052353,7436219840279053328,0.016391924808853653
6605547178974052353,7531355177938682896,0.016591018231151645
6608375753628631046,6908833879592535046,0.014909236414060795
6608375753628631046,6917607474581406725,0.014859084395320856
6608375753628631046,6933063571936953349,0.014206012057105494
6608375753628631046,6987706064737289217,0.014653236373935839
6608375753628631046,7091886235563869190,0.014859084395320856
6608375753628631046,7102031855201911813,0.01491933907156826
6608375753628631046,7171985902397834242,0.01490896186181662
6608375753628631046,7187479709860348934,0.014922459403550529
6608375753628631046,7265744876464423968,0.01476197713777358
6608375753628631046,7316815688206861344,0.014892009434866137
6608375753628631046,7333474672351675398,0.014659347305835617
6608375753628631046,7436415158378824725,0.014718496503470345
6608375753628631046,7541721033906045972,0.014916319159470677
6608375753628631046,7543302231467328534,0.014722412360814249
6608375753628631046,7550338226915230776,0.01490193789758295
6608375753628631046,7579972033883882518,0.014820223210578697
6609681596704505861,6778887308772983810,0.06650584129825902
6609681596704505861,6780963947471488002,0.03597009245999016
6609681596704505861,6787799755310842885,0.06650584129825902
6609681596704505861,6901293173320041474,0.026008990420257994
6609681596704505861,6912121422416790533,0.06650584129825902
6609681596704505861,6978785360063267846,0.026008990420257994
6609681596704505861,6981842793023243270,0.06650584129825902
6609681596704505861,7202373728666174466,0.06650584129825902
6609681596704505861,7261422825452422150,0.03240307911852438
6609681596704505861,7389067466839983111,0.014953150567574014
6609681596704505861,7437773895165920312,0.06650584129825902
6609681596704505861,7476936817243604001,0.01588476667966836
6609681596704505861,7533684525809943574,0.06650584129825902
6609681596704505861,7559878386093442056,0.06650584129825902
6609681596704505861,7570721274922779668,0.06650584129825902
6609681596704505861,7576228097504363527,0.06650584129825902
6611780515036004357,6616406641624236037,0.016218542152748556
6611780515036004357,6646057147389231110,0.01589537024424304
6611780515036004357,6647609787890106374,0.0160448074759771
6611780515036004357,6718433480264762373,0.016406126164003748
6611780515036004357,6778887308772983810,0.04348874937616442
6611780515036004357,6780963947471488002,0.023521157021600195
6611780515036004357,6787799755310842885,0.04348874937616442
6611780515036004357,6865188838906889221,0.01605820458588069
6611780515036004357,6901293173320041474,0.017007505563925118
6611780515036004357,6912121422416790533,0.04348874937616442
6611780515036004357,6965175721303999494,0.016406346697880762
6611780515036004357,6969779682486141958,0.016214550939005878
6611780515036004357,6978785360063267846,0.017007505563925118
6611780515036004357,6981842793023243270,0.04348874937616442
6611780515036004357,7055373226209772549,0.0376754435119677
6611780515036004357,7071395036047131653,0.01639748513096839
6611780515036004357,7202373728666174466,0.04348874937616442
6611780515036004357,7312576223157863457,0.0165930723432685
6611780515036004357,7317249968522462213,0.11457122441509161
6611780515036004357,7437773895165920312,0.04348874937616442
6611780515036004357,7533684525809943574,0.04348874937616442
6611780515036004357,7559878386093442056,0.04348874937616442
6611780515036004357,7570721274922779668,0.04348874937616442
6611780515036004357,7576228097504363527,0.04348874937616442
6611780515036004357,7617508216503600150,0.016043351237902022
6614183605387427846,6751514677887124486,0.03312561406423321
6614183605387427846,6797975222400320517,0.004247883006244382
6614183605387427846,6819677799301809158,0.019079457161580177
6614183605387427846,6916943071255872518,0.013097167562034674
6614183605387427846,6918522708590887938,0.0392551273046154
6614183605387427846,7071238041176409090,0.01742747024947472
6614183605387427846,7209676024983487531,0.02361749842316833
6614183605387427846,7248103984781755397,0.015904637642286657
6614183605387427846,7282457131139646497,0.016061528160104054
6614183605387427846,7309689805897171970,0.014315948596649877
6614183605387427846,7316071021454558214,0.030552293589256825
6614183605387427846,7347823456870581291,0.015561353280898724
6614183605387427846,7403666842986546209,0.018740993018846255
6614183605387427846,7408910802202461190,0.012593448752735945
6614183605387427846,7441015530360570926,0.011734772840274358
6614183605387427846,7603001410426618881,0.012281671094647634
6616406641624236037,6646057147389231110,0.015557182679610187
6616406641624236037,6647609787890106374,0.015700336623381467
6616406641624236037,6718433480264762373,0.016039518560485324
6616406641624236037,6781099370517070853,0.01621871873402485
6616406641624236037,6793797962901242885,0.015850780489411142
6616406641624236037,6829337968281682949,0.015851485578264102
6616406641624236037,6865188838906889221,0.01570635583819963
6616406641624236037,6965175721303999494,0.016039734271917412
6616406641624236037,6969779682486141958,0.01586305933423552
6616406641624236037,6976288257181008902,0.01603582864200761
6616406641624236037,7074661077590197253,0.016219749872099346
6616406641624236037,7248602643801932827,0.015696010334077186
6616406641624236037,7312576223157863457,0.016218542152748556
6616406641624236037,7617508216503600150,0.01569891224629678
6619688145226448901,6691413216834880518,0.014988740494596801
6619688145226448901,6702564715531420678,0.015068282162671299
6619688145226448901,6806673784097195014,0.014783120874706736
6619688145226448901,6809360915122308101,0.01504131502685542
6619688145226448901,6914932704597935110,0.014720895795712653
6619688145226448901,6934107948599919621,0.014994581739264374
6619688145226448901,7013057860546036742,0.023882049226601535
6619688145226448901,7028867830490547206,0.01471722747558787
6619688145226448901,7072173543165314053,0.014925517280564723
6619688145226448901,7114857710017446917,0.016655475655404185
6619688145226448901,7251253251058959386,0.015002960279777535
6619688145226448901,7323120700012938245,0.02788122694268695
6619688145226448901,7387033416446837765,0.01471722747558787
6619688145226448901,7455603448303567877,0.016255853563922677
6620755384028315653,6627871200587038726,0.016007599144020238
6620755384028315653,7036516442238518278,0.015285299157446083
6620755384028315653,7040265792459162670,0.01556161950679741
6620755384028315653,7040595999366759430,0.01528918933309276
6620755384028315653,7110285028063872042,0.015893848791309582
6620755384028315653,7162956025019384837,0.015563045266806054
6620755384028315653,7252048520768111622,0.015624150021219465
6620755384028315653,7284750471163970562,0.015413172345669664
6620755384028315653,7319637314757575686,0.015733024345047173
6620755384028315653,7327226218813391877,0.01581746365689085
6620755384028315653,7345594575783248902,0.0157904922675699
6620755384028315653,7383047865667322913,0.01557441297617484
6620755384028315653,7463218092195218454,0.015809974217070193
6620755384028315653,7532290090426237972,0.01528097769396904
6620755384028315653,7618800850517410830,0.015508988242133802
6627871200587038726,6669299551658704902,0.12969321891057065
6627871200587038726,6669850252496093190,0.0723046425588882
6627871200587038726,6694846327920624642,0.13964953183812276
6627871200587038726,6724242765444449285,0.12967772926863494
6627871200587038726,6775687990901015557,0.02232704971546329
6627871200587038726,6856636665056068614,0.13964953183812276
6627871200587038726,6876111398716916738,0.1296462368592854
6627871200587038726,6892347025741923333,0.12969321891057065
6627871200587038726,6908266585728697349,0.12963150471796916
6627871200587038726,6909912221612557317,0.20259854065895655
6627871200587038726,6967116138620077061,0.01560617476413733
6627871200587038726,7077477385247720474,0.13964953183812276
6627871200587038726,7093090538711483397,0.01736485265001955
6627871200587038726,7104564907462411307,0.01566463723218465
6627871200587038726,7125195944199996422,0.29541864367719084
6627871200587038726,7128070099412157442,0.13001058470575427
6627871200587038726,7157484883282641925,0.12969321891057065
6627871200587038726,7170886050868675589,0.1294811966455251
6627871200587038726,7256202462158406658,0.13001058470575427
6627871200587038726,7319637314757575686,0.016191226031646133
6627871200587038726,7377997874032084000,0.13309099530803953
6627871200587038726,7383047865667322913,0.0161674971218179
6627871200587038726,7463218092195218454,0.016417051366139194
6627871200587038726,7516833731350643719,0.027746895399101044
6627871200587038726,7540825121352614920,0.019129442683213996
6627871200587038726,7601465278044668949,0.020024993886910536
6627871200587038726,7610364091814872085,0.01979439648494509
6627871200587038726,7618800850517410830,0.015915539648986697
6630176154991411206,6669299551658704902,0.03602090193756113
6630176154991411206,6727959454509532166,0.016023047348450958
6630176154991411206,6784603742592697350,0.04421614433596275
6630176154991411206,6803042918397412358,0.04421614433596275
6630176154991411206,6892347025741923333,0.03602090193756113
6630176154991411206,6918522708590887938,0.026720616775480155
6630176154991411206,6959645215931270150,0.036089507246813736
6630176154991411206,6982498486395175942,0.016023755487728136
6630176154991411206,7019741447605027842,0.04421614433596275
6630176154991411206,7033903061694268422,0.015563010209407539
6630176154991411206,7063430535804781574,0.01602990605024635
6630176154991411206,7096318271246304257,0.08857523921876845
6630176154991411206,7124134844511126555,0.025776156849562703
6630176154991411206,7157484883282641925,0.03602090193756113
6630176154991411206,7181113461597783046,0.04421614433596275
6630176154991411206,7189144603827487746,0.016035079645468454
6630176154991411206,7223197815592715270,0.04421614433596275
6630176154991411206,7235505872251520046,0.016033346560503373
6630176154991411206,7345507730973262881,0.03709994428716914
6630176154991411206,7358089344354354194,0.0197647778789091
6630176154991411206,7373912731559609352,0.016034033295991058
6630176154991411206,7386533375073682449,0.016032093562701258
6630176154991411206,7434627254548382776,0.04421614433596275
6630176154991411206,7499826250930226194,0.060501365062628924
6630176154991411206,7589963743808947221,0.04421614433596275
6631290398412537862,6682417245623354373,0.015327435073240504
6631290398412537862,6774446817130267654,0.01516927439506345
6631290398412537862,6826821136366994437,0.01490120012440513
6631290398412537862,6889429234431853574,0.01490120012440513
6631290398412537862,6963109032279213061,0.015168600194669986
6631290398412537862,7025154962762826753,0.015021931936490611
6631290398412537862,7205671848440792069,0.015167262571386762
6631290398412537862,7236791190447686683,0.015172136078622448
6631290398412537862,7346466630966412293,0.015173239527874645
6631290398412537862,7456825610020160518,0.015029430379097746
6631290398412537862,7490579692137137174,0.014901677188848156
6631290398412537862,7526713237481833504,0.01502939134962001
6631290398412537862,7556652869841044512,0.015030623932822862
6631290398412537862,7577628387390129168,0.015034064128565495
6632129860377804806,6643674283590893573,0.003923629203060904
6632129860377804806,6745432638369301510,0.06416373862102151
6632129860377804806,6797975222400320517,0.01955140102706996
6632129860377804806,6916463036367242245,0.007526587967028623
6632129860377804806,6944138606031619077,0.011782528141298607
6632129860377804806,7034907735930160133,0.022697476655521468
6632129860377804806,7059866762607690753,0.004010414019876786
6632129860377804806,7071238041176409090,0.0042615329485664695
6632129860377804806,7100966729770140677,0.14776387503589647
6632129860377804806,7248103984781755397,0.004234905987267023
6632129860377804806,7254221734713623557,0.015546144518813521
6632129860377804806,7268149943910089734,0.10605545419967792
6632129860377804806,7466945875685819393,0.007890187629162946
6632129860377804806,7504218153414165526,0.013977543332123263
6632129860377804806,7585187926658450454,0.01886754613047036
6632663455630802950,6643801147025096709,0.016042699801152523
6632663455630802950,6683425595843986438,0.07428570672405065
6632663455630802950,6702564715531420678,0.07428570672405065
6632663455630802950,6749961922102477830,0.01578963379455948
6632663455630802950,6774446817130267654,0.015872735140588585
6632663455630802950,6778887308772983810,0.03720825935028005
6632663455630802950,6787799755310842885,0.03720825935028005
6632663455630802950,6788561594614137861,0.01619875277908201
6632663455630802950,6912121422416790533,0.03720825935028005
6632663455630802950,6981842793023243270,0.03720825935028005
6632663455630802950,7025154962762826753,0.015718235996756556
6632663455630802950,7126424782262305797,0.06606510205774989
6632663455630802950,7150565541089985542,0.0455721356421647
6632663455630802950,7165051441248650242,0.015053717038713816
6632663455630802950,7202373728666174466,0.03720825935028005
6632663455630802950,7205671848440792069,0.015874601714346587
6632663455630802950,7307548469060584454,0.07428570672405065
6632663455630802950,7408910802202461190,0.022123007310728363
6632663455630802950,7418987475336971269,0.03074698546651477
6632663455630802950,7437773895165920312,0.03720825935028005
6632663455630802950,7533684525809943574,0.03720825935028005
6632663455630802950,7559878386093442056,0.03720825935028005
6632663455630802950,7570721274922779668,0.03720825935028005
6632663455630802950,7576228097504363527,0.03720825935028005
6635638444507348997,6669299551658704902,0.12429420236021743
6635638444507348997,6694846327920624642,0.10379584391924272
6635638444507348997,6784603742592697350,0.15257281456220087
6635638444507348997,6803042918397412358,0.15257281456220087
6635638444507348997,6856636665056068614,0.10379584391924272
6635638444507348997,6884269257367749633,0.014998006648264048
6635638444507348997,6892347025741923333,0.12429420236021743
6635638444507348997,6979776947182355462,0.015299175806084721
6635638444507348997,7019741447605027842,0.15257281456220087
6635638444507348997,7029374960272081925,0.015318832108483867
6635638444507348997,7047368764291171333,0.015126561117657327
6635638444507348997,7077477385247720474,0.10379584391924272
6635638444507348997,7140235759920219178,0.01515440540363904
6635638444507348997,7157484883282641925,0.12429420236021743
6635638444507348997,7181113461597783046,0.15257281456220087
6635638444507348997,7223197815592715270,0.15257281456220087
6635638444507348997,7253476605544121350,0.025529480542568875
6635638444507348997,7434627254548382776,0.15257281456220087
6635638444507348997,7520642008689116176,0.015702384444139277
6635638444507348997,7589963743808947221,0.15257281456220087
6636749197398851589,6648399396428496902,0.01568046990609336
6636749197398851589,6657475628294848517,0.015530124281458672
6636749197398851589,6687409942040757253,0.0672475357582493
6636749197398851589,6798227774210982918,0.015269937741543942
6636749197398851589,6824257455564997637,0.015475474500493093
6636749197398851589,6837932290569176069,0.01584180499929889
6636749197398851589,6874983109881086981,0.015898951793601276
6636749197398851589,6885048845878248453,0.1323576480242492
6636749197398851589,6914709275327661062,0.015670019357850697
6636749197398851589,6954311078944965637,0.015869600542666767
6636749197398851589,7345447179269719072,0.015269463354837687
6636749197398851589,7396054750779900933,0.015265959617623545
6636749197398851589,7436296718439875639,0.10992355471777038
6636749197398851589,7495408204823397384,0.015528802348766158
6636749197398851589,7528230653382460434,0.015663673176338933
6636749197398851589,7570721274922779668,0.015616606432239789
6636749197398851589,7576228097504363527,0.015683834933965583
6636749197398851589,7601825276554118152,0.015531128870936167
6637914309060460549,6799207206266717185,0.015408572702133898
6637914309060460549,6807686944023020545,0.015415296565787093
6637914309060460549,6967865342052893698,0.014889991847656422
6637914309060460549,6991802841732219910,0.015266190797056966
6637914309060460549,7071636331441603585,0.01540795734833093
6637914309060460549,7094798766534280238,0.0151452239357714
6637914309060460549,7096318271246304257,0.015238634219809515
6637914309060460549,7097208681418195994,0.015258716455165525
6637914309060460549,7111668860398912513,0.015144139116280951
6637914309060460549,7265662037903885313,0.01525907061926306
6637914309060460549,7298207797677884422,0.015408364937287637
6637914309060460549,7317393952595297285,0.015142495832196795
6637914309060460549,7367761141394998277,0.015402252038306521
6637914309060460549,7547644791631135764,0.015491465226832465
6637914309060460549,7562405333067629580,0.015495967755504512
6637914309060460549,7590371958509700116,0.015143349363284337
6638604713418309637,6669299551658704902,0.17513132755524255
6638604713418309637,6682417245623354373,0.08954347834395276
6638604713418309637,6694846327920624642,0.16264534011506396
6638604713418309637,6779799775913100293,0.015316763876182901
6638604713418309637,6781099370517070853,0.08954347834395276
6638604713418309637,6801133006398702597,0.09040274833623232
6638604713418309637,6856636665056068614,0.16264534011506396
6638604713418309637,6874983109881086981,0.08954347834395276
6638604713418309637,6892347025741923333,0.17513132755524255
6638604713418309637,6901293173320041474,0.35138079469338807
6638604713418309637,6914709275327661062,0.23868101493281318
6638604713418309637,6978785360063267846,0.35138079469338807
6638604713418309637,7019741447605027842,0.142671607187862
6638604713418309637,7034907735930160133,0.5
6638604713418309637,7040265792459162670,0.015180396794606445
6638604713418309637,7077477385247720474,0.16264534011506396
6638604713418309637,7111185904601400321,0.08954347834395276
6638604713418309637,7139448682156131355,0.5
6638604713418309637,7157484883282641925,0.17513132755524255
6638604713418309637,7162956025019384837,0.01517912650491219
6638604713418309637,7192962788661724165,0.5
6638604713418309637,7262400527862301702,0.08403221727363357
6638604713418309637,7421215511235150853,0.08954347834395276
6638604713418309637,7553907650837955595,0.5
6638604713418309637,7562405333067629580,0.06708228634166095
6639903198893359110,6778887308772983810,0.06831785164986984
6639903198893359110,6780963947471488002,0.03695012938025999
6639903198893359110,6787799755310842885,0.06831785164986984
6639903198893359110,6832398563352904710,0.01635377274763075
6639903198893359110,6901293173320041474,0.02671762832268067
6639903198893359110,6906224034717090818,0.016120932138395577
6639903198893359110,6912121422416790533,0.06831785164986984
6639903198893359110,6978785360063267846,0.02671762832268067
6639903198893359110,6981842793023243270,0.06831785164986984
6639903198893359110,7094760895809684485,0.1853906414315033
6639903198893359110,7115031152766813185,0.01655365876293865
6639903198893359110,7158268924675752966,0.016566282585277092
6639903198893359110,7187464196166288389,0.01660940328351125
6639903198893359110,7202373728666174466,0.06831785164986984
6639903198893359110,7261422825452422150,0.017454446811352123
6639903198893359110,7317249968522462213,0.016255201071406784
6639903198893359110,7323679526399083553,0.016407724436717903
6639903198893359110,7340377245914547206,0.01625354415991015
6639903198893359110,7436296718439875639,0.015637368008296064
6639903198893359110,7437773895165920312,0.06831785164986984
6639903198893359110,7533684525809943574,0.06831785164986984
6639903198893359110,7559878386093442056,0.06831785164986984
6639903198893359110,7570721274922779668,0.06831785164986984
6639903198893359110,7576228097504363527,0.06831785164986984
6640835033697648645,6724242765444449285,0.49615909940429315
6640835033697648645,6761373990138332165,0.49902825074819057
6640835033697648645,6761998434112144389,0.4979039582058091
6640835033697648645,6802111873555727361,0.49856046458230124
6640835033697648645,6802216129184941062,0.4989859232284417
6640835033697648645,6807686944023020545,0.4984014364477938
6640835033697648645,6809360915122308101,0.49902825074819057
6640835033697648645,6811864837094917126,0.49907724705949474
6640835033697648645,6849714013304079366,0.49934082561339554
6640835033697648645,6876111398716916738,0.49818679720525366
6640835033697648645,6883354108897362945,0.49780912110691783
6640835033697648645,6887161232442033153,0.49862166848821965
6640835033697648645,6908266585728697349,0.4990339908074168
6640835033697648645,6909418799418606598,0.49923905133265495
6640835033697648645,6910309608222557189,0.49745825367435714
6640835033697648645,6911232913338221574,0.4975292760020754
6640835033697648645,6914709275327661062,0.45866975403365795
6640835033697648645,6917607474581406725,0.4988474292104959
6640835033697648645,6930980050721260549,0.016255502686876207
6640835033697648645,6932505658856408070,0.49882788795585314
6640835033697648645,6967116138620077061,0.015510498690621556
6640835033697648645,6967843926171993093,0.49791728705767124
6640835033697648645,6971670223084078081,0.01617347595752846
6640835033697648645,6982171632279634946,0.525932003908537
6640835033697648645,6990433306123682822,0.49978594251803643
6640835033697648645,6994977751610475525,0.4984021713672373
6640835033697648645,7002249998172046337,0.498694032310794
6640835033697648645,7006613667513418757,0.4995292466340845
6640835033697648645,7012341717442462725,0.4978123659388795
6640835033697648645,7014893568998228993,0.49562256149433515
6640835033697648645,7014981470109565957,0.4995292466340845
6640835033697648645,7033309963939496987,0.4978577003085115
6640835033697648645,7047494209448166401,0.4995292466340845
6640835033697648645,7050498314663379974,0.49902825074819057
6640835033697648645,7057768423321748481,0.49939880128133884
6640835033697648645,7072173543165314053,0.49774087230828923
6640835033697648645,7093023801574867969,0.49902825074819057
6640835033697648645,7099497683849053190,0.01630584346061071
6640835033697648645,7128070099412157442,0.49992545703833585
6640835033697648645,7141833908052296709,0.4993160243551481
6640835033697648645,7170886050868675589,0.4957375601213133
6640835033697648645,7187952219559248898,0.49949190841456437
6640835033697648645,7197284105015788549,0.4995292466340845
6640835033697648645,7209676024983487531,0.01645899603915333
6640835033697648645,7210849373168141318,0.016570528471834694
6640835033697648645,7230689368007574534,0.49979378217583825
6640835033697648645,7251253251058959386,0.4993603465973584
6640835033697648645,7252048520768111622,0.4979326110477198
6640835033697648645,7254221734713623557,0.38462146557905996
6640835033697648645,7255307152083796994,0.4999913975344902
6640835033697648645,7256202462158406658,0.49992545703833585
6640835033697648645,7290350607356150827,0.499286094961212
6640835033697648645,7306969713349805064,0.49903592829432775
6640835033697648645,7311708051199230981,0.23208989996874776
6640835033697648645,7327226218813391877,0.4984345618131292
6640835033697648645,7355557262863336453,0.4990692494623274
6640835033697648645,7377997874032084000,0.49826658185835804
6640835033697648645,7396903607784490000,0.4982775542555663
6640835033697648645,7402984582746358816,0.49902825074819057
6640835033697648645,7421976792565711905,0.016586475289112945
6640835033697648645,7430756915124634630,0.016018640024310624
6640835033697648645,7442002957991724065,0.498398701497896
6640835033697648645,7455253044214449159,0.49771985208890845
6640835033697648645,7487688540064531463,0.4956760952381949
6640835033697648645,7493568304607937558,0.4987872344170683
6640835033697648645,7510166423118758918,0.4986607756002478
6640835033697648645,7523591048695170064,0.4996135659674934
6640835033697648645,7539280226653357073,0.4852041683890539
6640835033697648645,7579316049855841287,0.4976054159911722
6640835033697648645,7585186788609508373,0.4976441107880694
6640835033697648645,7587625784933041174,0.015819716369932534
6640835033697648645,7597512785483957259,0.49890565456900415
6640835033697648645,7597556117011497997,0.016275430364027146
6643674283590893573,6677580356772938758,0.013528094918321123
6643674283590893573,6877092036177904642,0.013916380695837954
6643674283590893573,6879141513667396614,0.015769614396370382
6643674283590893573,7059866762607690753,0.01558690236174941
6643674283590893573,7094760895809684485,0.011830327995555215
6643674283590893573,7189496226865267717,0.011740139793496735
6643674283590893573,7192962788661724165,0.015138682996029761
6643674283590893573,7248103984781755397,0.012342467002716278
6643674283590893573,7297933972808729632,0.012196794835792326
6643674283590893573,7403666842986546209,0.009524935663248692
6643674283590893573,7522457887882445846,0.014124213289574753
6643674283590893573,7534543341909083143,0.011752890928522159
6643674283590893573,7538303426845819918,0.012702887743419078
6643674283590893573,7552094429399385106,0.015375986389888808
6643674283590893573,7575174922190177312,0.014594475697421788
6643801147025096709,6749961922102477830,0.01595828493197246
6643801147025096709,6774446817130267654,0.016037263930471092
6643801147025096709,6788561594614137861,0.016382893947694238
6643801147025096709,6811160099877389313,0.016390666448127904
6643801147025096709,6828658690528592901,0.016222214626739985
6643801147025096709,6994977751610475525,0.016046842214928313
6643801147025096709,7025154962762826753,0.015879536234436782
6643801147025096709,7089082529218593798,0.01621707144346416
6643801147025096709,7110530423914595334,0.016044881118374633
6643801147025096709,7124837748766721026,0.016222214626739985
6643801147025096709,7205671848440792069,0.016039149356308555
6643801147025096709,7472777689112675361,0.016217906159382848
6643801147025096709,7594214580139967544,0.01509505119431117
6646057147389231110,6647609787890106374,0.015409950815050312
6646057147389231110,6652900469893660677,0.03152949045062529
6646057147389231110,6718433480264762373,0.015723024238610148
6646057147389231110,6781099370517070853,0.01589554338187834
6646057147389231110,6793797962901242885,0.015554777050122957
6646057147389231110,6829337968281682949,0.01555546842166513
6646057147389231110,6949584343513940998,0.015716026262859478
6646057147389231110,6965175721303999494,0.015723235835063108
6646057147389231110,6969779682486141958,0.015561060906703221
6646057147389231110,7074661077590197253,0.015896554114815893
6646057147389231110,7248602643801932827,0.015405704284984459
6646057147389231110,7312576223157863457,0.01589537024424304
6646057147389231110,7333474672351675398,0.02949696789725044
6646057147389231110,7454739601820288005,0.01614252978857486
6646057147389231110,7617508216503600150,0.015408553625218108
6647609787890106374,6781099370517070853,0.016044982270366954
6647609787890106374,6793797962901242885,0.015703124168718673
6647609787890106374,6829337968281682949,0.01570382214515004
6647609787890106374,6949584343513940998,0.01586741634311801
6647609787890106374,6969779682486141958,0.0157042514016622
6647609787890106374,7074661077590197253,0.01604600281320585
6647609787890106374,7248602643801932827,0.015551263592795503
6647609787890106374,7312576223157863457,0.0160448074759771
6647609787890106374,7442753421524288544,0.014812853393924182
6647609787890106374,7501092673261618231,0.01491594226947942
6647609787890106374,7573875560531805204,0.01515031160163062
6647609787890106374,7617508216503600150,0.0155541381933146
6647722407224655878,6752306766380745734,0.01500279798041065
6647722407224655878,6778887308772983810,0.06650584129825902
6647722407224655878,6780963947471488002,0.03597009245999016
6647722407224655878,6787799755310842885,0.06650584129825902
6647722407224655878,6870272731359872005,0.014751630209602384
6647722407224655878,6901293173320041474,0.026008990420257994
6647722407224655878,6912121422416790533,0.06650584129825902
6647722407224655878,6914932704597935110,0.015158623953413173
6647722407224655878,6938129809118577670,0.014852762988013843
6647722407224655878,6961111781085873157,0.014624953884562013
6647722407224655878,6978785360063267846,0.026008990420257994
6647722407224655878,6981842793023243270,0.06650584129825902
6647722407224655878,7013057860546036742,0.024371116116660884
6647722407224655878,7151417501942219781,0.014757446770125702
6647722407224655878,7202373728666174466,0.06650584129825902
6647722407224655878,7261422825452422150,0.01699149843783033
6647722407224655878,7292469793109722154,0.014504883773864562
6647722407224655878,7437773895165920312,0.06650584129825902
6647722407224655878,7533684525809943574,0.0813071436965794
6647722407224655878,7559878386093442056,0.06650584129825902
6647722407224655878,7570721274922779668,0.06650584129825902
6647722407224655878,7576228097504363527,0.06650584129825902
6648399396428496902,6657475628294848517,0.01543430777392956
6648399396428496902,6790825402899514373,0.015559049561017373
6648399396428496902,6798227774210982918,0.015178181151636296
6648399396428496902,6824257455564997637,0.015262597968271814
6648399396428496902,6835062462527652869,0.015268315144914483
6648399396428496902,6837932290569176069,0.01573410794316549
6648399396428496902,6839768600343430149,0.01528999622922594
6648399396428496902,6874983109881086981,0.015686199918316268
6648399396428496902,6906427668766426114,0.01538337079504834
6648399396428496902,6954311078944965637,0.015710890557564472
6648399396428496902,7325894078187717675,0.015254338605328228
6648399396428496902,7345447179269719072,0.015177711553982717
6648399396428496902,7396054750779900933,0.01517424277522058
6648399396428496902,7483319222622602262,0.015414250359800237
6648399396428496902,7570721274922779668,0.015418830363490198
6648399396428496902,7575604955886208022,0.015260691043900806
6652900469893660677,6799048483291677701,0.023100786320463515
6652900469893660677,6803687435404641286,0.0157331736374015
6652900469893660677,6814332639731713025,0.034351307877709965
6652900469893660677,6865188838906889221,0.015886414955465784
6652900469893660677,6909912221612557317,0.017587781183609045
6652900469893660677,7039563533004424198,0.01881906791298012
6652900469893660677,7043496794727613445,0.016411051032814233
6652900469893660677,7045679836841837569,0.019337198772506375
6652900469893660677,7071395036047131653,0.01622723863933656
6652900469893660677,7071952426950198278,0.12767546304275917
6652900469893660677,7074044643659645958,0.01640734320385715
6652900469893660677,7110264605897049115,0.018143868986658557
6652900469893660677,7178073990841500673,0.04311523932473952
6652900469893660677,7218748615745274885,0.01640464334074439
6652900469893660677,7307548469060584454,0.016214975062569133
6652900469893660677,7317147259148715013,0.015733045193521675
6652900469893660677,7463993064467252256,0.01640564589025793
6652900469893660677,7572160716909806600,0.016232102825235566
6652900469893660677,7592395448494474254,0.05163651988028823
6652900469893660677,7603001410426618881,0.014710630831381287
6652900469893660677,7610364091814872085,0.01590043153288314
6656622161980473345,6745432638369301510,0.026218235897888006
6656622161980473345,6871400804788470789,0.027015852550541893
6656622161980473345,6884611690841179138,0.02731941285810183
6656622161980473345,6901293173320041474,0.026453867809953575
6656622161980473345,6952320940948915206,0.027017615146211576
6656622161980473345,7071462271621776411,0.025984036394697017
6656622161980473345,7118597435305722926,0.026712575382145404
6656622161980473345,7126424782262305797,0.026454580807786225
6656622161980473345,7164695071642977286,0.026217872950698683
6656622161980473345,7190421222563251226,0.026457620385650152
6656622161980473345,7207214184994898949,0.02646067350702149
6656622161980473345,7333933730745566213,0.027319342067403028
6656622161980473345,7376897362978096145,0.027319848351969298
6656622161980473345,7414410186095772678,0.0270136996126514
6656622161980473345,7481202044420228112,0.026461618046301805
6656622161980473345,7487696987476886560,0.02645996099240512
6657475628294848517,6778887308772983810,0.06650584129825902
6657475628294848517,6780963947471488002,0.03597009245999016
6657475628294848517,6787799755310842885,0.06650584129825902
6657475628294848517,6790825402899514373,0.01541903285136706
6657475628294848517,6798227774210982918,0.015044999855084638
6657475628294848517,6824257455564997637,0.015117464618861745
6657475628294848517,6835062462527652869,0.015133328346747663
6657475628294848517,6901293173320041474,0.026008990420257994
6657475628294848517,6912121422416790533,0.06650584129825902
6657475628294848517,6954311078944965637,0.015560284324884183
6657475628294848517,6978785360063267846,0.026008990420257994
6657475628294848517,6981842793023243270,0.06650584129825902
6657475628294848517,7139448682156131355,0.015867614971258742
6657475628294848517,7202373728666174466,0.06650584129825902
6657475628294848517,7261422825452422150,0.01699149843783033
6657475628294848517,7345447179269719072,0.015044534620958741
6657475628294848517,7396054750779900933,0.015041097466759322
6657475628294848517,7437773895165920312,0.06650584129825902
6657475628294848517,7533684525809943574,0.06650584129825902
6657475628294848517,7559878386093442056,0.06650584129825902
6657475628294848517,7570721274922779668,0.08177312230553214
6657475628294848517,7575604955886208022,0.015125770750918156
6657475628294848517,7576228097504363527,0.06650584129825902
6658566666366812166,6765565991936377862,0.0158869829465024
6658566666366812166,6778887308772983810,0.06650584129825902
6658566666366812166,6780963947471488002,0.03597009245999016
6658566666366812166,6787799755310842885,0.06650584129825902
6658566666366812166,6803687435404641286,0.01557507244996263
6658566666366812166,6854084433894065158,0.015577579450350591
6658566666366812166,6883861528681055237,0.015477001676659899
6658566666366812166,6901293173320041474,0.026008990420257994
6658566666366812166,6912121422416790533,0.06650584129825902
6658566666366812166,6943355592603173893,0.015315996222860655
6658566666366812166,6978785360063267846,0.026008990420257994
6658566666366812166,6981842793023243270,0.06650584129825902
6658566666366812166,6993227536423945222,0.015578578391132853
6658566666366812166,7202373728666174466,0.06650584129825902
6658566666366812166,7261422825452422150,0.01699149843783033
6658566666366812166,7307548469060584454,0.01603483089566534
6658566666366812166,7317147259148715013,0.015575199788955262
6658566666366812166,7345693452820186117,0.01588945477760735
6658566666366812166,7437773895165920312,0.06650584129825902
6658566666366812166,7533684525809943574,0.06650584129825902
6658566666366812166,7559878386093442056,0.06650584129825902
6658566666366812166,7570721274922779668,0.06650584129825902
6658566666366812166,7576228097504363527,0.06650584129825902
6669299551658704902,6669429443285123078,0.015374267212792964
6669299551658704902,6669850252496093190,0.024922685389129163
6669299551658704902,6691413216834880518,0.058643760618790654
6669299551658704902,6694846327920624642,0.464352501592726
6669299551658704902,6706132394343465990,0.043583791340255966
6669299551658704902,6731392185419695110,0.05400571751054799
6669299551658704902,6745432638369301510,0.09329630570195167
6669299551658704902,6763023633415521285,0.023502385178169265
6669299551658704902,6763576723490817029,0.11290821443627994
6669299551658704902,6764408836688675846,0.05400571751054799
6669299551658704902,6769282406316393477,0.05753421684232312
6669299551658704902,6784603742592697350,0.4073274872619761
6669299551658704902,6788685362896536581,0.03466784262493305
6669299551658704902,6803042918397412358,0.4073274872619761
6669299551658704902,6804278710825534469,0.23202960543661694
6669299551658704902,6809697995937367046,0.05400571751054799
6669299551658704902,6818925100223120390,0.06470671284674816
6669299551658704902,6831114394236601346,0.05400571751054799
6669299551658704902,6837101733156684806,0.027927452420703956
6669299551658704902,6839768600343430149,0.12429420236021743
6669299551658704902,6841368350297375746,0.015370962827320438
6669299551658704902,6848622157234734086,0.019502270398949424
6669299551658704902,6856636665056068614,0.464352501592726
6669299551658704902,6865515418422854662,0.12429420236021743
6669299551658704902,6870787891703006210,0.03466784262493305
6669299551658704902,6871400804788470789,0.017988793285597653
6669299551658704902,6884016318182720517,0.05400571751054799
6669299551658704902,6892347025741923333,0.5
6669299551658704902,6897916711003489285,0.061973432776250476
6669299551658704902,6914709275327661062,0.23308292880113002
6669299551658704902,6932287413504033797,0.03421928846903409
6669299551658704902,6934107948599919621,0.05400571751054799
6669299551658704902,6945431007680726021,0.027511327626391285
6669299551658704902,6949381153037370374,0.03466784262493305
6669299551658704902,6954906602508993542,0.028125047801950364
6669299551658704902,6959539375579677702,0.031572989630995224
6669299551658704902,6959659732336968709,0.018030527949055287
6669299551658704902,6965504260722361350,0.03466784262493305
6669299551658704902,6970474901372388357,0.035511837999481995
6669299551658704902,6985530541395624966,0.02396440858756263
6669299551658704902,6993706047081530374,0.05400571751054799
6669299551658704902,7009641336668161030,0.11523421575615336
6669299551658704902,7016049507684271110,0.04438407143779064
6669299551658704902,7019741447605027842,0.4073274872619761
6669299551658704902,7024036134000116742,0.05400571751054799
6669299551658704902,7031874916669015045,0.05400571751054799
6669299551658704902,7034907735930160133,0.17513132755524255
6669299551658704902,7039563533004424198,0.02614039000271641
6669299551658704902,7041945495375971329,0.05400571751054799
6669299551658704902,7060956428266505221,0.12429420236021743
6669299551658704902,7063815593522873349,0.015373315084350296
6669299551658704902,7068378496390153262,0.20676295513325893
6669299551658704902,7071952426950198278,0.029706201142267658
6669299551658704902,7077174182438011909,0.028896452806380347
6669299551658704902,7077477385247720474,0.464352501592726
6669299551658704902,7089082529218593798,0.05400571751054799
6669299551658704902,7097208681418195994,0.03504800694961018
6669299551658704902,7104625198607844379,0.1881803573937999
6669299551658704902,7106405480671839259,0.021725564082682485
6669299551658704902,7110285028063872042,0.05400571751054799
6669299551658704902,7112043590829982747,0.01537442229415004
6669299551658704902,7125195944199996422,0.041105361309601664
6669299551658704902,7126424782262305797,0.1941081108603865
6669299551658704902,7128440962807956482,0.09173130352977464
6669299551658704902,7139448682156131355,0.17513132755524255
6669299551658704902,7147846060249072645,0.05400571751054799
6669299551658704902,7154612198102483973,0.02758683242596981
6669299551658704902,7154955988025590786,0.023502385178169265
6669299551658704902,7157484883282641925,0.5
6669299551658704902,7174050320195568646,0.016569128776875004
6669299551658704902,7178262848806650885,0.023910911741976494
6669299551658704902,7181113461597783046,0.4073274872619761
6669299551658704902,7187479709860348934,0.036109012319228743
6669299551658704902,7187500258129593349,0.04880052175488812
6669299551658704902,7189559133157475354,0.022360983234488162
6669299551658704902,7192962788661724165,0.17513132755524255
6669299551658704902,7206954249904669702,0.021677183029055736
6669299551658704902,7218748615745274885,0.05400571751054799
6669299551658704902,7222053350383944705,0.021763469556990014
6669299551658704902,7223197815592715270,0.4073274872619761
6669299551658704902,7232638793861678082,0.024638119858017102
6669299551658704902,7248103984781755397,0.01671058143547331
6669299551658704902,7253090810513097730,0.10277991125655128
6669299551658704902,7255459615491753002,0.0755250794540467
6669299551658704902,7262400527862301702,0.08490076848267332
6669299551658704902,7263081302823552005,0.03571345010172155
6669299551658704902,7267394392368514053,0.02503459793164437
6669299551658704902,7281282899318850566,0.05400571751054799
6669299551658704902,7282348803772318726,0.023930320776296175
6669299551658704902,7284750471163970562,0.05753421684232312
6669299551658704902,7290292672361759776,0.05400571751054799
6669299551658704902,7292020279937025030,0.05753421684232312
6669299551658704902,7308377902638728224,0.04129613844330666
6669299551658704902,7352986419860423712,0.05400571751054799
6669299551658704902,7359289173456913454,0.027927452420703956
6669299551658704902,7361054820280730629,0.05400571751054799
6669299551658704902,7367437036964119584,0.01893623901192625
6669299551658704902,7399170004366885889,0.05400571751054799
6669299551658704902,7414410186095772678,0.05753421684232312
6669299551658704902,7416269225385296902,0.12429420236021743
6669299551658704902,7434627254548382776,0.4073274872619761
6669299551658704902,7436219840279053328,0.03504800694961018
6669299551658704902,7436415158378824725,0.027700161910876923
6669299551658704902,7441015530360570926,0.04962920069396068
6669299551658704902,7447572034136556561,0.03466784262493305
6669299551658704902,7449327343900541984,0.211542657617468
6669299551658704902,7453634343190807557,0.05400571751054799
6669299551658704902,7454926910012064774,0.024740378420549693
6669299551658704902,7457519820280644613,0.03466784262493305
6669299551658704902,7463351104668501024,0.05400571751054799
6669299551658704902,7463944109431145489,0.03466784262493305
6669299551658704902,7471571264202441729,0.12429420236021743
6669299551658704902,7492091019530798087,0.027066317564985357
6669299551658704902,7495918801364485163,0.055522129690719055
6669299551658704902,7497772332389123079,0.05400571751054799
6669299551658704902,7498665985957823506,0.05400571751054799
6669299551658704902,7502699724320097322,0.02115772851003182
6669299551658704902,7503034501376082986,0.05400571751054799
6669299551658704902,7516833731350643719,0.024748865217868076
6669299551658704902,7521069418713990158,0.12429420236021743
6669299551658704902,7525651754726671368,0.03531146772674288
6669299551658704902,7534684083310347265,0.0678003375024607
6669299551658704902,7536210918439863297,0.0683123455080013
6669299551658704902,7553889065608414263,0.05753421684232312
6669299551658704902,7553907650837955595,0.17513132755524255
6669299551658704902,7555788949694088210,0.02682412684311009
6669299551658704902,7577464395643552775,0.05400571751054799
6669299551658704902,7577628387390129168,0.02462119933105637
6669299551658704902,7578586528784696332,0.03466784262493305
6669299551658704902,7589963743808947221,0.4073274872619761
6669299551658704902,7592395448494474254,0.10066254581434357
6669299551658704902,7601465278044668949,0.01786130907863074
6669299551658704902,7615456357705417750,0.07246122594398978
6669299551658704902,7620360781880771597,0.05400571751054799
6669429443285123078,6670176806173392901,0.015447356753230633
6669429443285123078,6841368350297375746,0.016237095649321083
6669429443285123078,6967865342052893698,0.015351907601282019
6669429443285123078,6967982835219661825,0.015729456936388667
6669429443285123078,7063815593522873349,0.01623965605745763
6669429443285123078,7093023801574867969,0.01558919561742037
6669429443285123078,7097208681418195994,0.0157232384723293
6669429443285123078,7112043590829982747,0.016232035406111515
6669429443285123078,7195872824606163994,0.015735608393342804
6669429443285123078,7265662037903885313,0.015722831763914338
6669429443285123078,7293760186871088133,0.01588992870748061
6669429443285123078,7367761141394998277,0.015868703934732324
6669850252496093190,6692237530606027782,0.015461139711545944
6669850252496093190,6700212094179394565,0.015025885407694454
6669850252496093190,6759666164744291334,0.10029945276294625
6669850252496093190,6775687990901015557,0.021569070254548094
6669850252496093190,6784603742592697350,0.030592933411709496
6669850252496093190,6797944169622553606,0.015443940093903746
6669850252496093190,6803042918397412358,0.030592933411709496
6669850252496093190,6829337968281682949,0.015288324085492957
6669850252496093190,6892347025741923333,0.024922685389129163
6669850252496093190,6909912221612557317,0.05267979194223076
6669850252496093190,6949584343513940998,0.015449582765618506
6669850252496093190,7019741447605027842,0.030592933411709496
6669850252496093190,7093090538711483397,0.01677533447281866
6669850252496093190,7125195944199996422,0.05502957860487271
6669850252496093190,7181113461597783046,0.030592933411709496
6669850252496093190,7223197815592715270,0.030592933411709496
6669850252496093190,7248602643801932827,0.01514060607941034
6669850252496093190,7292436220012790816,0.015440772485755897
6669850252496093190,7315521386973627425,0.015459025173592579
6669850252496093190,7434627254548382776,0.04603175004058825
6669850252496093190,7516833731350643719,0.04746005875987245
6669850252496093190,7540825121352614920,0.018480018561468598
6669850252496093190,7589963743808947221,0.030592933411709496
6669850252496093190,7610364091814872085,0.01912239789274377
6670176806173392901,6778887308772983810,0.04160706506440477
6670176806173392901,6780963947471488002,0.02250343651234503
6670176806173392901,6787799755310842885,0.04160706506440477
6670176806173392901,6810336090362004485,0.0987061082797922
6670176806173392901,6847662570619749381,0.015163710227487987
6670176806173392901,6912121422416790533,0.04160706506440477
6670176806173392901,6981842793023243270,0.04160706506440477
6670176806173392901,6990299477060781061,0.04139451771571761
6670176806173392901,7111181867437802497,0.015630864783596266
6670176806173392901,7112043590829982747,0.015454364063059639
6670176806173392901,7202373728666174466,0.04160706506440477
6670176806173392901,7213907079759856645,0.18807117986016178
6670176806173392901,7255585908618937370,0.015152484609745902
6670176806173392901,7345507730973262881,0.04240489951168521
6670176806173392901,7437773895165920312,0.04160706506440477
6670176806173392901,7533684525809943574,0.04160706506440477
6670176806173392901,7559878386093442056,0.04160706506440477
6670176806173392901,7570721274922779668,0.04160706506440477
6670176806173392901,7576228097504363527,0.04160706506440477
6677580356772938758,6778887308772983810,0.04269618527168356
6677580356772938758,6780963947471488002,0.023092493861159996
6677580356772938758,6787799755310842885,0.04269618527168356
6677580356772938758,6877092036177904642,0.01474610312168149
6677580356772938758,6879141513667396614,0.013801594234413465
6677580356772938758,6901293173320041474,0.016697550952443154
6677580356772938758,6912121422416790533,0.04269618527168356
6677580356772938758,6978785360063267846,0.016697550952443154
6677580356772938758,6981842793023243270,0.04269618527168356
6677580356772938758,7094760895809684485,0.013703695356366454
6677580356772938758,7189496226865267717,0.013607717130900206
6677580356772938758,7202373728666174466,0.04269618527168356
6677580356772938758,7259830210505573382,0.013047975239137505
6677580356772938758,7281769226565796870,0.012908289251436358
6677580356772938758,7297933972808729632,0.014058648018172104
6677580356772938758,7437773895165920312,0.04269618527168356
6677580356772938758,7522457887882445846,0.01485614656204117
6677580356772938758,7533684525809943574,0.04269618527168356
6677580356772938758,7534543341909083143,0.013633958203093119
6677580356772938758,7538303426845819918,0.01455525898490431
6677580356772938758,7559878386093442056,0.04269618527168356
6677580356772938758,7570721274922779668,0.04269618527168356
6677580356772938758,7576228097504363527,0.04269618527168356
6681455581809345541,6766343211709858822,0.015183557384667715
6681455581809345541,6797153722771375110,0.02978145970772359
6681455581809345541,6821664407849092102,0.020531453270569697
6681455581809345541,6870787891703006210,0.014935580597807079
6681455581809345541,6885048845878248453,0.015283037151608017
6681455581809345541,6909418799418606598,0.015218998849642767
6681455581809345541,7151417501942219781,0.02594134496712575
6681455581809345541,7228721685779235846,0.015422364088622064
6681455581809345541,7352986419860423712,0.015031687074890356
6681455581809345541,7359928513861927969,0.014973562904330752
6681455581809345541,7513207192766743559,0.025832988249708207
6681455581809345541,7519531111723222072,0.015495599166818624
6681455581809345541,7539280226653357073,0.01524489307949071
6681455581809345541,7560202600190460948,0.015005152485234617
6682417245623354373,6784603742592697350,0.07859411035340232
6682417245623354373,6803042918397412358,0.07859411035340232
6682417245623354373,6826821136366994437,0.015718723466140762
6682417245623354373,6889429234431853574,0.015718723466140762
6682417245623354373,6901293173320041474,0.1161399727606679
6682417245623354373,6963109032279213061,0.016033197722308476
6682417245623354373,6978785360063267846,0.1161399727606679
6682417245623354373,7019741447605027842,0.07859411035340232
6682417245623354373,7034907735930160133,0.08954347834395276
6682417245623354373,7139448682156131355,0.08954347834395276
6682417245623354373,7165051441248650242,0.01521106423188861
6682417245623354373,7181113461597783046,0.07859411035340232
6682417245623354373,7192962788661724165,0.08954347834395276
6682417245623354373,7223197815592715270,0.07859411035340232
6682417245623354373,7232053097944777733,0.015446162962244783
6682417245623354373,7236791190447686683,0.016035650107532353
6682417245623354373,7346466630966412293,0.01603427918647327
6682417245623354373,7434627254548382776,0.07859411035340232
6682417245623354373,7456825610020160518,0.015873516419500047
6682417245623354373,7490579692137137174,0.015718287101682882
6682417245623354373,7526713237481833504,0.015873561725022658
6682417245623354373,7553907650837955595,0.08954347834395276
6682417245623354373,7556652869841044512,0.015872182491680924
6682417245623354373,7589963743808947221,0.07859411035340232
6683425595843986438,6702564715531420678,0.11888131730310891
6683425595843986438,6765565991936377862,0.015431824788658767
6683425595843986438,6944422984339129349,0.015432160951101847
6683425595843986438,6962998966736946178,0.015581509139622054
6683425595843986438,7014863130023052293,0.015582180663019392
6683425595843986438,7126424782262305797,0.03427331240325303
6683425595843986438,7150565541089985542,0.04216971244084974
6683425595843986438,7307548469060584454,0.11888131730310891
6683425595843986438,7352849317865505798,0.015589929444544529
6683425595843986438,7408910802202461190,0.03540401468583198
6683425595843986438,7416269225385296902,0.015756483426475402
6683425595843986438,7418987475336971269,0.04920518760004479
6683425595843986438,7453398291771524102,0.015590139574620944
6683425595843986438,7475281813004338198,0.015754887825212782
6687409942040757253,6843139966571365382,0.016300290366067484
6687409942040757253,6849714013304079366,0.016595186058656602
6687409942040757253,6876111398716916738,0.016322994117654362
6687409942040757253,6933068895939724293,0.016282409919948636
6687409942040757253,6950265718026683398,0.01628305346298452
6687409942040757253,6964671467075634178,0.016563475160772896
6687409942040757253,7061134436725277701,0.016305248471716393
6687409942040757253,7128070099412157442,0.016541080301870317
6687409942040757253,7187952219559248898,0.016512364281420985
6687409942040757253,7235706083913876498,0.016491498973167356
6687409942040757253,7274983064991810566,0.016526273066562593
6687409942040757253,7405527020195284001,0.016617184319276727
6687409942040757253,7436415158378824725,0.09439785344751754
6687409942040757253,7597512785483957259,0.016316987090611027
6691413216834880518,6692237530606027782,0.15563901944826058
6691413216834880518,6694846327920624642,0.0489723455192603
6691413216834880518,6702564715531420678,0.015996848320224775
6691413216834880518,6746031359683331077,0.15563901944826058
6691413216834880518,6784603742592697350,0.07198600935697892
6691413216834880518,6803042918397412358,0.07198600935697892
6691413216834880518,6806673784097195014,0.015517817075893012
6691413216834880518,6892347025741923333,0.058643760618790654
6691413216834880518,7019741447605027842,0.07198600935697892
6691413216834880518,7157484883282641925,0.058643760618790654
6691413216834880518,7181113461597783046,0.07198600935697892
6691413216834880518,7223197815592715270,0.07198600935697892
6691413216834880518,7292469793109722154,0.014858879194741687
6691413216834880518,7320351877056791584,0.3088862488976764
6691413216834880518,7357806298803143713,0.015117467899122345
6691413216834880518,7434627254548382776,0.07198600935697892
6691413216834880518,7589963743808947221,0.07198600935697892
6692237530606027782,6700212094179394565,0.015771540142835366
6692237530606027782,6724040525831521286,0.016204652370389296
6692237530606027782,6746031359683331077,0.12694331258411057
6692237530606027782,6791773227766940673,0.015457774036245308
6692237530606027782,6797944169622553606,0.016206968938361325
6692237530606027782,6943126304288572422,0.016223087110084418
6692237530606027782,6945431007680726021,0.015596814148123968
6692237530606027782,6981842793023243270,0.016203622389567577
6692237530606027782,7062743559237534725,0.015106819780658701
6692237530606027782,7151042722353218565,0.015460634076824352
6692237530606027782,7292436220012790816,0.016203661053052685
6692237530606027782,7315521386973627425,0.01622274617737757
6692237530606027782,7320351877056791584,0.2519358178029779
6692237530606027782,7434627254548382776,0.01620162564075845
6692237530606027782,7442753421524288544,0.015100556323524323
6692237530606027782,7501092673261618231,0.015216832066448343
6693961050361267206,6867672357939561478,0.014278914997767806
6693961050361267206,6882943806884512770,0.015112908574910898
6693961050361267206,6962525040178217990,0.014278987776374645
6693961050361267206,7038625080130520065,0.015126665876293792
6693961050361267206,7122494145399047194,0.014844539251517413
6693961050361267206,7124134844511126555,0.015124246084365916
6693961050361267206,7287249230892106758,0.014716638955054812
6693961050361267206,7378695724613616658,0.015125325446733725
6693961050361267206,7461329320323253254,0.014716487208664107
6693961050361267206,7474455005735437329,0.015270910755206455
6693961050361267206,7475477880530502689,0.01689447564860052
6693961050361267206,7495346041269814279,0.01512573029184912
6693961050361267206,7555788949694088210,0.016714715282266368
6693961050361267206,7613356856131453972,0.01471559280989273
6694846327920624642,6706132394343465990,0.03639603712369112
6694846327920624642,6731392185419695110,0.04509919947212047
6694846327920624642,6745432638369301510,0.08664474588412192
6694846327920624642,6763023633415521285,0.01962641746244449
6694846327920624642,6763576723490817029,0.10485842364770905
6694846327920624642,6764408836688675846,0.05982818623519081
6694846327920624642,6769282406316393477,0.048045785547379816
6694846327920624642,6784603742592697350,0.3401518292006314
6694846327920624642,6788685362896536581,0.0289504893533646
6694846327920624642,6803042918397412358,0.3401518292006314
6694846327920624642,6804278710825534469,0.249842096942255
6694846327920624642,6809697995937367046,0.04509919947212047
6694846327920624642,6818925100223120390,0.05403540744164263
6694846327920624642,6831114394236601346,0.04509919947212047
6694846327920624642,6839768600343430149,0.10379584391924272
6694846327920624642,6856636665056068614,0.5
6694846327920624642,6865515418422854662,0.10379584391924272
6694846327920624642,6870787891703006210,0.0289504893533646
6694846327920624642,6884016318182720517,0.04509919947212047
6694846327920624642,6892347025741923333,0.4895956152769437
6694846327920624642,6897916711003489285,0.05755503708388108
6694846327920624642,6932287413504033797,0.028575909877645495
6694846327920624642,6934107948599919621,0.04509919947212047
6694846327920624642,6945431007680726021,0.022974212908534127
6694846327920624642,6949381153037370374,0.0289504893533646
6694846327920624642,6954906602508993542,0.023486719544747185
6694846327920624642,6965504260722361350,0.0289504893533646
6694846327920624642,6966250842496730117,0.015283574428277425
6694846327920624642,6986545839854339074,0.01493801658607605
6694846327920624642,6993706047081530374,0.04509919947212047
6694846327920624642,7009641336668161030,0.124080537265225
6694846327920624642,7019741447605027842,0.3401518292006314
6694846327920624642,7024036134000116742,0.04509919947212047
6694846327920624642,7031874916669015045,0.04509919947212047
6694846327920624642,7034907735930160133,0.16264534011506396
6694846327920624642,7041945495375971329,0.04509919947212047
6694846327920624642,7060956428266505221,0.10379584391924272
6694846327920624642,7068378496390153262,0.19202179090566668
6694846327920624642,7077174182438011909,0.024130905934119477
6694846327920624642,7077477385247720474,0.5
6694846327920624642,7089082529218593798,0.04509919947212047
6694846327920624642,7097208681418195994,0.02926795771599583
6694846327920624642,7104625198607844379,0.1747640394128484
6694846327920624642,7110285028063872042,0.04509919947212047
6694846327920624642,7126424782262305797,0.1730196636108592
6694846327920624642,7128440962807956482,0.08519132053682502
6694846327920624642,7139448682156131355,0.16264534011506396
6694846327920624642,7147846060249072645,0.04509919947212047
6694846327920624642,7154612198102483973,0.02458972190947495
6694846327920624642,7154955988025590786,0.01962641746244449
6694846327920624642,7157484883282641925,0.464352501592726
6694846327920624642,7178262848806650885,0.01996757061881545
6694846327920624642,7181113461597783046,0.3401518292006314
6694846327920624642,7187500258129593349,0.04075243449061477
6694846327920624642,7192962788661724165,0.16264534011506396
6694846327920624642,7206954249904669702,0.018102224106736606
6694846327920624642,7218748615745274885,0.04509919947212047
6694846327920624642,7223197815592715270,0.3401518292006314
6694846327920624642,7232638793861678082,0.020574848984789482
6694846327920624642,7253090810513097730,0.1254310267650967
6694846327920624642,7254118992901358598,0.014939393030130687
6694846327920624642,7255459615491753002,0.06306963004019976
6694846327920624642,7256202462158406658,0.2792932772373166
6694846327920624642,7263081302823552005,0.029823657275927895
6694846327920624642,7281282899318850566,0.04509919947212047
6694846327920624642,7284750471163970562,0.048045785547379816
6694846327920624642,7290292672361759776,0.04509919947212047
6694846327920624642,7292020279937025030,0.048045785547379816
6694846327920624642,7308377902638728224,0.03448565949927866
6694846327920624642,7311708051199230981,0.14244656187487353
6694846327920624642,7352986419860423712,0.04509919947212047
6694846327920624642,7359289173456913454,0.023321711209993354
6694846327920624642,7361054820280730629,0.04509919947212047
6694846327920624642,7367437036964119584,0.01581331125327263
6694846327920624642,7377997874032084000,0.28591072284219543
6694846327920624642,7399170004366885889,0.04509919947212047
6694846327920624642,7414410186095772678,0.048045785547379816
6694846327920624642,7416269225385296902,0.10379584391924272
6694846327920624642,7434627254548382776,0.3401518292006314
6694846327920624642,7436219840279053328,0.02926795771599583
6694846327920624642,7436415158378824725,0.023131905009588605
6694846327920624642,7447572034136556561,0.0289504893533646
6694846327920624642,7449327343900541984,0.19152615824582186
6694846327920624642,7453634343190807557,0.04509919947212047
6694846327920624642,7454926910012064774,0.020660243263802416
6694846327920624642,7457519820280644613,0.0289504893533646
6694846327920624642,7463351104668501024,0.04509919947212047
6694846327920624642,7463944109431145489,0.0289504893533646
6694846327920624642,7471571264202441729,0.10379584391924272
6694846327920624642,7492091019530798087,0.02260259304212782
6694846327920624642,7495918801364485163,0.04636552790081194
6694846327920624642,7497772332389123079,0.04509919947212047
6694846327920624642,7498665985957823506,0.04509919947212047
6694846327920624642,7502699724320097322,0.01766843701807181
6694846327920624642,7503034501376082986,0.04509919947212047
6694846327920624642,7521069418713990158,0.10379584391924272
6694846327920624642,7534684083310347265,0.06296651265619746
6694846327920624642,7536210918439863297,0.06344201705261404
6694846327920624642,7553889065608414263,0.048045785547379816
6694846327920624642,7553907650837955595,0.16264534011506396
6694846327920624642,7577464395643552775,0.04509919947212047
6694846327920624642,7577628387390129168,0.020560718958270965
6694846327920624642,7578586528784696332,0.0289504893533646
6694846327920624642,7589963743808947221,0.3401518292006314
6694846327920624642,7592395448494474254,0.10839022668023936
6694846327920624642,7615456357705417750,0.06560483064333429
6694846327920624642,7620360781880771597,0.04509919947212047
6700212094179394565,6724040525831521286,0.01579208224485579
6700212094179394565,6791773227766940673,0.015022857184585459
6700212094179394565,6795087729798661125,0.015921734757094057
6700212094179394565,6797944169622553606,0.015789618303352255
6700212094179394565,6943126304288572422,0.015773273700812315
6700212094179394565,6945431007680726021,0.01515802541397199
6700212094179394565,6981842793023243270,0.01579323235284161
6700212094179394565,7151042722353218565,0.015025429927241115
6700212094179394565,7292436220012790816,0.015793187185182307
6700212094179394565,7315521386973627425,0.015773603967251464
6700212094179394565,7434627254548382776,0.015795677702559165
6700212094179394565,7501092673261618231,0.014787779742292275
6700212094179394565,7543302231467328534,0.0902264755818566
6702564715531420678,6806673784097195014,0.015605948569968078
6702564715531420678,6809360915122308101,0.016254238765629647
6702564715531420678,6934107948599919621,0.015990097036344346
6702564715531420678,7072173543165314053,0.016096598490683168
6702564715531420678,7075367754325869570,0.015201511779619016
6702564715531420678,7088069802837967877,0.01607067081830614
6702564715531420678,7110264605897049115,0.016124580168771326
6702564715531420678,7126424782262305797,0.03427331240325303
6702564715531420678,7150565541089985542,0.04216971244084974
6702564715531420678,7251253251058959386,0.01597809185716146
6702564715531420678,7307548469060584454,0.11888131730310891
6702564715531420678,7357806298803143713,0.01519902815153854
6702564715531420678,7408910802202461190,0.03540401468583198
6702564715531420678,7418987475336971269,0.04920518760004479
6702564715531420678,7483884642539471878,0.016164522376147027
6705803659719263237,6792274574055801861,0.01586718797874876
6705803659719263237,6882770991467807745,0.016034448791324006
6705803659719263237,6891705601257145349,0.01570077693537857
6705803659719263237,6917079199762285573,0.015701374960186597
6705803659719263237,6990019487899501573,0.015706644342434285
6705803659719263237,6991030367710233602,0.01602701598219875
6705803659719263237,7029826856011580421,0.016032428551206936
6705803659719263237,7046403690119808006,0.015690941573201906
6705803659719263237,7175189895740425221,0.015867144799184562
6705803659719263237,7178590990041711622,0.01620976630425904
6705803659719263237,7306969713349805064,0.01602741864346045
6705803659719263237,7355557262863336453,0.016200862638873676
6705803659719263237,7572620715221812246,0.016023164419083632
6705803659719263237,7585691270368019463,0.01619224926522779
6705803659719263237,7609668379692401697,0.025926681340827224
6706132394343465990,6784603742592697350,0.053499693371079425
6706132394343465990,6803042918397412358,0.053499693371079425
6706132394343465990,6856636665056068614,0.03639603712369112
6706132394343465990,6892347025741923333,0.043583791340255966
6706132394343465990,6914709275327661062,0.028176118476872684
6706132394343465990,7019741447605027842,0.053499693371079425
6706132394343465990,7077477385247720474,0.03639603712369112
6706132394343465990,7157484883282641925,0.043583791340255966
6706132394343465990,7181113461597783046,0.053499693371079425
6706132394343465990,7223197815592715270,0.053499693371079425
6706132394343465990,7434627254548382776,0.053499693371079425
6706132394343465990,7589963743808947221,0.053499693371079425
6706795899182613506,6761998434112144389,0.015695892891707086
6706795899182613506,6775687990901015557,0.015707385125032485
6706795899182613506,6969277135371748358,0.01570629244850552
6706795899182613506,6984293816250401794,0.016049319348850982
6706795899182613506,7154612198102483973,0.015695692221916118
6706795899182613506,7187500258129593349,0.01554778406535167
6706795899182613506,7232638793861678082,0.016050254880705606
6706795899182613506,7287629583536538630,0.015551364112020405
6706795899182613506,7365635139777823749,0.015705803032875817
6706795899182613506,7418987475336971269,0.015407100179356231
6706795899182613506,7428767448856282118,0.01527088345300652
6706795899182613506,7509040397092865042,0.015551017749893595
6706795899182613506,7536210918439863297,0.01554828716374097
6706795899182613506,7537837262555235350,0.015547537362997113
6706795899182613506,7553907650837955595,0.016046961789049928
6716819951271248901,6726460667836498950,0.01621756033360704
6716819951271248901,6811775237034886150,0.015432939425175879
6716819951271248901,6915837066996728837,0.015310015803377503
6716819951271248901,6936971554723103749,0.015876986791455425
6716819951271248901,6965504260722361350,0.015876683951331724
6716819951271248901,7101038813632644101,0.015876364379868366
6716819951271248901,7146999325209576450,0.015300550544789931
6716819951271248901,7213907079759856645,0.01621678747195384
6716819951271248901,7230689368007574534,0.01621691364882938
6716819951271248901,7262400527862301702,0.016217825327974524
6716819951271248901,7290292672361759776,0.015571022999181464
6716819951271248901,7358930055361823749,0.01587619847201563
6716819951271248901,7415799988297319429,0.015605800033375548
6716819951271248901,7435499715750806536,0.015438441152268107
6716819951271248901,7603626364147123222,0.016215598305288438
6716819951271248901,7610014708498023431,0.015309848984906492
6718433480264762373,6781099370517070853,0.01640594749612974
6718433480264762373,6865188838906889221,0.015897257119587116
6718433480264762373,6965175721303999494,0.01623797996638457
6718433480264762373,6969779682486141958,0.016035569291969667
6718433480264762373,6976288257181008902,0.016234470855117086
6718433480264762373,7071395036047131653,0.016229654380914022
6718433480264762373,7074661077590197253,0.016404936312223017
6718433480264762373,7174050320195568646,0.016224580732282654
6718433480264762373,7312576223157863457,0.016406126164003745
6718433480264762373,7572160716909806600,0.01622444354113816
6718433480264762373,7610364091814872085,0.0158828871379254
6719415986493719557,6752306766380745734,0.01554480264640198
6719415986493719557,6802111873555727361,0.01652075597789765
6719415986493719557,6802216129184941062,0.016573473073650778
6719415986493719557,6805242171110573062,0.017946078658347252
6719415986493719557,6822164219574027270,0.07181672794106823
6719415986493719557,6822720405318304774,0.015661017004642012
6719415986493719557,6850499594155361285,0.01664835178441448
6719415986493719557,6923847519505335302,0.054571237670839476
6719415986493719557,6987706064737289217,0.015796804864984287
6719415986493719557,7071238041176409090,0.09983985025769983
6719415986493719557,7265744876464423968,0.015993632080569368
6719415986493719557,7318306691132589088,0.02045127712586485
6719415986493719557,7333474672351675398,0.015789804201838915
6719415986493719557,7543302231467328534,0.016044186812960087
6719415986493719557,7543955698288739335,0.016254947709114276
6719415986493719557,7550338226915230776,0.01618050972243169
6719415986493719557,7573400555184604167,0.016573459216844173
6724040525831521286,6778887308772983810,0.06650584129825902
6724040525831521286,6780963947471488002,0.03597009245999016
6724040525831521286,6787799755310842885,0.06650584129825902
6724040525831521286,6791773227766940673,0.015438356609082772
6724040525831521286,6797944169622553606,0.01622463339954507
6724040525831521286,6901293173320041474,0.026008990420257994
6724040525831521286,6912121422416790533,0.06650584129825902
6724040525831521286,6943126304288572422,0.016206574578508513
6724040525831521286,6978785360063267846,0.026008990420257994
6724040525831521286,6981842793023243270,0.08273216248898671
6724040525831521286,7151042722353218565,0.015441216907286986
6724040525831521286,7202373728666174466,0.06650584129825902
6724040525831521286,7261422825452422150,0.01699149843783033
6724040525831521286,7292436220012790816,0.016226359849381016
6724040525831521286,7315521386973627425,0.016206940112583768
6724040525831521286,7437773895165920312,0.06650584129825902
6724040525831521286,7442753421524288544,0.015081553227061737
6724040525831521286,7501092673261618231,0.01519769613209144
6724040525831521286,7533684525809943574,0.06650584129825902
6724040525831521286,7559878386093442056,0.06650584129825902
6724040525831521286,7570721274922779668,0.06650584129825902
6724040525831521286,7576228097504363527,0.06650584129825902
6724242765444449285,6804278710825534469,0.13920113607573686
6724242765444449285,6982171632279634946,0.4957060667601395
6724242765444449285,6990433306123682822,0.4959607980052963
6724242765444449285,7006613667513418757,0.4957060667601395
6724242765444449285,7009641336668161030,0.11522045299541844
6724242765444449285,7014981470109565957,0.4957060667601395
6724242765444449285,7047494209448166401,0.5232523660766328
6724242765444449285,7128070099412157442,0.49633797784202593
6724242765444449285,7187952219559248898,0.49567688345477373
6724242765444449285,7197284105015788549,0.4957060667601395
6724242765444449285,7230689368007574534,0.49596485639451277
6724242765444449285,7251253251058959386,0.4956115244137
6724242765444449285,7253090810513097730,0.10276763594997068
6724242765444449285,7255307152083796994,0.49623646107455927
6724242765444449285,7256202462158406658,0.49633797784202593
6724242765444449285,7311708051199230981,0.23206193135281683
6724242765444449285,7377997874032084000,0.4956572813570751
6724242765444449285,7523591048695170064,0.49579360168756936
6724242765444449285,7524800391486522390,0.01629358207331501
6724242765444449285,7592395448494474254,0.10065052339093468
6724242765444449285,7614802407563035656,0.015929234799896608
6726460667836498950,6915837066996728837,0.015622741020715678
6726460667836498950,7046403690119808006,0.016044404360070194
6726460667836498950,7095862401271038981,0.01657911799518618
6726460667836498950,7101038813632644101,0.016222629954478776
6726460667836498950,7213907079759856645,0.016592737301431196
6726460667836498950,7230689368007574534,0.016592866164788753
6726460667836498950,7262400527862301702,0.016593256057034766
6726460667836498950,7358930055361823749,0.016222813883361848
6726460667836498950,7377044399681307681,0.016579719336260318
6726460667836498950,7424553645365543942,0.016582554232469262
6726460667836498950,7435499715750806536,0.01575647290569911
6726460667836498950,7490403226492077078,0.11713280349513318
6726460667836498950,7603626364147123222,0.016591523541817844
6726460667836498950,7610014708498023431,0.015622570665848623
6727371287482942469,6787799755310842885,0.015043995963597994
6727371287482942469,6949381153037370374,0.015202590831004508
6727371287482942469,6978785360063267846,0.014917317235526773
6727371287482942469,6981112366020838426,0.01504600908162869
6727371287482942469,7012341717442462725,0.014554747716179485
6727371287482942469,7022490858335421441,0.014667633526757718
6727371287482942469,7030985942694036485,0.014668667247228383
6727371287482942469,7047368764291171333,0.014647508861690391
6727371287482942469,7143638497873413126,0.01455395573397392
6727371287482942469,7185944755032146946,0.014901237375734422
6727371287482942469,7353421506658124833,0.014770978614019931
6727371287482942469,7469354913887241217,0.014553799776564569
6727371287482942469,7469616549301634065,0.014551504020495818
6727371287482942469,7559878386093442056,0.014666838590176043
6727371287482942469,7589963743808947221,0.015048703170824457
6727959454509532166,6762115865951437829,0.016594184158469177
6727959454509532166,6799048483291677701,0.015742340340709943
6727959454509532166,6834143886405157894,0.0165875974697085
6727959454509532166,6982498486395175942,0.016598845768486324
6727959454509532166,6985530541395624966,0.015717603689578773
6727959454509532166,7017795675979924481,0.015476383615623299
6727959454509532166,7033903061694268422,0.016023768631411698
6727959454509532166,7063430535804781574,0.016592553555255855
6727959454509532166,7154955988025590786,0.016598475564862988
6727959454509532166,7189144603827487746,0.016587698096481068
6727959454509532166,7255459615491753002,0.015576550138928096
6727959454509532166,7453634343190807557,0.01602584648448811
6727959454509532166,7497772332389123079,0.01562032753728895
6731392185419695110,6784603742592697350,0.06629274870887089
6731392185419695110,6803042918397412358,0.06629274870887089
6731392185419695110,6856636665056068614,0.04509919947212047
6731392185419695110,6892347025741923333,0.05400571751054799
6731392185419695110,7019741447605027842,0.06629274870887089
6731392185419695110,7077477385247720474,0.04509919947212047
6731392185419695110,7126145497094947845,0.016009401361212816
6731392185419695110,7157484883282641925,0.05400571751054799
6731392185419695110,7181113461597783046,0.06629274870887089
6731392185419695110,7223197815592715270,0.06629274870887089
6731392185419695110,7389767673448285226,0.015872050619880843
6731392185419695110,7409739423779357702,0.016592237132443698
6731392185419695110,7432711408628679685,0.016531321108679404
6731392185419695110,7434627254548382776,0.06629274870887089
6731392185419695110,7499448682740204566,0.016562990163529023
6731392185419695110,7528317052487566392,0.01630688510375171
6731392185419695110,7589963743808947221,0.06629274870887089
6734232606072095750,6804278710825534469,0.016221340002915502
6734232606072095750,6862468704480510981,0.016223164206065507
6734232606072095750,6871400804788470789,0.016220739527430174
6734232606072095750,6952320940948915206,0.01621959010079127
6734232606072095750,6977245355705156609,0.016399072212320245
6734232606072095750,7132827351868277765,0.016221340002915502
6734232606072095750,7156899651936486405,0.016047016806510498
6734232606072095750,7157484883282641925,0.01621287331379816
6734232606072095750,7207214184994898949,0.0158831092728418
6734232606072095750,7365635139777823749,0.02013912327961364
6734232606072095750,7481202044420228112,0.01588255212723074
6734232606072095750,7487696987476886560,0.01588354628592713
6734232606072095750,7529208229067621384,0.016211525020384296
6734232606072095750,7535561785211552776,0.016399919916634347
6734232606072095750,7543955698288739335,0.12268940200763064
6736486271538152454,6817048044547228674,0.01639344755208918
6736486271538152454,6851041098493330434,0.01639774826596321
6736486271538152454,6861442596751246342,0.01639623099658208
6736486271538152454,6910798769080976385,0.015869055526153683
6736486271538152454,6945373217453425669,0.016390630253893784
6736486271538152454,6960298061139969029,0.01639601001943196
6736486271538152454,6975000026854687749,0.016391208232373777
6736486271538152454,6976420668834497541,0.015589565155104295
6736486271538152454,7118766647640753178,0.015719848713460036
6736486271538152454,7128440962807956482,0.0163936346550565
6736486271538152454,7178073990841500673,0.015728831286113826
6736486271538152454,7525651754726671368,0.01620915391133697
6736486271538152454,7531355177938682896,0.016390035597812574
6736486271538152454,7534224814162166800,0.01571966815018285
6745432638369301510,6784603742592697350,0.0760042995448023
6745432638369301510,6797153722771375110,0.04577471926493761
6745432638369301510,6803042918397412358,0.0760042995448023
6745432638369301510,6856636665056068614,0.08664474588412192
6745432638369301510,6892347025741923333,0.09329630570195167
6745432638369301510,6952320940948915206,0.015733364897547824
6745432638369301510,7019741447605027842,0.0760042995448023
6745432638369301510,7077477385247720474,0.08664474588412192
6745432638369301510,7157484883282641925,0.09329630570195167
6745432638369301510,7181113461597783046,0.0760042995448023
6745432638369301510,7223197815592715270,0.0760042995448023
6745432638369301510,7333933730745566213,0.01590298612542456
6745432638369301510,7434627254548382776,0.0760042995448023
6745432638369301510,7589963743808947221,0.0760042995448023
6746031359683331077,6765565991936377862,0.0155663897813261
6746031359683331077,6787077164376491014,0.015411012212086527
6746031359683331077,6801133006398702597,0.015561714776103932
6746031359683331077,6944422984339129349,0.015566728912031997
6746031359683331077,6962998966736946178,0.015722097011810147
6746031359683331077,6993227536423945222,0.015276105187972998
6746031359683331077,7014863130023052293,0.015722774456355462
6746031359683331077,7028867830490547206,0.015564021133441405
6746031359683331077,7320351877056791584,0.2519358178029779
6746031359683331077,7345693452820186117,0.015564064098020724
6746031359683331077,7352849317865505798,0.01573062156623651
6746031359683331077,7416269225385296902,0.015900180514645305
6746031359683331077,7453398291771524102,0.015730833551593666
6746031359683331077,7475281813004338198,0.01589857122369981
6748937122159821830,6910309608222557189,0.014940818040224225
6748937122159821830,6912144792286462981,0.014852236083977293
6748937122159821830,6996027289760187398,0.015115226162694107
6748937122159821830,7123824749314589742,0.01493841771252055
6748937122159821830,7187464196166288389,0.024216378748255413
6748937122159821830,7297306010283181062,0.01638641909206534
6748937122159821830,7318306691132589088,0.016461543993435145
6748937122159821830,7319108928196903968,0.01501018668295863
6748937122159821830,7337084105261138976,0.016658022503360376
6748937122159821830,7337597547799020549,0.014864083666897726
6748937122159821830,7358089344354354194,0.019862657781162783
6748937122159821830,7508750993641489415,0.01535347839692024
6748937122159821830,7535385905805460487,0.015665239148801798
6748937122159821830,7587625784933041174,0.014935328747595915
6748937122159821830,7611159661320930321,0.0169262550497789
6749961922102477830,6774446817130267654,0.015790894175419797
6749961922102477830,6828658690528592901,0.015959040833286278
6749961922102477830,6994977751610475525,0.01578229925701241
6749961922102477830,7025154962762826753,0.015630880647246267
6749961922102477830,7089082529218593798,0.015952803744864054
6749961922102477830,7110530423914595334,0.015787642545522916
6749961922102477830,7124837748766721026,0.015959040833286278
6749961922102477830,7150565541089985542,0.014754506822343595
6749961922102477830,7205671848440792069,0.015792600327125216
6749961922102477830,7415799988297319429,0.016471171166203436
6749961922102477830,7462811958108062726,0.016585263664143556
6749961922102477830,7472777689112675361,0.015953555936106475
6750661153691485189,6850499594155361285,0.016480380253694773
6750661153691485189,6884611690841179138,0.019088629840067223
6750661153691485189,6897916711003489285,0.02637360284568716
6750661153691485189,6916463036367242245,0.020684758549783768
6750661153691485189,6933068895939724293,0.012360494415783999
6750661153691485189,7154612198102483973,0.013715707075196794
6750661153691485189,7156899651936486405,0.013174184508002505
6750661153691485189,7161919347677234181,0.01245950797360051
6750661153691485189,7203670961974690817,0.02373080326954561
6750661153691485189,7323120700012938245,0.01380036450787173
6750661153691485189,7324429098661790726,0.030114742944282527
6750661153691485189,7481202044420228112,0.019278342733914426
6750661153691485189,7494827943799571486,0.021050969349936815
6750661153691485189,7508750993641489415,0.01805561544761717
6750661153691485189,7577628387390129168,0.014007238379870134
6751514677887124486,6821664407849092102,0.015309374524047613
6751514677887124486,6918522708590887938,0.019894610442434152
6751514677887124486,6932287413504033797,0.01603320081081611
6751514677887124486,6985530541395624966,0.018283034792694372
6751514677887124486,7020067657941763078,0.015498515157848154
6751514677887124486,7033309963939496987,0.016299632048333762
6751514677887124486,7050498314663379974,0.015717638302301214
6751514677887124486,7062668564406666246,0.016031134039905463
6751514677887124486,7114857710017446917,0.015792022277515583
6751514677887124486,7163936659606766598,0.01572033784625206
6751514677887124486,7521665294160200711,0.016407384104058703
6751514677887124486,7557359371543430166,0.015863204712587554
6751514677887124486,7578586528784696332,0.015879789577584822
6751514677887124486,7605645281590510610,0.015877433994061763
6751514677887124486,7613372812347589646,0.015513612551867331
6751514677887124486,7614802407563035656,0.015871348860487283
6752306766380745734,6802111873555727361,0.015688146265311842
6752306766380745734,6802216129184941062,0.015646020166488372
6752306766380745734,6822720405318304774,0.015185239021103733
6752306766380745734,6850499594155361285,0.015510707023328473
6752306766380745734,6870272731359872005,0.014690888838109305
6752306766380745734,6914932704597935110,0.015096563870702271
6752306766380745734,6938129809118577670,0.014794840722565908
6752306766380745734,6961111781085873157,0.014564604344253985
6752306766380745734,7013057860546036742,0.024270531833961734
6752306766380745734,7151417501942219781,0.014696707859527352
6752306766380745734,7292469793109722154,0.014444903340148254
6752306766380745734,7330899919002027051,0.015192426855036434
6752306766380745734,7349660179460015147,0.0365825343999699
6752306766380745734,7538303426845819918,0.07012776546306518
6752306766380745734,7573400555184604167,0.015439776039700513
6752306766380745734,7612304113564566531,0.014701250289037229
6759168903093978117,6817048044547228674,0.01658351480848038
6759168903093978117,6884611690841179138,0.016587866488171624
6759168903093978117,6901293173320041474,0.016048931817311533
6759168903093978117,6945373217453425669,0.016586262494805087
6759168903093978117,6975000026854687749,0.016585673328547417
6759168903093978117,7118597435305722926,0.016218538278223556
6759168903093978117,7126424782262305797,0.016048490573313104
6759168903093978117,7128440962807956482,0.016583343001487387
6759168903093978117,7333933730745566213,0.016587913839562166
6759168903093978117,7376897362978096145,0.01658758898054163
6759168903093978117,7416287041577305094,0.016591288038514652
6759168903093978117,7436219840279053328,0.016397429279962527
6759168903093978117,7531355177938682896,0.016586925413654637
6759666164744291334,6778887308772983810,0.06831785164986984
6759666164744291334,6780963947471488002,0.03695012938025999
6759666164744291334,6787799755310842885,0.06831785164986984
6759666164744291334,6805242171110573062,0.01591447414737359
6759666164744291334,6901293173320041474,0.02671762832268067
6759666164744291334,6912121422416790533,0.06831785164986984
6759666164744291334,6912144792286462981,0.015527673224656908
6759666164744291334,6978785360063267846,0.02671762832268067
6759666164744291334,6981842793023243270,0.06831785164986984
6759666164744291334,7123824749314589742,0.0157318470375361
6759666164744291334,7202373728666174466,0.06831785164986984
6759666164744291334,7232080941065569285,0.014956742502764445
6759666164744291334,7261422825452422150,0.017454446811352123
6759666164744291334,7349160078996276230,0.015094462712365413
6759666164744291334,7436296718439875639,0.015330696197670622
6759666164744291334,7437773895165920312,0.06831785164986984
6759666164744291334,7533684525809943574,0.06831785164986984
6759666164744291334,7559878386093442056,0.06831785164986984
6759666164744291334,7570721274922779668,0.06831785164986984
6759666164744291334,7576228097504363527,0.06831785164986984
6761373990138332165,6802111873555727361,0.498593468999987
6761373990138332165,6809360915122308101,0.49906128613305306
6761373990138332165,6849714013304079366,0.49878944007383524
6761373990138332165,6966250842496730117,0.015241640129798046
6761373990138332165,6986545839854339074,0.014915993449517152
6761373990138332165,6990433306123682822,0.4992419837120384
6761373990138332165,7050498314663379974,0.49906128613305306
6761373990138332165,7093023801574867969,0.49906128613305306
6761373990138332165,7128070099412157442,0.4989621600573231
6761373990138332165,7141833908052296709,0.4987725770003556
6761373990138332165,7230689368007574534,0.4992418964694866
6761373990138332165,7254118992901358598,0.014898581735567696
6761373990138332165,7255307152083796994,0.4990224871991405
6761373990138332165,7256202462158406658,0.4989621600573231
6761373990138332165,7402984582746358816,0.49906128613305306
6761373990138332165,7426970340070818822,0.015273087532529398
6761373990138332165,7523591048695170064,0.49879645603551415
6761998434112144389,6849714013304079366,0.49766677048578156
6761998434112144389,6887161232442033153,0.497755596576111
6761998434112144389,6968051165704209409,0.01620598776962704
6761998434112144389,6969277135371748358,0.015855106371717928
6761998434112144389,6990433306123682822,0.49811968322019284
6761998434112144389,7002249998172046337,0.4975531194671624
6761998434112144389,7050498314663379974,0.49751339447705945
6761998434112144389,7128070099412157442,0.4979360254433234
6761998434112144389,7141833908052296709,0.49765133173904064
6761998434112144389,7220015726932362267,0.016213694556694837
6761998434112144389,7230689368007574534,0.4981182084977332
6761998434112144389,7255307152083796994,0.49793150337263703
6761998434112144389,7256202462158406658,0.4979360254433234
6761998434112144389,7355557262863336453,0.4979274781964175
6761998434112144389,7365635139777823749,0.01585556176111713
6761998434112144389,7398073899592352769,0.01620395581588257
6761998434112144389,7402984582746358816,0.49751339447705945
6761998434112144389,7428767448856282118,0.015421977089092808
6761998434112144389,7509040397092865042,0.01569926544520205
6761998434112144389,7523591048695170064,0.49767857441840624
6761998434112144389,7537837262555235350,0.015703018997897784
6762115865951437829,6778887308772983810,0.06650584129825902
6762115865951437829,6780963947471488002,0.03597009245999016
6762115865951437829,6787799755310842885,0.06650584129825902
6762115865951437829,6834143886405157894,0.016582130220709125
6762115865951437829,6901293173320041474,0.026008990420257994
6762115865951437829,6912121422416790533,0.06650584129825902
6762115865951437829,6978785360063267846,0.026008990420257994
6762115865951437829,6981842793023243270,0.06650584129825902
6762115865951437829,6982498486395175942,0.016594914609304137
6762115865951437829,7033903061694268422,0.016028971538821137
6762115865951437829,7063430535804781574,0.01659792797893985
6762115865951437829,7189144603827487746,0.016593072614446525
6762115865951437829,7202373728666174466,0.06650584129825902
6762115865951437829,7261422825452422150,0.01699149843783033
6762115865951437829,7437773895165920312,0.06650584129825902
6762115865951437829,7533684525809943574,0.06650584129825902
6762115865951437829,7559878386093442056,0.06650584129825902
6762115865951437829,7570721274922779668,0.06650584129825902
6762115865951437829,7576228097504363527,0.06650584129825902
6763023633415521285,6784603742592697350,0.028849495692213754
6763023633415521285,6803042918397412358,0.028849495692213754
6763023633415521285,6856636665056068614,0.01962641746244449
6763023633415521285,6892347025741923333,0.023502385178169265
6763023633415521285,6965476267068392450,0.014505794941257952
6763023633415521285,7019741447605027842,0.028849495692213754
6763023633415521285,7035774233357026309,0.010383896422059386
6763023633415521285,7077477385247720474,0.01962641746244449
6763023633415521285,7094760895809684485,0.014037995818233819
6763023633415521285,7100966729770140677,0.010991736986847965
6763023633415521285,7157484883282641925,0.023502385178169265
6763023633415521285,7181113461597783046,0.028849495692213754
6763023633415521285,7189496226865267717,0.014007269711917623
6763023633415521285,7223197815592715270,0.028849495692213754
6763023633415521285,7259830210505573382,0.01565787699413652
6763023633415521285,7281769226565796870,0.015504116816834557
6763023633415521285,7297933972808729632,0.013684692042694945
6763023633415521285,7345507730973262881,0.01509601763008814
6763023633415521285,7434627254548382776,0.028849495692213754
6763023633415521285,7441608528565224494,0.01505435550943873
6763023633415521285,7489528358398002198,0.013125334726923074
6763023633415521285,7534543341909083143,0.014184525454362159
6763023633415521285,7589963743808947221,0.028849495692213754
6763576723490817029,6784603742592697350,0.09198123855513254
6763576723490817029,6790825402899514373,0.01521970008128546
6763576723490817029,6803042918397412358,0.09198123855513254
6763576723490817029,6824257455564997637,0.015529851452723452
6763576723490817029,6856636665056068614,0.10485842364770905
6763576723490817029,6892347025741923333,0.11290821443627994
6763576723490817029,6987886708910212102,0.016646598125209775
6763576723490817029,7019741447605027842,0.09198123855513254
6763576723490817029,7077477385247720474,0.10485842364770905
6763576723490817029,7157484883282641925,0.11290821443627994
6763576723490817029,7181113461597783046,0.09198123855513254
6763576723490817029,7223197815592715270,0.09198123855513254
6763576723490817029,7434627254548382776,0.09198123855513254
6763576723490817029,7516814050480571408,0.01649528405434226
6763576723490817029,7589963743808947221,0.09198123855513254
6764408836688675846,6784603742592697350,0.06629274870887089
6764408836688675846,6803042918397412358,0.06629274870887089
6764408836688675846,6856636665056068614,0.04509919947212047
6764408836688675846,6892347025741923333,0.05400571751054799
6764408836688675846,7019741447605027842,0.06629274870887089
6764408836688675846,7077477385247720474,0.04509919947212047
6764408836688675846,7157484883282641925,0.05400571751054799
6764408836688675846,7181113461597783046,0.06629274870887089
6764408836688675846,7223197815592715270,0.06629274870887089
6764408836688675846,7251991096619746306,0.0153338582134149
6764408836688675846,7300113222412895265,0.015230598955559931
6764408836688675846,7300626193325229061,0.015179094558739012
6764408836688675846,7400347622539019270,0.015366875924381336
6764408836688675846,7426970340070818822,0.015618504100672
6764408836688675846,7434627254548382776,0.06629274870887089
6764408836688675846,7454739601820288005,0.015154227603355781
6764408836688675846,7589963743808947221,0.06629274870887089
6765138161942709253,6797153722771375110,0.015083581129169698
6765138161942709253,6822164219574027270,0.01598596419045163
6765138161942709253,6873368506659390466,0.015517400648020409
6765138161942709253,6916943071255872518,0.017098007481075646
6765138161942709253,7007808562148705285,0.02186393748292599
6765138161942709253,7237562474958308358,0.013650120637700776
6765138161942709253,7248103984781755397,0.06717619662893902
6765138161942709253,7309689805897171970,0.03718473889612447
6765138161942709253,7316071021454558214,0.01608575085975818
6765138161942709253,7352986419860423712,0.015602265298618731
6765138161942709253,7359928513861927969,0.015659604435275233
6765138161942709253,7402984582746358816,0.016078419106347205
6765138161942709253,7486273853688464430,0.015205343502558569
6765138161942709253,7495918801364485163,0.015329990076888471
6765138161942709253,7513207192766743559,0.016116165860989906
6765138161942709253,7575049308014576661,0.015111506603712755
6765565991936377862,6803687435404641286,0.015571334577309814
6765565991936377862,6854084433894065158,0.01558113594152282
6765565991936377862,6883861528681055237,0.015473473139555825
6765565991936377862,6884016318182720517,0.0158835442505005
6765565991936377862,6911232913338221574,0.015569113279521603
6765565991936377862,6943355592603173893,0.015319185457202051
6765565991936377862,6944422984339129349,0.015890261379644294
6765565991936377862,6993227536423945222,0.015582134881827844
6765565991936377862,7028867830490547206,0.015875134254980286
6765565991936377862,7224271052267553819,0.015876464856806424
6765565991936377862,7317147259148715013,0.015571461915529909
6765565991936377862,7345693452820186117,0.015888235889464607
6766343211709858822,6797153722771375110,0.01456999881991398
6766343211709858822,6838326698851173382,0.014768023222405136
6766343211709858822,6870787891703006210,0.016680783051539836
6766343211709858822,6885048845878248453,0.015242427566452929
6766343211709858822,6909418799418606598,0.016903647412729993
6766343211709858822,7111181867437802497,0.014766741830731562
6766343211709858822,7228721685779235846,0.016686005942318102
6766343211709858822,7377997874032084000,0.016308807370530014
6766343211709858822,7469977879825466414,0.015232203956745665
6766343211709858822,7493568304607937558,0.014652891099504337
6766343211709858822,7539280226653357073,0.016163919232715103
6766343211709858822,7560202600190460948,0.015556795493398843
6766343211709858822,7575049308014576661,0.014539896523563692
6766343211709858822,7620205971531416579,0.016044745331884457
6767803653706941445,6778887308772983810,0.044327154925883495
6767803653706941445,6780963947471488002,0.023974613809059155
6767803653706941445,6787799755310842885,0.044327154925883495
6767803653706941445,6821664407849092102,0.015173129300453815
6767803653706941445,6901293173320041474,0.017335387769236085
6767803653706941445,6912121422416790533,0.044327154925883495
6767803653706941445,6978785360063267846,0.017335387769236085
6767803653706941445,6981842793023243270,0.044327154925883495
6767803653706941445,7020067657941763078,0.015487473857610633
6767803653706941445,7202373728666174466,0.044327154925883495
6767803653706941445,7258512037201429510,0.01632433886828039
6767803653706941445,7293760186871088133,0.20348663278944287
6767803653706941445,7363363492097065989,0.015982711584662277
6767803653706941445,7437773895165920312,0.044327154925883495
6767803653706941445,7494827943799571486,0.01600543646771197
6767803653706941445,7520209498390283282,0.016432767170071947
6767803653706941445,7533684525809943574,0.044327154925883495
6767803653706941445,7540825121352614920,0.016007088284045554
6767803653706941445,7559878386093442056,0.044327154925883495
6767803653706941445,7570721274922779668,0.044327154925883495
6767803653706941445,7576228097504363527,0.044327154925883495
6767803653706941445,7580931726077330450,0.15244356480226207
6767803653706941445,7593513425976984598,0.016245342713885943
6769282406316393477,6784603742592697350,0.07062402936401824
6769282406316393477,6803042918397412358,0.07062402936401824
6769282406316393477,6803687435404641286,0.015733046619490973
6769282406316393477,6856636665056068614,0.048045785547379816
6769282406316393477,6865188838906889221,0.015886546350467847
6769282406316393477,6892347025741923333,0.05753421684232312
6769282406316393477,7019741447605027842,0.07062402936401824
6769282406316393477,7071395036047131653,0.0162273728505852
6769282406316393477,7077477385247720474,0.048045785547379816
6769282406316393477,7157484883282641925,0.05753421684232312
6769282406316393477,7181113461597783046,0.07062402936401824
6769282406316393477,7223197815592715270,0.07062402936401824
6769282406316393477,7307548469060584454,0.01621484425208235
6769282406316393477,7317147259148715013,0.01573291817559751
6769282406316393477,7434627254548382776,0.07062402936401824
6769282406316393477,7463993064467252256,0.016405513572136737
6769282406316393477,7572160716909806600,0.01623223703554499
6769282406316393477,7589963743808947221,0.07062402936401824
6769282406316393477,7610364091814872085,0.015900562927818516
6769473008249603078,6778887308772983810,0.06650584129825902
6769473008249603078,6780963947471488002,0.03597009245999016
6769473008249603078,6787799755310842885,0.06650584129825902
6769473008249603078,6824177861047370758,0.025969718907407967
6769473008249603078,6901293173320041474,0.026008990420257994
6769473008249603078,6912121422416790533,0.06650584129825902
6769473008249603078,6978785360063267846,0.026008990420257994
6769473008249603078,6981842793023243270,0.06650584129825902
6769473008249603078,7002488915312739330,0.025965625215186798
6769473008249603078,7180371385733301250,0.015563565817537709
6769473008249603078,7202373728666174466,0.06650584129825902
6769473008249603078,7316298248997192709,0.015548565484043785
6769473008249603078,7389067466839983111,0.015092523203762743
6769473008249603078,7437773895165920312,0.06650584129825902
6769473008249603078,7498060815040431122,0.01587843068765276
6769473008249603078,7508718935962321938,0.015963898766633323
6769473008249603078,7520061487814427656,0.014844788697422522
6769473008249603078,7533684525809943574,0.06650584129825902
6769473008249603078,7559878386093442056,0.06650584129825902
6769473008249603078,7570721274922779668,0.06650584129825902
6769473008249603078,7576228097504363527,0.06650584129825902
6770116897880491014,6778887308772983810,0.06650584129825902
6770116897880491014,6780963947471488002,0.03597009245999016
6770116897880491014,6787799755310842885,0.06650584129825902
6770116897880491014,6811775237034886150,0.015017639773300617
6770116897880491014,6901293173320041474,0.026008990420257994
6770116897880491014,6912121422416790533,0.06650584129825902
6770116897880491014,6978785360063267846,0.026008990420257994
6770116897880491014,6981842793023243270,0.06650584129825902
6770116897880491014,7079516740987978757,0.015439275193866208
6770116897880491014,7139448682156131355,0.015867614971258742
6770116897880491014,7146999325209576450,0.014901201373522154
6770116897880491014,7202373728666174466,0.06650584129825902
6770116897880491014,7261422825452422150,0.01699149843783033
6770116897880491014,7421992589585843243,0.015022323315154022
6770116897880491014,7435499715750806536,0.015012523854842124
6770116897880491014,7437773895165920312,0.06650584129825902
6770116897880491014,7493826108368405512,0.015599497681618777
6770116897880491014,7533684525809943574,0.06650584129825902
6770116897880491014,7546456230891750422,0.015599497681618777
6770116897880491014,7555033171922912263,0.015151441352580591
6770116897880491014,7559878386093442056,0.06650584129825902
6770116897880491014,7570721274922779668,0.06650584129825902
6770116897880491014,7576228097504363527,0.06650584129825902
6770293695444059138,6778887308772983810,0.06650584129825902
6770293695444059138,6780963947471488002,0.05077178277349143
6770293695444059138,6787799755310842885,0.06650584129825902
6770293695444059138,6901293173320041474,0.026008990420257994
6770293695444059138,6912121422416790533,0.06650584129825902
6770293695444059138,6966250842496730117,0.015371522525743229
6770293695444059138,6978785360063267846,0.026008990420257994
6770293695444059138,6981842793023243270,0.06650584129825902
6770293695444059138,7007755339752113158,0.01568268019146256
6770293695444059138,7139448682156131355,0.015867614971258742
6770293695444059138,7202373728666174466,0.06650584129825902
6770293695444059138,7226986584104600578,0.015581262515953287
6770293695444059138,7254118992901358598,0.014896769556663676
6770293695444059138,7261422825452422150,0.01699149843783033
6770293695444059138,7309226277922309152,0.015711781725073322
6770293695444059138,7397098503866041349,0.014924300234145335
6770293695444059138,7437773895165920312,0.06650584129825902
6770293695444059138,7533684525809943574,0.06650584129825902
6770293695444059138,7559878386093442056,0.06650584129825902
6770293695444059138,7570721274922779668,0.06650584129825902
6770293695444059138,7576228097504363527,0.06650584129825902
6770691012118791169,6807737200873063429,0.015889917986285768
6770691012118791169,6908833879592535046,0.016190718608673788
6770691012118791169,6928620904365540354,0.01591284613783824
6770691012118791169,7102031855201911813,0.01617946250918221
6770691012118791169,7160888724522812418,0.016000070545372724
6770691012118791169,7171985902397834242,0.01619104096664831
6770691012118791169,7187479709860348934,0.01617621814128471
6770691012118791169,7292020279937025030,0.015915544965753533
6770691012118791169,7316815688206861344,0.01620936026612829
6770691012118791169,7320351877056791584,0.016589798795335245
6770691012118791169,7449327343900541984,0.01616737948304697
6770691012118791169,7496559084507726855,0.016156808571824832
6770691012118791169,7541721033906045972,0.016182732454630817
6774446817130267654,6811160099877389313,0.016200952277203806
6774446817130267654,6828658690528592901,0.01603809000453115
6774446817130267654,6994977751610475525,0.01586473115419464
6774446817130267654,7025154962762826753,0.01571744479220656
6774446817130267654,7089082529218593798,0.016031248143045115
6774446817130267654,7110530423914595334,0.015870572342503338
6774446817130267654,7124837748766721026,0.01603809000453115
6774446817130267654,7165051441248650242,0.015058944894175136
6774446817130267654,7205671848440792069,0.015876136505558674
6774446817130267654,7472777689112675361,0.016032074898572234
6775687990901015557,6909912221612557317,0.0187839470337781
6775687990901015557,6969277135371748358,0.015862131752153917
6775687990901015557,6984293816250401794,0.016214751838859977
6775687990901015557,7016049507684271110,0.11233238949415812
6775687990901015557,7019741447605027842,0.01620937307921573
6775687990901015557,7125195944199996422,0.01778709661664514
6775687990901015557,7232638793861678082,0.016215696676955237
6775687990901015557,7287629583536538630,0.015706834624858054
6775687990901015557,7365635139777823749,0.015861637253968466
6775687990901015557,7418987475336971269,0.015557133704874411
6775687990901015557,7428767448856282118,0.015418326314207271
6775687990901015557,7509040397092865042,0.015703832316315496
6775687990901015557,7537837262555235350,0.015700318555421214
6775687990901015557,7540825121352614920,0.11801859724100289
6775687990901015557,7553907650837955595,0.01621237019949598
6778180773998396422,6778887308772983810,0.06650584129825902
6778180773998396422,6780963947471488002,0.03597009245999016
6778180773998396422,6787799755310842885,0.06650584129825902
6778180773998396422,6901293173320041474,0.026008990420257994
6778180773998396422,6912121422416790533,0.06650584129825902
6778180773998396422,6978785360063267846,0.026008990420257994
6778180773998396422,6981842793023243270,0.06650584129825902
6778180773998396422,7002488915312739330,0.024530688365098835
6778180773998396422,7202373728666174466,0.06650584129825902
6778180773998396422,7261422825452422150,0.031785289281188206
6778180773998396422,7437773895165920312,0.06650584129825902
6778180773998396422,7533684525809943574,0.06650584129825902
6778180773998396422,7559878386093442056,0.06650584129825902
6778180773998396422,7570721274922779668,0.06650584129825902
6778180773998396422,7576228097504363527,0.06650584129825902
6778887308772983810,6780963947471488002,0.2704280688569515
6778887308772983810,6787799755310842885,0.5
6778887308772983810,6791913383433470981,0.06650584129825902
6778887308772983810,6795087729798661125,0.0571003239195597
6778887308772983810,6799048483291677701,0.04519708087975216
6778887308772983810,6799207206266717185,0.06650584129825902
6778887308772983810,6801133006398702597,0.050308031056317905
6778887308772983810,6801271413681636357,0.04269618527168356
6778887308772983810,6806673784097195014,0.015153251046101908
6778887308772983810,6809802398032643078,0.04703061823988365
6778887308772983810,6811160099877389313,0.06650584129825902
6778887308772983810,6812303251514704901,0.04269618527168356
6778887308772983810,6812577078438167557,0.04703061823988365
6778887308772983810,6817117068983518213,0.06650584129825902
6778887308772983810,6826821136366994437,0.04269618527168356
6778887308772983810,6828012366325957638,0.04269618527168356
6778887308772983810,6828658690528592901,0.043735485378095726
6778887308772983810,6829350288241394689,0.06650584129825902
6778887308772983810,6834231924526826502,0.06650584129825902
6778887308772983810,6837932290569176069,0.06650584129825902
6778887308772983810,6856985681320838149,0.04703061823988365
6778887308772983810,6864218825451291654,0.06650584129825902
6778887308772983810,6866361157725570054,0.024504674312217502
6778887308772983810,6868361115987493890,0.024729781511883937
6778887308772983810,6873368506659390466,0.04269618527168356
6778887308772983810,6882943806884512770,0.04269618527168356
6778887308772983810,6883787245334610946,0.04703061823988365
6778887308772983810,6885048845878248453,0.06831785164986984
6778887308772983810,6893998420941390853,0.0431643228089832
6778887308772983810,6901293173320041474,0.117323485783521
6778887308772983810,6904614150145328133,0.06650584129825902
6778887308772983810,6906427668766426114,0.06650584129825902
6778887308772983810,6911435183242413058,0.06650584129825902
6778887308772983810,6912121422416790533,0.5
6778887308772983810,6917079199762285573,0.06650584129825902
6778887308772983810,6928620904365540354,0.06650584129825902
6778887308772983810,6936971554723103749,0.06650584129825902
6778887308772983810,6937699010555724801,0.0571003239195597
6778887308772983810,6943266816316933126,0.06650584129825902
6778887308772983810,6944422984339129349,0.06650584129825902
6778887308772983810,6951539781936202758,0.06650584129825902
6778887308772983810,6961111781085873157,0.014609011332871267
6778887308772983810,6961393844521174018,0.06650584129825902
6778887308772983810,6962414155648320518,0.04269618527168356
6778887308772983810,6962525040178217990,0.04703061823988365
6778887308772983810,6963912208137536518,0.04269618527168356
6778887308772983810,6964671467075634178,0.06650584129825902
6778887308772983810,6965175721303999494,0.04269618527168356
6778887308772983810,6967100298687923201,0.06650584129825902
6778887308772983810,6967982835219661825,0.06650584129825902
6778887308772983810,6968767240784380929,0.03620865534857638
6778887308772983810,6970399499022009349,0.0696264606924099
6778887308772983810,6971670223084078081,0.04269618527168356
6778887308772983810,6976288257181008902,0.06650584129825902
6778887308772983810,6978785360063267846,0.117323485783521
6778887308772983810,6980103239853163522,0.03388322665306696
6778887308772983810,6981112366020838426,0.06650584129825902
6778887308772983810,6981168624778216453,0.06650584129825902
6778887308772983810,6981842793023243270,0.5
6778887308772983810,6984293816250401794,0.06650584129825902
6778887308772983810,6984465184196150278,0.06650584129825902
6778887308772983810,6984843073390248966,0.06650584129825902
6778887308772983810,6987339607461889025,0.04703061823988365
6778887308772983810,6987886708910212102,0.0571003239195597
6778887308772983810,6989905844062258202,0.047658504546495804
6778887308772983810,6991802841732219910,0.0431643228089832
6778887308772983810,7004852704795280390,0.06831785164986984
6778887308772983810,7004989334039790597,0.04269618527168356
6778887308772983810,7006020640302613509,0.06650584129825902
6778887308772983810,7013057860546036742,0.02435215048157618
6778887308772983810,7019122231100359681,0.06650584129825902
6778887308772983810,7021176533500134406,0.06650584129825902
6778887308772983810,7022490858335421441,0.06650584129825902
6778887308772983810,7023254401751335938,0.03620865534857638
6778887308772983810,7029826856011580421,0.06650584129825902
6778887308772983810,7030985942694036485,0.06650584129825902
6778887308772983810,7036516442238518278,0.06650584129825902
6778887308772983810,7038625080130520065,0.04269618527168356
6778887308772983810,7040595999366759430,0.02701639831908924
6778887308772983810,7043496794727613445,0.06650584129825902
6778887308772983810,7043787986584814598,0.0431643228089832
6778887308772983810,7043966862137721903,0.06650584129825902
6778887308772983810,7046403690119808006,0.06650584129825902
6778887308772983810,7057509455312061445,0.03639952077783468
6778887308772983810,7059866762607690753,0.04703061823988365
6778887308772983810,7062743559237534725,0.04269618527168356
6778887308772983810,7064637015815750702,0.06650584129825902
6778887308772983810,7067407565362037765,0.08112569519654392
6778887308772983810,7071462271621776411,0.06831785164986984
6778887308772983810,7071636331441603585,0.02894610853901162
6778887308772983810,7074044643659645958,0.06650584129825902
6778887308772983810,7074661077590197253,0.06650584129825902
6778887308772983810,7075367754325869570,0.05747060819883786
6778887308772983810,7091886235563869190,0.04269618527168356
6778887308772983810,7094798766534280238,0.04703061823988365
6778887308772983810,7095862401271038981,0.04269618527168356
6778887308772983810,7104324169307259909,0.06650584129825902
6778887308772983810,7110530423914595334,0.04703061823988365
6778887308772983810,7110565549231014913,0.059215281513445274
6778887308772983810,7114285700455515162,0.04703061823988365
6778887308772983810,7124837748766721026,0.06650584129825902
6778887308772983810,7126405978883916806,0.06650584129825902
6778887308772983810,7132827351868277765,0.06650584129825902
6778887308772983810,7133356593046897669,0.06650584129825902
6778887308772983810,7139904829536011269,0.035930985967135655
6778887308772983810,7150565541089985542,0.035203308649367014
6778887308772983810,7160888724522812418,0.06650584129825902
6778887308772983810,7171985902397834242,0.06650584129825902
6778887308772983810,7185944755032146946,0.06650584129825902
6778887308772983810,7191831178118284294,0.04703061823988365
6778887308772983810,7195872824606163994,0.04269618527168356
6778887308772983810,7201194948527948806,0.08122893922740797
6778887308772983810,7202373728666174466,0.5
6778887308772983810,7224271052267553819,0.06650584129825902
6778887308772983810,7224878912467682331,0.04269618527168356
6778887308772983810,7227584300489081862,0.06650584129825902
6778887308772983810,7230061843074139142,0.04348874937616442
6778887308772983810,7236791190447686683,0.06650584129825902
6778887308772983810,7250413502015390747,0.06650584129825902
6778887308772983810,7261422825452422150,0.07664664384123111
6778887308772983810,7263621228413191173,0.06650584129825902
6778887308772983810,7265744876464423968,0.04269618527168356
6778887308772983810,7277183383178970117,0.03476197440586706
6778887308772983810,7287249230892106758,0.06650584129825902
6778887308772983810,7287530802672944129,0.04269618527168356
6778887308772983810,7288239669111424005,0.04348874937616442
6778887308772983810,7292469793109722154,0.014524828153443164
6778887308772983810,7293760186871088133,0.04923780264776331
6778887308772983810,7296948579905045509,0.06650584129825902
6778887308772983810,7298207797677884422,0.06650584129825902
6778887308772983810,7307362809690506273,0.035930985967135655
6778887308772983810,7314655842044265478,0.04269618527168356
6778887308772983810,7315184692033930273,0.04269618527168356
6778887308772983810,7317314050736047136,0.043326141662172114
6778887308772983810,7317431073687815173,0.06650584129825902
6778887308772983810,7319108928196903968,0.06650584129825902
6778887308772983810,7324383714049541153,0.04398374996653582
6778887308772983810,7330899919002027051,0.06650584129825902
6778887308772983810,7331847404519883819,0.06650584129825902
6778887308772983810,7332056821727446021,0.03388322665306696
6778887308772983810,7337084105261138976,0.0571003239195597
6778887308772983810,7340377245914547206,0.04269618527168356
6778887308772983810,7345519844223616002,0.04703061823988365
6778887308772983810,7345594575783248902,0.06831785164986984
6778887308772983810,7346466630966412293,0.06650584129825902
6778887308772983810,7353421506658124833,0.06650584129825902
6778887308772983810,7357806298803143713,0.014772034244821442
6778887308772983810,7364138059266688005,0.04423905731478973
6778887308772983810,7367761141394998277,0.0431643228089832
6778887308772983810,7372146986432775174,0.06650584129825902
6778887308772983810,7375525564567241761,0.04269618527168356
6778887308772983810,7376897362978096145,0.06650584129825902
6778887308772983810,7376941500363965472,0.04269618527168356
6778887308772983810,7377044399681307681,0.06650584129825902
6778887308772983810,7378695724613616658,0.04269618527168356
6778887308772983810,7379964200321811472,0.06650584129825902
6778887308772983810,7380407783943881734,0.06650584129825902
6778887308772983810,7380648987244315666,0.06650584129825902
6778887308772983810,7383047865667322913,0.06650584129825902
6778887308772983810,7402268913452663809,0.04703061823988365
6778887308772983810,7415589102207321093,0.06650584129825902
6778887308772983810,7424539742974477318,0.06650584129825902
6778887308772983810,7426645678765458449,0.04269618527168356
6778887308772983810,7437773895165920312,0.5
6778887308772983810,7445468737078526993,0.04364820444216503
6778887308772983810,7452567943022167047,0.0431643228089832
6778887308772983810,7456825610020160518,0.06650584129825902
6778887308772983810,7459201168917480453,0.06650584129825902
6778887308772983810,7463218092195218454,0.06650584129825902
6778887308772983810,7466945875685819393,0.06650584129825902
6778887308772983810,7469354913887241217,0.06650584129825902
6778887308772983810,7469616549301634065,0.06650584129825902
6778887308772983810,7474455005735437329,0.06831785164986984
6778887308772983810,7475477880530502689,0.04953910581587193
6778887308772983810,7480684683241473025,0.06650584129825902
6778887308772983810,7483319222622602262,0.0431643228089832
6778887308772983810,7486249118827185153,0.04269618527168356
6778887308772983810,7490403226492077078,0.0431643228089832
6778887308772983810,7495408204823397384,0.06831785164986984
6778887308772983810,7496559084507726855,0.03388322665306696
6778887308772983810,7500049445330256916,0.06650584129825902
6778887308772983810,7502226464433177632,0.06650584129825902
6778887308772983810,7504218153414165526,0.06650584129825902
6778887308772983810,7512265205633008662,0.03019179052237205
6778887308772983810,7515508502254732331,0.06650584129825902
6778887308772983810,7516814050480571408,0.0571003239195597
6778887308772983810,7517915187601720327,0.06650584129825902
6778887308772983810,7521665294160200711,0.06650584129825902
6778887308772983810,7528230653382460434,0.04269618527168356
6778887308772983810,7532290090426237972,0.06650584129825902
6778887308772983810,7533684525809943574,0.5247517648487501
6778887308772983810,7535561785211552776,0.06650584129825902
6778887308772983810,7542455562676470840,0.03388322665306696
6778887308772983810,7543308180970226696,0.04348874937616442
6778887308772983810,7549955744930825222,0.06650584129825902
6778887308772983810,7552094429399385106,0.06650584129825902
6778887308772983810,7557359371543430166,0.06650584129825902
6778887308772983810,7559878386093442056,0.5
6778887308772983810,7563546409505489931,0.06650584129825902
6778887308772983810,7568897073518396434,0.06650584129825902
6778887308772983810,7570721274922779668,0.5
6778887308772983810,7571272033645626385,0.04269618527168356
6778887308772983810,7572620715221812246,0.06650584129825902
6778887308772983810,7573875560531805204,0.06650584129825902
6778887308772983810,7574297613940769793,0.02421992229449264
6778887308772983810,7575049308014576661,0.06650584129825902
6778887308772983810,7575174922190177312,0.02385956400832343
6778887308772983810,7576228097504363527,0.5
6778887308772983810,7580931726077330450,0.03688687583926995
6778887308772983810,7590371958509700116,0.04393365217651542
6778887308772983810,7598645062255739959,0.06650584129825902
6778887308772983810,7599049732175021073,0.04348874937616442
6778887308772983810,7601825276554118152,0.06650584129825902
6778887308772983810,7603626364147123222,0.06650584129825902
6778887308772983810,7612304113564566531,0.06650584129825902
6778887308772983810,7613356856131453972,0.04269618527168356
6778887308772983810,7618800850517410830,0.06650584129825902
6779799775913100293,6788685362896536581,0.015345768000911905
6779799775913100293,6903288635920483333,0.01533325364719422
6779799775913100293,6914709275327661062,0.015899467915109735
6779799775913100293,6967100298687923201,0.01532230764526113
6779799775913100293,6987886708910212102,0.01539789104015836
6779799775913100293,7317431073687815173,0.015349156884873231
6779799775913100293,7495408204823397384,0.015745269834696596
6779799775913100293,7515508502254732331,0.015311331497149031
6779799775913100293,7528230653382460434,0.015905260077665885
6779799775913100293,7576228097504363527,0.015887898528817113
6779799775913100293,7595754884038427661,0.015348186612454871
6779799775913100293,7601825276554118152,0.015743248007729898
6779799775913100293,7617626564747166734,0.015330144201298024
6780104490298311685,6818780344423416833,0.016081499518171616
6780104490298311685,6918522708590887938,0.020039337700696325
6780104490298311685,6995830130393400325,0.09206006555566962
6780104490298311685,7055373226209772549,0.016239722745181866
6780104490298311685,7192187661674775557,0.016057473679041794
6780104490298311685,7261142322435867653,0.02749454282056374
6780104490298311685,7323298125393003563,0.01601881373832071
6780104490298311685,7324429098661790726,0.016130979182110577
6780104490298311685,7361054820280730629,0.016136382656032185
6780104490298311685,7393383072991396869,0.015836946431634247
6780104490298311685,7407221110629073926,0.017819562228357896
6780104490298311685,7446622049529594923,0.01620573442610198
6780104490298311685,7454926910012064774,0.015842830695183063
6780104490298311685,7482541173300462614,0.015356155160811204
6780104490298311685,7494711694116881415,0.03288839473346275
6780104490298311685,7579316049855841287,0.015491703766188664
6780963947471488002,6787799755310842885,0.2704280688569515
6780963947471488002,6791913383433470981,0.05102848172521982
6780963947471488002,6795087729798661125,0.03088306065734585
6780963947471488002,6799048483291677701,0.024445118600565644
6780963947471488002,6799207206266717185,0.03597009245999016
6780963947471488002,6801271413681636357,0.023092493861159996
6780963947471488002,6811160099877389313,0.03597009245999016
6780963947471488002,6812303251514704901,0.023092493861159996
6780963947471488002,6817117068983518213,0.03597009245999016
6780963947471488002,6826821136366994437,0.023092493861159996
6780963947471488002,6828012366325957638,0.023092493861159996
6780963947471488002,6828658690528592901,0.02365460570263973
6780963947471488002,6829350288241394689,0.03597009245999016
6780963947471488002,6834231924526826502,0.03597009245999016
6780963947471488002,6837932290569176069,0.03597009245999016
6780963947471488002,6864218825451291654,0.03597009245999016
6780963947471488002,6873368506659390466,0.023092493861159996
6780963947471488002,6882943806884512770,0.023092493861159996
6780963947471488002,6885048845878248453,0.03695012938025999
6780963947471488002,6893998420941390853,0.023345688921502777
6780963947471488002,6901293173320041474,0.06345512738400717
6780963947471488002,6904614150145328133,0.03597009245999016
6780963947471488002,6906427668766426114,0.03597009245999016
6780963947471488002,6911435183242413058,0.03597009245999016
6780963947471488002,6912121422416790533,0.2704280688569515
6780963947471488002,6917079199762285573,0.03597009245999016
6780963947471488002,6928620904365540354,0.03597009245999016
6780963947471488002,6936971554723103749,0.03597009245999016
6780963947471488002,6937699010555724801,0.0454448679719384
6780963947471488002,6943266816316933126,0.03597009245999016
6780963947471488002,6944422984339129349,0.03597009245999016
6780963947471488002,6951539781936202758,0.03597009245999016
6780963947471488002,6961393844521174018,0.03597009245999016
6780963947471488002,6962414155648320518,0.023092493861159996
6780963947471488002,6963912208137536518,0.023092493861159996
6780963947471488002,6964671467075634178,0.03597009245999016
6780963947471488002,6965175721303999494,0.023092493861159996
6780963947471488002,6966250842496730117,0.015281705812310498
6780963947471488002,6967100298687923201,0.03597009245999016
6780963947471488002,6967982835219661825,0.03597009245999016
6780963947471488002,6970399499022009349,0.03765789861278569
6780963947471488002,6971670223084078081,0.023092493861159996
6780963947471488002,6976288257181008902,0.03597009245999016
6780963947471488002,6978785360063267846,0.06345512738400717
6780963947471488002,6980103239853163522,0.01832595110086257
6780963947471488002,6981112366020838426,0.03597009245999016
6780963947471488002,6981168624778216453,0.03597009245999016
6780963947471488002,6981842793023243270,0.2704280688569515
6780963947471488002,6984293816250401794,0.03597009245999016
6780963947471488002,6984465184196150278,0.03597009245999016
6780963947471488002,6984843073390248966,0.03597009245999016
6780963947471488002,6987886708910212102,0.03088306065734585
6780963947471488002,6991802841732219910,0.023345688921502777
6780963947471488002,7004852704795280390,0.03695012938025999
6780963947471488002,7004989334039790597,0.023092493861159996
6780963947471488002,7006020640302613509,0.03597009245999016
6780963947471488002,7019122231100359681,0.03597009245999016
6780963947471488002,7021176533500134406,0.03597009245999016
6780963947471488002,7022490858335421441,0.03597009245999016
6780963947471488002,7029826856011580421,0.03597009245999016
6780963947471488002,7030985942694036485,0.03597009245999016
6780963947471488002,7036516442238518278,0.03597009245999016
6780963947471488002,7038625080130520065,0.023092493861159996
6780963947471488002,7043496794727613445,0.03597009245999016
6780963947471488002,7043787986584814598,0.023345688921502777
6780963947471488002,7043966862137721903,0.03597009245999016
6780963947471488002,7046403690119808006,0.03597009245999016
6780963947471488002,7062743559237534725,0.023092493861159996
6780963947471488002,7064637015815750702,0.03597009245999016
6780963947471488002,7067407565362037765,0.03597009245999016
6780963947471488002,7071462271621776411,0.03695012938025999
6780963947471488002,7071636331441603585,0.015655680466257253
6780963947471488002,7074044643659645958,0.03597009245999016
6780963947471488002,7074661077590197253,0.03597009245999016
6780963947471488002,7075367754325869570,0.023092493861159996
6780963947471488002,7091886235563869190,0.023092493861159996
6780963947471488002,7095862401271038981,0.023092493861159996
6780963947471488002,7104324169307259909,0.03597009245999016
6780963947471488002,7110565549231014913,0.02403790789964468
6780963947471488002,7124837748766721026,0.03597009245999016
6780963947471488002,7126405978883916806,0.03597009245999016
6780963947471488002,7132827351868277765,0.03597009245999016
6780963947471488002,7133356593046897669,0.03597009245999016
6780963947471488002,7160888724522812418,0.03597009245999016
6780963947471488002,7171985902397834242,0.03597009245999016
6780963947471488002,7185944755032146946,0.03597009245999016
6780963947471488002,7195872824606163994,0.023092493861159996
6780963947471488002,7201194948527948806,0.03597009245999016
6780963947471488002,7202373728666174466,0.2704280688569515
6780963947471488002,7224271052267553819,0.03597009245999016
6780963947471488002,7224878912467682331,0.023092493861159996
6780963947471488002,7226986584104600578,0.015354816219832678
6780963947471488002,7227584300489081862,0.03597009245999016
6780963947471488002,7230061843074139142,0.023521157021600195
6780963947471488002,7236791190447686683,0.03597009245999016
6780963947471488002,7250413502015390747,0.03597009245999016
6780963947471488002,7261422825452422150,0.041454807756701365
6780963947471488002,7263621228413191173,0.03597009245999016
6780963947471488002,7265744876464423968,0.023092493861159996
6780963947471488002,7277183383178970117,0.018801227216466803
6780963947471488002,7287249230892106758,0.03597009245999016
6780963947471488002,7287530802672944129,0.023092493861159996
6780963947471488002,7288239669111424005,0.023521157021600195
6780963947471488002,7296948579905045509,0.03597009245999016
6780963947471488002,7298207797677884422,0.03597009245999016
6780963947471488002,7314655842044265478,0.023092493861159996
6780963947471488002,7315184692033930273,0.023092493861159996
6780963947471488002,7317431073687815173,0.03597009245999016
6780963947471488002,7319108928196903968,0.03597009245999016
6780963947471488002,7324383714049541153,0.023788881129074572
6780963947471488002,7330899919002027051,0.03597009245999016
6780963947471488002,7331847404519883819,0.03597009245999016
6780963947471488002,7332056821727446021,0.01832595110086257
6780963947471488002,7337084105261138976,0.03088306065734585
6780963947471488002,7340377245914547206,0.023092493861159996
6780963947471488002,7345594575783248902,0.03695012938025999
6780963947471488002,7346466630966412293,0.03597009245999016
6780963947471488002,7353421506658124833,0.03597009245999016
6780963947471488002,7364138059266688005,0.023926965675381162
6780963947471488002,7367761141394998277,0.023345688921502777
6780963947471488002,7372146986432775174,0.03597009245999016
6780963947471488002,7375525564567241761,0.023092493861159996
6780963947471488002,7376897362978096145,0.03597009245999016
6780963947471488002,7376941500363965472,0.023092493861159996
6780963947471488002,7377044399681307681,0.03597009245999016
6780963947471488002,7378695724613616658,0.023092493861159996
6780963947471488002,7379964200321811472,0.03597009245999016
6780963947471488002,7380407783943881734,0.03597009245999016
6780963947471488002,7380648987244315666,0.03597009245999016
6780963947471488002,7383047865667322913,0.03597009245999016
6780963947471488002,7415589102207321093,0.03597009245999016
6780963947471488002,7424539742974477318,0.03597009245999016
6780963947471488002,7426645678765458449,0.023092493861159996
6780963947471488002,7437773895165920312,0.2704280688569515
6780963947471488002,7445468737078526993,0.0236073992727362
6780963947471488002,7452567943022167047,0.03869568515888675
6780963947471488002,7456825610020160518,0.03597009245999016
6780963947471488002,7459201168917480453,0.03597009245999016
6780963947471488002,7463218092195218454,0.03597009245999016
6780963947471488002,7466945875685819393,0.03597009245999016
6780963947471488002,7469354913887241217,0.03597009245999016
6780963947471488002,7469616549301634065,0.03597009245999016
6780963947471488002,7474455005735437329,0.03695012938025999
6780963947471488002,7475477880530502689,0.02679352943737284
6780963947471488002,7480684683241473025,0.03597009245999016
6780963947471488002,7483319222622602262,0.023345688921502777
6780963947471488002,7486249118827185153,0.023092493861159996
6780963947471488002,7490403226492077078,0.023345688921502777
6780963947471488002,7495408204823397384,0.03695012938025999
6780963947471488002,7496559084507726855,0.01832595110086257
6780963947471488002,7500049445330256916,0.03597009245999016
6780963947471488002,7502226464433177632,0.03597009245999016
6780963947471488002,7504218153414165526,0.03597009245999016
6780963947471488002,7515508502254732331,0.03597009245999016
6780963947471488002,7516814050480571408,0.03088306065734585
6780963947471488002,7517915187601720327,0.03597009245999016
6780963947471488002,7521665294160200711,0.03597009245999016
6780963947471488002,7528230653382460434,0.023092493861159996
6780963947471488002,7532290090426237972,0.03597009245999016
6780963947471488002,7533684525809943574,0.2704280688569515
6780963947471488002,7535561785211552776,0.03597009245999016
6780963947471488002,7542455562676470840,0.01832595110086257
6780963947471488002,7543308180970226696,0.023521157021600195
6780963947471488002,7549955744930825222,0.03597009245999016
6780963947471488002,7552094429399385106,0.03597009245999016
6780963947471488002,7557359371543430166,0.03597009245999016
6780963947471488002,7559878386093442056,0.2704280688569515
6780963947471488002,7563546409505489931,0.03597009245999016
6780963947471488002,7568897073518396434,0.03597009245999016
6780963947471488002,7570721274922779668,0.2704280688569515
6780963947471488002,7571272033645626385,0.023092493861159996
6780963947471488002,7572620715221812246,0.03597009245999016
6780963947471488002,7573875560531805204,0.03597009245999016
6780963947471488002,7575049308014576661,0.03597009245999016
6780963947471488002,7576228097504363527,0.2704280688569515
6780963947471488002,7590371958509700116,0.023761785431856138
6780963947471488002,7598645062255739959,0.03597009245999016
6780963947471488002,7599049732175021073,0.023521157021600195
6780963947471488002,7601825276554118152,0.03597009245999016
6780963947471488002,7603626364147123222,0.03597009245999016
6780963947471488002,7612304113564566531,0.03597009245999016
6780963947471488002,7613356856131453972,0.023092493861159996
6780963947471488002,7618800850517410830,0.03597009245999016
6781099370517070853,6784603742592697350,0.07859411035340232
6781099370517070853,6803042918397412358,0.07859411035340232
6781099370517070853,6865188838906889221,0.016058029660786108
6781099370517070853,6901293173320041474,0.1161399727606679
6781099370517070853,6969779682486141958,0.016214727520565433
6781099370517070853,6978785360063267846,0.1161399727606679
6781099370517070853,7019741447605027842,0.07859411035340232
6781099370517070853,7034907735930160133,0.08954347834395276
6781099370517070853,7071395036047131653,0.01639730646234227
6781099370517070853,7074661077590197253,0.016592050290772042
6781099370517070853,7139448682156131355,0.08954347834395276
6781099370517070853,7181113461597783046,0.07859411035340232
6781099370517070853,7192962788661724165,0.08954347834395276
6781099370517070853,7223197815592715270,0.07859411035340232
6781099370517070853,7312576223157863457,0.016592891723581273
6781099370517070853,7434627254548382776,0.07859411035340232
6781099370517070853,7553907650837955595,0.08954347834395276
6781099370517070853,7589963743808947221,0.07859411035340232
6781099370517070853,7617508216503600150,0.01604352603213734
6784603742592697350,6788685362896536581,0.04255524572864896
6784603742592697350,6803042918397412358,0.5
6784603742592697350,6809697995937367046,0.06629274870887089
6784603742592697350,6809802398032643078,0.046872177419903675
6784603742592697350,6812577078438167557,0.046872177419903675
6784603742592697350,6818925100223120390,0.07942836522241806
6784603742592697350,6820241268720190469,0.02261820317860262
6784603742592697350,6831114394236601346,0.06629274870887089
6784603742592697350,6837101733156684806,0.03428132558451939
6784603742592697350,6839768600343430149,0.15257281456220087
6784603742592697350,6842625485920437250,0.05725626818545522
6784603742592697350,6848622157234734086,0.023939300696403005
6784603742592697350,6856636665056068614,0.3401518292006314
6784603742592697350,6865515418422854662,0.15257281456220087
6784603742592697350,6870787891703006210,0.04255524572864896
6784603742592697350,6871400804788470789,0.022081487068939212
6784603742592697350,6874983109881086981,0.07859411035340232
6784603742592697350,6883787245334610946,0.046872177419903675
6784603742592697350,6884016318182720517,0.06629274870887089
6784603742592697350,6892347025741923333,0.4073274872619761
6784603742592697350,6897916711003489285,0.050486965299498185
6784603742592697350,6906224034717090818,0.015479810904194586
6784603742592697350,6912144792286462981,0.01519807185929585
6784603742592697350,6916943071255872518,0.019588278098373848
6784603742592697350,6932287413504033797,0.04200463943527787
6784603742592697350,6934107948599919621,0.06629274870887089
6784603742592697350,6945431007680726021,0.033770526771125006
6784603742592697350,6949381153037370374,0.04255524572864896
6784603742592697350,6954906602508993542,0.03452387658761352
6784603742592697350,6959539375579677702,0.020307634042693257
6784603742592697350,6959659732336968709,0.022132716932823638
6784603742592697350,6965504260722361350,0.04255524572864896
6784603742592697350,6968767240784380929,0.036086672494459106
6784603742592697350,6970474901372388357,0.04359126146652884
6784603742592697350,6977245355705156609,0.01827738496890733
6784603742592697350,6985530541395624966,0.029416635676430204
6784603742592697350,6987339607461889025,0.046872177419903675
6784603742592697350,6989905844062258202,0.04749794844874578
6784603742592697350,6993706047081530374,0.08186643222601324
6784603742592697350,7007808562148705285,0.015040013956552068
6784603742592697350,7016049507684271110,0.05448204801514494
6784603742592697350,7019741447605027842,0.5
6784603742592697350,7023254401751335938,0.036086672494459106
6784603742592697350,7024036134000116742,0.06629274870887089
6784603742592697350,7031874916669015045,0.0815157943612932
6784603742592697350,7039563533004424198,0.03208768229518476
6784603742592697350,7041945495375971329,0.06629274870887089
6784603742592697350,7059866762607690753,0.046872177419903675
6784603742592697350,7060956428266505221,0.15257281456220087
6784603742592697350,7068378496390153262,0.1684404699465821
6784603742592697350,7071952426950198278,0.03646476369904526
6784603742592697350,7077174182438011909,0.03547078666433743
6784603742592697350,7077477385247720474,0.3401518292006314
6784603742592697350,7089082529218593798,0.06629274870887089
6784603742592697350,7094798766534280238,0.046872177419903675
6784603742592697350,7097208681418195994,0.043021902579175514
6784603742592697350,7104625198607844379,0.15330206425855425
6784603742592697350,7106405480671839259,0.02666842376476978
6784603742592697350,7110285028063872042,0.06629274870887089
6784603742592697350,7110530423914595334,0.046872177419903675
6784603742592697350,7111185904601400321,0.07859411035340232
6784603742592697350,7114285700455515162,0.046872177419903675
6784603742592697350,7114857710017446917,0.0313421695415901
6784603742592697350,7123824749314589742,0.015395492107694328
6784603742592697350,7125195944199996422,0.05045738698597132
6784603742592697350,7126424782262305797,0.19009999501991104
6784603742592697350,7128440962807956482,0.07472936274009748
6784603742592697350,7147846060249072645,0.06629274870887089
6784603742592697350,7154612198102483973,0.027017195126709286
6784603742592697350,7154955988025590786,0.028849495692213754
6784603742592697350,7157484883282641925,0.4073274872619761
6784603742592697350,7174050320195568646,0.020338829682538008
6784603742592697350,7178073990841500673,0.03675708350515264
6784603742592697350,7178262848806650885,0.02935096757489139
6784603742592697350,7178590990041711622,0.018414837419401843
6784603742592697350,7181113461597783046,0.5
6784603742592697350,7187479709860348934,0.04432430102121359
6784603742592697350,7187500258129593349,0.05990330051492652
6784603742592697350,7189559133157475354,0.027448409368094655
6784603742592697350,7206954249904669702,0.026609035367055736
6784603742592697350,7218748615745274885,0.06629274870887089
6784603742592697350,7222053350383944705,0.026714953247180023
6784603742592697350,7223197815592715270,0.5
6784603742592697350,7232080941065569285,0.014725221874604583
6784603742592697350,7232638793861678082,0.03024362537332386
6784603742592697350,7248103984781755397,0.02051246473421245
6784603742592697350,7255459615491753002,0.09270805655876609
6784603742592697350,7262400527862301702,0.07789818808982595
6784603742592697350,7263081302823552005,0.043838743048970986
6784603742592697350,7267394392368514053,0.030730307571341438
6784603742592697350,7281282899318850566,0.06629274870887089
6784603742592697350,7282348803772318726,0.02937479242703941
6784603742592697350,7284750471163970562,0.07062402936401824
6784603742592697350,7290292672361759776,0.06629274870887089
6784603742592697350,7292020279937025030,0.07062402936401824
6784603742592697350,7307362809690506273,0.03580993854967912
6784603742592697350,7308377902638728224,0.05069156849798685
6784603742592697350,7345519844223616002,0.046872177419903675
6784603742592697350,7352986419860423712,0.06629274870887089
6784603742592697350,7359289173456913454,0.03428132558451939
6784603742592697350,7361054820280730629,0.06629274870887089
6784603742592697350,7367437036964119584,0.023244489512866152
6784603742592697350,7399170004366885889,0.06629274870887089
6784603742592697350,7402268913452663809,0.046872177419903675
6784603742592697350,7414410186095772678,0.07062402936401824
6784603742592697350,7416269225385296902,0.15257281456220087
6784603742592697350,7421215511235150853,0.07859411035340232
6784603742592697350,7434627254548382776,0.5
6784603742592697350,7436219840279053328,0.043021902579175514
6784603742592697350,7436415158378824725,0.034002323409445395
6784603742592697350,7437501539181642808,0.04621056382464171
6784603742592697350,7441015530360570926,0.060920515121093755
6784603742592697350,7447572034136556561,0.04255524572864896
6784603742592697350,7449327343900541984,0.19409470640386714
6784603742592697350,7453634343190807557,0.06629274870887089
6784603742592697350,7454926910012064774,0.03036914914195038
6784603742592697350,7457519820280644613,0.04255524572864896
6784603742592697350,7463351104668501024,0.06629274870887089
6784603742592697350,7463944109431145489,0.04255524572864896
6784603742592697350,7471571264202441729,0.15257281456220087
6784603742592697350,7492091019530798087,0.03322427090168043
6784603742592697350,7495918801364485163,0.0681541651705542
6784603742592697350,7497772332389123079,0.06629274870887089
6784603742592697350,7498665985957823506,0.06629274870887089
6784603742592697350,7502699724320097322,0.025971397918972315
6784603742592697350,7503034501376082986,0.06629274870887089
6784603742592697350,7512265205633008662,0.03009007780359321
6784603742592697350,7516833731350643719,0.0303795668004485
6784603742592697350,7521069418713990158,0.15257281456220087
6784603742592697350,7525651754726671368,0.043345304246595086
6784603742592697350,7534684083310347265,0.05523388222078247
6784603742592697350,7536210918439863297,0.055650992089492216
6784603742592697350,7553889065608414263,0.07062402936401824
6784603742592697350,7555788949694088210,0.03292697851478155
6784603742592697350,7577464395643552775,0.06629274870887089
6784603742592697350,7577628387390129168,0.03022285519761773
6784603742592697350,7578586528784696332,0.04255524572864896
6784603742592697350,7580931726077330450,0.036762608137223936
6784603742592697350,7589963743808947221,0.5
6784603742592697350,7601465278044668949,0.03738192298582609
6784603742592697350,7615456357705417750,0.0811459403298261
6784603742592697350,7620360781880771597,0.06629274870887089
6787077164376491014,6801133006398702597,0.015707968674178993
6787077164376491014,6854084433894065158,0.015411764178951612
6787077164376491014,6962998966736946178,0.01587133592609507
6787077164376491014,6993227536423945222,0.01541082188254437
6787077164376491014,7014863130023052293,0.015872019591172414
6787077164376491014,7028867830490547206,0.015703826757388597
6787077164376491014,7064637015815750702,0.016044890306521214
6787077164376491014,7352849317865505798,0.015877896699059972
6787077164376491014,7364138059266688005,0.015554211073243849
6787077164376491014,7416269225385296902,0.01605273034779569
6787077164376491014,7453398291771524102,0.015877678518623116
6787077164376491014,7475281813004338198,0.01605110668759868
6787077164376491014,7512265205633008662,0.016044847641237984
6787077164376491014,7567226487067427860,0.016045152487320555
6787799755310842885,6791913383433470981,0.06650584129825902
6787799755310842885,6795087729798661125,0.0571003239195597
6787799755310842885,6799048483291677701,0.04519708087975216
6787799755310842885,6799207206266717185,0.06650584129825902
6787799755310842885,6801271413681636357,0.04269618527168356
6787799755310842885,6809802398032643078,0.04703061823988365
6787799755310842885,6811160099877389313,0.06650584129825902
6787799755310842885,6812303251514704901,0.04269618527168356
6787799755310842885,6812577078438167557,0.04703061823988365
6787799755310842885,6817117068983518213,0.06650584129825902
6787799755310842885,6826821136366994437,0.04269618527168356
6787799755310842885,6828012366325957638,0.04269618527168356
6787799755310842885,6828658690528592901,0.043735485378095726
6787799755310842885,6829350288241394689,0.06650584129825902
6787799755310842885,6834231924526826502,0.06650584129825902
6787799755310842885,6837932290569176069,0.06650584129825902
6787799755310842885,6856985681320838149,0.04703061823988365
6787799755310842885,6864218825451291654,0.06650584129825902
6787799755310842885,6866361157725570054,0.024504674312217502
6787799755310842885,6868361115987493890,0.024729781511883937
6787799755310842885,6873368506659390466,0.04269618527168356
6787799755310842885,6882943806884512770,0.04269618527168356
6787799755310842885,6883787245334610946,0.04703061823988365
6787799755310842885,6885048845878248453,0.06831785164986984
6787799755310842885,6893998420941390853,0.0431643228089832
6787799755310842885,6901293173320041474,0.117323485783521
6787799755310842885,6904614150145328133,0.06650584129825902
6787799755310842885,6906427668766426114,0.06650584129825902
6787799755310842885,6911435183242413058,0.06650584129825902
6787799755310842885,6912121422416790533,0.5
6787799755310842885,6917079199762285573,0.06650584129825902
6787799755310842885,6928620904365540354,0.06650584129825902
6787799755310842885,6936971554723103749,0.06650584129825902
6787799755310842885,6937699010555724801,0.0571003239195597
6787799755310842885,6943266816316933126,0.06650584129825902
6787799755310842885,6944422984339129349,0.06650584129825902
6787799755310842885,6951539781936202758,0.06650584129825902
6787799755310842885,6961393844521174018,0.06650584129825902
6787799755310842885,6962414155648320518,0.04269618527168356
6787799755310842885,6962525040178217990,0.04703061823988365
6787799755310842885,6963912208137536518,0.04269618527168356
6787799755310842885,6964671467075634178,0.06650584129825902
6787799755310842885,6965175721303999494,0.04269618527168356
6787799755310842885,6967100298687923201,0.06650584129825902
6787799755310842885,6967982835219661825,0.06650584129825902
6787799755310842885,6968767240784380929,0.03620865534857638
6787799755310842885,6970399499022009349,0.0696264606924099
6787799755310842885,6971670223084078081,0.04269618527168356
6787799755310842885,6976288257181008902,0.06650584129825902
6787799755310842885,6978785360063267846,0.13301972927502473
6787799755310842885,6979776947182355462,0.015547938138326561
6787799755310842885,6980103239853163522,0.03388322665306696
6787799755310842885,6981112366020838426,0.08237436189131393
6787799755310842885,6981168624778216453,0.06650584129825902
6787799755310842885,6981842793023243270,0.5
6787799755310842885,6984293816250401794,0.06650584129825902
6787799755310842885,6984465184196150278,0.06650584129825902
6787799755310842885,6984843073390248966,0.06650584129825902
6787799755310842885,6987339607461889025,0.04703061823988365
6787799755310842885,6987886708910212102,0.0571003239195597
6787799755310842885,6989905844062258202,0.047658504546495804
6787799755310842885,6991802841732219910,0.0431643228089832
6787799755310842885,6995594325438972933,0.015044365095265305
6787799755310842885,7004852704795280390,0.06831785164986984
6787799755310842885,7004989334039790597,0.04269618527168356
6787799755310842885,7006020640302613509,0.06650584129825902
6787799755310842885,7019122231100359681,0.06650584129825902
6787799755310842885,7021176533500134406,0.06650584129825902
6787799755310842885,7022490858335421441,0.06650584129825902
6787799755310842885,7023254401751335938,0.03620865534857638
6787799755310842885,7029826856011580421,0.06650584129825902
6787799755310842885,7030985942694036485,0.06650584129825902
6787799755310842885,7036516442238518278,0.06650584129825902
6787799755310842885,7038625080130520065,0.04269618527168356
6787799755310842885,7040595999366759430,0.02701639831908924
6787799755310842885,7043496794727613445,0.06650584129825902
6787799755310842885,7043787986584814598,0.0431643228089832
6787799755310842885,7043966862137721903,0.06650584129825902
6787799755310842885,7046403690119808006,0.06650584129825902
6787799755310842885,7047368764291171333,0.015432568528145077
6787799755310842885,7057509455312061445,0.03639952077783468
6787799755310842885,7059866762607690753,0.04703061823988365
6787799755310842885,7062743559237534725,0.04269618527168356
6787799755310842885,7064637015815750702,0.06650584129825902
6787799755310842885,7067407565362037765,0.06650584129825902
6787799755310842885,7071462271621776411,0.06831785164986984
6787799755310842885,7071636331441603585,0.02894610853901162
6787799755310842885,7074044643659645958,0.06650584129825902
6787799755310842885,7074661077590197253,0.06650584129825902
6787799755310842885,7075367754325869570,0.04269618527168356
6787799755310842885,7091886235563869190,0.04269618527168356
6787799755310842885,7094798766534280238,0.04703061823988365
6787799755310842885,7095862401271038981,0.04269618527168356
6787799755310842885,7104324169307259909,0.06650584129825902
6787799755310842885,7110530423914595334,0.04703061823988365
6787799755310842885,7110565549231014913,0.04444418066742921
6787799755310842885,7114285700455515162,0.04703061823988365
6787799755310842885,7124837748766721026,0.06650584129825902
6787799755310842885,7126405978883916806,0.06650584129825902
6787799755310842885,7132827351868277765,0.06650584129825902
6787799755310842885,7133356593046897669,0.06650584129825902
6787799755310842885,7139904829536011269,0.035930985967135655
6787799755310842885,7140235759920219178,0.015424003126931974
6787799755310842885,7150565541089985542,0.035203308649367014
6787799755310842885,7160888724522812418,0.06650584129825902
6787799755310842885,7171985902397834242,0.06650584129825902
6787799755310842885,7185944755032146946,0.08221882858832066
6787799755310842885,7191831178118284294,0.04703061823988365
6787799755310842885,7195872824606163994,0.04269618527168356
6787799755310842885,7201194948527948806,0.06650584129825902
6787799755310842885,7202373728666174466,0.5
6787799755310842885,7224271052267553819,0.06650584129825902
6787799755310842885,7224878912467682331,0.04269618527168356
6787799755310842885,7227584300489081862,0.06650584129825902
6787799755310842885,7230061843074139142,0.04348874937616442
6787799755310842885,7236791190447686683,0.06650584129825902
6787799755310842885,7250413502015390747,0.06650584129825902
6787799755310842885,7261422825452422150,0.07664664384123111
6787799755310842885,7263621228413191173,0.06650584129825902
6787799755310842885,7265744876464423968,0.04269618527168356
6787799755310842885,7277183383178970117,0.03476197440586706
6787799755310842885,7287249230892106758,0.06650584129825902
6787799755310842885,7287530802672944129,0.04269618527168356
6787799755310842885,7288239669111424005,0.04348874937616442
6787799755310842885,7293760186871088133,0.04923780264776331
6787799755310842885,7296948579905045509,0.06650584129825902
6787799755310842885,7298207797677884422,0.06650584129825902
6787799755310842885,7307362809690506273,0.035930985967135655
6787799755310842885,7314655842044265478,0.04269618527168356
6787799755310842885,7315184692033930273,0.04269618527168356
6787799755310842885,7317314050736047136,0.043326141662172114
6787799755310842885,7317431073687815173,0.06650584129825902
6787799755310842885,7319108928196903968,0.06650584129825902
6787799755310842885,7324383714049541153,0.04398374996653582
6787799755310842885,7330899919002027051,0.06650584129825902
6787799755310842885,7331847404519883819,0.06650584129825902
6787799755310842885,7332056821727446021,0.03388322665306696
6787799755310842885,7337084105261138976,0.0571003239195597
6787799755310842885,7340377245914547206,0.04269618527168356
6787799755310842885,7345519844223616002,0.04703061823988365
6787799755310842885,7345594575783248902,0.06831785164986984
6787799755310842885,7346466630966412293,0.06650584129825902
6787799755310842885,7353421506658124833,0.08207505073374062
6787799755310842885,7364138059266688005,0.04423905731478973
6787799755310842885,7367761141394998277,0.0431643228089832
6787799755310842885,7372146986432775174,0.06650584129825902
6787799755310842885,7375525564567241761,0.04269618527168356
6787799755310842885,7376897362978096145,0.06650584129825902
6787799755310842885,7376941500363965472,0.04269618527168356
6787799755310842885,7377044399681307681,0.06650584129825902
6787799755310842885,7378695724613616658,0.04269618527168356
6787799755310842885,7379964200321811472,0.06650584129825902
6787799755310842885,7380407783943881734,0.06650584129825902
6787799755310842885,7380648987244315666,0.06650584129825902
6787799755310842885,7383047865667322913,0.06650584129825902
6787799755310842885,7402268913452663809,0.04703061823988365
6787799755310842885,7415589102207321093,0.06650584129825902
6787799755310842885,7424539742974477318,0.06650584129825902
6787799755310842885,7426645678765458449,0.04269618527168356
6787799755310842885,7437773895165920312,0.5
6787799755310842885,7445468737078526993,0.04364820444216503
6787799755310842885,7452567943022167047,0.0431643228089832
6787799755310842885,7456825610020160518,0.06650584129825902
6787799755310842885,7459201168917480453,0.06650584129825902
6787799755310842885,7463218092195218454,0.06650584129825902
6787799755310842885,7466945875685819393,0.06650584129825902
6787799755310842885,7469354913887241217,0.06650584129825902
6787799755310842885,7469616549301634065,0.08178836119493564
6787799755310842885,7474455005735437329,0.06831785164986984
6787799755310842885,7475477880530502689,0.04953910581587193
6787799755310842885,7480684683241473025,0.06650584129825902
6787799755310842885,7483319222622602262,0.0431643228089832
6787799755310842885,7486249118827185153,0.04269618527168356
6787799755310842885,7490403226492077078,0.0431643228089832
6787799755310842885,7494339416820270087,0.014932338779859085
6787799755310842885,7495408204823397384,0.06831785164986984
6787799755310842885,7496559084507726855,0.03388322665306696
6787799755310842885,7500049445330256916,0.06650584129825902
6787799755310842885,7502226464433177632,0.06650584129825902
6787799755310842885,7504218153414165526,0.06650584129825902
6787799755310842885,7512265205633008662,0.03019179052237205
6787799755310842885,7515508502254732331,0.06650584129825902
6787799755310842885,7516814050480571408,0.0571003239195597
6787799755310842885,7517915187601720327,0.06650584129825902
6787799755310842885,7521665294160200711,0.06650584129825902
6787799755310842885,7528230653382460434,0.04269618527168356
6787799755310842885,7532290090426237972,0.06650584129825902
6787799755310842885,7533684525809943574,0.5
6787799755310842885,7535561785211552776,0.06650584129825902
6787799755310842885,7542455562676470840,0.03388322665306696
6787799755310842885,7543308180970226696,0.04348874937616442
6787799755310842885,7549955744930825222,0.06650584129825902
6787799755310842885,7552094429399385106,0.06650584129825902
6787799755310842885,7557359371543430166,0.06650584129825902
6787799755310842885,7559878386093442056,0.5
6787799755310842885,7562405333067629580,0.0373304772997982
6787799755310842885,7563546409505489931,0.06650584129825902
6787799755310842885,7568897073518396434,0.06650584129825902
6787799755310842885,7570721274922779668,0.5
6787799755310842885,7571272033645626385,0.04269618527168356
6787799755310842885,7572620715221812246,0.06650584129825902
6787799755310842885,7573875560531805204,0.06650584129825902
6787799755310842885,7574297613940769793,0.02421992229449264
6787799755310842885,7575049308014576661,0.06650584129825902
6787799755310842885,7575174922190177312,0.02385956400832343
6787799755310842885,7576228097504363527,0.5
6787799755310842885,7580931726077330450,0.03688687583926995
6787799755310842885,7590371958509700116,0.04393365217651542
6787799755310842885,7598645062255739959,0.06650584129825902
6787799755310842885,7599049732175021073,0.04348874937616442
6787799755310842885,7601825276554118152,0.06650584129825902
6787799755310842885,7603626364147123222,0.06650584129825902
6787799755310842885,7612304113564566531,0.06650584129825902
6787799755310842885,7613356856131453972,0.04269618527168356
6787799755310842885,7618800850517410830,0.06650584129825902
6788561594614137861,6811160099877389313,0.016589875430501944
6788561594614137861,6828658690528592901,0.016381951400427346
6788561594614137861,6991030367710233602,0.01637088692665223
6788561594614137861,6994977751610475525,0.01620762742730234
6788561594614137861,7025154962762826753,0.016032250546435582
6788561594614137861,7089082529218593798,0.016390241399573874
6788561594614137861,7110530423914595334,0.016200958817877715
6788561594614137861,7124837748766721026,0.016381951400427346
6788561594614137861,7306969713349805064,0.01637040527158206
6788561594614137861,7355557262863336453,0.016578109780727907
6788561594614137861,7472777689112675361,0.016389209195074278
6788561594614137861,7572620715221812246,0.016375706052076642
6788561594614137861,7585691270368019463,0.016588741922569913
6788685362896536581,6803042918397412358,0.04255524572864896
6788685362896536581,6856636665056068614,0.0289504893533646
6788685362896536581,6892347025741923333,0.03466784262493305
6788685362896536581,6903288635920483333,0.014559244183655276
6788685362896536581,7019741447605027842,0.04255524572864896
6788685362896536581,7040265792459162670,0.015166432430098319
6788685362896536581,7077477385247720474,0.0289504893533646
6788685362896536581,7157484883282641925,0.03466784262493305
6788685362896536581,7162956025019384837,0.015165161477949909
6788685362896536581,7181113461597783046,0.04255524572864896
6788685362896536581,7223197815592715270,0.04255524572864896
6788685362896536581,7434627254548382776,0.04255524572864896
6788685362896536581,7589963743808947221,0.04255524572864896
6788685362896536581,7595754884038427661,0.01456859608290031
6790825402899514373,6798227774210982918,0.01517062001065222
6790825402899514373,6835062462527652869,0.015287835515150016
6790825402899514373,6837932290569176069,0.015710625779892892
6790825402899514373,6839768600343430149,0.015304939647508366
6790825402899514373,6874983109881086981,0.015662716602383886
6790825402899514373,6906427668766426114,0.015403051461804275
6790825402899514373,6954311078944965637,0.015687407761301786
6790825402899514373,7296948579905045509,0.01553408811359222
6790825402899514373,7325894078187717675,0.015273861398972424
6790825402899514373,7345447179269719072,0.015171059523522268
6790825402899514373,7396054750779900933,0.01517445033223898
6790825402899514373,7421215511235150853,0.015255027027773004
6790825402899514373,7483319222622602262,0.015433926191940834
6790825402899514373,7575604955886208022,0.015280212652579128
6791773227766940673,6793797962901242885,0.015292394587915458
6791773227766940673,6797944169622553606,0.015440574172107108
6791773227766940673,6829337968281682949,0.01529174141276315
6791773227766940673,6879141513667396614,0.013404379229367434
6791773227766940673,6943126304288572422,0.015455985102036801
6791773227766940673,6949584343513940998,0.015453035909425478
6791773227766940673,6981842793023243270,0.015437369388360475
6791773227766940673,7007808562148705285,0.019231767606142314
6791773227766940673,7009641336668161030,0.01798979375899691
6791773227766940673,7248602643801932827,0.01514399030736765
6791773227766940673,7252180988837889067,0.02640789074159051
6791773227766940673,7253090810513097730,0.016045489561763503
6791773227766940673,7292436220012790816,0.015437406492726896
6791773227766940673,7315521386973627425,0.015455659485111793
6791773227766940673,7434627254548382776,0.015435450560914964
6791773227766940673,7617626564747166734,0.016585267603358905
6791913383433470981,6801280456668595206,0.015146817370954118
6791913383433470981,6901293173320041474,0.026008990420257994
6791913383433470981,6912121422416790533,0.06650584129825902
6791913383433470981,6966250842496730117,0.01562779633392483
6791913383433470981,6978785360063267846,0.026008990420257994
6791913383433470981,6981842793023243270,0.06650584129825902
6791913383433470981,7007755339752113158,0.01599944658920807
6791913383433470981,7195308914127815722,0.015988934415189237
6791913383433470981,7202373728666174466,0.06650584129825902
6791913383433470981,7226986584104600578,0.0158929197283958
6791913383433470981,7261422825452422150,0.01699149843783033
6791913383433470981,7309226277922309152,0.016029057575158635
6791913383433470981,7379189727608570886,0.01602246524611386
6791913383433470981,7397098503866041349,0.015165882809751141
6791913383433470981,7437773895165920312,0.06650584129825902
6791913383433470981,7533684525809943574,0.06650584129825902
6791913383433470981,7559878386093442056,0.06650584129825902
6791913383433470981,7570721274922779668,0.06650584129825902
6791913383433470981,7576228097504363527,0.06650584129825902
6792274574055801861,6882770991467807745,0.016034448791324006
6792274574055801861,6891705601257145349,0.01570077693537857
6792274574055801861,6917079199762285573,0.015701374960186597
6792274574055801861,6990019487899501573,0.015706644342434285
6792274574055801861,6991030367710233602,0.01602701598219875
6792274574055801861,7029826856011580421,0.016032428551206936
6792274574055801861,7046403690119808006,0.015690941573201906
6792274574055801861,7175189895740425221,0.015867144799184562
6792274574055801861,7178590990041711622,0.01620976630425904
6792274574055801861,7306969713349805064,0.01602741864346045
6792274574055801861,7355557262863336453,0.016200862638873676
6792274574055801861,7572620715221812246,0.016023164419083632
6792274574055801861,7585691270368019463,0.01619224926522779
6792274574055801861,7609668379692401697,0.025926681340827224
6793797962901242885,6797975222400320517,0.1377252484393505
6793797962901242885,6821664407849092102,0.02921166894826227
6793797962901242885,6829337968281682949,0.015866304880078508
6793797962901242885,6945431007680726021,0.015410971558758493
6793797962901242885,6949584343513940998,0.016034625070453255
6793797962901242885,6969779682486141958,0.01585473467559457
6793797962901242885,7055373226209772549,0.046881657172475916
6793797962901242885,7151042722353218565,0.015289476662837304
6793797962901242885,7248602643801932827,0.015707690200798333
6793797962901242885,7442753421524288544,0.014959255256927229
6793797962901242885,7501092673261618231,0.015064368363259176
6793797962901242885,7573875560531805204,0.01529834264792979
6793797962901242885,7617508216503600150,0.01570452136043515
6795087729798661125,6883861528681055237,0.0165939115963821
6795087729798661125,6901293173320041474,0.02233069680536969
6795087729798661125,6912121422416790533,0.0571003239195597
6795087729798661125,6943355592603173893,0.015255001157534259
6795087729798661125,6978785360063267846,0.02233069680536969
6795087729798661125,6981842793023243270,0.0571003239195597
6795087729798661125,7202373728666174466,0.0571003239195597
6795087729798661125,7437773895165920312,0.0571003239195597
6795087729798661125,7533684525809943574,0.0571003239195597
6795087729798661125,7559878386093442056,0.0571003239195597
6795087729798661125,7570721274922779668,0.0571003239195597
6795087729798661125,7576228097504363527,0.0571003239195597
6797153722771375110,6855850715719762949,0.016930006949104983
6797153722771375110,6916463036367242245,0.019755030137400386
6797153722771375110,6918522708590887938,0.01721073229804783
6797153722771375110,6959645215931270150,0.02324522870158213
6797153722771375110,7077174182438011909,0.02045997654373222
6797153722771375110,7151417501942219781,0.0149062953833545
6797153722771375110,7228721685779235846,0.01480867713108198
6797153722771375110,7316071021454558214,0.01544525465679919
6797153722771375110,7347823456870581291,0.01364521293917226
6797153722771375110,7349660179460015147,0.019990265743580163
6797153722771375110,7352986419860423712,0.01560682131407151
6797153722771375110,7359928513861927969,0.015548699157987766
6797153722771375110,7402984582746358816,0.015452215223906588
6797153722771375110,7421976792565711905,0.023803485283755983
6797153722771375110,7513207192766743559,0.015417662115011136
6797153722771375110,7536210918439863297,0.016050080923793165
6797153722771375110,7560202600190460948,0.01442031215531088
6797153722771375110,7579972033883882518,0.0167720744199338
6797153722771375110,7593513425976984598,0.01666055923881143
6797944169622553606,6943126304288572422,0.016208891126087793
6797944169622553606,6945431007680726021,0.015579477415858113
6797944169622553606,6981842793023243270,0.016223603500941187
6797944169622553606,7062743559237534725,0.015089984738161843
6797944169622553606,7151042722353218565,0.015443434430075228
6797944169622553606,7227584300489081862,0.01508907029259935
6797944169622553606,7292436220012790816,0.016223642160035016
6797944169622553606,7315521386973627425,0.01620925665740656
6797944169622553606,7434627254548382776,0.01622160705263917
6797944169622553606,7442753421524288544,0.015083724744628425
6797944169622553606,7501092673261618231,0.015199882411485358
6797975222400320517,6821664407849092102,0.02921166894826227
6797975222400320517,6944138606031619077,0.0163243517585371
6797975222400320517,7034907735930160133,0.017991657856331333
6797975222400320517,7055373226209772549,0.046881657172475916
6797975222400320517,7071238041176409090,0.004262160653870175
6797975222400320517,7248103984781755397,0.004235526362767893
6797975222400320517,7254221734713623557,0.020191699766556503
6797975222400320517,7466945875685819393,0.012256610459747444
6797975222400320517,7486594305004585989,0.004604706433494542
6797975222400320517,7504218153414165526,0.009069148275077179
6797975222400320517,7524535795760776222,0.0055977199911411745
6797975222400320517,7585187926658450454,0.014072907271597464
6798227774210982918,6824257455564997637,0.014866025329594265
6798227774210982918,6835062462527652869,0.01489368843429466
6798227774210982918,6837932290569176069,0.015322313414623565
6798227774210982918,6839768600343430149,0.01491469128864998
6798227774210982918,6874983109881086981,0.015275530265861575
6798227774210982918,6906427668766426114,0.015002722715698906
6798227774210982918,6954311078944965637,0.015299639867783038
6798227774210982918,7296948579905045509,0.01512712500166937
6798227774210982918,7325894078187717675,0.014880044814751109
6798227774210982918,7483319222622602262,0.015032850654872872
6798227774210982918,7570721274922779668,0.015004905971954722
6798227774210982918,7575604955886208022,0.014886247443392786
6799048483291677701,6814332639731713025,0.02686959432337484
6799048483291677701,6912121422416790533,0.04519708087975216
6799048483291677701,6933226203005453314,0.025897705364918987
6799048483291677701,6943126304288572422,0.019666045683258124
6799048483291677701,6969163964988376070,0.015400268637556742
6799048483291677701,6981842793023243270,0.04519708087975216
6799048483291677701,6982498486395175942,0.015741576803404073
6799048483291677701,7024773008388834309,0.025876922753563396
6799048483291677701,7045679836841837569,0.02486051299007713
6799048483291677701,7063430535804781574,0.01573559658363473
6799048483291677701,7110264605897049115,0.023326330557992093
6799048483291677701,7189144603827487746,0.015730971312364336
6799048483291677701,7202373728666174466,0.04519708087975216
6799048483291677701,7367577463750132741,0.018820425837551547
6799048483291677701,7416287041577305094,0.01983420319606605
6799048483291677701,7437773895165920312,0.04519708087975216
6799048483291677701,7533684525809943574,0.04519708087975216
6799048483291677701,7559878386093442056,0.04519708087975216
6799048483291677701,7570721274922779668,0.04519708087975216
6799048483291677701,7576228097504363527,0.04519708087975216
6799048483291677701,7603001410426618881,0.018912451238581436
6799207206266717185,6841368350297375746,0.015866695509953833
6799207206266717185,6901293173320041474,0.026008990420257994
6799207206266717185,6912121422416790533,0.06650584129825902
6799207206266717185,6967865342052893698,0.01502952386234534
6799207206266717185,6978785360063267846,0.026008990420257994
6799207206266717185,6981842793023243270,0.06650584129825902
6799207206266717185,7071636331441603585,0.015556841719609435
6799207206266717185,7111668860398912513,0.015274610240557408
6799207206266717185,7139448682156131355,0.015867614971258742
6799207206266717185,7202373728666174466,0.06650584129825902
6799207206266717185,7261422825452422150,0.01699149843783033
6799207206266717185,7265662037903885313,0.015405266492939183
6799207206266717185,7317393952595297285,0.01527295280503252
6799207206266717185,7437773895165920312,0.06650584129825902
6799207206266717185,7533684525809943574,0.06650584129825902
6799207206266717185,7559878386093442056,0.06650584129825902
6799207206266717185,7570721274922779668,0.06650584129825902
6799207206266717185,7576228097504363527,0.06650584129825902
6801133006398702597,6854084433894065158,0.01556254685575313
6801133006398702597,6901293173320041474,0.12863928493177465
6801133006398702597,6914709275327661062,0.055889200278257445
6801133006398702597,6936558089194849286,0.016024221311217005
6801133006398702597,6962998966736946178,0.016032468035376675
6801133006398702597,6978785360063267846,0.12863928493177465
6801133006398702597,7034907735930160133,0.09040274833623232
6801133006398702597,7139448682156131355,0.09040274833623232
6801133006398702597,7192962788661724165,0.09040274833623232
6801133006398702597,7202373728666174466,0.050308031056317905
6801133006398702597,7352849317865505798,0.016037732338265887
6801133006398702597,7453398291771524102,0.016037511931202734
6801133006398702597,7475281813004338198,0.01621585975347102
6801133006398702597,7533684525809943574,0.050308031056317905
6801133006398702597,7553907650837955595,0.09040274833623232
6801133006398702597,7559878386093442056,0.050308031056317905
6801133006398702597,7562405333067629580,0.06821830931714992
6801133006398702597,7567226487067427860,0.016209847188023856
6801133006398702597,7570721274922779668,0.050308031056317905
6801271413681636357,6809652528789292038,0.015504147682203595
6801271413681636357,6832809961032287238,0.02451904130177975
6801271413681636357,6901293173320041474,0.016697550952443154
6801271413681636357,6912121422416790533,0.04269618527168356
6801271413681636357,6978785360063267846,0.016697550952443154
6801271413681636357,6981842793023243270,0.04269618527168356
6801271413681636357,7103710715597571074,0.015499526844868754
6801271413681636357,7143925297570169861,0.024974279233598566
6801271413681636357,7202373728666174466,0.04269618527168356
6801271413681636357,7437773895165920312,0.04269618527168356
6801271413681636357,7523457544536589330,0.014982128660900285
6801271413681636357,7533684525809943574,0.04269618527168356
6801271413681636357,7559878386093442056,0.04269618527168356
6801271413681636357,7570721274922779668,0.04269618527168356
6801271413681636357,7576228097504363527,0.04269618527168356
6801280456668595206,6820241268720190469,0.016820093175395866
6801280456668595206,6892347025741923333,0.015285072580542233
6801280456668595206,6916463036367242245,0.025469104868080305
6801280456668595206,6966250842496730117,0.015425203931784735
6801280456668595206,6986545839854339074,0.015039529156306785
6801280456668595206,7009641336668161030,0.02092452043423077
6801280456668595206,7222053350383944705,0.019866653387348054
6801280456668595206,7253090810513097730,0.03355767853681019
6801280456668595206,7254118992901358598,0.015054107113510184
6801280456668595206,7267394392368514053,0.02285268341507886
6801280456668595206,7270136616478458887,0.014977466781105174
6801280456668595206,7349660179460015147,0.025772381566765593
6801280456668595206,7397098503866041349,0.015045150518967
6801280456668595206,7592395448494474254,0.018278559740546926
6802111873555727361,6809360915122308101,0.498593468999987
6802111873555727361,6822720405318304774,0.015805586932923364
6802111873555727361,6849714013304079366,0.49832187776767645
6802111873555727361,6850499594155361285,0.016484838807100433
6802111873555727361,6870272731359872005,0.015271470919706188
6802111873555727361,6914932704597935110,0.015712130867970513
6802111873555727361,6961111781085873157,0.015134682470369833
6802111873555727361,6990433306123682822,0.4987739971941178
6802111873555727361,7013057860546036742,0.0252204752351788
6802111873555727361,7050498314663379974,0.498593468999987
6802111873555727361,7093023801574867969,0.498593468999987
6802111873555727361,7128070099412157442,0.49849443584446107
6802111873555727361,7141833908052296709,0.4983050305015433
6802111873555727361,7151417501942219781,0.015277579223893278
6802111873555727361,7230689368007574534,0.4987739100333466
6802111873555727361,7255307152083796994,0.49855470643596833
6802111873555727361,7256202462158406658,0.49849443584446107
6802111873555727361,7402984582746358816,0.498593468999987
6802111873555727361,7523591048695170064,0.49832888715263385
6802111873555727361,7573400555184604167,0.0164100033418574
6802216129184941062,6822720405318304774,0.015763116011498404
6802216129184941062,6850499594155361285,0.01653754539010919
6802216129184941062,6870272731359872005,0.015229970122650212
6802216129184941062,6914932704597935110,0.01566965768052003
6802216129184941062,6982171632279634946,0.4985168465287486
6802216129184941062,6990433306123682822,0.49877302216500397
6802216129184941062,7006613667513418757,0.4985168465287486
6802216129184941062,7014981470109565957,0.4985168465287486
6802216129184941062,7047494209448166401,0.4985168465287486
6802216129184941062,7057768423321748481,0.49838822566850727
6802216129184941062,7128070099412157442,0.4989244729404091
6802216129184941062,7151417501942219781,0.015236079766219709
6802216129184941062,7187952219559248898,0.4984799867471172
6802216129184941062,7197284105015788549,0.4985168465287486
6802216129184941062,7230689368007574534,0.49878065546951134
6802216129184941062,7251253251058959386,0.4983510990270559
6802216129184941062,7255307152083796994,0.4989817347064045
6802216129184941062,7256202462158406658,0.4989244729404091
6802216129184941062,7523591048695170064,0.4986011925847607
6802216129184941062,7543302231467328534,0.015935943055851838
6802216129184941062,7543955698288739335,0.016145474611563144
6802216129184941062,7573400555184604167,0.016462681557656678
6803042918397412358,6809697995937367046,0.06629274870887089
6803042918397412358,6809802398032643078,0.046872177419903675
6803042918397412358,6812577078438167557,0.046872177419903675
6803042918397412358,6818925100223120390,0.07942836522241806
6803042918397412358,6820241268720190469,0.02261820317860262
6803042918397412358,6831114394236601346,0.06629274870887089
6803042918397412358,6837101733156684806,0.03428132558451939
6803042918397412358,6839768600343430149,0.15257281456220087
6803042918397412358,6842625485920437250,0.05725626818545522
6803042918397412358,6848622157234734086,0.023939300696403005
6803042918397412358,6856636665056068614,0.3401518292006314
6803042918397412358,6856985681320838149,0.046872177419903675
6803042918397412358,6865515418422854662,0.15257281456220087
6803042918397412358,6870787891703006210,0.04255524572864896
6803042918397412358,6871400804788470789,0.022081487068939212
6803042918397412358,6874983109881086981,0.07859411035340232
6803042918397412358,6883787245334610946,0.046872177419903675
6803042918397412358,6884016318182720517,0.06629274870887089
6803042918397412358,6892347025741923333,0.4073274872619761
6803042918397412358,6897916711003489285,0.050486965299498185
6803042918397412358,6916943071255872518,0.019588278098373848
6803042918397412358,6932287413504033797,0.04200463943527787
6803042918397412358,6934107948599919621,0.06629274870887089
6803042918397412358,6945431007680726021,0.033770526771125006
6803042918397412358,6949381153037370374,0.04255524572864896
6803042918397412358,6954906602508993542,0.03452387658761352
6803042918397412358,6959539375579677702,0.020307634042693257
6803042918397412358,6959659732336968709,0.022132716932823638
6803042918397412358,6962525040178217990,0.046872177419903675
6803042918397412358,6965504260722361350,0.057866065526201056
6803042918397412358,6970474901372388357,0.04359126146652884
6803042918397412358,6977245355705156609,0.01827738496890733
6803042918397412358,6985530541395624966,0.029416635676430204
6803042918397412358,6987339607461889025,0.046872177419903675
6803042918397412358,6993706047081530374,0.06629274870887089
6803042918397412358,7016049507684271110,0.05448204801514494
6803042918397412358,7019741447605027842,0.5
6803042918397412358,7024036134000116742,0.06629274870887089
6803042918397412358,7031874916669015045,0.06629274870887089
6803042918397412358,7034907735930160133,0.142671607187862
6803042918397412358,7039563533004424198,0.03208768229518476
6803042918397412358,7041945495375971329,0.06629274870887089
6803042918397412358,7059866762607690753,0.046872177419903675
6803042918397412358,7060956428266505221,0.15257281456220087
6803042918397412358,7068378496390153262,0.1684404699465821
6803042918397412358,7071952426950198278,0.03646476369904526
6803042918397412358,7077174182438011909,0.03547078666433743
6803042918397412358,7077477385247720474,0.3401518292006314
6803042918397412358,7089082529218593798,0.06629274870887089
6803042918397412358,7094798766534280238,0.046872177419903675
6803042918397412358,7097208681418195994,0.043021902579175514
6803042918397412358,7104625198607844379,0.15330206425855425
6803042918397412358,7106405480671839259,0.02666842376476978
6803042918397412358,7110285028063872042,0.06629274870887089
6803042918397412358,7110530423914595334,0.046872177419903675
6803042918397412358,7111185904601400321,0.07859411035340232
6803042918397412358,7114285700455515162,0.046872177419903675
6803042918397412358,7114857710017446917,0.0313421695415901
6803042918397412358,7125195944199996422,0.05045738698597132
6803042918397412358,7126424782262305797,0.19009999501991104
6803042918397412358,7128440962807956482,0.07472936274009748
6803042918397412358,7139904829536011269,0.03580993854967912
6803042918397412358,7147846060249072645,0.06629274870887089
6803042918397412358,7154612198102483973,0.027017195126709286
6803042918397412358,7154955988025590786,0.028849495692213754
6803042918397412358,7157484883282641925,0.4073274872619761
6803042918397412358,7174050320195568646,0.020338829682538008
6803042918397412358,7178073990841500673,0.03675708350515264
6803042918397412358,7178262848806650885,0.02935096757489139
6803042918397412358,7178590990041711622,0.018414837419401843
6803042918397412358,7181113461597783046,0.5
6803042918397412358,7187479709860348934,0.04432430102121359
6803042918397412358,7187500258129593349,0.05990330051492652
6803042918397412358,7189559133157475354,0.027448409368094655
6803042918397412358,7192962788661724165,0.142671607187862
6803042918397412358,7206954249904669702,0.026609035367055736
6803042918397412358,7218748615745274885,0.06629274870887089
6803042918397412358,7222053350383944705,0.026714953247180023
6803042918397412358,7223197815592715270,0.5
6803042918397412358,7232638793861678082,0.03024362537332386
6803042918397412358,7248103984781755397,0.02051246473421245
6803042918397412358,7255459615491753002,0.09270805655876609
6803042918397412358,7262400527862301702,0.09352088840539768
6803042918397412358,7263081302823552005,0.043838743048970986
6803042918397412358,7267394392368514053,0.030730307571341438
6803042918397412358,7281282899318850566,0.06629274870887089
6803042918397412358,7282348803772318726,0.02937479242703941
6803042918397412358,7284750471163970562,0.07062402936401824
6803042918397412358,7290292672361759776,0.0813187647271868
6803042918397412358,7292020279937025030,0.07062402936401824
6803042918397412358,7293760186871088133,0.04907192607378903
6803042918397412358,7307362809690506273,0.03580993854967912
6803042918397412358,7308377902638728224,0.05069156849798685
6803042918397412358,7317314050736047136,0.043180180803726466
6803042918397412358,7345519844223616002,0.046872177419903675
6803042918397412358,7352986419860423712,0.06629274870887089
6803042918397412358,7359289173456913454,0.03428132558451939
6803042918397412358,7361054820280730629,0.06629274870887089
6803042918397412358,7367437036964119584,0.023244489512866152
6803042918397412358,7399170004366885889,0.06629274870887089
6803042918397412358,7402268913452663809,0.046872177419903675
6803042918397412358,7414410186095772678,0.07062402936401824
6803042918397412358,7415799988297319429,0.01503314478292911
6803042918397412358,7416269225385296902,0.15257281456220087
6803042918397412358,7421215511235150853,0.07859411035340232
6803042918397412358,7434627254548382776,0.5
6803042918397412358,7436219840279053328,0.043021902579175514
6803042918397412358,7436415158378824725,0.034002323409445395
6803042918397412358,7437501539181642808,0.04621056382464171
6803042918397412358,7441015530360570926,0.060920515121093755
6803042918397412358,7447572034136556561,0.04255524572864896
6803042918397412358,7449327343900541984,0.19409470640386714
6803042918397412358,7453634343190807557,0.06629274870887089
6803042918397412358,7454926910012064774,0.03036914914195038
6803042918397412358,7457519820280644613,0.04255524572864896
6803042918397412358,7463351104668501024,0.06629274870887089
6803042918397412358,7463944109431145489,0.04255524572864896
6803042918397412358,7471571264202441729,0.15257281456220087
6803042918397412358,7492091019530798087,0.03322427090168043
6803042918397412358,7495918801364485163,0.0681541651705542
6803042918397412358,7497772332389123079,0.06629274870887089
6803042918397412358,7498665985957823506,0.06629274870887089
6803042918397412358,7502699724320097322,0.025971397918972315
6803042918397412358,7503034501376082986,0.06629274870887089
6803042918397412358,7516833731350643719,0.0303795668004485
6803042918397412358,7521069418713990158,0.15257281456220087
6803042918397412358,7525651754726671368,0.043345304246595086
6803042918397412358,7536210918439863297,0.055650992089492216
6803042918397412358,7553889065608414263,0.07062402936401824
6803042918397412358,7555788949694088210,0.03292697851478155
6803042918397412358,7577464395643552775,0.06629274870887089
6803042918397412358,7577628387390129168,0.03022285519761773
6803042918397412358,7578586528784696332,0.04255524572864896
6803042918397412358,7580931726077330450,0.036762608137223936
6803042918397412358,7589963743808947221,0.5
6803042918397412358,7601465278044668949,0.02192499848057527
6803042918397412358,7615456357705417750,0.06648465389281194
6803042918397412358,7620360781880771597,0.06629274870887089
6803687435404641286,6883861528681055237,0.015162866208873402
6803687435404641286,6884016318182720517,0.015578737043931439
6803687435404641286,6944422984339129349,0.015570995329637566
6803687435404641286,7043496794727613445,0.01590083793142494
6803687435404641286,7074044643659645958,0.01590443181439156
6803687435404641286,7218748615745274885,0.015907096794227544
6803687435404641286,7224271052267553819,0.015579484123559226
6803687435404641286,7307548469060584454,0.015729336754646765
6803687435404641286,7345693452820186117,0.015573757588736312
6803687435404641286,7457519820280644613,0.015733474220608865
6803687435404641286,7463993064467252256,0.01590607743860067
6803687435404641286,7610364091814872085,0.015415652944870201
6804278710825534469,6856636665056068614,0.249842096942255
6804278710825534469,6862468704480510981,0.016221593823903556
6804278710825534469,6871400804788470789,0.01622261274578415
6804278710825534469,6876111398716916738,0.1391673308943542
6804278710825534469,6892347025741923333,0.23202960543661694
6804278710825534469,6908266585728697349,0.13915151683885205
6804278710825534469,6952320940948915206,0.01622146332189198
6804278710825534469,7077477385247720474,0.249842096942255
6804278710825534469,7128070099412157442,0.13955843609369153
6804278710825534469,7132827351868277765,0.01622321322014262
6804278710825534469,7156899651936486405,0.0160486963433948
6804278710825534469,7157484883282641925,0.2590475623426461
6804278710825534469,7170886050868675589,0.13899017028718455
6804278710825534469,7190421222563251226,0.01587472573649733
6804278710825534469,7207214184994898949,0.015884945958813124
6804278710825534469,7255307152083796994,0.13892538982269587
6804278710825534469,7256202462158406658,0.13955843609369153
6804278710825534469,7377997874032084000,0.14286506906634
6804278710825534469,7455253044214449159,0.13894272274473318
6804278710825534469,7481202044420228112,0.01588438881759137
6804278710825534469,7487696987476886560,0.015885382969442412
6804278710825534469,7529208229067621384,0.016209425868484104
6805242171110573062,6818780344423416833,0.02116013477265925
6805242171110573062,6823162073837618182,0.01584226991237597
6805242171110573062,6855850715719762949,0.02200203370436653
6805242171110573062,6892655794388796421,0.015298742256788641
6805242171110573062,6912144792286462981,0.01552510616861153
6805242171110573062,6914932704597935110,0.015493344373122327
6805242171110573062,6993706047081530374,0.01591389868818612
6805242171110573062,7019854514410210309,0.018752413536607764
6805242171110573062,7060170751220368389,0.015583847787819606
6805242171110573062,7123824749314589742,0.01572925764914376
6805242171110573062,7195308914127815722,0.017578949134588715
6805242171110573062,7232080941065569285,0.014959419868915656
6805242171110573062,7297306010283181062,0.02067760236923281
6805242171110573062,7318306691132589088,0.026149613864804983
6805242171110573062,7349160078996276230,0.01509195522377054
6805242171110573062,7358089344354354194,0.01999379204415261
6805242171110573062,7363363492097065989,0.08182497754409696
6805242171110573062,7400347622539019270,0.015481444514481354
6805242171110573062,7436296718439875639,0.015333459477912877
6805242171110573062,7472777689112675361,0.029628034318025222
6805242171110573062,7613372812347589646,0.03081470866680211
6806673784097195014,6809360915122308101,0.015578137755935532
6806673784097195014,6934107948599919621,0.015523842302523265
6806673784097195014,6961111781085873157,0.01474272646819412
6806673784097195014,7013057860546036742,0.02457504047638932
6806673784097195014,7072173543165314053,0.015453028222016682
6806673784097195014,7075367754325869570,0.01491040635414024
6806673784097195014,7110565549231014913,0.014907056038059972
6806673784097195014,7125195944199996422,0.01525135639327164
6806673784097195014,7201194948527948806,0.014858702548473362
6806673784097195014,7251253251058959386,0.015532447462183359
6806673784097195014,7292469793109722154,0.014656932395453025
6806673784097195014,7357806298803143713,0.014907997282016253
6806673784097195014,7442002957991724065,0.014853781453288488
6806673784097195014,7533684525809943574,0.014988685635609395
6806764615436223494,6852936113049601025,0.014773027880002138
6806764615436223494,6856636665056068614,0.014774096929444551
6806764615436223494,6880847127791322113,0.014878386156778754
6806764615436223494,6892755568563373062,0.014998719632083733
6806764615436223494,6959868806102516741,0.015115486502383294
6806764615436223494,6986127145840821254,0.015579894145869235
6806764615436223494,7004852704795280390,0.015407602487686144
6806764615436223494,7014641270266594330,0.01511330039537247
6806764615436223494,7041796261662049281,0.014989928922364318
6806764615436223494,7043966862137721903,0.0155441416149633
6806764615436223494,7263081302823552005,0.014878346266875963
6806764615436223494,7334272629450343470,0.015137102200490806
6806764615436223494,7361069886359716906,0.01557957297544888
6806764615436223494,7437501539181642808,0.014889660954121706
6806764615436223494,7452648710973441029,0.014881169064800949
6806764615436223494,7502829652847657991,0.014999121142808918
6807686944023020545,6967865342052893698,0.015023953845105582
6807686944023020545,6982171632279634946,0.497936576796837
6807686944023020545,6990433306123682822,0.49819245424664427
6807686944023020545,7006613667513418757,0.497936576796837
6807686944023020545,7014981470109565957,0.497936576796837
6807686944023020545,7047494209448166401,0.497936576796837
6807686944023020545,7057768423321748481,0.49781603171380806
6807686944023020545,7096318271246304257,0.015377835641168992
6807686944023020545,7111668860398912513,0.015281271860643288
6807686944023020545,7128070099412157442,0.4984058065156707
6807686944023020545,7187952219559248898,0.4979018061335594
6807686944023020545,7197284105015788549,0.497936576796837
6807686944023020545,7230689368007574534,0.4981991110247165
6807686944023020545,7251253251058959386,0.49779479109685665
6807686944023020545,7255307152083796994,0.4984195889398708
6807686944023020545,7256202462158406658,0.4984058065156707
6807686944023020545,7265662037903885313,0.015399573119009887
6807686944023020545,7317393952595297285,0.015279614409023572
6807686944023020545,7523591048695170064,0.49802182863450595
6807737200873063429,6908833879592535046,0.01556720029047353
6807737200873063429,6928620904365540354,0.015267452212879482
6807737200873063429,7057509455312061445,0.01509043694374124
6807737200873063429,7102031855201911813,0.015556405763141426
6807737200873063429,7160888724522812418,0.015326619388307493
6807737200873063429,7171985902397834242,0.015567509134922386
6807737200873063429,7187479709860348934,0.015553290280176612
6807737200873063429,7292020279937025030,0.015265128655890088
6807737200873063429,7316815688206861344,0.015576183448086355
6807737200873063429,7320351877056791584,0.01587125023024196
6807737200873063429,7437773895165920312,0.014953379380318309
6807737200873063429,7449327343900541984,0.015480786208470926
6807737200873063429,7541721033906045972,0.015559543316213103
6807737200873063429,7579972033883882518,0.015371777246451378
6807983111105823746,6809652528789292038,0.016187046587077977
6807983111105823746,6829350288241394689,0.0152629222666108
6807983111105823746,6835062462527652869,0.015387593482686372
6807983111105823746,6906427668766426114,0.015544430313445204
6807983111105823746,6943266816316933126,0.016203901081395234
6807983111105823746,7033817528258741254,0.01586800885297918
6807983111105823746,7103710715597571074,0.016192112472327824
6807983111105823746,7296948579905045509,0.015686218448622596
6807983111105823746,7325894078187717675,0.015403167297099323
6807983111105823746,7330704995610477600,0.01604652828856039
6807983111105823746,7421215511235150853,0.015408975063226698
6807983111105823746,7426645678765458449,0.015830248754222037
6807983111105823746,7553889065608414263,0.01619075514542708
6807983111105823746,7575604955886208022,0.015395956927262726
6809360915122308101,6849714013304079366,0.49878944007383524
6809360915122308101,6990433306123682822,0.4992419837120384
6809360915122308101,7050498314663379974,0.49906128613305306
6809360915122308101,7088069802837967877,0.016102815684500935
6809360915122308101,7093023801574867969,0.49906128613305306
6809360915122308101,7128070099412157442,0.4989621600573231
6809360915122308101,7141833908052296709,0.4987725770003556
6809360915122308101,7230689368007574534,0.4992418964694866
6809360915122308101,7255307152083796994,0.4990224871991405
6809360915122308101,7256202462158406658,0.4989621600573231
6809360915122308101,7357806298803143713,0.015171869614578346
6809360915122308101,7402984582746358816,0.49906128613305306
6809360915122308101,7483884642539471878,0.01619668117420895
6809360915122308101,7523591048695170064,0.49879645603551415
6809652528789292038,6829350288241394689,0.015634773696446436
6809652528789292038,6943266816316933126,0.01658594950243405
6809652528789292038,7033817528258741254,0.016176536998832623
6809652528789292038,7060956428266505221,0.015502591887501329
6809652528789292038,7103710715597571074,0.01659701318896848
6809652528789292038,7330704995610477600,0.01636228695751624
6809652528789292038,7349660179460015147,0.015846173448707014
6809652528789292038,7354374148095181829,0.015743678796802912
6809652528789292038,7421215511235150853,0.015699203844086344
6809652528789292038,7426645678765458449,0.016228290705426116
6809652528789292038,7438808668303623224,0.015860896925346597
6809652528789292038,7553889065608414263,0.01659833491933798
6809697995937367046,6810336090362004485,0.015577479210914836
6809697995937367046,6856636665056068614,0.04509919947212047
6809697995937367046,6892347025741923333,0.05400571751054799
6809697995937367046,7019741447605027842,0.08204888683781289
6809697995937367046,7077477385247720474,0.04509919947212047
6809697995937367046,7134462289780753434,0.01557743542225257
6809697995937367046,7157484883282641925,0.05400571751054799
6809697995937367046,7181113461597783046,0.06629274870887089
6809697995937367046,7214715708412216325,0.015755112200363876
6809697995937367046,7223197815592715270,0.06629274870887089
6809697995937367046,7434627254548382776,0.06629274870887089
6809697995937367046,7589963743808947221,0.06629274870887089
6809802398032643078,6912121422416790533,0.04703061823988365
6809802398032643078,6981842793023243270,0.04703061823988365
6809802398032643078,7020067657941763078,0.01540435722170127
6809802398032643078,7181113461597783046,0.046872177419903675
6809802398032643078,7202373728666174466,0.04703061823988365
6809802398032643078,7258512037201429510,0.016062138492814088
6809802398032643078,7363363492097065989,0.0158920885793662
6809802398032643078,7434627254548382776,0.046872177419903675
6809802398032643078,7437773895165920312,0.04703061823988365
6809802398032643078,7494827943799571486,0.015879096477170618
6809802398032643078,7520209498390283282,0.016171423055450183
6809802398032643078,7533684525809943574,0.04703061823988365
6809802398032643078,7540825121352614920,0.015877529035362655
6809802398032643078,7559878386093442056,0.04703061823988365
6809802398032643078,7570721274922779668,0.04703061823988365
6809802398032643078,7576228097504363527,0.04703061823988365
6809802398032643078,7589963743808947221,0.046872177419903675
6809802398032643078,7593513425976984598,0.015987063489197647
6810336090362004485,6828012366325957638,0.016030856528977372
6810336090362004485,6896477963005658118,0.015335964550623152
6810336090362004485,6907167382511289349,0.01511054715805943
6810336090362004485,6984293816250401794,0.016389993784596296
6810336090362004485,7019122231100359681,0.01603055105951036
6810336090362004485,7019741447605027842,0.01639526568288138
6810336090362004485,7066112826317882370,0.016031613821326285
6810336090362004485,7069559776909493253,0.015458690623007317
6810336090362004485,7077477385247720474,0.0162057691635122
6810336090362004485,7111181867437802497,0.021809843110625598
6810336090362004485,7112782834389517317,0.015220733873926477
6810336090362004485,7134462289780753434,0.01620976383549206
6810336090362004485,7147846060249072645,0.016207827845702828
6810336090362004485,7213907079759856645,0.2624168901189008
6810336090362004485,7214715708412216325,0.01639624961768392
6810336090362004485,7232638793861678082,0.01638898511279647
6810336090362004485,7553907650837955595,0.016392405796223405
6810484617755427845,6818780344423416833,0.03157008879285513
6810484617755427845,6818997048034018306,0.10618450856507251
6810484617755427845,6842625485920437250,0.03869323932330093
6810484617755427845,6876922250068935686,0.01451726903405812
6810484617755427845,6899872761571066881,0.01563536385073517
6810484617755427845,6921826785543177222,0.01567070189586804
6810484617755427845,6923847519505335302,0.014377032593447444
6810484617755427845,7017795675979924481,0.08093270877429355
6810484617755427845,7028867830490547206,0.10618450856507251
6810484617755427845,7030932109430899718,0.028046660350004242
6810484617755427845,7041796261662049281,0.030863148950263153
6810484617755427845,7045679836841837569,0.05096284594858291
6810484617755427845,7106898276444587009,0.10618450856507251
6810484617755427845,7112272075901092866,0.02377801799546903
6810484617755427845,7163936659606766598,0.03704018122218814
6810484617755427845,7237562474958308358,0.013659202978368132
6810484617755427845,7263914736517399557,0.08093270877429355
6810484617755427845,7274983064991810566,0.043388051698711565
6810484617755427845,7282457131139646497,0.011133491919765908
6810484617755427845,7316789714857624582,0.10618450856507251
6810484617755427845,7318306691132589088,0.016279991794160325
6810484617755427845,7323120700012938245,0.20116250740917596
6810484617755427845,7347823456870581291,0.014478505100852947
6810484617755427845,7387033416446837765,0.10618450856507253
6810484617755427845,7397174816681264133,0.015069736306613738
6810484617755427845,7403666842986546209,0.008938402887135408
6810484617755427845,7435823402563355704,0.015172810834004267
6810484617755427845,7455603448303567877,0.11728566571754802
6810484617755427845,7534224814162166800,0.032696509036105284
6810484617755427845,7550753650902270984,0.10618450856507251
6810484617755427845,7594214580139967544,0.07155246569043296
6811160099877389313,6901293173320041474,0.026008990420257994
6811160099877389313,6912121422416790533,0.06650584129825902
6811160099877389313,6978785360063267846,0.026008990420257994
6811160099877389313,6981842793023243270,0.06650584129825902
6811160099877389313,7025154962762826753,0.016039875877202427
6811160099877389313,7124837748766721026,0.01638972392078886
6811160099877389313,7202373728666174466,0.06650584129825902
6811160099877389313,7205671848440792069,0.01620285778810508
6811160099877389313,7261422825452422150,0.01699149843783033
6811160099877389313,7437773895165920312,0.06650584129825902
6811160099877389313,7533684525809943574,0.06650584129825902
6811160099877389313,7559878386093442056,0.06650584129825902
6811160099877389313,7570721274922779668,0.06650584129825902
6811160099877389313,7576228097504363527,0.06650584129825902
6811160099877389313,7585691270368019463,0.016579340360691974
6811775237034886150,6936971554723103749,0.01543635209321193
6811775237034886150,6965504260722361350,0.015436645898105122
6811775237034886150,6989905844062258202,0.015280938773049802
6811775237034886150,7079516740987978757,0.01543283906175536
6811775237034886150,7101038813632644101,0.015428509220029835
6811775237034886150,7290292672361759776,0.015149961649496332
6811775237034886150,7331847404519883819,0.015016568900932815
6811775237034886150,7358930055361823749,0.015428347735719782
6811775237034886150,7415799988297319429,0.015157842604505306
6811775237034886150,7421992589585843243,0.015016082821361942
6811775237034886150,7435499715750806536,0.015017158409274032
6811775237034886150,7493826108368405512,0.015592985555104372
6811775237034886150,7546456230891750422,0.015592985555104372
6811775237034886150,7555033171922912263,0.015145140374544902
6811775237034886150,7610014708498023431,0.014897087490482845
6811864837094917126,6982171632279634946,0.498607825922934
6811864837094917126,6990433306123682822,0.526526306335733
6811864837094917126,7006613667513418757,0.498607825922934
6811864837094917126,7014981470109565957,0.498607825922934
6811864837094917126,7047494209448166401,0.498607825922934
6811864837094917126,7057768423321748481,0.4984786227555046
6811864837094917126,7096318271246304257,0.01580762416072084
6811864837094917126,7128070099412157442,0.49901114987961565
6811864837094917126,7187952219559248898,0.4985708151443359
6811864837094917126,7197284105015788549,0.498607825922934
6811864837094917126,7230689368007574534,0.49887175123324157
6811864837094917126,7251253251058959386,0.49844104155070257
6811864837094917126,7255307152083796994,0.49907148294455955
6811864837094917126,7256202462158406658,0.49901114987961565
6811864837094917126,7297306010283181062,0.01659898655440663
6811864837094917126,7389767673448285226,0.015814456652910047
6811864837094917126,7409739423779357702,0.016574980532523903
6811864837094917126,7432711408628679685,0.016589655599013913
6811864837094917126,7499448682740204566,0.0166032391966212
6811864837094917126,7523591048695170064,0.49869211658707124
6811864837094917126,7547644791631135764,0.01616642711445707
6812303251514704901,6901293173320041474,0.016697550952443154
6812303251514704901,6912121422416790533,0.04269618527168356
6812303251514704901,6912144792286462981,0.015046243673665175
6812303251514704901,6930980050721260549,0.015222101373506207
6812303251514704901,6978785360063267846,0.016697550952443154
6812303251514704901,6981842793023243270,0.04269618527168356
6812303251514704901,6996027289760187398,0.015201838137426843
6812303251514704901,7123824749314589742,0.015122717876722182
6812303251514704901,7202373728666174466,0.04269618527168356
6812303251514704901,7437773895165920312,0.04269618527168356
6812303251514704901,7533684525809943574,0.04269618527168356
6812303251514704901,7559878386093442056,0.04269618527168356
6812303251514704901,7570721274922779668,0.04269618527168356
6812303251514704901,7576228097504363527,0.04269618527168356
6812303251514704901,7611159661320930321,0.014592295352564557
6812577078438167557,6912121422416790533,0.04703061823988365
6812577078438167557,6981842793023243270,0.04703061823988365
6812577078438167557,7181113461597783046,0.046872177419903675
6812577078438167557,7202373728666174466,0.04703061823988365
6812577078438167557,7434627254548382776,0.046872177419903675
6812577078438167557,7437773895165920312,0.04703061823988365
6812577078438167557,7533684525809943574,0.04703061823988365
6812577078438167557,7559878386093442056,0.04703061823988365
6812577078438167557,7570721274922779668,0.04703061823988365
6812577078438167557,7576228097504363527,0.04703061823988365
6812577078438167557,7589963743808947221,0.046872177419903675
6814332639731713025,6943126304288572422,0.0177924136079835
6814332639731713025,7039563533004424198,0.024387031930430084
6814332639731713025,7045679836841837569,0.03213056807836464
6814332639731713025,7071952426950198278,0.03575101511112099
6814332639731713025,7110264605897049115,0.02110397422689098
6814332639731713025,7178073990841500673,0.09311944698523357
6814332639731713025,7267394392368514053,0.01833087471873491
6814332639731713025,7296760772994122757,0.01518186584004936
6814332639731713025,7323120700012938245,0.022827456639392046
6814332639731713025,7367577463750132741,0.017027358024758705
6814332639731713025,7416287041577305094,0.017944550344944077
6814332639731713025,7454926910012064774,0.018115440821517538
6814332639731713025,7592395448494474254,0.024098313522565543
6814332639731713025,7603001410426618881,0.017110615941674772
6817048044547228674,6851041098493330434,0.016587588791520277
6817048044547228674,6861442596751246342,0.016589123948374133
6817048044547228674,6945373217453425669,0.016588964375410138
6817048044547228674,6960298061139969029,0.016589351907237815
6817048044547228674,6975000026854687749,0.016589549142669916
6817048044547228674,7118597435305722926,0.01621049666704572
6817048044547228674,7128440962807956482,0.01659164367441574
6817048044547228674,7416287041577305094,0.01658396632246212
6817048044547228674,7436219840279053328,0.01638929997581483
6817048044547228674,7525651754726671368,0.01639379245911661
6817048044547228674,7531355177938682896,0.016588363060341917
6817117068983518213,6847662570619749381,0.015576870146811132
6817117068983518213,6901293173320041474,0.026008990420257994
6817117068983518213,6912121422416790533,0.06650584129825902
6817117068983518213,6978785360063267846,0.026008990420257994
6817117068983518213,6981842793023243270,0.06650584129825902
6817117068983518213,7112043590829982747,0.015884225141870937
6817117068983518213,7170534828961268738,0.015159042451795578
6817117068983518213,7202373728666174466,0.06650584129825902
6817117068983518213,7247153806412252165,0.015036770725306335
6817117068983518213,7255585908618937370,0.015563066129051766
6817117068983518213,7261422825452422150,0.01699149843783033
6817117068983518213,7299759192024466438,0.015034777831265141
6817117068983518213,7437773895165920312,0.06650584129825902
6817117068983518213,7533684525809943574,0.06650584129825902
6817117068983518213,7559878386093442056,0.06650584129825902
6817117068983518213,7570721274922779668,0.06650584129825902
6817117068983518213,7576228097504363527,0.06650584129825902
6818780344423416833,6818997048034018306,0.04142026647314928
6818780344423416833,6842625485920437250,0.029613604877848854
6818780344423416833,7017795675979924481,0.03157008879285513
6818780344423416833,7028867830490547206,0.04142026647314928
6818780344423416833,7045679836841837569,0.03313249562712423
6818780344423416833,7055373226209772549,0.016464125135566936
6818780344423416833,7106898276444587009,0.04142026647314928
6818780344423416833,7192187661674775557,0.0162710023941829
6818780344423416833,7258512037201429510,0.016504766277962477
6818780344423416833,7263914736517399557,0.03157008879285513
6818780344423416833,7274983064991810566,0.030707319427554256
6818780344423416833,7316789714857624582,0.04142026647314928
6818780344423416833,7323120700012938245,0.07846911733069567
6818780344423416833,7323298125393003563,0.016314994876667772
6818780344423416833,7324429098661790726,0.016594520263214473
6818780344423416833,7387033416446837765,0.04142026647314928
6818780344423416833,7446622049529594923,0.016502450388321828
6818780344423416833,7455603448303567877,0.0457505863439999
6818780344423416833,7472777689112675361,0.01948538524592787
6818780344423416833,7550753650902270984,0.04142026647314928
6818780344423416833,7593513425976984598,0.016180262994289547
6818780344423416833,7613372812347589646,0.020265821997120327
6818925100223120390,6856636665056068614,0.05403540744164263
6818925100223120390,6892347025741923333,0.06470671284674816
6818925100223120390,6914709275327661062,0.04183169823812414
6818925100223120390,7019741447605027842,0.07942836522241806
6818925100223120390,7062668564406666246,0.01610151347367954
6818925100223120390,7077477385247720474,0.05403540744164263
6818925100223120390,7157484883282641925,0.06470671284674816
6818925100223120390,7178590990041711622,0.020792163428624416
6818925100223120390,7181113461597783046,0.07942836522241806
6818925100223120390,7223197815592715270,0.07942836522241806
6818925100223120390,7434627254548382776,0.07942836522241806
6818925100223120390,7524800391486522390,0.016283671245635137
6818925100223120390,7589963743808947221,0.07942836522241806
6818925100223120390,7614802407563035656,0.015939221605756917
6818997048034018306,6842625485920437250,0.0507659099091029
6818997048034018306,6861442596751246342,0.01731369923120957
6818997048034018306,6884269257367749633,0.015281117927054092
6818997048034018306,6979776947182355462,0.015563283103249715
6818997048034018306,7017795675979924481,0.10618450856507251
6818997048034018306,7028867830490547206,0.13931511783017517
6818997048034018306,7029374960272081925,0.015597537971268399
6818997048034018306,7030932109430899718,0.03679749376067637
6818997048034018306,7041796261662049281,0.04049275445844525
6818997048034018306,7045679836841837569,0.06686375427293993
6818997048034018306,7106898276444587009,0.1657772819230458
6818997048034018306,7112272075901092866,0.03119699307904906
6818997048034018306,7140235759920219178,0.01541354044185678
6818997048034018306,7163936659606766598,0.048597081449577445
6818997048034018306,7164695071642977286,0.017313570811556333
6818997048034018306,7253476605544121350,0.025974778485315174
6818997048034018306,7263914736517399557,0.10618450856507251
6818997048034018306,7274983064991810566,0.05692554984255019
6818997048034018306,7284057704728626181,0.015537572119207557
6818997048034018306,7316789714857624582,0.13931511783017517
6818997048034018306,7323120700012938245,0.26392718487319106
6818997048034018306,7378567914254959622,0.01984854341955886
6818997048034018306,7387033416446837765,0.1393151178301752
6818997048034018306,7455603448303567877,0.15387994501304664
6818997048034018306,7520642008689116176,0.016038085201734407
6818997048034018306,7534224814162166800,0.042898140892264944
6818997048034018306,7542455562676470840,0.015725827890789176
6818997048034018306,7550753650902270984,0.13931511783017517
6818997048034018306,7556669488167650315,0.033204409385223385
6818997048034018306,7585691270368019463,0.017134415800950705
6818997048034018306,7594214580139967544,0.09387753753734601
6819677799301809158,6834231924526826502,0.01600427241409454
6819677799301809158,6843139966571365382,0.01616641102659701
6819677799301809158,6876111398716916738,0.01614783919540736
6819677799301809158,6950265718026683398,0.01618162517467206
6819677799301809158,7061134436725277701,0.01616203323864165
6819677799301809158,7112272075901092866,0.016046621519797775
6819677799301809158,7187952219559248898,0.0163371722969002
6819677799301809158,7209676024983487531,0.03139091635662551
6819677799301809158,7255307152083796994,0.016189091814072475
6819677799301809158,7367577463750132741,0.01583365912557085
6819677799301809158,7375525564567241761,0.01612518693641671
6819677799301809158,7499826250930226194,0.016317375568556586
6819677799301809158,7585186788609508373,0.016197333756796568
6820241268720190469,6848622157234734086,0.023634614447322448
6820241268720190469,6916463036367242245,0.02485012047245867
6820241268720190469,7009641336668161030,0.04414381799306623
6820241268720190469,7019741447605027842,0.02261820317860262
6820241268720190469,7077174182438011909,0.03501933400589292
6820241268720190469,7181113461597783046,0.02261820317860262
6820241268720190469,7223197815592715270,0.02261820317860262
6820241268720190469,7253090810513097730,0.039372834414507854
6820241268720190469,7349660179460015147,0.025146026533462967
6820241268720190469,7434627254548382776,0.02261820317860262
6820241268720190469,7441608528565224494,0.026128442267956516
6820241268720190469,7535385905805460487,0.014873333498686681
6820241268720190469,7589963743808947221,0.02261820317860262
6821664407849092102,6932287413504033797,0.015134801406524161
6821664407849092102,7055373226209772549,0.016572747367032573
6821664407849092102,7062668564406666246,0.015132829228566088
6821664407849092102,7151417501942219781,0.020359953528411544
6821664407849092102,7363363492097065989,0.015099223884172423
6821664407849092102,7476936817243604001,0.015846927561552787
6821664407849092102,7520209498390283282,0.015340295308021388
6821664407849092102,7521665294160200711,0.015485988930984405
6821664407849092102,7577464395643552775,0.015339972472845959
6821664407849092102,7593513425976984598,0.01517270326681298
6822164219574027270,6873368506659390466,0.015474971135022756
6822164219574027270,6923847519505335302,0.059414630262060106
6822164219574027270,7071238041176409090,0.10870099418050141
6822164219574027270,7222053350383944705,0.03886862001927753
6822164219574027270,7237562474958308358,0.013622183708782062
6822164219574027270,7309689805897171970,0.015380568855621245
6822164219574027270,7316071021454558214,0.01585866045259326
6822164219574027270,7352986419860423712,0.015381481664825
6822164219574027270,7359928513861927969,0.015438351435694114
6822164219574027270,7402984582746358816,0.015851392639616314
6822164219574027270,7472777689112675361,0.034764589076128186
6822164219574027270,7486273853688464430,0.015165433266397148
6822164219574027270,7495918801364485163,0.015289097594028469
6822164219574027270,7513207192766743559,0.015888801012583834
6822720405318304774,6850499594155361285,0.015626617290150968
6822720405318304774,6870272731359872005,0.014832718606768302
6822720405318304774,6914932704597935110,0.015245287763578046
6822720405318304774,6938129809118577670,0.014946301338832922
6822720405318304774,6961111781085873157,0.01470436506879384
6822720405318304774,7013057860546036742,0.024503434975896726
6822720405318304774,7110264605897049115,0.01965611258930332
6822720405318304774,7151417501942219781,0.014838586359195351
6822720405318304774,7189559133157475354,0.015249894799177674
6822720405318304774,7292469793109722154,0.014582722720349673
6822720405318304774,7323120700012938245,0.025197292270111037
6822720405318304774,7330899919002027051,0.015328266048757906
6822720405318304774,7333474672351675398,0.01747374338629428
6822720405318304774,7397174816681264133,0.015003550941868733
6822720405318304774,7416287041577305094,0.050912759763688586
6822720405318304774,7454926910012064774,0.01687261084402241
6822720405318304774,7601465278044668949,0.016673888247667756
6823162073837618182,6824177861047370758,0.026447753075587836
6823162073837618182,6832398563352904710,0.02140930060075686
6823162073837618182,6848622157234734086,0.01665767863297242
6823162073837618182,6892655794388796421,0.015054479399678475
6823162073837618182,6961393844521174018,0.01589332196126476
6823162073837618182,7002488915312739330,0.026442210370136443
6823162073837618182,7115031152766813185,0.01647571976883759
6823162073837618182,7156899651936486405,0.01620929562509275
6823162073837618182,7180371385733301250,0.015888081495824134
6823162073837618182,7316298248997192709,0.01590599856420077
6823162073837618182,7317249968522462213,0.016023055379341584
6823162073837618182,7323679526399083553,0.016227420879912437
6823162073837618182,7340377245914547206,0.01602493797360372
6823162073837618182,7384904311195599878,0.015883254751442116
6823162073837618182,7486249118827185153,0.01589641266645744
6823162073837618182,7508718935962321938,0.016543526143138327
6823162073837618182,7550753650902270984,0.016461259289221472
6824177861047370758,6848622157234734086,0.02645095417977555
6824177861047370758,6961393844521174018,0.02593223613881272
6824177861047370758,7002488915312739330,0.025964983037862748
6824177861047370758,7180371385733301250,0.02593990632725387
6824177861047370758,7223197815592715270,0.02537864415099811
6824177861047370758,7250413502015390747,0.024948569009573204
6824177861047370758,7316298248997192709,0.02591490582416868
6824177861047370758,7384904311195599878,0.025947250616636997
6824177861047370758,7389067466839983111,0.025153580009452798
6824177861047370758,7486249118827185153,0.025927884966096295
6824177861047370758,7498060815040431122,0.026463395742131246
6824177861047370758,7508718935962321938,0.02660714847827476
6824177861047370758,7520061487814427656,0.02474069867286529
6824177861047370758,7550753650902270984,0.026142074648838026
6824257455564997637,6837932290569176069,0.015418375924663079
6824257455564997637,6874983109881086981,0.015469573869177963
6824257455564997637,6914709275327661062,0.015262623648274541
6824257455564997637,6954311078944965637,0.01544328134507028
6824257455564997637,6987886708910212102,0.015441480195049774
6824257455564997637,7495408204823397384,0.015125564245683665
6824257455564997637,7528230653382460434,0.015256951600083371
6824257455564997637,7570721274922779668,0.01583794056128267
6824257455564997637,7576228097504363527,0.015275011448161029
6824257455564997637,7601825276554118152,0.015127647638695882
6826821136366994437,6889429234431853574,0.015270974558555899
6826821136366994437,6901293173320041474,0.016697550952443154
6826821136366994437,6912121422416790533,0.04269618527168356
6826821136366994437,6963109032279213061,0.01555197751656172
6826821136366994437,6978785360063267846,0.016697550952443154
6826821136366994437,6981842793023243270,0.04269618527168356
6826821136366994437,7202373728666174466,0.04269618527168356
6826821136366994437,7346466630966412293,0.01555670503150525
6826821136366994437,7437773895165920312,0.04269618527168356
6826821136366994437,7490579692137137174,0.015270549922722518
6826821136366994437,7526713237481833504,0.015405659859116386
6826821136366994437,7533684525809943574,0.04269618527168356
6826821136366994437,7556652869841044512,0.01540692229587689
6826821136366994437,7559878386093442056,0.04269618527168356
6826821136366994437,7570721274922779668,0.04269618527168356
6826821136366994437,7576228097504363527,0.04269618527168356
6828012366325957638,6896477963005658118,0.015184461827941781
6828012366325957638,6901293173320041474,0.016697550952443154
6828012366325957638,6907167382511289349,0.014963426276681232
6828012366325957638,6912121422416790533,0.04269618527168356
6828012366325957638,6978785360063267846,0.016697550952443154
6828012366325957638,6981842793023243270,0.04269618527168356
6828012366325957638,7019741447605027842,0.016212321572257705
6828012366325957638,7066112826317882370,0.015864754546423394
6828012366325957638,7069559776909493253,0.015304773002942095
6828012366325957638,7112782834389517317,0.015071485220348353
6828012366325957638,7134462289780753434,0.016030898720134412
6828012366325957638,7157662712166630401,0.015301120095755329
6828012366325957638,7161919347677234181,0.015182012960346297
6828012366325957638,7202373728666174466,0.04269618527168356
6828012366325957638,7214715708412216325,0.01621329527861099
6828012366325957638,7437773895165920312,0.04269618527168356
6828012366325957638,7483576233717400594,0.015181470270375166
6828012366325957638,7533684525809943574,0.04269618527168356
6828012366325957638,7559878386093442056,0.04269618527168356
6828012366325957638,7570721274922779668,0.04269618527168356
6828012366325957638,7576228097504363527,0.04269618527168356
6828658690528592901,6855850715719762949,0.03158013011169102
6828658690528592901,6901293173320041474,0.01710399865664135
6828658690528592901,6912121422416790533,0.043735485378095726
6828658690528592901,6981842793023243270,0.043735485378095726
6828658690528592901,7025154962762826753,0.01588035446400931
6828658690528592901,7202373728666174466,0.043735485378095726
6828658690528592901,7205671848440792069,0.016039975418415835
6828658690528592901,7357806298803143713,0.1037554451081142
6828658690528592901,7437773895165920312,0.043735485378095726
6828658690528592901,7533684525809943574,0.043735485378095726
6828658690528592901,7559878386093442056,0.043735485378095726
6828658690528592901,7570721274922779668,0.043735485378095726
6828658690528592901,7576228097504363527,0.043735485378095726
6828658690528592901,7605645281590510610,0.05898740661145803
6829337968281682949,6945431007680726021,0.015410313042048616
6829337968281682949,6949584343513940998,0.01603394133758169
6829337968281682949,6969779682486141958,0.015855439769102482
6829337968281682949,7151042722353218565,0.015288823487034413
6829337968281682949,7227584300489081862,0.014960131398143712
6829337968281682949,7248602643801932827,0.015708388186612767
6829337968281682949,7442753421524288544,0.01495861639591461
6829337968281682949,7501092673261618231,0.015063724909222606
6829337968281682949,7573875560531805204,0.015299022114873353
6829337968281682949,7617508216503600150,0.015705219337504628
6829350288241394689,6832809961032287238,0.024696458621301987
6829350288241394689,6901293173320041474,0.026008990420257994
6829350288241394689,6912121422416790533,0.06650584129825902
6829350288241394689,6978785360063267846,0.026008990420257994
6829350288241394689,6981842793023243270,0.06650584129825902
6829350288241394689,6991296494569735173,0.014389323553343564
6829350288241394689,7033817528258741254,0.01525299894106289
6829350288241394689,7103710715597571074,0.015630116721354382
6829350288241394689,7143925297570169861,0.025158229783178113
6829350288241394689,7202373728666174466,0.06650584129825902
6829350288241394689,7354374148095181829,0.014880938600860354
6829350288241394689,7431474919115064326,0.01459723434131362
6829350288241394689,7437773895165920312,0.06650584129825902
6829350288241394689,7438808668303623224,0.014984558530499886
6829350288241394689,7523457544536589330,0.015092479858890152
6829350288241394689,7533684525809943574,0.06650584129825902
6829350288241394689,7559878386093442056,0.06650584129825902
6829350288241394689,7570721274922779668,0.06650584129825902
6829350288241394689,7576228097504363527,0.06650584129825902
6831114394236601346,6856636665056068614,0.04509919947212047
6831114394236601346,6892347025741923333,0.05400571751054799
6831114394236601346,7019741447605027842,0.06629274870887089
6831114394236601346,7077477385247720474,0.04509919947212047
6831114394236601346,7157484883282641925,0.05400571751054799
6831114394236601346,7181113461597783046,0.06629274870887089
6831114394236601346,7223197815592715270,0.06629274870887089
6831114394236601346,7235505872251520046,0.015364939425013038
6831114394236601346,7373912731559609352,0.015364339289320732
6831114394236601346,7386533375073682449,0.015366086269149593
6831114394236601346,7434627254548382776,0.06629274870887089
6831114394236601346,7495346041269814279,0.014943751506320983
6831114394236601346,7589963743808947221,0.06629274870887089
6832398563352904710,6906224034717090818,0.016035144241100186
6832398563352904710,6918522708590887938,0.016405074209814765
6832398563352904710,6923847519505335302,0.02285201898034633
6832398563352904710,6981168624778216453,0.016412169823318463
6832398563352904710,7071238041176409090,0.022643633930180707
6832398563352904710,7115031152766813185,0.01628174579534701
6832398563352904710,7158268924675752966,0.01640760629949821
6832398563352904710,7187464196166288389,0.016368798372085474
6832398563352904710,7232080941065569285,0.014994692514541557
6832398563352904710,7317249968522462213,0.01599243310116488
6832398563352904710,7323679526399083553,0.016140509058981452
6832398563352904710,7393383072991396869,0.016122109503174945
6832398563352904710,7436296718439875639,0.015558854908521658
6832398563352904710,7585187926658450454,0.016810364650936205
6832398563352904710,7601465278044668949,0.01605680616317649
6832809961032287238,6865515418422854662,0.024857904305468664
6832809961032287238,6980103239853163522,0.0242319376189984
6832809961032287238,6991296494569735173,0.024327197614694356
6832809961032287238,7060956428266505221,0.02452140329093189
6832809961032287238,7062096839953335302,0.02430370711264489
6832809961032287238,7143925297570169861,0.02546548632445306
6832809961032287238,7155676547864691718,0.024141508329909668
6832809961032287238,7191831178118284294,0.024700732260494362
6832809961032287238,7197284105015788549,0.024621036762473885
6832809961032287238,7287530802672944129,0.025485154220947635
6832809961032287238,7349660179460015147,0.025214032998070297
6832809961032287238,7354374148095181829,0.02493569749342438
6832809961032287238,7431474919115064326,0.0246813867408639
6832809961032287238,7438808668303623224,0.025187827816801494
6832809961032287238,7523457544536589330,0.025469541590763225
6832809961032287238,7620360781880771597,0.024723791270156174
6834143886405157894,6959539375579677702,0.02440855353146335
6834143886405157894,6969163964988376070,0.01617260306568522
6834143886405157894,6982498486395175942,0.016586792029511323
6834143886405157894,7033903061694268422,0.016012079368642587
6834143886405157894,7063430535804781574,0.01658049951599596
6834143886405157894,7102031855201911813,0.03934449973126862
6834143886405157894,7118766647640753178,0.11888131730310891
6834143886405157894,7154955988025590786,0.01658642181601654
6834143886405157894,7189144603827487746,0.01657564366193837
6834143886405157894,7437501539181642808,0.055542315685893726
6834143886405157894,7483884642539471878,0.03173427107909086
6834143886405157894,7493498844564489224,0.11888131730310891
6834231924526826502,6843139966571365382,0.016043706567984123
6834231924526826502,6901293173320041474,0.026008990420257994
6834231924526826502,6912121422416790533,0.06650584129825902
6834231924526826502,6950265718026683398,0.016049153516906858
6834231924526826502,6978785360063267846,0.026008990420257994
6834231924526826502,6981842793023243270,0.06650584129825902
6834231924526826502,7061134436725277701,0.016039373642048275
6834231924526826502,7187952219559248898,0.01621129206963141
6834231924526826502,7202373728666174466,0.06650584129825902
6834231924526826502,7261422825452422150,0.01699149843783033
6834231924526826502,7437773895165920312,0.06650584129825902
6834231924526826502,7533684525809943574,0.06650584129825902
6834231924526826502,7559878386093442056,0.06650584129825902
6834231924526826502,7570721274922779668,0.06650584129825902
6834231924526826502,7576228097504363527,0.06650584129825902
6835062462527652869,6837932290569176069,0.015414415755408972
6835062462527652869,6839768600343430149,0.015023513282674875
6835062462527652869,6906427668766426114,0.015144454198053874
6835062462527652869,6954311078944965637,0.0153915771502634
6835062462527652869,7033817528258741254,0.015397928157528702
6835062462527652869,7296948579905045509,0.015271007720393357
6835062462527652869,7325894078187717675,0.015019662438183513
6835062462527652869,7330704995610477600,0.015549896334244228
6835062462527652869,7345447179269719072,0.014894120567971837
6835062462527652869,7396054750779900933,0.014897453104739859
6835062462527652869,7421215511235150853,0.015001260781391525
6835062462527652869,7483319222622602262,0.015150457715609843
6835062462527652869,7575604955886208022,0.01502590870150001
6837101733156684806,6856636665056068614,0.023321711209993354
6837101733156684806,6892347025741923333,0.027927452420703956
6837101733156684806,6896477963005658118,0.03659207994185147
6837101733156684806,6967116138620077061,0.015089699189703624
6837101733156684806,7019741447605027842,0.03428132558451939
6837101733156684806,7101038813632644101,0.1554813607254167
6837101733156684806,7157484883282641925,0.027927452420703956
6837101733156684806,7181113461597783046,0.03428132558451939
6837101733156684806,7223197815592715270,0.03428132558451939
6837101733156684806,7319637314757575686,0.015447776905115318
6837101733156684806,7430756915124634630,0.015461809082353872
6837101733156684806,7434627254548382776,0.03428132558451939
6837101733156684806,7435823402563355704,0.056488127008201966
6837101733156684806,7535385905805460487,0.014972515624039943
6837101733156684806,7589963743808947221,0.03428132558451939
6837932290569176069,6901293173320041474,0.026008990420257994
6837932290569176069,6912121422416790533,0.06650584129825902
6837932290569176069,6954311078944965637,0.015872506202080344
6837932290569176069,6962414155648320518,0.015319547356274955
6837932290569176069,6978785360063267846,0.026008990420257994
6837932290569176069,6981842793023243270,0.06650584129825902
6837932290569176069,7202373728666174466,0.06650584129825902
6837932290569176069,7261422825452422150,0.01699149843783033
6837932290569176069,7325894078187717675,0.01540030910954961
6837932290569176069,7345447179269719072,0.015321839113876065
6837932290569176069,7396054750779900933,0.015318336263527318
6837932290569176069,7437773895165920312,0.06650584129825902
6837932290569176069,7483319222622602262,0.015563036594774404
6837932290569176069,7533684525809943574,0.06650584129825902
6837932290569176069,7559878386093442056,0.06650584129825902
6837932290569176069,7570721274922779668,0.08208743655529657
6837932290569176069,7575604955886208022,0.015406720076816685
6837932290569176069,7576228097504363527,0.06650584129825902
6838326698851173382,6842047849288287238,0.015305561316993396
6838326698851173382,6870787891703006210,0.015029538073905384
6838326698851173382,6909418799418606598,0.014732237464464674
6838326698851173382,6984843073390248966,0.014423081702493413
6838326698851173382,7004989334039790597,0.014346624290764536
6838326698851173382,7068378496390153262,0.014415722430197349
6838326698851173382,7093090538711483397,0.014845503475431298
6838326698851173382,7111181867437802497,0.015547017795785888
6838326698851173382,7351522222589199365,0.024006143914067708
6838326698851173382,7377997874032084000,0.01448547723451543
6838326698851173382,7469977879825466414,0.015433459379024534
6838326698851173382,7493568304607937558,0.015409291439725697
6838326698851173382,7571272033645626385,0.014342319711009785
6838326698851173382,7620205971531416579,0.015651966196704756
6839768600343430149,6856636665056068614,0.10379584391924272
6839768600343430149,6892347025741923333,0.12429420236021743
6839768600343430149,6954311078944965637,0.015413519246511808
6839768600343430149,7019741447605027842,0.15257281456220087
6839768600343430149,7077477385247720474,0.10379584391924272
6839768600343430149,7157484883282641925,0.12429420236021743
6839768600343430149,7181113461597783046,0.15257281456220087
6839768600343430149,7223197815592715270,0.15257281456220087
6839768600343430149,7345447179269719072,0.01491512356360137
6839768600343430149,7396054750779900933,0.014918457293869702
6839768600343430149,7434627254548382776,0.15257281456220087
6839768600343430149,7575604955886208022,0.015016015655693172
6839768600343430149,7589963743808947221,0.15257281456220087
6841368350297375746,6967865342052893698,0.015355358721365642
6841368350297375746,6991802841732219910,0.015719838677273605
6841368350297375746,7063815593522873349,0.016238179458588596
6841368350297375746,7071636331441603585,0.01586735894922486
6841368350297375746,7097208681418195994,0.09299982809929423
6841368350297375746,7112043590829982747,0.016228437434281498
6841368350297375746,7195872824606163994,0.01573211762602293
6841368350297375746,7265662037903885313,0.015726369136395395
6841368350297375746,7293760186871088133,0.015886404880432522
6841368350297375746,7298207797677884422,0.01586691384931793
6841368350297375746,7367761141394998277,0.015872275017700485
6842047849288287238,6892655794388796421,0.024143117303088484
6842047849288287238,6984843073390248966,0.014856529973655278
6842047849288287238,7004989334039790597,0.014776247719549312
6842047849288287238,7068378496390153262,0.014849128431098011
6842047849288287238,7071952426950198278,0.014972352847486691
6842047849288287238,7093090538711483397,0.015283073941240797
6842047849288287238,7111181867437802497,0.015306707932396014
6842047849288287238,7138346273199031302,0.014705456766717898
6842047849288287238,7178073990841500673,0.015092378725549988
6842047849288287238,7351522222589199365,0.024728382427755175
6842047849288287238,7411689832726545414,0.015212376270985598
6842047849288287238,7469977879825466414,0.015187304199467164
6842047849288287238,7493568304607937558,0.015167736356490252
6842047849288287238,7534684083310347265,0.015231413204787445
6842047849288287238,7620205971531416579,0.015399113870043658
6842625485920437250,6867672357939561478,0.014710781801115817
6842625485920437250,6966657160718943238,0.01490631580806584
6842625485920437250,7017795675979924481,0.03869323932330093
6842625485920437250,7019741447605027842,0.05725626818545522
6842625485920437250,7028867830490547206,0.0507659099091029
6842625485920437250,7033903061694268422,0.015523016614009517
6842625485920437250,7041796261662049281,0.028950476012159207
6842625485920437250,7045679836841837569,0.040608171585778986
6842625485920437250,7106898276444587009,0.0507659099091029
6842625485920437250,7181113461597783046,0.05725626818545522
6842625485920437250,7223197815592715270,0.05725626818545522
6842625485920437250,7235505872251520046,0.01605522704506158
6842625485920437250,7263914736517399557,0.03869323932330093
6842625485920437250,7274983064991810566,0.1526445714162196
6842625485920437250,7316789714857624582,0.0507659099091029
6842625485920437250,7323120700012938245,0.09617408288860875
6842625485920437250,7373912731559609352,0.016054602353455998
6842625485920437250,7386533375073682449,0.01605642207189589
6842625485920437250,7387033416446837765,0.0507659099091029
6842625485920437250,7434627254548382776,0.05725626818545522
6842625485920437250,7455603448303567877,0.056073278672259155
6842625485920437250,7461329320323253254,0.015141346656215367
6842625485920437250,7550753650902270984,0.0507659099091029
6842625485920437250,7589963743808947221,0.05725626818545522
6842625485920437250,7594214580139967544,0.034208624931278506
6843139966571365382,6849714013304079366,0.01633135640526814
6843139966571365382,6876111398716916738,0.016210238848084018
6843139966571365382,6950265718026683398,0.016211778103869964
6843139966571365382,7061134436725277701,0.016224427246591688
6843139966571365382,7112272075901092866,0.015986618883397963
6843139966571365382,7187952219559248898,0.01640030539357722
6843139966571365382,7255307152083796994,0.016204141949558035
6843139966571365382,7405527020195284001,0.01628906070382253
6843139966571365382,7510166423118758918,0.015518770667003775
6843139966571365382,7523591048695170064,0.01563974575078769
6843139966571365382,7585186788609508373,0.016195514882312297
6847662570619749381,6866361157725570054,0.01527742394568142
6847662570619749381,6959539375579677702,0.015577644379538806
6847662570619749381,6967982835219661825,0.015430236729096488
6847662570619749381,7093023801574867969,0.015296626983123408
6847662570619749381,7112043590829982747,0.015882933507629753
6847662570619749381,7114285700455515162,0.015159672641149974
6847662570619749381,7141833908052296709,0.015561991696282881
6847662570619749381,7170534828961268738,0.0151600443559953
6847662570619749381,7195872824606163994,0.015424916638934687
6847662570619749381,7247153806412252165,0.015037765756211028
6847662570619749381,7255585908618937370,0.015564091610832305
6847662570619749381,7277183383178970117,0.015277775917668223
6847662570619749381,7293760186871088133,0.015564983939741006
6847662570619749381,7299759192024466438,0.015035772877726906
6848622157234734086,6892347025741923333,0.019502270398949424
6848622157234734086,7002488915312739330,0.026445411526268028
6848622157234734086,7019741447605027842,0.023939300696403005
6848622157234734086,7077174182438011909,0.06177460696405884
6848622157234734086,7115031152766813185,0.01647353328548167
6848622157234734086,7157484883282641925,0.019502270398949424
6848622157234734086,7180371385733301250,0.015890002075656242
6848622157234734086,7181113461597783046,0.023939300696403005
6848622157234734086,7223197815592715270,0.023939300696403005
6848622157234734086,7316298248997192709,0.01590791918426601
6848622157234734086,7317249968522462213,0.01602092127173116
6848622157234734086,7323679526399083553,0.01622526196489744
6848622157234734086,7384904311195599878,0.01588517534353689
6848622157234734086,7434627254548382776,0.023939300696403005
6848622157234734086,7508718935962321938,0.016545508083769814
6848622157234734086,7589963743808947221,0.023939300696403005
6849714013304079366,6876111398716916738,0.5251897526659577
6849714013304079366,6887161232442033153,0.49838359754509254
6849714013304079366,6917607474581406725,0.4986087050685428
6849714013304079366,6950265718026683398,0.01631411873471996
6849714013304079366,6982171632279634946,0.4988710342858132
6849714013304079366,6990433306123682822,0.49954676924921426
6849714013304079366,7002249998172046337,0.4984559268169753
6849714013304079366,7006613667513418757,0.4988710342858132
6849714013304079366,7014981470109565957,0.4988710342858132
6849714013304079366,7047494209448166401,0.4988710342858132
6849714013304079366,7050498314663379974,0.49878944007383524
6849714013304079366,7061134436725277701,0.016336314730180043
6849714013304079366,7093023801574867969,0.49878944007383524
6849714013304079366,7128070099412157442,0.5267853812828391
6849714013304079366,7141833908052296709,0.49907707596632667
6849714013304079366,7187952219559248898,0.5264069136216589
6849714013304079366,7197284105015788549,0.4988710342858132
6849714013304079366,7230689368007574534,0.49954685654504255
6849714013304079366,7255307152083796994,0.5265116297980112
6849714013304079366,7256202462158406658,0.4992725015257604
6849714013304079366,7327226218813391877,0.49819603524945244
6849714013304079366,7355557262863336453,0.49883096481804895
6849714013304079366,7402984582746358816,0.49878944007383524
6849714013304079366,7405527020195284001,0.01658381862081535
6849714013304079366,7523591048695170064,0.4989553359746012
6849714013304079366,7597512785483957259,0.5257992322347299
6850499594155361285,6868361115987493890,0.03227902980385817
6850499594155361285,6899872761571066881,0.026186605526947963
6850499594155361285,6987706064737289217,0.01583083884056926
6850499594155361285,7007808562148705285,0.01719259842202325
6850499594155361285,7114857710017446917,0.05428870331089009
6850499594155361285,7258512037201429510,0.016072250755140294
6850499594155361285,7333474672351675398,0.015823837917055994
6850499594155361285,7407221110629073926,0.034749171718145254
6850499594155361285,7476936817243604001,0.017940025053634952
6850499594155361285,7519531111723222072,0.04524644520379297
6850499594155361285,7543302231467328534,0.016078575262249872
6850499594155361285,7543955698288739335,0.0162897138150242
6850499594155361285,7550338226915230776,0.016215265014869824
6850499594155361285,7573400555184604167,0.016608619689497145
6851041098493330434,6861442596751246342,0.016590405761160026
6851041098493330434,6910798769080976385,0.016049631328066225
6851041098493330434,6938129809118577670,0.06957725510871725
6851041098493330434,6945373217453425669,0.016584737691937832
6851041098493330434,6960298061139969029,0.016590182202566587
6851041098493330434,6975000026854687749,0.016585322461969258
6851041098493330434,6976420668834497541,0.015763925552574824
6851041098493330434,7118766647640753178,0.01589708936654339
6851041098493330434,7128440962807956482,0.01658777819921267
6851041098493330434,7519531111723222072,0.01705224039028681
6851041098493330434,7525651754726671368,0.016398093171108796
6851041098493330434,7531355177938682896,0.016584136366741973
6851041098493330434,7534224814162166800,0.01589690665567255
6852936113049601025,6884611690841179138,0.016405617626398788
6852936113049601025,6892755568563373062,0.01477120839093578
6852936113049601025,6959868806102516741,0.01487065458893804
6852936113049601025,6986127145840821254,0.015320675990731752
6852936113049601025,7004852704795280390,0.015153672568972527
6852936113049601025,7014641270266594330,0.014868501022739157
6852936113049601025,7126405978883916806,0.01489467601219134
6852936113049601025,7151417501942219781,0.0255497250152624
6852936113049601025,7281282899318850566,0.01489379400163722
6852936113049601025,7334272629450343470,0.014891967207672264
6852936113049601025,7361069886359716906,0.015320359731212763
6852936113049601025,7364138059266688005,0.07265071173836513
6852936113049601025,7502829652847657991,0.014771601957124264
6854084433894065158,6880847127791322113,0.021050547940930826
6854084433894065158,6883861528681055237,0.01516376605795473
6854084433894065158,6884016318182720517,0.015574204046192702
6854084433894065158,6943355592603173893,0.0150305523999618
6854084433894065158,6944422984339129349,0.015581475241953248
6854084433894065158,6993227536423945222,0.015290435612463436
6854084433894065158,7028867830490547206,0.015574519148399938
6854084433894065158,7296163401382020102,0.05695900081120611
6854084433894065158,7345693452820186117,0.015578809139129502
6854084433894065158,7352849317865505798,0.01573154483701023
6854084433894065158,7364138059266688005,0.015411468817286361
6854084433894065158,7453398291771524102,0.015731756929395983
6855850715719762949,6892655794388796421,0.02185081057903698
6855850715719762949,6959645215931270150,0.01636436564577163
6855850715719762949,7016049507684271110,0.01563797126109598
6855850715719762949,7055373226209772549,0.01579099327917333
6855850715719762949,7088069802837967877,0.015571534697920997
6855850715719762949,7092389272800674817,0.01565404409592033
6855850715719762949,7093310083693724698,0.015644296154231657
6855850715719762949,7192187661674775557,0.015617102812184473
6855850715719762949,7318306691132589088,0.022194057376370504
6855850715719762949,7323298125393003563,0.015579130109682645
6855850715719762949,7357806298803143713,0.04191954707386742
6855850715719762949,7393383072991396869,0.015663860197123174
6855850715719762949,7421976792565711905,0.016757371666582685
6855850715719762949,7446622049529594923,0.015757620533045708
6855850715719762949,7494711694116881415,0.015538340259371718
6855850715719762949,7605645281590510610,0.023832246737872587
6856636665056068614,6865515418422854662,0.10379584391924272
6856636665056068614,6870787891703006210,0.0289504893533646
6856636665056068614,6884016318182720517,0.04509919947212047
6856636665056068614,6892347025741923333,0.464352501592726
6856636665056068614,6897916711003489285,0.05755503708388108
6856636665056068614,6932287413504033797,0.028575909877645495
6856636665056068614,6934107948599919621,0.04509919947212047
6856636665056068614,6945431007680726021,0.022974212908534127
6856636665056068614,6949381153037370374,0.0289504893533646
6856636665056068614,6954906602508993542,0.023486719544747185
6856636665056068614,6965504260722361350,0.0289504893533646
6856636665056068614,6970474901372388357,0.02965529465000557
6856636665056068614,6985530541395624966,0.020012244868532574
6856636665056068614,6986127145840821254,0.015321786385369122
6856636665056068614,6993706047081530374,0.04509919947212047
6856636665056068614,7009641336668161030,0.124080537265225
6856636665056068614,7014641270266594330,0.014869579452404373
6856636665056068614,7019741447605027842,0.3401518292006314
6856636665056068614,7024036134000116742,0.04509919947212047
6856636665056068614,7031874916669015045,0.04509919947212047
6856636665056068614,7034907735930160133,0.16264534011506396
6856636665056068614,7041945495375971329,0.04509919947212047
6856636665056068614,7060956428266505221,0.10379584391924272
6856636665056068614,7068378496390153262,0.19202179090566668
6856636665056068614,7077174182438011909,0.024130905934119477
6856636665056068614,7077477385247720474,0.5
6856636665056068614,7089082529218593798,0.04509919947212047
6856636665056068614,7097208681418195994,0.02926795771599583
6856636665056068614,7104625198607844379,0.1747640394128484
6856636665056068614,7110285028063872042,0.04509919947212047
6856636665056068614,7126424782262305797,0.1730196636108592
6856636665056068614,7128440962807956482,0.08519132053682502
6856636665056068614,7139448682156131355,0.16264534011506396
6856636665056068614,7147846060249072645,0.04509919947212047
6856636665056068614,7154612198102483973,0.02458972190947495
6856636665056068614,7154955988025590786,0.01962641746244449
6856636665056068614,7157484883282641925,0.464352501592726
6856636665056068614,7178262848806650885,0.03431533207161493
6856636665056068614,7181113461597783046,0.3401518292006314
6856636665056068614,7187500258129593349,0.04075243449061477
6856636665056068614,7192962788661724165,0.16264534011506396
6856636665056068614,7218748615745274885,0.04509919947212047
6856636665056068614,7223197815592715270,0.3401518292006314
6856636665056068614,7232638793861678082,0.020574848984789482
6856636665056068614,7253090810513097730,0.11067013842287579
6856636665056068614,7255459615491753002,0.06306963004019976
6856636665056068614,7256202462158406658,0.2792932772373166
6856636665056068614,7263081302823552005,0.04447708916205901
6856636665056068614,7281282899318850566,0.05999196274464536
6856636665056068614,7282348803772318726,0.034429535973778395
6856636665056068614,7284750471163970562,0.048045785547379816
6856636665056068614,7290292672361759776,0.04509919947212047
6856636665056068614,7292020279937025030,0.048045785547379816
6856636665056068614,7308377902638728224,0.03448565949927866
6856636665056068614,7311708051199230981,0.14244656187487353
6856636665056068614,7334272629450343470,0.01489304549693003
6856636665056068614,7352986419860423712,0.04509919947212047
6856636665056068614,7359289173456913454,0.023321711209993354
6856636665056068614,7361054820280730629,0.04509919947212047
6856636665056068614,7361069886359716906,0.015321470126613425
6856636665056068614,7367437036964119584,0.01581331125327263
6856636665056068614,7377997874032084000,0.28591072284219543
6856636665056068614,7399170004366885889,0.04509919947212047
6856636665056068614,7414410186095772678,0.048045785547379816
6856636665056068614,7416269225385296902,0.10379584391924272
6856636665056068614,7434627254548382776,0.3401518292006314
6856636665056068614,7436219840279053328,0.02926795771599583
6856636665056068614,7436415158378824725,0.023131905009588605
6856636665056068614,7441015530360570926,0.04144444930856953
6856636665056068614,7447572034136556561,0.0289504893533646
6856636665056068614,7449327343900541984,0.19152615824582186
6856636665056068614,7453634343190807557,0.04509919947212047
6856636665056068614,7457519820280644613,0.0289504893533646
6856636665056068614,7463351104668501024,0.04509919947212047
6856636665056068614,7463944109431145489,0.0289504893533646
6856636665056068614,7471571264202441729,0.10379584391924272
6856636665056068614,7492091019530798087,0.02260259304212782
6856636665056068614,7495918801364485163,0.04636552790081194
6856636665056068614,7497772332389123079,0.04509919947212047
6856636665056068614,7498665985957823506,0.04509919947212047
6856636665056068614,7503034501376082986,0.04509919947212047
6856636665056068614,7521069418713990158,0.10379584391924272
6856636665056068614,7525651754726671368,0.02948796905347443
6856636665056068614,7534684083310347265,0.06296651265619746
6856636665056068614,7536210918439863297,0.06344201705261404
6856636665056068614,7553889065608414263,0.048045785547379816
6856636665056068614,7553907650837955595,0.16264534011506396
6856636665056068614,7577464395643552775,0.04509919947212047
6856636665056068614,7577628387390129168,0.020560718958270965
6856636665056068614,7578586528784696332,0.0289504893533646
6856636665056068614,7589963743808947221,0.3401518292006314
6856636665056068614,7592395448494474254,0.10839022668023936
6856636665056068614,7615456357705417750,0.06560483064333429
6856636665056068614,7620360781880771597,0.04509919947212047
6856985681320838149,6889429234431853574,0.01527063028664532
6856985681320838149,6912121422416790533,0.04703061823988365
6856985681320838149,6963109032279213061,0.015552304097431455
6856985681320838149,6981842793023243270,0.04703061823988365
6856985681320838149,7019741447605027842,0.046872177419903675
6856985681320838149,7181113461597783046,0.046872177419903675
6856985681320838149,7202373728666174466,0.04703061823988365
6856985681320838149,7437773895165920312,0.04703061823988365
6856985681320838149,7490579692137137174,0.015270205650408781
6856985681320838149,7526713237481833504,0.015405983348866028
6856985681320838149,7533684525809943574,0.04703061823988365
6856985681320838149,7556652869841044512,0.015407245783848788
6856985681320838149,7559878386093442056,0.04703061823988365
6856985681320838149,7570721274922779668,0.04703061823988365
6856985681320838149,7576228097504363527,0.04703061823988365
6856985681320838149,7589963743808947221,0.046872177419903675
6861442596751246342,6910798769080976385,0.016048145719794335
6861442596751246342,6945373217453425669,0.016586272844006503
6861442596751246342,6960298061139969029,0.016591717365427534
6861442596751246342,6975000026854687749,0.01658685761383431
6861442596751246342,6976420668834497541,0.01576246625909355
6861442596751246342,7028867830490547206,0.01731369923120957
6861442596751246342,7106898276444587009,0.01731369923120957
6861442596751246342,7118766647640753178,0.01589561785002953
6861442596751246342,7128440962807956482,0.01658931335688104
6861442596751246342,7187464196166288389,0.02420314967721744
6861442596751246342,7316789714857624582,0.01731369923120957
6861442596751246342,7323120700012938245,0.03280014379634344
6861442596751246342,7387033416446837765,0.01731369923120957
6861442596751246342,7389767673448285226,0.016324093016152456
6861442596751246342,7455603448303567877,0.01912377584835157
6861442596751246342,7531355177938682896,0.01658567152166138
6861442596751246342,7550753650902270984,0.01731369923120957
6861442596751246342,7593513425976984598,0.020889440286090372
6862468704480510981,6871400804788470789,0.016220993348411938
6862468704480510981,6914932704597935110,0.01813800457079274
6862468704480510981,6952320940948915206,0.016219843921840848
6862468704480510981,6977245355705156609,0.0163987930361087
6862468704480510981,7040595999366759430,0.0266202855886736
6862468704480510981,7132827351868277765,0.016221593823903556
6862468704480510981,7156899651936486405,0.01604726801115547
6862468704480510981,7157484883282641925,0.016212597475985007
6862468704480510981,7178590990041711622,0.01820617477147323
6862468704480510981,7207214184994898949,0.015883358059533788
6862468704480510981,7481202044420228112,0.015882800914372545
6862468704480510981,7487696987476886560,0.015883795072399877
6862468704480510981,7529208229067621384,0.01621124918465509
6862468704480510981,7535561785211552776,0.01639964073908851
6864218825451291654,6901293173320041474,0.026008990420257994
6864218825451291654,6906224034717090818,0.015206134314689295
6864218825451291654,6912121422416790533,0.06650584129825902
6864218825451291654,6978785360063267846,0.026008990420257994
6864218825451291654,6981842793023243270,0.06650584129825902
6864218825451291654,7139448682156131355,0.015867614971258742
6864218825451291654,7158268924675752966,0.015432432649640343
6864218825451291654,7202373728666174466,0.06650584129825902
6864218825451291654,7261422825452422150,0.01699149843783033
6864218825451291654,7437773895165920312,0.06650584129825902
6864218825451291654,7533684525809943574,0.06650584129825902
6864218825451291654,7559878386093442056,0.06650584129825902
6864218825451291654,7570721274922779668,0.06650584129825902
6864218825451291654,7576228097504363527,0.06650584129825902
6865188838906889221,6965175721303999494,0.015897038122643224
6865188838906889221,6976288257181008902,0.015900957659053094
6865188838906889221,7043496794727613445,0.016052563604246572
6865188838906889221,7071395036047131653,0.015897278766226628
6865188838906889221,7074661077590197253,0.016057039338330695
6865188838906889221,7174050320195568646,0.015892313575985546
6865188838906889221,7312576223157863457,0.016058204585880687
6865188838906889221,7457519820280644613,0.015886112655928104
6865188838906889221,7572160716909806600,0.015892179318764934
6865515418422854662,6892347025741923333,0.12429420236021743
6865515418422854662,6991296494569735173,0.01448396847988371
6865515418422854662,7019741447605027842,0.15257281456220087
6865515418422854662,7077477385247720474,0.10379584391924272
6865515418422854662,7143925297570169861,0.025259230968940307
6865515418422854662,7155676547864691718,0.014374101940868567
6865515418422854662,7157484883282641925,0.12429420236021743
6865515418422854662,7181113461597783046,0.15257281456220087
6865515418422854662,7223197815592715270,0.15257281456220087
6865515418422854662,7354374148095181829,0.014842279879869505
6865515418422854662,7431474919115064326,0.01469329026815429
6865515418422854662,7434627254548382776,0.15257281456220087
6865515418422854662,7438808668303623224,0.014991364923972744
6865515418422854662,7523457544536589330,0.015157952273004944
6865515418422854662,7589963743808947221,0.15257281456220087
6865687838509171718,6880273018033079298,0.1078492440642719
6865687838509171718,6978785360063267846,0.015135620690046592
6865687838509171718,6990299477060781061,0.015460037248963603
6865687838509171718,7012341717442462725,0.014777306622149221
6865687838509171718,7022490858335421441,0.014893620784860465
6865687838509171718,7030985942694036485,0.0148946692217384
6865687838509171718,7111185904601400321,0.01561678645329405
6865687838509171718,7143638497873413126,0.01477650294406489
6865687838509171718,7296163401382020102,0.015303071860128862
6865687838509171718,7296760772994122757,0.015304049858160895
6865687838509171718,7445468737078526993,0.015455810675557414
6865687838509171718,7469354913887241217,0.014776344720391403
6865687838509171718,7480684683241473025,0.014769727532889892
6865687838509171718,7559878386093442056,0.01488808954064464
6865687838509171718,7589457676943606796,0.015459925715501316
6866361157725570054,6912121422416790533,0.024504674312217502
6866361157725570054,6981842793023243270,0.024504674312217502
6866361157725570054,7181113461597783046,0.02442212084308029
6866361157725570054,7184248317454042158,0.015419251869606458
6866361157725570054,7202373728666174466,0.024504674312217502
6866361157725570054,7223197815592715270,0.02442212084308029
6866361157725570054,7234260997438374917,0.015749149454317345
6866361157725570054,7255585908618937370,0.015268411074707363
6866361157725570054,7295710550214247432,0.015743658745720455
6866361157725570054,7434627254548382776,0.02442212084308029
6866361157725570054,7437773895165920312,0.024504674312217502
6866361157725570054,7533684525809943574,0.024504674312217502
6866361157725570054,7538449740879660045,0.015581532041455739
6866361157725570054,7559878386093442056,0.024504674312217502
6866361157725570054,7570721274922779668,0.024504674312217502
6866361157725570054,7576228097504363527,0.024504674312217502
6866361157725570054,7589963743808947221,0.02442212084308029
6867672357939561478,6882943806884512770,0.01473744187603995
6867672357939561478,6887161232442033153,0.01500537779232316
6867672357939561478,7038625080130520065,0.014752214784960777
6867672357939561478,7043787986584814598,0.015016370559845576
6867672357939561478,7122494145399047194,0.01450163466285822
6867672357939561478,7124134844511126555,0.014747719771438614
6867672357939561478,7139448682156131355,0.01517530212908297
6867672357939561478,7235505872251520046,0.01515344144661862
6867672357939561478,7373912731559609352,0.015152849085970614
6867672357939561478,7378695724613616658,0.014748827631586997
6867672357939561478,7386533375073682449,0.01515457306685229
6867672357939561478,7474455005735437329,0.01487792152450234
6867672357939561478,7495346041269814279,0.014749241914093473
6867672357939561478,7519531111723222072,0.014585850037752427
6868361115987493890,6899872761571066881,0.022347065980398397
6868361115987493890,6912121422416790533,0.024729781511883937
6868361115987493890,6923948494491567110,0.01492464198239179
6868361115987493890,6981842793023243270,0.024729781511883937
6868361115987493890,7062668564406666246,0.015939138115005254
6868361115987493890,7114857710017446917,0.09926435044718511
6868361115987493890,7202373728666174466,0.024729781511883937
6868361115987493890,7217407055849096197,0.021874021344714008
6868361115987493890,7268149943910089734,0.021389080740031166
6868361115987493890,7323679526399083553,0.024248925095096498
6868361115987493890,7407221110629073926,0.05332313255334029
6868361115987493890,7437773895165920312,0.024729781511883937
6868361115987493890,7476936817243604001,0.019095770187796325
6868361115987493890,7519531111723222072,0.048161344080803595
6868361115987493890,7533684525809943574,0.024729781511883937
6868361115987493890,7570721274922779668,0.024729781511883937
6868361115987493890,7576228097504363527,0.024729781511883937
6868361115987493890,7585187926658450454,0.033515285321732015
6868361115987493890,7605645281590510610,0.01577307448499621
6868361115987493890,7614802407563035656,0.015780223416244535
6869529128942126082,6923948494491567110,0.014467941009028302
6869529128942126082,6944138606031619077,0.008087512247001712
6869529128942126082,6959645215931270150,0.015131351498855033
6869529128942126082,7217407055849096197,0.015023739883302089
6869529128942126082,7261142322435867653,0.015141972648387502
6869529128942126082,7268149943910089734,0.01687990207186379
6869529128942126082,7315184692033930273,0.017734631906933956
6869529128942126082,7415589102207321093,0.016050531082154183
6869529128942126082,7466945875685819393,0.010786557636249154
6869529128942126082,7486594305004585989,0.01615930384937868
6869529128942126082,7490403226492077078,0.013156340096913357
6869529128942126082,7502699724320097322,0.007886031646869612
6869529128942126082,7524535795760776222,0.015416135116825738
6869529128942126082,7544469740279186488,0.012940559199627069
6870272731359872005,6914932704597935110,0.014906094556342038
6870272731359872005,6938129809118577670,0.014534367672680154
6870272731359872005,6961111781085873157,0.01446818953663946
6870272731359872005,7013057860546036742,0.02410990154093846
6870272731359872005,7151417501942219781,0.014586144810184653
6870272731359872005,7201194948527948806,0.01456033692377057
6870272731359872005,7292469793109722154,0.014351016271313702
6870272731359872005,7323679526399083553,0.06453989980695131
6870272731359872005,7330899919002027051,0.01482634991955605
6870272731359872005,7442002957991724065,0.01456670911626427
6870272731359872005,7533684525809943574,0.01463963095250798
6870272731359872005,7612304113564566531,0.014581877193197007
6870787891703006210,6892347025741923333,0.03466784262493305
6870787891703006210,7019741447605027842,0.04255524572864896
6870787891703006210,7077477385247720474,0.0289504893533646
6870787891703006210,7111181867437802497,0.015028255369121378
6870787891703006210,7157484883282641925,0.03466784262493305
6870787891703006210,7181113461597783046,0.04255524572864896
6870787891703006210,7223197815592715270,0.04255524572864896
6870787891703006210,7228721685779235846,0.016425674132715274
6870787891703006210,7434627254548382776,0.04255524572864896
6870787891703006210,7469977879825466414,0.015496869163203305
6870787891703006210,7560202600190460948,0.015308738191076168
6870787891703006210,7589963743808947221,0.04255524572864896
6870787891703006210,7620205971531416579,0.01631871023984681
6871400804788470789,6892347025741923333,0.017988793285597653
6871400804788470789,6952320940948915206,0.01622201070499127
6871400804788470789,7019741447605027842,0.022081487068939212
6871400804788470789,7132827351868277765,0.01622261274578415
6871400804788470789,7156899651936486405,0.016048102595785412
6871400804788470789,7157484883282641925,0.0341989672358395
6871400804788470789,7181113461597783046,0.022081487068939212
6871400804788470789,7190421222563251226,0.01587526212712745
6871400804788470789,7207214184994898949,0.015885482537059764
6871400804788470789,7223197815592715270,0.022081487068939212
6871400804788470789,7434627254548382776,0.022081487068939212
6871400804788470789,7481202044420228112,0.0158849253968979
6871400804788470789,7483884642539471878,0.027480269656260218
6871400804788470789,7487696987476886560,0.01588591954714587
6871400804788470789,7589963743808947221,0.022081487068939212
6873368506659390466,6901293173320041474,0.016697550952443154
6873368506659390466,6912121422416790533,0.04269618527168356
6873368506659390466,6978785360063267846,0.016697550952443154
6873368506659390466,6981842793023243270,0.04269618527168356
6873368506659390466,7202373728666174466,0.04269618527168356
6873368506659390466,7237562474958308358,0.013656039242199101
6873368506659390466,7316071021454558214,0.015388463826671715
6873368506659390466,7437773895165920312,0.04269618527168356
6873368506659390466,7486273853688464430,0.015175248742331669
6873368506659390466,7513207192766743559,0.015418129027418213
6873368506659390466,7533684525809943574,0.04269618527168356
6873368506659390466,7559878386093442056,0.04269618527168356
6873368506659390466,7570721274922779668,0.04269618527168356
6873368506659390466,7576228097504363527,0.04269618527168356
6874983109881086981,6901293173320041474,0.1161399727606679
6874983109881086981,6954311078944965637,0.015875384358542032
6874983109881086981,6978785360063267846,0.1161399727606679
6874983109881086981,7019741447605027842,0.07859411035340232
6874983109881086981,7034907735930160133,0.08954347834395276
6874983109881086981,7139448682156131355,0.08954347834395276
6874983109881086981,7181113461597783046,0.07859411035340232
6874983109881086981,7192962788661724165,0.08954347834395276
6874983109881086981,7223197815592715270,0.07859411035340232
6874983109881086981,7345447179269719072,0.01527505588523455
6874983109881086981,7396054750779900933,0.01527155221981823
6874983109881086981,7434627254548382776,0.07859411035340232
6874983109881086981,7553907650837955595,0.08954347834395276
6874983109881086981,7589963743808947221,0.07859411035340232
6876111398716916738,6914709275327661062,0.4586158133478777
6876111398716916738,6950265718026683398,0.016193211699993503
6876111398716916738,6990433306123682822,0.4983866174640307
6876111398716916738,7006613667513418757,0.49772683238636634
6876111398716916738,7009641336668161030,0.1151924715548763
6876111398716916738,7014981470109565957,0.49772683238636634
6876111398716916738,7047494209448166401,0.49772683238636634
6876111398716916738,7061134436725277701,0.016215136618582017
6876111398716916738,7128070099412157442,0.4982753253700087
6876111398716916738,7141833908052296709,0.49791801500093047
6876111398716916738,7197284105015788549,0.49772683238636634
6876111398716916738,7230689368007574534,0.4983846611763707
6876111398716916738,7253090810513097730,0.10274267869264152
6876111398716916738,7254221734713623557,0.3845762331532532
6876111398716916738,7255307152083796994,0.5252094906893786
6876111398716916738,7256202462158406658,0.4982753253700087
6876111398716916738,7311708051199230981,0.2323781687208004
6876111398716916738,7355557262863336453,0.4977332472102496
6876111398716916738,7405527020195284001,0.016311763091700137
6876111398716916738,7523591048695170064,0.49781333340415274
6876111398716916738,7592395448494474254,0.10062608027721154
6876922250068935686,6897916711003489285,0.014870195703558343
6876922250068935686,6899872761571066881,0.015319081962440988
6876922250068935686,6921826785543177222,0.015281250024448365
6876922250068935686,6923847519505335302,0.012530899377877177
6876922250068935686,7007808562148705285,0.013559570344423687
6876922250068935686,7019854514410210309,0.015594020814407219
6876922250068935686,7222053350383944705,0.015641579193390896
6876922250068935686,7237562474958308358,0.015561089194205607
6876922250068935686,7318306691132589088,0.014462416800968826
6876922250068935686,7347823456870581291,0.016188111268939303
6876922250068935686,7397174816681264133,0.013213286647011673
6876922250068935686,7435823402563355704,0.015763097263060372
6876922250068935686,7486273853688464430,0.012727040170992077
6876922250068935686,7495918801364485163,0.01255748901905191
6877092036177904642,6879141513667396614,0.01414606864691354
6877092036177904642,7059866762607690753,0.013158126624004817
6877092036177904642,7094760895809684485,0.013197366484737863
6877092036177904642,7189496226865267717,0.013104896654128253
6877092036177904642,7192962788661724165,0.014865977771777478
6877092036177904642,7259830210505573382,0.012640131146316472
6877092036177904642,7281769226565796870,0.012506236909965995
6877092036177904642,7297933972808729632,0.013523622609954898
6877092036177904642,7522457887882445846,0.015082653423027488
6877092036177904642,7534543341909083143,0.01313586536885797
6877092036177904642,7538303426845819918,0.013983374270051377
6877092036177904642,7552094429399385106,0.014741015341508798
6877092036177904642,7575174922190177312,0.014834353981406624
6879141513667396614,6899872761571066881,0.015906163074455023
6879141513667396614,6977245355705156609,0.01891788110400797
6879141513667396614,7059866762607690753,0.014932540772630998
6879141513667396614,7112272075901092866,0.01820924909784145
6879141513667396614,7192962788661724165,0.015399907778598882
6879141513667396614,7252180988837889067,0.016891073805126208
6879141513667396614,7522457887882445846,0.014391149516005203
6879141513667396614,7538303426845819918,0.012983180515953374
6879141513667396614,7552094429399385106,0.015635102317976914
6879141513667396614,7575174922190177312,0.014871273813428166
6880273018033079298,6933226203005453314,0.02701158740822029
6880273018033079298,6969163964988376070,0.015998607790197364
6880273018033079298,7024773008388834309,0.027035519573461394
6880273018033079298,7030932109430899718,0.016229720418455447
6880273018033079298,7104324169307259909,0.016194798364322544
6880273018033079298,7232053097944777733,0.015410478617225734
6880273018033079298,7263914736517399557,0.016190844137830587
6880273018033079298,7314655842044265478,0.016197463227988377
6880273018033079298,7316789714857624582,0.016234884224739364
6880273018033079298,7323120700012938245,0.016194882863950932
6880273018033079298,7324383714049541153,0.01565366416756342
6880273018033079298,7378567914254959622,0.016198357733151522
6880273018033079298,7387033416446837765,0.016194840119059774
6880273018033079298,7462811958108062726,0.015855435223915065
6880847127791322113,6892755568563373062,0.014889748799293853
6880847127791322113,6977245355705156609,0.015626331448743085
6880847127791322113,7060170751220368389,0.019230123363863972
6880847127791322113,7126405978883916806,0.015015141603188197
6880847127791322113,7157484883282641925,0.015451703031064839
6880847127791322113,7281282899318850566,0.015014252934302792
6880847127791322113,7296163401382020102,0.017097624162505355
6880847127791322113,7334272629450343470,0.01499910590617127
6880847127791322113,7447572034136556561,0.015150027465682982
6880847127791322113,7452648710973441029,0.014769002868319874
6880847127791322113,7502829652847657991,0.014889659988950112
6880847127791322113,7529208229067621384,0.01545286050854345
6880847127791322113,7535561785211552776,0.015625605986152542
6882770991467807745,6891705601257145349,0.01586466269349437
6882770991467807745,6917079199762285573,0.01586526663245459
6882770991467807745,6990019487899501573,0.015870591232413283
6882770991467807745,6991030367710233602,0.016203664046330078
6882770991467807745,7029826856011580421,0.016209129224371226
6882770991467807745,7175189895740425221,0.01603440514863372
6882770991467807745,7178590990041711622,0.016384400752055703
6882770991467807745,7306969713349805064,0.01620407071078301
6882770991467807745,7355557262863336453,0.01638140196574163
6882770991467807745,7572620715221812246,0.016199775285342475
6882770991467807745,7585691270368019463,0.016372703664977707
6882770991467807745,7599049732175021073,0.015722639429866583
6882770991467807745,7609668379692401697,0.026194820371413866
6882943806884512770,6901293173320041474,0.016697550952443154
6882943806884512770,6912121422416790533,0.04269618527168356
6882943806884512770,6966657160718943238,0.014922189188113449
6882943806884512770,6978785360063267846,0.016697550952443154
6882943806884512770,6981842793023243270,0.04269618527168356
6882943806884512770,7111185904601400321,0.016052249606107512
6882943806884512770,7122494145399047194,0.01529879521446231
6882943806884512770,7124134844511126555,0.01558344548418982
6882943806884512770,7139448682156131355,0.02625133497217208
6882943806884512770,7202373728666174466,0.04269618527168356
6882943806884512770,7437773895165920312,0.04269618527168356
6882943806884512770,7461329320323253254,0.015171795201588498
6882943806884512770,7495346041269814279,0.015581568288223897
6882943806884512770,7533684525809943574,0.04269618527168356
6882943806884512770,7559878386093442056,0.04269618527168356
6882943806884512770,7570721274922779668,0.04269618527168356
6882943806884512770,7576228097504363527,0.04269618527168356
6883354108897362945,6982171632279634946,0.4973408927418758
6883354108897362945,6990433306123682822,0.4975964640841908
6883354108897362945,7006613667513418757,0.4973408927418758
6883354108897362945,7014981470109565957,0.4973408927418758
6883354108897362945,7047494209448166401,0.4973408927418758
6883354108897362945,7057768423321748481,0.49721201787210123
6883354108897362945,7128070099412157442,0.49774319187608806
6883354108897362945,7187952219559248898,0.4973039760054909
6883354108897362945,7197284105015788549,0.4973408927418758
6883354108897362945,7230689368007574534,0.49760414743348164
6883354108897362945,7255307152083796994,0.49780337163825994
6883354108897362945,7256202462158406658,0.49774319187608806
6883354108897362945,7258512037201429510,0.016628893375009706
6883354108897362945,7323298125393003563,0.01619159258717551
6883354108897362945,7324429098661790726,0.01646960717511143
6883354108897362945,7363363492097065989,0.0160355035950986
6883354108897362945,7494827943799571486,0.016058507242907742
6883354108897362945,7510166423118758918,0.49758650656845593
6883354108897362945,7520209498390283282,0.016492212950538345
6883354108897362945,7523591048695170064,0.4975778926704081
6883354108897362945,7540825121352614920,0.01606017943838761
6883354108897362945,7593513425976984598,0.016302868819322098
6883787245334610946,6912121422416790533,0.04703061823988365
6883787245334610946,6981842793023243270,0.04703061823988365
6883787245334610946,7181113461597783046,0.046872177419903675
6883787245334610946,7202373728666174466,0.04703061823988365
6883787245334610946,7351522222589199365,0.02466617223204295
6883787245334610946,7411689832726545414,0.015160854440785115
6883787245334610946,7434627254548382776,0.046872177419903675
6883787245334610946,7437773895165920312,0.04703061823988365
6883787245334610946,7533684525809943574,0.04703061823988365
6883787245334610946,7559878386093442056,0.04703061823988365
6883787245334610946,7570721274922779668,0.04703061823988365
6883787245334610946,7576228097504363527,0.04703061823988365
6883787245334610946,7589963743808947221,0.046872177419903675
6883787245334610946,7620205971531416579,0.014301343089363998
6883861528681055237,6884016318182720517,0.015475475685179884
6883861528681055237,6943355592603173893,0.015547687663694994
6883861528681055237,6944422984339129349,0.015473153722855622
6883861528681055237,6993227536423945222,0.015164689713470484
6883861528681055237,7224271052267553819,0.015468685461543931
6883861528681055237,7317147259148715013,0.015162983724454253
6883861528681055237,7317314050736047136,0.016804698080450955
6883861528681055237,7345693452820186117,0.015475759376421457
6884016318182720517,6892347025741923333,0.05400571751054799
6884016318182720517,6943355592603173893,0.015312974500732365
6884016318182720517,6993227536423945222,0.015575202991178351
6884016318182720517,7019741447605027842,0.06629274870887089
6884016318182720517,7077477385247720474,0.04509919947212047
6884016318182720517,7157484883282641925,0.05400571751054799
6884016318182720517,7181113461597783046,0.06629274870887089
6884016318182720517,7223197815592715270,0.06629274870887089
6884016318182720517,7317147259148715013,0.01557886438413659
6884016318182720517,7345693452820186117,0.015886016094148595
6884016318182720517,7434627254548382776,0.06629274870887089
6884016318182720517,7463993064467252256,0.016222339438479068
6884016318182720517,7589963743808947221,0.06629274870887089
6884269257367749633,6979776947182355462,0.014979277786961804
6884269257367749633,7023254401751335938,0.015278571210727116
6884269257367749633,7029374960272081925,0.015006868954649663
6884269257367749633,7106898276444587009,0.01529052389369836
6884269257367749633,7140235759920219178,0.014831575590816253
6884269257367749633,7253476605544121350,0.024998731975572473
6884269257367749633,7284057704728626181,0.016542527872457437
6884269257367749633,7288239669111424005,0.015253589408330211
6884269257367749633,7307362809690506273,0.015258409016448255
6884269257367749633,7517915187601720327,0.01527378534354943
6884269257367749633,7542455562676470840,0.015139593207563896
6884269257367749633,7556669488167650315,0.015152342296166297
6884611690841179138,6901293173320041474,0.016052612841415907
6884611690841179138,7118597435305722926,0.01621907843305613
6884611690841179138,7190421222563251226,0.01604982024746147
6884611690841179138,7203670961974690817,0.03191019668755469
6884611690841179138,7333933730745566213,0.016591626178439532
6884611690841179138,7364138059266688005,0.018059460392091053
6884611690841179138,7376897362978096145,0.016591391620308454
6884611690841179138,7414410186095772678,0.01639244563442364
6884611690841179138,7416287041577305094,0.01658741497618118
6884611690841179138,7436219840279053328,0.016395475993757232
6884611690841179138,7508750993641489415,0.018271421770106124
6885048845878248453,6901293173320041474,0.02671762832268067
6885048845878248453,6912121422416790533,0.06831785164986984
6885048845878248453,6978785360063267846,0.02671762832268067
6885048845878248453,6981842793023243270,0.06831785164986984
6885048845878248453,7202373728666174466,0.06831785164986984
6885048845878248453,7228721685779235846,0.015481268132767016
6885048845878248453,7261422825452422150,0.017454446811352123
6885048845878248453,7437773895165920312,0.06831785164986984
6885048845878248453,7513207192766743559,0.014783576351907472
6885048845878248453,7533684525809943574,0.06831785164986984
6885048845878248453,7559878386093442056,0.06831785164986984
6885048845878248453,7560202600190460948,0.015061251676519673
6885048845878248453,7570721274922779668,0.06831785164986984
6885048845878248453,7576228097504363527,0.06831785164986984
6887161232442033153,6966657160718943238,0.015208543492390605
6887161232442033153,6990433306123682822,0.49883647025976763
6887161232442033153,7002249998172046337,0.4982452889485216
6887161232442033153,7006613667513418757,0.4981554230468447
6887161232442033153,7014981470109565957,0.4981554230468447
6887161232442033153,7122494145399047194,0.015582572243506416
6887161232442033153,7128070099412157442,0.4986048800192432
6887161232442033153,7141833908052296709,0.4983674448275893
6887161232442033153,7197284105015788549,0.4981554230468447
6887161232442033153,7230689368007574534,0.49883568579732895
6887161232442033153,7235505872251520046,0.01638843105965832
6887161232442033153,7255307152083796994,0.4986326403449306
6887161232442033153,7256202462158406658,0.4986048800192432
6887161232442033153,7355557262863336453,0.49862016846576374
6887161232442033153,7373912731559609352,0.016387793719988553
6887161232442033153,7386533375073682449,0.01638965089671092
6887161232442033153,7461329320323253254,0.015453146223521572
6887161232442033153,7519531111723222072,0.01572830083638052
6887161232442033153,7523591048695170064,0.49824038924102554
6889429234431853574,6963109032279213061,0.01555197751656172
6889429234431853574,7232053097944777733,0.014997723994395775
6889429234431853574,7236791190447686683,0.015555576163877692
6889429234431853574,7324383714049541153,0.01526032934613323
6889429234431853574,7346466630966412293,0.01555670503150525
6889429234431853574,7456825610020160518,0.015405699815216304
6889429234431853574,7490579692137137174,0.015270549922722518
6889429234431853574,7526713237481833504,0.015405659859116386
6889429234431853574,7556652869841044512,0.01540692229587689
6889429234431853574,7577628387390129168,0.015410448376755823
6891705601257145349,6917079199762285573,0.015555183920913172
6891705601257145349,6990019487899501573,0.015549819251989613
6891705601257145349,6991030367710233602,0.015857297356948533
6891705601257145349,7029826856011580421,0.015862661476918474
6891705601257145349,7095862401271038981,0.016048190207302207
6891705601257145349,7175189895740425221,0.015700819687216122
6891705601257145349,7178590990041711622,0.016055221454253747
6891705601257145349,7306969713349805064,0.01585769632943405
6891705601257145349,7377044399681307681,0.016047635519045155
6891705601257145349,7424553645365543942,0.01604504512172826
6891705601257145349,7572620715221812246,0.01585348004453386
6891705601257145349,7609668379692401697,0.025686422587973632
6892347025741923333,6897916711003489285,0.061973432776250476
6892347025741923333,6916943071255872518,0.015957688195198837
6892347025741923333,6932287413504033797,0.03421928846903409
6892347025741923333,6934107948599919621,0.05400571751054799
6892347025741923333,6945431007680726021,0.027511327626391285
6892347025741923333,6949381153037370374,0.03466784262493305
6892347025741923333,6954906602508993542,0.028125047801950364
6892347025741923333,6959539375579677702,0.01654371509369202
6892347025741923333,6959659732336968709,0.018030527949055287
6892347025741923333,6965504260722361350,0.03466784262493305
6892347025741923333,6966250842496730117,0.01575479247515756
6892347025741923333,6970474901372388357,0.035511837999481995
6892347025741923333,6985530541395624966,0.02396440858756263
6892347025741923333,6986545839854339074,0.015261328573815017
6892347025741923333,6993706047081530374,0.05400571751054799
6892347025741923333,7009641336668161030,0.11523421575615336
6892347025741923333,7016049507684271110,0.04438407143779064
6892347025741923333,7019741447605027842,0.4073274872619761
6892347025741923333,7024036134000116742,0.05400571751054799
6892347025741923333,7031874916669015045,0.05400571751054799
6892347025741923333,7034907735930160133,0.17513132755524255
6892347025741923333,7039563533004424198,0.02614039000271641
6892347025741923333,7041945495375971329,0.05400571751054799
6892347025741923333,7060956428266505221,0.12429420236021743
6892347025741923333,7068378496390153262,0.20676295513325893
6892347025741923333,7071952426950198278,0.029706201142267658
6892347025741923333,7077174182438011909,0.028896452806380347
6892347025741923333,7077477385247720474,0.464352501592726
6892347025741923333,7089082529218593798,0.05400571751054799
6892347025741923333,7097208681418195994,0.03504800694961018
6892347025741923333,7104625198607844379,0.1881803573937999
6892347025741923333,7106405480671839259,0.021725564082682485
6892347025741923333,7110285028063872042,0.05400571751054799
6892347025741923333,7125195944199996422,0.041105361309601664
6892347025741923333,7126424782262305797,0.1941081108603865
6892347025741923333,7128440962807956482,0.09173130352977464
6892347025741923333,7139448682156131355,0.17513132755524255
6892347025741923333,7147846060249072645,0.05400571751054799
6892347025741923333,7154612198102483973,0.02758683242596981
6892347025741923333,7154955988025590786,0.023502385178169265
6892347025741923333,7157484883282641925,0.5
6892347025741923333,7174050320195568646,0.016569128776875004
6892347025741923333,7178262848806650885,0.023910911741976494
6892347025741923333,7181113461597783046,0.4073274872619761
6892347025741923333,7187479709860348934,0.036109012319228743
6892347025741923333,7187500258129593349,0.04880052175488812
6892347025741923333,7189559133157475354,0.022360983234488162
6892347025741923333,7192962788661724165,0.17513132755524255
6892347025741923333,7206954249904669702,0.021677183029055736
6892347025741923333,7218748615745274885,0.05400571751054799
6892347025741923333,7222053350383944705,0.021763469556990014
6892347025741923333,7223197815592715270,0.4073274872619761
6892347025741923333,7232638793861678082,0.024638119858017102
6892347025741923333,7248103984781755397,0.01671058143547331
6892347025741923333,7253090810513097730,0.11798586039073368
6892347025741923333,7254118992901358598,0.015276144666327398
6892347025741923333,7255459615491753002,0.0755250794540467
6892347025741923333,7262400527862301702,0.08490076848267332
6892347025741923333,7263081302823552005,0.03571345010172155
6892347025741923333,7267394392368514053,0.02503459793164437
6892347025741923333,7270136616478458887,0.015198156050868147
6892347025741923333,7281282899318850566,0.05400571751054799
6892347025741923333,7282348803772318726,0.023930320776296175
6892347025741923333,7284750471163970562,0.05753421684232312
6892347025741923333,7290292672361759776,0.05400571751054799
6892347025741923333,7292020279937025030,0.05753421684232312
6892347025741923333,7300626193325229061,0.015208584671441726
6892347025741923333,7308377902638728224,0.04129613844330666
6892347025741923333,7313835321618678816,0.015211767928865583
6892347025741923333,7352986419860423712,0.05400571751054799
6892347025741923333,7359289173456913454,0.027927452420703956
6892347025741923333,7361054820280730629,0.05400571751054799
6892347025741923333,7367437036964119584,0.01893623901192625
6892347025741923333,7397098503866041349,0.015304147488488089
6892347025741923333,7399170004366885889,0.05400571751054799
6892347025741923333,7414410186095772678,0.05753421684232312
6892347025741923333,7416269225385296902,0.12429420236021743
6892347025741923333,7434627254548382776,0.4073274872619761
6892347025741923333,7436219840279053328,0.03504800694961018
6892347025741923333,7436415158378824725,0.027700161910876923
6892347025741923333,7441015530360570926,0.04962920069396068
6892347025741923333,7447572034136556561,0.03466784262493305
6892347025741923333,7449327343900541984,0.211542657617468
6892347025741923333,7453634343190807557,0.05400571751054799
6892347025741923333,7454739601820288005,0.015232982423663801
6892347025741923333,7454926910012064774,0.024740378420549693
6892347025741923333,7457519820280644613,0.03466784262493305
6892347025741923333,7463351104668501024,0.05400571751054799
6892347025741923333,7463944109431145489,0.03466784262493305
6892347025741923333,7471571264202441729,0.12429420236021743
6892347025741923333,7492091019530798087,0.027066317564985357
6892347025741923333,7495918801364485163,0.055522129690719055
6892347025741923333,7497772332389123079,0.05400571751054799
6892347025741923333,7498665985957823506,0.05400571751054799
6892347025741923333,7502699724320097322,0.02115772851003182
6892347025741923333,7503034501376082986,0.05400571751054799
6892347025741923333,7516833731350643719,0.024748865217868076
6892347025741923333,7521069418713990158,0.12429420236021743
6892347025741923333,7525651754726671368,0.03531146772674288
6892347025741923333,7534684083310347265,0.0678003375024607
6892347025741923333,7536210918439863297,0.0683123455080013
6892347025741923333,7553889065608414263,0.05753421684232312
6892347025741923333,7553907650837955595,0.17513132755524255
6892347025741923333,7555788949694088210,0.02682412684311009
6892347025741923333,7577464395643552775,0.05400571751054799
6892347025741923333,7577628387390129168,0.02462119933105637
6892347025741923333,7578586528784696332,0.03466784262493305
6892347025741923333,7589963743808947221,0.4073274872619761
6892347025741923333,7592395448494474254,0.10066254581434357
6892347025741923333,7601465278044668949,0.01786130907863074
6892347025741923333,7615456357705417750,0.07246122594398978
6892347025741923333,7620360781880771597,0.05400571751054799
6892655794388796421,6984843073390248966,0.014954375089480238
6892655794388796421,7021176533500134406,0.015447378014661572
6892655794388796421,7071238041176409090,0.015148305729165883
6892655794388796421,7138346273199031302,0.014700155421586964
6892655794388796421,7347823456870581291,0.015892662993724015
6892655794388796421,7351522222589199365,0.02489240062529734
6892655794388796421,7363363492097065989,0.024187874449287494
6892655794388796421,7411689832726545414,0.015302707347653483
6892655794388796421,7463944109431145489,0.015132454678595628
6892655794388796421,7534684083310347265,0.015321174918067546
6892655794388796421,7573400555184604167,0.016802083916014152
6892755568563373062,6977245355705156609,0.01575889951636491
6892755568563373062,7126405978883916806,0.015137658943465991
6892755568563373062,7157484883282641925,0.015581388088021328
6892755568563373062,7263081302823552005,0.014889789954674881
6892755568563373062,7281282899318850566,0.015136763108416511
6892755568563373062,7437501539181642808,0.014881166660980544
6892755568563373062,7447572034136556561,0.015274737552584381
6892755568563373062,7452648710973441029,0.014887507005339435
6892755568563373062,7502829652847657991,0.015010069989603417
6892755568563373062,7529208229067621384,0.015582554767688762
6892755568563373062,7535561785211552776,0.01575816823160944
6893998420941390853,6901293173320041474,0.016880629378116838
6893998420941390853,6912121422416790533,0.0431643228089832
6893998420941390853,6978785360063267846,0.016880629378116838
6893998420941390853,6981842793023243270,0.0431643228089832
6893998420941390853,7047494209448166401,0.016596294988474727
6893998420941390853,7202373728666174466,0.0431643228089832
6893998420941390853,7367577463750132741,0.015960689946408597
6893998420941390853,7408910802202461190,0.01658948903851725
6893998420941390853,7437773895165920312,0.0431643228089832
6893998420941390853,7499826250930226194,0.016530997994592924
6893998420941390853,7524800391486522390,0.0164066298702675
6893998420941390853,7533684525809943574,0.0431643228089832
6893998420941390853,7555104317654008839,0.016576139779604968
6893998420941390853,7556669488167650315,0.04294012130005536
6893998420941390853,7559878386093442056,0.0431643228089832
6893998420941390853,7570721274922779668,0.0431643228089832
6893998420941390853,7576228097504363527,0.0431643228089832
6896477963005658118,6970474901372388357,0.015193434614381558
6896477963005658118,7006613667513418757,0.015193792462121741
6896477963005658118,7019122231100359681,0.01518475114643925
6896477963005658118,7066112826317882370,0.015183773073122749
6896477963005658118,7077477385247720474,0.015339415528347784
6896477963005658118,7101038813632644101,0.11767352617422046
6896477963005658118,7134462289780753434,0.015336004980108614
6896477963005658118,7147846060249072645,0.015337683989960998
6896477963005658118,7161919347677234181,0.024924803950976463
6896477963005658118,7214715708412216325,0.015503064393226042
6896477963005658118,7358089344354354194,0.01919257439833206
6896477963005658118,7399170004366885889,0.015193873624994265
6896477963005658118,7435823402563355704,0.042752115501300245
6897916711003489285,6899872761571066881,0.015992143099157356
6897916711003489285,6921826785543177222,0.016027556255361806
6897916711003489285,6923847519505335302,0.014104895736488317
6897916711003489285,7019741447605027842,0.050486965299498185
6897916711003489285,7019854514410210309,0.014048999127699956
6897916711003489285,7077477385247720474,0.05755503708388108
6897916711003489285,7157484883282641925,0.061973432776250476
6897916711003489285,7181113461597783046,0.050486965299498185
6897916711003489285,7223197815592715270,0.050486965299498185
6897916711003489285,7237562474958308358,0.014015899394903227
6897916711003489285,7282457131139646497,0.01083789554801256
6897916711003489285,7317249968522462213,0.037320684329935044
6897916711003489285,7318306691132589088,0.016017180131511093
6897916711003489285,7324429098661790726,0.08788266798818634
6897916711003489285,7347823456870581291,0.014828616425317931
6897916711003489285,7397174816681264133,0.01479795186808578
6897916711003489285,7434627254548382776,0.050486965299498185
6897916711003489285,7435823402563355704,0.015528020462739442
6897916711003489285,7524800391486522390,0.023513258928049372
6897916711003489285,7589963743808947221,0.050486965299498185
6899872761571066881,6921826785543177222,0.016404216729446485
6899872761571066881,7019854514410210309,0.014505611664971935
6899872761571066881,7114857710017446917,0.03673006444091787
6899872761571066881,7237562474958308358,0.014472536145510624
6899872761571066881,7282457131139646497,0.010371231256823205
6899872761571066881,7309689805897171970,0.022568648309099954
6899872761571066881,7318306691132589088,0.015580419495965142
6899872761571066881,7345693452820186117,0.020078775627937303
6899872761571066881,7347823456870581291,0.015274031355515878
6899872761571066881,7397174816681264133,0.01435184962286901
6899872761571066881,7407221110629073926,0.02405716769891174
6899872761571066881,7435823402563355704,0.015977625821254598
6899872761571066881,7486273853688464430,0.01490082466596783
6899872761571066881,7519531111723222072,0.031324525628300855
6901293173320041474,6904614150145328133,0.026008990420257994
6901293173320041474,6906427668766426114,0.026008990420257994
6901293173320041474,6911435183242413058,0.026008990420257994
6901293173320041474,6912121422416790533,0.117323485783521
6901293173320041474,6914709275327661062,0.13033934456623947
6901293173320041474,6917079199762285573,0.026008990420257994
6901293173320041474,6928620904365540354,0.026008990420257994
6901293173320041474,6936971554723103749,0.026008990420257994
6901293173320041474,6937699010555724801,0.02233069680536969
6901293173320041474,6943266816316933126,0.026008990420257994
6901293173320041474,6944422984339129349,0.026008990420257994
6901293173320041474,6951539781936202758,0.026008990420257994
6901293173320041474,6961393844521174018,0.026008990420257994
6901293173320041474,6962414155648320518,0.016697550952443154
6901293173320041474,6963912208137536518,0.016697550952443154
6901293173320041474,6964671467075634178,0.026008990420257994
6901293173320041474,6965175721303999494,0.016697550952443154
6901293173320041474,6967100298687923201,0.026008990420257994
6901293173320041474,6967982835219661825,0.026008990420257994
6901293173320041474,6970399499022009349,0.027229396904009454
6901293173320041474,6971670223084078081,0.016697550952443154
6901293173320041474,6976288257181008902,0.026008990420257994
6901293173320041474,6978785360063267846,0.49999999999999994
6901293173320041474,6981112366020838426,0.026008990420257994
6901293173320041474,6981168624778216453,0.026008990420257994
6901293173320041474,6981842793023243270,0.117323485783521
6901293173320041474,6984293816250401794,0.026008990420257994
6901293173320041474,6984465184196150278,0.026008990420257994
6901293173320041474,6984843073390248966,0.026008990420257994
6901293173320041474,6987886708910212102,0.02233069680536969
6901293173320041474,6991802841732219910,0.016880629378116838
6901293173320041474,7004852704795280390,0.02671762832268067
6901293173320041474,7004989334039790597,0.016697550952443154
6901293173320041474,7006020640302613509,0.026008990420257994
6901293173320041474,7019122231100359681,0.026008990420257994
6901293173320041474,7021176533500134406,0.026008990420257994
6901293173320041474,7022490858335421441,0.026008990420257994
6901293173320041474,7029826856011580421,0.026008990420257994
6901293173320041474,7030985942694036485,0.026008990420257994
6901293173320041474,7034907735930160133,0.35138079469338807
6901293173320041474,7036516442238518278,0.026008990420257994
6901293173320041474,7038625080130520065,0.016697550952443154
6901293173320041474,7043496794727613445,0.026008990420257994
6901293173320041474,7043787986584814598,0.016880629378116838
6901293173320041474,7043966862137721903,0.026008990420257994
6901293173320041474,7046403690119808006,0.026008990420257994
6901293173320041474,7062743559237534725,0.016697550952443154
6901293173320041474,7064637015815750702,0.026008990420257994
6901293173320041474,7067407565362037765,0.026008990420257994
6901293173320041474,7071462271621776411,0.04199582401790836
6901293173320041474,7074044643659645958,0.026008990420257994
6901293173320041474,7074661077590197253,0.026008990420257994
6901293173320041474,7075367754325869570,0.016697550952443154
6901293173320041474,7091886235563869190,0.016697550952443154
6901293173320041474,7095862401271038981,0.016697550952443154
6901293173320041474,7104324169307259909,0.026008990420257994
6901293173320041474,7111185904601400321,0.1161399727606679
6901293173320041474,7124837748766721026,0.026008990420257994
6901293173320041474,7126405978883916806,0.026008990420257994
6901293173320041474,7132827351868277765,0.026008990420257994
6901293173320041474,7133356593046897669,0.026008990420257994
6901293173320041474,7139448682156131355,0.35138079469338807
6901293173320041474,7160888724522812418,0.026008990420257994
6901293173320041474,7171985902397834242,0.026008990420257994
6901293173320041474,7185944755032146946,0.026008990420257994
6901293173320041474,7190421222563251226,0.015551259572193108
6901293173320041474,7192962788661724165,0.35138079469338807
6901293173320041474,7195872824606163994,0.016697550952443154
6901293173320041474,7201194948527948806,0.026008990420257994
6901293173320041474,7202373728666174466,0.117323485783521
6901293173320041474,7207214184994898949,0.015552938638887235
6901293173320041474,7224271052267553819,0.026008990420257994
6901293173320041474,7224878912467682331,0.016697550952443154
6901293173320041474,7227584300489081862,0.026008990420257994
6901293173320041474,7236791190447686683,0.026008990420257994
6901293173320041474,7250413502015390747,0.026008990420257994
6901293173320041474,7262400527862301702,0.08686161673965868
6901293173320041474,7263621228413191173,0.026008990420257994
6901293173320041474,7265744876464423968,0.016697550952443154
6901293173320041474,7287249230892106758,0.026008990420257994
6901293173320041474,7287530802672944129,0.016697550952443154
6901293173320041474,7296948579905045509,0.026008990420257994
6901293173320041474,7298207797677884422,0.026008990420257994
6901293173320041474,7314655842044265478,0.016697550952443154
6901293173320041474,7315184692033930273,0.016697550952443154
6901293173320041474,7317431073687815173,0.026008990420257994
6901293173320041474,7319108928196903968,0.026008990420257994
6901293173320041474,7324383714049541153,0.01720108954634936
6901293173320041474,7330899919002027051,0.026008990420257994
6901293173320041474,7331847404519883819,0.026008990420257994
6901293173320041474,7333933730745566213,0.016052571210431382
6901293173320041474,7337084105261138976,0.02233069680536969
6901293173320041474,7340377245914547206,0.016697550952443154
6901293173320041474,7345594575783248902,0.02671762832268067
6901293173320041474,7346466630966412293,0.026008990420257994
6901293173320041474,7353421506658124833,0.026008990420257994
6901293173320041474,7364138059266688005,0.01730093470649368
6901293173320041474,7367761141394998277,0.016880629378116838
6901293173320041474,7372146986432775174,0.026008990420257994
6901293173320041474,7375525564567241761,0.016697550952443154
6901293173320041474,7376897362978096145,0.042061859238045306
6901293173320041474,7376941500363965472,0.016697550952443154
6901293173320041474,7377044399681307681,0.026008990420257994
6901293173320041474,7378695724613616658,0.016697550952443154
6901293173320041474,7379964200321811472,0.026008990420257994
6901293173320041474,7380407783943881734,0.026008990420257994
6901293173320041474,7380648987244315666,0.026008990420257994
6901293173320041474,7383047865667322913,0.026008990420257994
6901293173320041474,7415589102207321093,0.026008990420257994
6901293173320041474,7421215511235150853,0.1161399727606679
6901293173320041474,7424539742974477318,0.026008990420257994
6901293173320041474,7426645678765458449,0.016697550952443154
6901293173320041474,7437773895165920312,0.117323485783521
6901293173320041474,7445468737078526993,0.017069864977821893
6901293173320041474,7452567943022167047,0.016880629378116838
6901293173320041474,7456825610020160518,0.026008990420257994
6901293173320041474,7459201168917480453,0.026008990420257994
6901293173320041474,7463218092195218454,0.026008990420257994
6901293173320041474,7466945875685819393,0.026008990420257994
6901293173320041474,7469354913887241217,0.026008990420257994
6901293173320041474,7469616549301634065,0.026008990420257994
6901293173320041474,7474455005735437329,0.02671762832268067
6901293173320041474,7475477880530502689,0.019373668589722646
6901293173320041474,7480684683241473025,0.026008990420257994
6901293173320041474,7483319222622602262,0.016880629378116838
6901293173320041474,7486249118827185153,0.016697550952443154
6901293173320041474,7487696987476886560,0.015552519684545619
6901293173320041474,7490403226492077078,0.016880629378116838
6901293173320041474,7495408204823397384,0.02671762832268067
6901293173320041474,7500049445330256916,0.026008990420257994
6901293173320041474,7502226464433177632,0.026008990420257994
6901293173320041474,7504218153414165526,0.026008990420257994
6901293173320041474,7515508502254732331,0.026008990420257994
6901293173320041474,7516814050480571408,0.02233069680536969
6901293173320041474,7517915187601720327,0.026008990420257994
6901293173320041474,7521665294160200711,0.026008990420257994
6901293173320041474,7528230653382460434,0.016697550952443154
6901293173320041474,7532290090426237972,0.026008990420257994
6901293173320041474,7533684525809943574,0.117323485783521
6901293173320041474,7535561785211552776,0.026008990420257994
6901293173320041474,7543308180970226696,0.017007505563925118
6901293173320041474,7549955744930825222,0.026008990420257994
6901293173320041474,7552094429399385106,0.026008990420257994
6901293173320041474,7553907650837955595,0.35138079469338807
6901293173320041474,7557359371543430166,0.026008990420257994
6901293173320041474,7559878386093442056,0.117323485783521
6901293173320041474,7562405333067629580,0.09545525446289173
6901293173320041474,7563546409505489931,0.026008990420257994
6901293173320041474,7568897073518396434,0.026008990420257994
6901293173320041474,7570721274922779668,0.117323485783521
6901293173320041474,7571272033645626385,0.016697550952443154
6901293173320041474,7572620715221812246,0.026008990420257994
6901293173320041474,7573875560531805204,0.026008990420257994
6901293173320041474,7575049308014576661,0.026008990420257994
6901293173320041474,7576228097504363527,0.117323485783521
6901293173320041474,7590371958509700116,0.017181497388498546
6901293173320041474,7598645062255739959,0.026008990420257994
6901293173320041474,7599049732175021073,0.017007505563925118
6901293173320041474,7601825276554118152,0.026008990420257994
6901293173320041474,7603626364147123222,0.026008990420257994
6901293173320041474,7612304113564566531,0.026008990420257994
6901293173320041474,7613356856131453972,0.016697550952443154
6901293173320041474,7618800850517410830,0.026008990420257994
6903288635920483333,6914709275327661062,0.01502701806570714
6903288635920483333,7036516442238518278,0.014874191839595072
6903288635920483333,7040265792459162670,0.015163234677774156
6903288635920483333,7040595999366759430,0.014871041967095227
6903288635920483333,7162956025019384837,0.015161964364413407
6903288635920483333,7284750471163970562,0.015017828960888165
6903288635920483333,7495408204823397384,0.014888533303599728
6903288635920483333,7528230653382460434,0.015032515273827499
6903288635920483333,7532290090426237972,0.014877816922441755
6903288635920483333,7576228097504363527,0.015016008775925242
6903288635920483333,7601825276554118152,0.0148866107225589
6903288635920483333,7618800850517410830,0.0149473272188524
6904614150145328133,6912121422416790533,0.08132119287465843
6904614150145328133,6978785360063267846,0.026008990420257994
6904614150145328133,6981842793023243270,0.06650584129825902
6904614150145328133,6995830130393400325,0.015638561672889708
6904614150145328133,7062096839953335302,0.014797355543625629
6904614150145328133,7139448682156131355,0.015867614971258742
6904614150145328133,7155676547864691718,0.014483115477343997
6904614150145328133,7202373728666174466,0.08226091550646995
6904614150145328133,7261422825452422150,0.01699149843783033
6904614150145328133,7437773895165920312,0.06650584129825902
6904614150145328133,7533684525809943574,0.06650584129825902
6904614150145328133,7559878386093442056,0.06650584129825902
6904614150145328133,7570721274922779668,0.06650584129825902
6904614150145328133,7576228097504363527,0.06650584129825902
6906224034717090818,6918522708590887938,0.016171719853796236
6906224034717090818,6981168624778216453,0.01617874018167997
6906224034717090818,7115031152766813185,0.016049562076440465
6906224034717090818,7158268924675752966,0.016174225627229206
6906224034717090818,7187464196166288389,0.016135808202309414
6906224034717090818,7232080941065569285,0.01489862053906517
6906224034717090818,7317249968522462213,0.015768293387725854
6906224034717090818,7323679526399083553,0.01591244793805023
6906224034717090818,7337084105261138976,0.015236469677284089
6906224034717090818,7340377245914547206,0.01576666832760505
6906224034717090818,7436296718439875639,0.015454175060653176
6906224034717090818,7601465278044668949,0.015899289986581914
6906427668766426114,6912121422416790533,0.06650584129825902
6906427668766426114,6978785360063267846,0.026008990420257994
6906427668766426114,6981842793023243270,0.06650584129825902
6906427668766426114,7033817528258741254,0.015554858625276145
6906427668766426114,7139448682156131355,0.015867614971258742
6906427668766426114,7202373728666174466,0.06650584129825902
6906427668766426114,7261422825452422150,0.01699149843783033
6906427668766426114,7325894078187717675,0.015159733915940657
6906427668766426114,7330704995610477600,0.015709790389089585
6906427668766426114,7345447179269719072,0.01500315846578101
6906427668766426114,7396054750779900933,0.01500651942099986
6906427668766426114,7437773895165920312,0.06650584129825902
6906427668766426114,7533684525809943574,0.06650584129825902
6906427668766426114,7559878386093442056,0.06650584129825902
6906427668766426114,7570721274922779668,0.06650584129825902
6906427668766426114,7575604955886208022,0.015152660606169422
6906427668766426114,7576228097504363527,0.06650584129825902
6907167382511289349,6910798769080976385,0.014823302215997165
6907167382511289349,6970474901372388357,0.014975467977692909
6907167382511289349,7006613667513418757,0.014975820849488002
6907167382511289349,7019122231100359681,0.014963711415479492
6907167382511289349,7066112826317882370,0.014962747279051091
6907167382511289349,7077477385247720474,0.015113950340871329
6907167382511289349,7106405480671839259,0.01458301513720188
6907167382511289349,7118766647640753178,0.014693292334016943
6907167382511289349,7134462289780753434,0.015110587016345227
6907167382511289349,7147846060249072645,0.01511224258025342
6907167382511289349,7178073990841500673,0.014703326396708596
6907167382511289349,7399170004366885889,0.014975900860381385
6907167382511289349,7534224814162166800,0.014693444108329724
6908266585728697349,6914709275327661062,0.4590185274060864
6908266585728697349,6933068895939724293,0.01621784952529447
6908266585728697349,6982171632279634946,0.49857111540664345
6908266585728697349,6990433306123682822,0.4988273189303502
6908266585728697349,7006613667513418757,0.49857111540664345
6908266585728697349,7009641336668161030,0.11517938184390109
6908266585728697349,7014981470109565957,0.49857111540664345
6908266585728697349,7047494209448166401,0.49857111540664345
6908266585728697349,7057768423321748481,0.498455979860871
6908266585728697349,7126145497094947845,0.015828069694751354
6908266585728697349,7128070099412157442,0.5263293130222964
6908266585728697349,7187952219559248898,0.4985377366321734
6908266585728697349,7197284105015788549,0.49857111540664345
6908266585728697349,7230689368007574534,0.49883330502247636
6908266585728697349,7235706083913876498,0.016390425096844626
6908266585728697349,7251253251058959386,0.4984296660387801
6908266585728697349,7253090810513097730,0.10273100369382646
6908266585728697349,7254221734713623557,0.3849139324890288
6908266585728697349,7255307152083796994,0.4990678437399271
6908266585728697349,7256202462158406658,0.4990845142877891
6908266585728697349,7311708051199230981,0.2588402815355786
6908266585728697349,7377997874032084000,0.49790582700971825
6908266585728697349,7389767673448285226,0.015665861889407766
6908266585728697349,7405527020195284001,0.016280303609511333
6908266585728697349,7523591048695170064,0.49865718054398245
6908266585728697349,7528317052487566392,0.01620116512593465
6908266585728697349,7592395448494474254,0.10061464579464842
6908833879592535046,6928620904365540354,0.015544693024452175
6908833879592535046,6959659732336968709,0.015079401323485571
6908833879592535046,7057509455312061445,0.015388760238545171
6908833879592535046,7102031855201911813,0.01587182513442811
6908833879592535046,7171985902397834242,0.015882542019588594
6908833879592535046,7187479709860348934,0.01586865051030213
6908833879592535046,7292020279937025030,0.015542327569540253
6908833879592535046,7316815688206861344,0.01586458650803852
6908833879592535046,7320351877056791584,0.016171697942399265
6908833879592535046,7437773895165920312,0.015246775903104486
6908833879592535046,7508750993641489415,0.015088352868114054
6908833879592535046,7541721033906045972,0.015875023540664463
6908833879592535046,7579972033883882518,0.015680724755628036
6909418799418606598,6982171632279634946,0.49876880587730954
6909418799418606598,6990433306123682822,0.49902511098932256
6909418799418606598,7006613667513418757,0.49876880587730954
6909418799418606598,7014981470109565957,0.49876880587730954
6909418799418606598,7047494209448166401,0.49876880587730954
6909418799418606598,7057768423321748481,0.4986381084523108
6909418799418606598,7128070099412157442,0.4991608835764437
6909418799418606598,7187952219559248898,0.49873140815700356
6909418799418606598,7197284105015788549,0.49876880587730954
6909418799418606598,7228721685779235846,0.016723293621371028
6909418799418606598,7230689368007574534,0.49903299372975196
6909418799418606598,7251253251058959386,0.4985993512064144
6909418799418606598,7255307152083796994,0.4992291919999323
6909418799418606598,7256202462158406658,0.4991608835764437
6909418799418606598,7469977879825466414,0.015196010671043682
6909418799418606598,7523591048695170064,0.4988529397681411
6909418799418606598,7560202600190460948,0.01559226812000077
6909418799418606598,7620205971531416579,0.016007322417446058
6909912221612557317,7060170751220368389,0.016672578792805558
6909912221612557317,7071952426950198278,0.018304427683066556
6909912221612557317,7077174182438011909,0.016400094069373122
6909912221612557317,7125195944199996422,0.1614024182781461
6909912221612557317,7178073990841500673,0.0184511651416
6909912221612557317,7251991096619746306,0.016537794711026645
6909912221612557317,7252180988837889067,0.016420392895454775
6909912221612557317,7270136616478458887,0.015327130932237702
6909912221612557317,7300113222412895265,0.015949830652613503
6909912221612557317,7300626193325229061,0.015603545652365304
6909912221612557317,7313835321618678816,0.015312815953112947
6909912221612557317,7400347622539019270,0.016126495484078587
6909912221612557317,7426970340070818822,0.016591055352482478
6909912221612557317,7454739601820288005,0.0155773815404697
6909912221612557317,7540825121352614920,0.016093771578710784
6909912221612557317,7610364091814872085,0.016653203171814446
6910309608222557189,6912144792286462981,0.01542844635286246
6910309608222557189,6982171632279634946,0.49699270409795837
6910309608222557189,6990433306123682822,0.49724809651463014
6910309608222557189,7006613667513418757,0.49699270409795837
6910309608222557189,7014981470109565957,0.49699270409795837
6910309608222557189,7047494209448166401,0.49699270409795837
6910309608222557189,7057768423321748481,0.4968689953977595
6910309608222557189,7123824749314589742,0.015624709229730532
6910309608222557189,7128070099412157442,0.49743447692268844
6910309608222557189,7187952219559248898,0.49695712362639444
6910309608222557189,7197284105015788549,0.49699270409795837
6910309608222557189,7230689368007574534,0.4972551547959288
6910309608222557189,7232080941065569285,0.014787525570003632
6910309608222557189,7251253251058959386,0.4968356032293968
6910309608222557189,7255307152083796994,0.4974668125565518
6910309608222557189,7256202462158406658,0.49743447692268844
6910309608222557189,7337597547799020549,0.015253861147748226
6910309608222557189,7349160078996276230,0.015001337521228017
6910309608222557189,7523591048695170064,0.4970773646701331
6910798769080976385,6960298061139969029,0.01604792931100214
6910798769080976385,6970474901372388357,0.015717321879987534
6910798769080976385,6976420668834497541,0.015284915515021154
6910798769080976385,7006613667513418757,0.015716921517751677
6910798769080976385,7106405480671839259,0.015282845793301008
6910798769080976385,7118766647640753178,0.015410200090729301
6910798769080976385,7157662712166630401,0.015157268425161087
6910798769080976385,7161919347677234181,0.015038982995731857
6910798769080976385,7178073990841500673,0.015418812956006327
6910798769080976385,7399170004366885889,0.015716834302327416
6910798769080976385,7483576233717400594,0.015039509890486538
6910798769080976385,7525651754726671368,0.015868698570498028
6910798769080976385,7534224814162166800,0.015410023324231479
6911232913338221574,6962998966736946178,0.015719454167050784
6911232913338221574,6982171632279634946,0.4970638807294857
6911232913338221574,6990433306123682822,0.49731930972209065
6911232913338221574,6993227536423945222,0.015278776411318279
6911232913338221574,7006613667513418757,0.4970638807294857
6911232913338221574,7014981470109565957,0.4970638807294857
6911232913338221574,7047494209448166401,0.4970638807294857
6911232913338221574,7057768423321748481,0.496940631418856
6911232913338221574,7128070099412157442,0.4975094535716551
6911232913338221574,7187952219559248898,0.4970284183333643
6911232913338221574,7197284105015788549,0.4970638807294857
6911232913338221574,7230689368007574534,0.4973263107674263
6911232913338221574,7251253251058959386,0.49691588489111255
6911232913338221574,7255307152083796994,0.4975391806256452
6911232913338221574,7256202462158406658,0.4975094535716551
6911232913338221574,7345693452820186117,0.015566787596756495
6911232913338221574,7352849317865505798,0.015727978180923516
6911232913338221574,7453398291771524102,0.015728190167357648
6911232913338221574,7523591048695170064,0.49772474352036267
6911435183242413058,6912121422416790533,0.06650584129825902
6911435183242413058,6978785360063267846,0.026008990420257994
6911435183242413058,6981842793023243270,0.06650584129825902
6911435183242413058,7007755339752113158,0.015362491176853097
6911435183242413058,7202373728666174466,0.06650584129825902
6911435183242413058,7226986584104600578,0.01514551679882341
6911435183242413058,7261422825452422150,0.01699149843783033
6911435183242413058,7309226277922309152,0.015330930521260853
6911435183242413058,7351522222589199365,0.02432538160432585
6911435183242413058,7437773895165920312,0.06650584129825902
6911435183242413058,7533684525809943574,0.06650584129825902
6911435183242413058,7559878386093442056,0.06650584129825902
6911435183242413058,7570721274922779668,0.06650584129825902
6911435183242413058,7576228097504363527,0.06650584129825902
6912121422416790533,6917079199762285573,0.06650584129825902
6912121422416790533,6928620904365540354,0.06650584129825902
6912121422416790533,6936971554723103749,0.06650584129825902
6912121422416790533,6937699010555724801,0.0571003239195597
6912121422416790533,6943266816316933126,0.06650584129825902
6912121422416790533,6944422984339129349,0.06650584129825902
6912121422416790533,6951539781936202758,0.06650584129825902
6912121422416790533,6961393844521174018,0.06650584129825902
6912121422416790533,6962414155648320518,0.04269618527168356
6912121422416790533,6962525040178217990,0.04703061823988365
6912121422416790533,6963912208137536518,0.04269618527168356
6912121422416790533,6964671467075634178,0.06650584129825902
6912121422416790533,6965175721303999494,0.04269618527168356
6912121422416790533,6967100298687923201,0.06650584129825902
6912121422416790533,6967982835219661825,0.06650584129825902
6912121422416790533,6968767240784380929,0.03620865534857638
6912121422416790533,6970399499022009349,0.0696264606924099
6912121422416790533,6971670223084078081,0.04269618527168356
6912121422416790533,6976288257181008902,0.06650584129825902
6912121422416790533,6978785360063267846,0.117323485783521
6912121422416790533,6980103239853163522,0.04811660044717405
6912121422416790533,6981112366020838426,0.06650584129825902
6912121422416790533,6981168624778216453,0.06650584129825902
6912121422416790533,6981842793023243270,0.5
6912121422416790533,6984293816250401794,0.06650584129825902
6912121422416790533,6984465184196150278,0.06650584129825902
6912121422416790533,6984843073390248966,0.06650584129825902
6912121422416790533,6987339607461889025,0.04703061823988365
6912121422416790533,6987886708910212102,0.0571003239195597
6912121422416790533,6989905844062258202,0.047658504546495804
6912121422416790533,6991802841732219910,0.0431643228089832
6912121422416790533,7004852704795280390,0.06831785164986984
6912121422416790533,7004989334039790597,0.04269618527168356
6912121422416790533,7006020640302613509,0.06650584129825902
6912121422416790533,7019122231100359681,0.06650584129825902
6912121422416790533,7021176533500134406,0.06650584129825902
6912121422416790533,7022490858335421441,0.06650584129825902
6912121422416790533,7023254401751335938,0.03620865534857638
6912121422416790533,7029826856011580421,0.06650584129825902
6912121422416790533,7030985942694036485,0.06650584129825902
6912121422416790533,7036516442238518278,0.06650584129825902
6912121422416790533,7038625080130520065,0.04269618527168356
6912121422416790533,7040595999366759430,0.02701639831908924
6912121422416790533,7043496794727613445,0.06650584129825902
6912121422416790533,7043787986584814598,0.0431643228089832
6912121422416790533,7043966862137721903,0.06650584129825902
6912121422416790533,7046403690119808006,0.06650584129825902
6912121422416790533,7057509455312061445,0.03639952077783468
6912121422416790533,7059866762607690753,0.04703061823988365
6912121422416790533,7062743559237534725,0.04269618527168356
6912121422416790533,7064637015815750702,0.06650584129825902
6912121422416790533,7067407565362037765,0.06650584129825902
6912121422416790533,7071462271621776411,0.06831785164986984
6912121422416790533,7071636331441603585,0.02894610853901162
6912121422416790533,7074044643659645958,0.06650584129825902
6912121422416790533,7074661077590197253,0.06650584129825902
6912121422416790533,7075367754325869570,0.04269618527168356
6912121422416790533,7091886235563869190,0.04269618527168356
6912121422416790533,7094798766534280238,0.04703061823988365
6912121422416790533,7095862401271038981,0.04269618527168356
6912121422416790533,7104324169307259909,0.06650584129825902
6912121422416790533,7110530423914595334,0.04703061823988365
6912121422416790533,7110565549231014913,0.04444418066742921
6912121422416790533,7114285700455515162,0.04703061823988365
6912121422416790533,7124837748766721026,0.06650584129825902
6912121422416790533,7126405978883916806,0.06650584129825902
6912121422416790533,7132827351868277765,0.06650584129825902
6912121422416790533,7133356593046897669,0.06650584129825902
6912121422416790533,7139904829536011269,0.035930985967135655
6912121422416790533,7150565541089985542,0.035203308649367014
6912121422416790533,7160888724522812418,0.06650584129825902
6912121422416790533,7171985902397834242,0.06650584129825902
6912121422416790533,7185944755032146946,0.06650584129825902
6912121422416790533,7191831178118284294,0.06168436669753443
6912121422416790533,7195872824606163994,0.04269618527168356
6912121422416790533,7201194948527948806,0.06650584129825902
6912121422416790533,7202373728666174466,0.5249783457082761
6912121422416790533,7224271052267553819,0.06650584129825902
6912121422416790533,7224878912467682331,0.04269618527168356
6912121422416790533,7227584300489081862,0.06650584129825902
6912121422416790533,7230061843074139142,0.04348874937616442
6912121422416790533,7236791190447686683,0.06650584129825902
6912121422416790533,7250413502015390747,0.06650584129825902
6912121422416790533,7261422825452422150,0.07664664384123111
6912121422416790533,7263621228413191173,0.06650584129825902
6912121422416790533,7265744876464423968,0.04269618527168356
6912121422416790533,7277183383178970117,0.03476197440586706
6912121422416790533,7287249230892106758,0.06650584129825902
6912121422416790533,7287530802672944129,0.057508239254678115
6912121422416790533,7288239669111424005,0.04348874937616442
6912121422416790533,7293760186871088133,0.04923780264776331
6912121422416790533,7296948579905045509,0.06650584129825902
6912121422416790533,7298207797677884422,0.06650584129825902
6912121422416790533,7307362809690506273,0.035930985967135655
6912121422416790533,7314655842044265478,0.04269618527168356
6912121422416790533,7315184692033930273,0.04269618527168356
6912121422416790533,7317314050736047136,0.043326141662172114
6912121422416790533,7317431073687815173,0.06650584129825902
6912121422416790533,7319108928196903968,0.06650584129825902
6912121422416790533,7324383714049541153,0.04398374996653582
6912121422416790533,7330899919002027051,0.06650584129825902
6912121422416790533,7331847404519883819,0.06650584129825902
6912121422416790533,7332056821727446021,0.03388322665306696
6912121422416790533,7337084105261138976,0.0571003239195597
6912121422416790533,7340377245914547206,0.04269618527168356
6912121422416790533,7345519844223616002,0.04703061823988365
6912121422416790533,7345594575783248902,0.06831785164986984
6912121422416790533,7346466630966412293,0.06650584129825902
6912121422416790533,7353421506658124833,0.06650584129825902
6912121422416790533,7364138059266688005,0.04423905731478973
6912121422416790533,7367761141394998277,0.0431643228089832
6912121422416790533,7372146986432775174,0.06650584129825902
6912121422416790533,7375525564567241761,0.04269618527168356
6912121422416790533,7376897362978096145,0.06650584129825902
6912121422416790533,7376941500363965472,0.04269618527168356
6912121422416790533,7377044399681307681,0.06650584129825902
6912121422416790533,7378695724613616658,0.04269618527168356
6912121422416790533,7379964200321811472,0.0812979235089501
6912121422416790533,7380407783943881734,0.06650584129825902
6912121422416790533,7380648987244315666,0.06650584129825902
6912121422416790533,7383047865667322913,0.06650584129825902
6912121422416790533,7402268913452663809,0.04703061823988365
6912121422416790533,7415589102207321093,0.06650584129825902
6912121422416790533,7424539742974477318,0.06650584129825902
6912121422416790533,7426645678765458449,0.04269618527168356
6912121422416790533,7437773895165920312,0.5
6912121422416790533,7445468737078526993,0.04364820444216503
6912121422416790533,7452567943022167047,0.0431643228089832
6912121422416790533,7456825610020160518,0.06650584129825902
6912121422416790533,7459201168917480453,0.06650584129825902
6912121422416790533,7463218092195218454,0.06650584129825902
6912121422416790533,7466945875685819393,0.06650584129825902
6912121422416790533,7469354913887241217,0.06650584129825902
6912121422416790533,7469616549301634065,0.06650584129825902
6912121422416790533,7474455005735437329,0.06831785164986984
6912121422416790533,7475477880530502689,0.04953910581587193
6912121422416790533,7480684683241473025,0.06650584129825902
6912121422416790533,7483319222622602262,0.0431643228089832
6912121422416790533,7486249118827185153,0.04269618527168356
6912121422416790533,7490403226492077078,0.0431643228089832
6912121422416790533,7495408204823397384,0.06831785164986984
6912121422416790533,7496559084507726855,0.03388322665306696
6912121422416790533,7500049445330256916,0.06650584129825902
6912121422416790533,7502226464433177632,0.06650584129825902
6912121422416790533,7504218153414165526,0.06650584129825902
6912121422416790533,7512265205633008662,0.03019179052237205
6912121422416790533,7515508502254732331,0.06650584129825902
6912121422416790533,7516814050480571408,0.07163399893425772
6912121422416790533,7517915187601720327,0.06650584129825902
6912121422416790533,7521665294160200711,0.06650584129825902
6912121422416790533,7528230653382460434,0.04269618527168356
6912121422416790533,7532290090426237972,0.06650584129825902
6912121422416790533,7533684525809943574,0.5
6912121422416790533,7535561785211552776,0.06650584129825902
6912121422416790533,7542455562676470840,0.03388322665306696
6912121422416790533,7543308180970226696,0.04348874937616442
6912121422416790533,7549955744930825222,0.06650584129825902
6912121422416790533,7552094429399385106,0.06650584129825902
6912121422416790533,7557359371543430166,0.06650584129825902
6912121422416790533,7559878386093442056,0.5
6912121422416790533,7562405333067629580,0.0373304772997982
6912121422416790533,7563546409505489931,0.06650584129825902
6912121422416790533,7568897073518396434,0.06650584129825902
6912121422416790533,7570721274922779668,0.5
6912121422416790533,7571272033645626385,0.04269618527168356
6912121422416790533,7572620715221812246,0.06650584129825902
6912121422416790533,7573875560531805204,0.06650584129825902
6912121422416790533,7574297613940769793,0.02421992229449264
6912121422416790533,7575049308014576661,0.06650584129825902
6912121422416790533,7575174922190177312,0.02385956400832343
6912121422416790533,7576228097504363527,0.5
6912121422416790533,7580931726077330450,0.051709672096499425
6912121422416790533,7590371958509700116,0.04393365217651542
6912121422416790533,7598645062255739959,0.06650584129825902
6912121422416790533,7599049732175021073,0.04348874937616442
6912121422416790533,7601825276554118152,0.06650584129825902
6912121422416790533,7603626364147123222,0.06650584129825902
6912121422416790533,7612304113564566531,0.06650584129825902
6912121422416790533,7613356856131453972,0.04269618527168356
6912121422416790533,7618800850517410830,0.06650584129825902
6912144792286462981,6951539781936202758,0.015336633460894053
6912144792286462981,6993706047081530374,0.015528214188134503
6912144792286462981,6996027289760187398,0.015411605817730304
6912144792286462981,7031874916669015045,0.015301195186762167
6912144792286462981,7123824749314589742,0.015425900494603127
6912144792286462981,7319108928196903968,0.01547409577488592
6912144792286462981,7337597547799020549,0.015172420512702183
6912144792286462981,7349160078996276230,0.014924022508708844
6912144792286462981,7424539742974477318,0.015339185594990642
6912144792286462981,7587625784933041174,0.015234807438544612
6912144792286462981,7611159661320930321,0.014803011560310178
6914709275327661062,6978785360063267846,0.13033934456623947
6914709275327661062,6990433306123682822,0.45855563885064693
6914709275327661062,7034907735930160133,0.223670174973415
6914709275327661062,7057768423321748481,0.4583780912267553
6914709275327661062,7104625198607844379,0.08772325768838052
6914709275327661062,7126424782262305797,0.08442536188238285
6914709275327661062,7128070099412157442,0.4600750651710445
6914709275327661062,7139448682156131355,0.223670174973415
6914709275327661062,7170886050868675589,0.4672477213057793
6914709275327661062,7187500258129593349,0.03154863862036044
6914709275327661062,7192962788661724165,0.223670174973415
6914709275327661062,7230689368007574534,0.45854114290324993
6914709275327661062,7251253251058959386,0.458485162824141
6914709275327661062,7255307152083796994,0.4591625069730575
6914709275327661062,7256202462158406658,0.4600750651710445
6914709275327661062,7262400527862301702,0.07847233734521394
6914709275327661062,7355557262863336453,0.45838535626859117
6914709275327661062,7377997874032084000,0.46418021420660666
6914709275327661062,7523591048695170064,0.4584199855766606
6914709275327661062,7536210918439863297,0.05307480521426554
6914709275327661062,7553907650837955595,0.223670174973415
6914709275327661062,7562405333067629580,0.041471917673656385
6914709275327661062,7595754884038427661,0.015041509496980757
6914709275327661062,7617626564747166734,0.015023968476580602
6914932704597935110,6938129809118577670,0.014955563272191656
6914932704597935110,6961111781085873157,0.014777253108149936
6914932704597935110,7009641336668161030,0.0160822727284093
6914932704597935110,7013057860546036742,0.024624916784797807
6914932704597935110,7151417501942219781,0.014911959843532075
6914932704597935110,7292469793109722154,0.014655151259032074
6914932704597935110,7330899919002027051,0.01523876965787535
6914932704597935110,7533684525809943574,0.014957222161783273
6914932704597935110,7612304113564566531,0.014916539343573974
6915837066996728837,6936971554723103749,0.015310818326892156
6915837066996728837,6965504260722361350,0.015310526340467086
6915837066996728837,7023254401751335938,0.09825756633636178
6915837066996728837,7101038813632644101,0.015305620739810172
6915837066996728837,7213907079759856645,0.01562199564308266
6915837066996728837,7230689368007574534,0.01562211742490414
6915837066996728837,7262400527862301702,0.015622996333998029
6915837066996728837,7290292672361759776,0.015025728025472605
6915837066996728837,7358930055361823749,0.015305460539506549
6915837066996728837,7415799988297319429,0.015033411703191005
6915837066996728837,7435499715750806536,0.014900771393055623
6915837066996728837,7555033171922912263,0.015017748823936517
6915837066996728837,7603626364147123222,0.015620846809082597
6916463036367242245,6959645215931270150,0.019095003178882245
6916463036367242245,7009641336668161030,0.01758171819893077
6916463036367242245,7077174182438011909,0.016807032624111456
6916463036367242245,7222053350383944705,0.01669285097883428
6916463036367242245,7253090810513097730,0.015681518066193837
6916463036367242245,7267394392368514053,0.019201846998414426
6916463036367242245,7349660179460015147,0.12061314657674005
6916463036367242245,7421976792565711905,0.019553588093149662
6916463036367242245,7504218153414165526,0.02027810562563852
6916463036367242245,7585187926658450454,0.014113733070933186
6916463036367242245,7592395448494474254,0.015358463647983309
6916943071255872518,6923847519505335302,0.015488084986027509
6916943071255872518,7019741447605027842,0.019588278098373848
6916943071255872518,7071238041176409090,0.011708893081816163
6916943071255872518,7157484883282641925,0.015957688195198837
6916943071255872518,7161919347677234181,0.019151106233740642
6916943071255872518,7181113461597783046,0.019588278098373848
6916943071255872518,7223197815592715270,0.019588278098373848
6916943071255872518,7248103984781755397,0.02882482440784792
6916943071255872518,7282457131139646497,0.015524319917375932
6916943071255872518,7309689805897171970,0.016621774689028777
6916943071255872518,7397174816681264133,0.014964218093679918
6916943071255872518,7403666842986546209,0.01330621484941455
6916943071255872518,7434627254548382776,0.019588278098373848
6916943071255872518,7589963743808947221,0.019588278098373848
6916943071255872518,7603001410426618881,0.01655309187094799
6917079199762285573,6978785360063267846,0.026008990420257994
6917079199762285573,6981842793023243270,0.06650584129825902
6917079199762285573,6990019487899501573,0.015550411800895454
6917079199762285573,6991030367710233602,0.01585790134203536
6917079199762285573,7175189895740425221,0.01570141771190638
6917079199762285573,7202373728666174466,0.06650584129825902
6917079199762285573,7261422825452422150,0.01699149843783033
6917079199762285573,7424553645365543942,0.016044344474239396
6917079199762285573,7437773895165920312,0.06650584129825902
6917079199762285573,7533684525809943574,0.06650584129825902
6917079199762285573,7559878386093442056,0.06650584129825902
6917079199762285573,7570721274922779668,0.06650584129825902
6917079199762285573,7576228097504363527,0.06650584129825902
6917079199762285573,7609668379692401697,0.02568740169477065
6917607474581406725,6933063571936953349,0.015257142718723214
6917607474581406725,6959659732336968709,0.015129128903362524
6917607474581406725,6982171632279634946,0.49837822423557454
6917607474581406725,6987706064737289217,0.015705032276251765
6917607474581406725,6990433306123682822,0.4990610847287819
6917607474581406725,7006613667513418757,0.49837822423557454
6917607474581406725,7014981470109565957,0.49837822423557454
6917607474581406725,7047494209448166401,0.49837822423557454
6917607474581406725,7128070099412157442,0.49878136246741156
6917607474581406725,7141833908052296709,0.4985918481053523
6917607474581406725,7197284105015788549,0.49837822423557454
6917607474581406725,7230689368007574534,0.4990609975178423
6917607474581406725,7255307152083796994,0.4988416677498522
6917607474581406725,7256202462158406658,0.49878136246741156
6917607474581406725,7333474672351675398,0.015711499510991295
6917607474581406725,7508750993641489415,0.015120010347976984
6917607474581406725,7523591048695170064,0.4984624760850809
6917607474581406725,7543302231467328534,0.015788999490489584
6917607474581406725,7543955698288739335,0.01592903605125186
6917607474581406725,7550338226915230776,0.015990460974396405
6917607474581406725,7573400555184604167,0.015981188400798527
6917607474581406725,7579972033883882518,0.015545002918524906
6918522708590887938,6959645215931270150,0.12621500716274295
6918522708590887938,6981168624778216453,0.01661349791529264
6918522708590887938,7096318271246304257,0.03586309390116258
6918522708590887938,7115031152766813185,0.0164962639331811
6918522708590887938,7124134844511126555,0.017394114910296625
6918522708590887938,7158268924675752966,0.016618111395675372
6918522708590887938,7187464196166288389,0.016584149683689965
6918522708590887938,7232080941065569285,0.015113154098091924
6918522708590887938,7261142322435867653,0.02473966337964666
6918522708590887938,7317249968522462213,0.01619915638154251
6918522708590887938,7323679526399083553,0.016351036672550247
6918522708590887938,7345507730973262881,0.025035566700765583
6918522708590887938,7421976792565711905,0.017035234459114798
6918522708590887938,7436296718439875639,0.015686794183737193
6918522708590887938,7494711694116881415,0.01545962099122401
6918522708590887938,7499826250930226194,0.024496305689116562
6921826785543177222,6923847519505335302,0.013697278680591651
6921826785543177222,7007808562148705285,0.012481735044082282
6921826785543177222,7019854514410210309,0.014467168355680298
6921826785543177222,7222053350383944705,0.0145335842278657
6921826785543177222,7237562474958308358,0.014434092401036606
6921826785543177222,7282457131139646497,0.010409265889427326
6921826785543177222,7318306691132589088,0.015615761860590674
6921826785543177222,7347823456870581291,0.01523649393457654
6921826785543177222,7397174816681264133,0.014388009888619761
6921826785543177222,7435823402563355704,0.015939701943281058
6921826785543177222,7563546409505489931,0.013328467782245
6921826785543177222,7603001410426618881,0.012994017413876497
6923847519505335302,7071238041176409090,0.10344024875585135
6923847519505335302,7282457131139646497,0.013625852413380565
6923847519505335302,7297306010283181062,0.017250568675792933
6923847519505335302,7309689805897171970,0.0147390527076623
6923847519505335302,7316071021454558214,0.019568396195413094
6923847519505335302,7318306691132589088,0.019775452906656932
6923847519505335302,7397174816681264133,0.016290974344615183
6923847519505335302,7403666842986546209,0.011424971616357483
6923847519505335302,7435823402563355704,0.013193497340583272
6923847519505335302,7563546409505489931,0.01642793970917809
6923847519505335302,7603001410426618881,0.016122733253565637
6923948494491567110,6959645215931270150,0.015866726373686784
6923948494491567110,7035774233357026309,0.01018001639080192
6923948494491567110,7217407055849096197,0.17407380357037786
6923948494491567110,7261142322435867653,0.01712204284020962
6923948494491567110,7268149943910089734,0.03809166614927014
6923948494491567110,7315184692033930273,0.01465424844003385
6923948494491567110,7415589102207321093,0.016408624808014752
6923948494491567110,7483884642539471878,0.015988032176396143
6923948494491567110,7486594305004585989,0.035449010036385745
6923948494491567110,7490403226492077078,0.016775377822109087
6923948494491567110,7524535795760776222,0.01168524212674434
6923948494491567110,7544469740279186488,0.016573847482849
6923948494491567110,7585187926658450454,0.2226542581858066
6928620904365540354,6978785360063267846,0.026008990420257994
6928620904365540354,6981842793023243270,0.06650584129825902
6928620904365540354,7202373728666174466,0.06650584129825902
6928620904365540354,7261422825452422150,0.01699149843783033
6928620904365540354,7316815688206861344,0.015562580100165885
6928620904365540354,7437773895165920312,0.08143749169184485
6928620904365540354,7533684525809943574,0.06650584129825902
6928620904365540354,7541721033906045972,0.01553703628778498
6928620904365540354,7559878386093442056,0.06650584129825902
6928620904365540354,7570721274922779668,0.06650584129825902
6928620904365540354,7576228097504363527,0.06650584129825902
6930980050721260549,6971670223084078081,0.015783447839032082
6930980050721260549,6996027289760187398,0.016004706539820203
6930980050721260549,7009641336668161030,0.016351660939793178
6930980050721260549,7209676024983487531,0.016457003072910564
6930980050721260549,7210849373168141318,0.016343543430933555
6930980050721260549,7282348803772318726,0.03985530503837396
6930980050721260549,7300113222412895265,0.016892878156788867
6930980050721260549,7300626193325229061,0.09241907146163655
6930980050721260549,7337597547799020549,0.015636604628404296
6930980050721260549,7349160078996276230,0.015109763609813389
6930980050721260549,7421976792565711905,0.016183372381367533
6930980050721260549,7587625784933041174,0.01587248039393369
6930980050721260549,7592395448494474254,0.015785201960612005
6930980050721260549,7597556117011497997,0.016284641264523347
6930980050721260549,7611159661320930321,0.015271539475842425
6932287413504033797,7019741447605027842,0.04200463943527787
6932287413504033797,7062668564406666246,0.01588226036196784
6932287413504033797,7077477385247720474,0.028575909877645495
6932287413504033797,7157484883282641925,0.03421928846903409
6932287413504033797,7181113461597783046,0.04200463943527787
6932287413504033797,7223197815592715270,0.04200463943527787
6932287413504033797,7367761141394998277,0.048558044221322635
6932287413504033797,7434627254548382776,0.04200463943527787
6932287413504033797,7589963743808947221,0.04200463943527787
6932287413504033797,7605645281590510610,0.01572310154142916
6932287413504033797,7614802407563035656,0.015725549640850548
6932505658856408070,6933068895939724293,0.016219948750817708
6932505658856408070,6982171632279634946,0.4983584614438328
6932505658856408070,6990433306123682822,0.4986145556898599
6932505658856408070,7006613667513418757,0.4983584614438328
6932505658856408070,7012341717442462725,0.4973422939505985
6932505658856408070,7014981470109565957,0.4983584614438328
6932505658856408070,7047494209448166401,0.4983584614438328
6932505658856408070,7057768423321748481,0.4982288044069919
6932505658856408070,7126145497094947845,0.015826058706031185
6932505658856408070,7128070099412157442,0.5260058619923702
6932505658856408070,7187952219559248898,0.49832133532120293
6932505658856408070,7197284105015788549,0.4983584614438328
6932505658856408070,7230689368007574534,0.49862231805807955
6932505658856408070,7235706083913876498,0.016392549056162206
6932505658856408070,7251253251058959386,0.4981908265393923
6932505658856408070,7255307152083796994,0.49882066559602145
6932505658856408070,7256202462158406658,0.4987575228460863
6932505658856408070,7405527020195284001,0.01628242831564194
6932505658856408070,7523591048695170064,0.49859038442899534
6932505658856408070,7528317052487566392,0.016199112503194148
6933063571936953349,6938129809118577670,0.016325435094458187
6933063571936953349,6959659732336968709,0.014469409907320105
6933063571936953349,6987706064737289217,0.015103745799366228
6933063571936953349,7091886235563869190,0.015257142718723214
6933063571936953349,7265744876464423968,0.015230844932496136
6933063571936953349,7308377902638728224,0.015833920379097366
6933063571936953349,7333474672351675398,0.015109726155340984
6933063571936953349,7367437036964119584,0.014121372143764566
6933063571936953349,7436415158378824725,0.015104390627275529
6933063571936953349,7508750993641489415,0.014460964915078056
6933063571936953349,7543302231467328534,0.015192424864633744
6933063571936953349,7543955698288739335,0.015333818306453945
6933063571936953349,7550338226915230776,0.015390398746306664
6933068895939724293,6964671467075634178,0.016341980674815616
6933068895939724293,7045679836841837569,0.01599391810579317
6933068895939724293,7106405480671839259,0.02286437014578015
6933068895939724293,7126145497094947845,0.01581577113539755
6933068895939724293,7128070099412157442,0.016360194382316548
6933068895939724293,7235706083913876498,0.016403738864378924
6933068895939724293,7267394392368514053,0.015822960076164693
6933068895939724293,7274983064991810566,0.016372837266522878
6933068895939724293,7405527020195284001,0.016293620971519
6933068895939724293,7471571264202441729,0.016389923426889587
6933068895939724293,7528317052487566392,0.016188615517552452
6933068895939724293,7597512785483957259,0.01619970145590182
6933226203005453314,6969163964988376070,0.02670728478020318
6933226203005453314,7024773008388834309,0.02703340414826189
6933226203005453314,7030932109430899718,0.027020910277376776
6933226203005453314,7104324169307259909,0.02703471910602657
6933226203005453314,7263914736517399557,0.027028130259381642
6933226203005453314,7314655842044265478,0.02703916003265399
6933226203005453314,7316789714857624582,0.027009486773510866
6933226203005453314,7323120700012938245,0.027034859914675684
6933226203005453314,7378567914254959622,0.027040650758892962
6933226203005453314,7387033416446837765,0.027034788683973358
6933226203005453314,7462811958108062726,0.026381125841556493
6933226203005453314,7497772332389123079,0.02566373223780443
6934107948599919621,7019741447605027842,0.06629274870887089
6934107948599919621,7077477385247720474,0.04509919947212047
6934107948599919621,7157484883282641925,0.05400571751054799
6934107948599919621,7181113461597783046,0.06629274870887089
6934107948599919621,7223197815592715270,0.06629274870887089
6934107948599919621,7292469793109722154,0.01486468376637372
6934107948599919621,7357806298803143713,0.015123350929908347
6934107948599919621,7434627254548382776,0.06629274870887089
6934107948599919621,7589963743808947221,0.06629274870887089
6936558089194849286,6962998966736946178,0.01620137359262685
6936558089194849286,6989905844062258202,0.01587250057708662
6936558089194849286,7014863130023052293,0.016200659908568026
6936558089194849286,7064637015815750702,0.01639900813318943
6936558089194849286,7234832896228836357,0.01603435063748736
6936558089194849286,7376941500363965472,0.016034707616964204
6936558089194849286,7416269225385296902,0.016390317575189373
6936558089194849286,7434634221899596833,0.016218579179151798
6936558089194849286,7444668199523992609,0.016037089290649786
6936558089194849286,7475281813004338198,0.01639214189568826
6936558089194849286,7493826108368405512,0.016206704835207118
6936558089194849286,7512265205633008662,0.016399053836982553
6936558089194849286,7546456230891750422,0.016206704835207118
6936558089194849286,7567226487067427860,0.016398740365027007
6936971554723103749,6965504260722361350,0.015880188339317723
6936971554723103749,6978785360063267846,0.026008990420257994
6936971554723103749,6981842793023243270,0.06650584129825902
6936971554723103749,7079516740987978757,0.015870078486417125
6936971554723103749,7101038813632644101,0.015872435557963072
6936971554723103749,7146999325209576450,0.015303936631579498
6936971554723103749,7202373728666174466,0.06650584129825902
6936971554723103749,7261422825452422150,0.01699149843783033
6936971554723103749,7358930055361823749,0.015872269650608332
6936971554723103749,7415799988297319429,0.01560598413979502
6936971554723103749,7421992589585843243,0.015430010772941535
6936971554723103749,7435499715750806536,0.015437736159651771
6936971554723103749,7437773895165920312,0.06650584129825902
6936971554723103749,7533684525809943574,0.06650584129825902
6936971554723103749,7555033171922912263,0.015566225452056293
6936971554723103749,7559878386093442056,0.06650584129825902
6936971554723103749,7570721274922779668,0.06650584129825902
6936971554723103749,7576228097504363527,0.06650584129825902
6936971554723103749,7610014708498023431,0.01531098486275648
6937699010555724801,6978785360063267846,0.02233069680536969
6937699010555724801,6981842793023243270,0.0571003239195597
6937699010555724801,7007755339752113158,0.015431587878220698
6937699010555724801,7202373728666174466,0.0571003239195597
6937699010555724801,7226986584104600578,0.015327940682745032
6937699010555724801,7309226277922309152,0.015457087763792036
6937699010555724801,7379189727608570886,0.015451395340270254
6937699010555724801,7437773895165920312,0.0571003239195597
6937699010555724801,7533684525809943574,0.0571003239195597
6937699010555724801,7559878386093442056,0.0571003239195597
6937699010555724801,7570721274922779668,0.0571003239195597
6937699010555724801,7576228097504363527,0.0571003239195597
6938129809118577670,6961111781085873157,0.014403950429797646
6938129809118577670,7013057860546036742,0.0240029677919899
6938129809118577670,7151417501942219781,0.01453989919283954
6938129809118577670,7201194948527948806,0.01450359406595439
6938129809118577670,7308377902638728224,0.01653810138105059
6938129809118577670,7330899919002027051,0.014940182425617734
6938129809118577670,7442002957991724065,0.014509827283733859
6938129809118577670,7612304113564566531,0.014544223574598406
6943126304288572422,6945431007680726021,0.015595010342098797
6943126304288572422,6977245355705156609,0.01883469987026971
6943126304288572422,6981842793023243270,0.016205544610195487
6943126304288572422,7045679836841837569,0.016462047186224214
6943126304288572422,7071952426950198278,0.01773285549996551
6943126304288572422,7151042722353218565,0.015458845151771717
6943126304288572422,7178073990841500673,0.017875010949655584
6943126304288572422,7292436220012790816,0.0162055832730853
6943126304288572422,7315521386973627425,0.016224668274537203
6943126304288572422,7434627254548382776,0.031117357278199923
6943126304288572422,7442753421524288544,0.015098807281383594
6943126304288572422,7501092673261618231,0.0152150702336027
6943266816316933126,6978785360063267846,0.026008990420257994
6943266816316933126,6981842793023243270,0.06650584129825902
6943266816316933126,7033817528258741254,0.016193391292276788
6943266816316933126,7103710715597571074,0.0165911338247779
6943266816316933126,7202373728666174466,0.06650584129825902
6943266816316933126,7261422825452422150,0.01699149843783033
6943266816316933126,7296948579905045509,0.01600440895013984
6943266816316933126,7330704995610477600,0.01637933217334265
6943266816316933126,7354374148095181829,0.01572844670347322
6943266816316933126,7437773895165920312,0.06650584129825902
6943266816316933126,7533684525809943574,0.06650584129825902
6943266816316933126,7559878386093442056,0.06650584129825902
6943266816316933126,7570721274922779668,0.06650584129825902
6943266816316933126,7576228097504363527,0.06650584129825902
6943355592603173893,6944422984339129349,0.015319490480207098
6943355592603173893,6993227536423945222,0.015031435030180246
6943355592603173893,7028867830490547206,0.015309999185081413
6943355592603173893,7317314050736047136,0.01555611235729771
6943355592603173893,7345693452820186117,0.015317097945908275
6943355592603173893,7352849317865505798,0.015465505603126529
6943355592603173893,7415799988297319429,0.015640277264069816
6943355592603173893,7453398291771524102,0.015465696093198925
6944138606031619077,7034907735930160133,0.010254761502715159
6944138606031619077,7217407055849096197,0.004739386972200491
6944138606031619077,7254221734713623557,0.019794394513996835
6944138606031619077,7261142322435867653,0.004875743523161467
6944138606031619077,7268149943910089734,0.009660325110681203
6944138606031619077,7315184692033930273,0.00771499291220422
6944138606031619077,7415589102207321093,0.005817031544132172
6944138606031619077,7466945875685819393,0.018494143566189544
6944138606031619077,7486594305004585989,0.010678853603510242
6944138606031619077,7524535795760776222,0.011681419591066028
6944138606031619077,7585187926658450454,0.0063307883150580105
6944422984339129349,6978785360063267846,0.026008990420257994
6944422984339129349,6981842793023243270,0.06650584129825902
6944422984339129349,6993227536423945222,0.015582474182768931
6944422984339129349,7202373728666174466,0.06650584129825902
6944422984339129349,7261422825452422150,0.01699149843783033
6944422984339129349,7345693452820186117,0.01588788994200749
6944422984339129349,7437773895165920312,0.06650584129825902
6944422984339129349,7533684525809943574,0.06650584129825902
6944422984339129349,7559878386093442056,0.06650584129825902
6944422984339129349,7570721274922779668,0.06650584129825902
6944422984339129349,7576228097504363527,0.06650584129825902
6945373217453425669,6960298061139969029,0.016586500801781767
6945373217453425669,6975000026854687749,0.016591122875976236
6945373217453425669,7118597435305722926,0.016213183992807887
6945373217453425669,7128440962807956482,0.016588792571451287
6945373217453425669,7416287041577305094,0.01658671400737944
6945373217453425669,7436219840279053328,0.016392016208969643
6945373217453425669,7525651754726671368,0.0163909751619351
6945373217453425669,7531355177938682896,0.01659111073438145
6945431007680726021,6949584343513940998,0.015574155897295376
6945431007680726021,7019741447605027842,0.033770526771125006
6945431007680726021,7077477385247720474,0.022974212908534127
6945431007680726021,7157484883282641925,0.027511327626391285
6945431007680726021,7181113461597783046,0.033770526771125006
6945431007680726021,7223197815592715270,0.033770526771125006
6945431007680726021,7248602643801932827,0.015260239153949421
6945431007680726021,7292436220012790816,0.015576285566330696
6945431007680726021,7315521386973627425,0.015594682082199447
6945431007680726021,7434627254548382776,0.049344842724951245
6945431007680726021,7589963743808947221,0.033770526771125006
6949381153037370374,6981112366020838426,0.016036879250287208
6949381153037370374,6995594325438972933,0.015202963713793812
6949381153037370374,7019741447605027842,0.04255524572864896
6949381153037370374,7047368764291171333,0.015587308949876599
6949381153037370374,7077477385247720474,0.0289504893533646
6949381153037370374,7140235759920219178,0.015578751726612383
6949381153037370374,7157484883282641925,0.03466784262493305
6949381153037370374,7181113461597783046,0.04255524572864896
6949381153037370374,7185944755032146946,0.015873333154842593
6949381153037370374,7223197815592715270,0.04255524572864896
6949381153037370374,7434627254548382776,0.04255524572864896
6949381153037370374,7494339416820270087,0.01508870546866362
6949381153037370374,7589963743808947221,0.05859498866263438
6949584343513940998,6969779682486141958,0.01602224712337319
6949584343513940998,7062743559237534725,0.015113599586700614
6949584343513940998,7151042722353218565,0.015450087331462798
6949584343513940998,7227584300489081862,0.015114578212496661
6949584343513940998,7248602643801932827,0.015872032068536077
6949584343513940998,7442753421524288544,0.015113013595083807
6949584343513940998,7501092673261618231,0.015220301512084661
6949584343513940998,7573875560531805204,0.015454282048161206
6949584343513940998,7617508216503600150,0.01586882822995393
6950265718026683398,7061134436725277701,0.016207401051652137
6950265718026683398,7187952219559248898,0.01638307054552026
6950265718026683398,7255307152083796994,0.01621935387974592
6950265718026683398,7261422825452422150,0.2753442386779838
6950265718026683398,7367577463750132741,0.015789159432354864
6950265718026683398,7523591048695170064,0.020960157658554208
6950265718026683398,7534684083310347265,0.1990920778377052
6950265718026683398,7567226487067427860,0.22001552942001604
6950265718026683398,7585186788609508373,0.016210727113694545
6951539781936202758,6978785360063267846,0.026008990420257994
6951539781936202758,6981842793023243270,0.06650584129825902
6951539781936202758,6996027289760187398,0.015402570857527532
6951539781936202758,7123824749314589742,0.015434577448392288
6951539781936202758,7139448682156131355,0.015867614971258742
6951539781936202758,7202373728666174466,0.06650584129825902
6951539781936202758,7261422825452422150,0.01699149843783033
6951539781936202758,7337597547799020549,0.015163559096903955
6951539781936202758,7437773895165920312,0.06650584129825902
6951539781936202758,7533684525809943574,0.06650584129825902
6951539781936202758,7559878386093442056,0.06650584129825902
6951539781936202758,7570721274922779668,0.06650584129825902
6951539781936202758,7576228097504363527,0.06650584129825902
6951539781936202758,7587625784933041174,0.015225861719750494
6951539781936202758,7611159661320930321,0.014794650865757248
6952320940948915206,7132827351868277765,0.01622146332189198
6952320940948915206,7156899651936486405,0.016046965996223822
6952320940948915206,7164695071642977286,0.015733575319645043
6952320940948915206,7190421222563251226,0.01587629875298428
6952320940948915206,7207214184994898949,0.015886519528868517
6952320940948915206,7414410186095772678,0.016209857353037312
6952320940948915206,7481202044420228112,0.01588596239056701
6952320940948915206,7487696987476886560,0.015886956538052187
6952320940948915206,7574297613940769793,0.015861875997133925
6954311078944965637,6962414155648320518,0.015296873522538081
6954311078944965637,7325894078187717675,0.015377467521881643
6954311078944965637,7345447179269719072,0.015299165526861051
6954311078944965637,7396054750779900933,0.015295662270707135
6954311078944965637,7483319222622602262,0.015540015683523098
6954311078944965637,7570721274922779668,0.015607415512779334
6954311078944965637,7575604955886208022,0.015383879943335291
6954906602508993542,7019741447605027842,0.03452387658761352
6954906602508993542,7077477385247720474,0.023486719544747185
6954906602508993542,7157484883282641925,0.028125047801950364
6954906602508993542,7181113461597783046,0.03452387658761352
6954906602508993542,7223197815592715270,0.03452387658761352
6954906602508993542,7317147259148715013,0.021971984080895724
6954906602508993542,7434627254548382776,0.03452387658761352
6954906602508993542,7589963743808947221,0.03452387658761352
6959539375579677702,7019741447605027842,0.020307634042693257
6959539375579677702,7112043590829982747,0.01588319569874084
6959539375579677702,7118766647640753178,0.02440855353146335
6959539375579677702,7157484883282641925,0.01654371509369202
6959539375579677702,7170534828961268738,0.015159799067802987
6959539375579677702,7181113461597783046,0.020307634042693257
6959539375579677702,7223197815592715270,0.020307634042693257
6959539375579677702,7247153806412252165,0.015037522346334053
6959539375579677702,7255585908618937370,0.015563839884780455
6959539375579677702,7299759192024466438,0.015035529467327738
6959539375579677702,7434627254548382776,0.020307634042693257
6959539375579677702,7437501539181642808,0.022134547708119217
6959539375579677702,7493498844564489224,0.02440855353146335
6959539375579677702,7589963743808947221,0.020307634042693257
6959645215931270150,7077174182438011909,0.019776396918918283
6959645215931270150,7096318271246304257,0.04843755659213861
6959645215931270150,7124134844511126555,0.023492909665285246
6959645215931270150,7217407055849096197,0.016413807705839025
6959645215931270150,7261142322435867653,0.01653158025509245
6959645215931270150,7268149943910089734,0.013854912232635214
6959645215931270150,7345507730973262881,0.03381363811573665
6959645215931270150,7349660179460015147,0.01932237942769318
6959645215931270150,7358089344354354194,0.018014017526880356
6959645215931270150,7415589102207321093,0.017077600892912718
6959645215931270150,7421976792565711905,0.023008197102229764
6959645215931270150,7486594305004585989,0.013111138443966988
6959645215931270150,7499826250930226194,0.033085299232268585
6959645215931270150,7524535795760776222,0.01234910565358818
6959645215931270150,7544469740279186488,0.016036252974731057
6959645215931270150,7579972033883882518,0.016211709733550912
6959645215931270150,7593513425976984598,0.0161039203389909
6959659732336968709,6987706064737289217,0.014917810256825648
6959659732336968709,7019741447605027842,0.022132716932823638
6959659732336968709,7091886235563869190,0.015129128903362524
6959659732336968709,7157484883282641925,0.018030527949055287
6959659732336968709,7181113461597783046,0.022132716932823638
6959659732336968709,7223197815592715270,0.022132716932823638
6959659732336968709,7434627254548382776,0.022132716932823638
6959659732336968709,7543955698288739335,0.015116414141791365
6959659732336968709,7550338226915230776,0.015175408089888636
6959659732336968709,7589963743808947221,0.022132716932823638
6959868806102516741,6986127145840821254,0.01571401001129465
6959868806102516741,7004852704795280390,0.015564682941489476
6959868806102516741,7014641270266594330,0.015277484828752807
6959868806102516741,7014863130023052293,0.021092144900525047
6959868806102516741,7043966862137721903,0.01571710814070748
6959868806102516741,7099497683849053190,0.02888534511271577
6959868806102516741,7187479709860348934,0.028338891805792497
6959868806102516741,7288239669111424005,0.015533754551014614
6959868806102516741,7307362809690506273,0.01552842952505282
6959868806102516741,7334272629450343470,0.015252994547044187
6959868806102516741,7359928513861927969,0.038109931572821415
6959868806102516741,7361069886359716906,0.01571437112771153
6959868806102516741,7437501539181642808,0.044533908652766414
6959868806102516741,7498060815040431122,0.02596972407590768
6959868806102516741,7520642008689116176,0.015692375223979548
6960298061139969029,6975000026854687749,0.016587085571656914
6960298061139969029,7111181867437802497,0.06906354414448744
6960298061139969029,7118766647640753178,0.01589540347534826
6960298061139969029,7128440962807956482,0.016589541315890736
6960298061139969029,7502829652847657991,0.08078629144985601
6960298061139969029,7525651754726671368,0.016396354925905438
6960298061139969029,7531355177938682896,0.016585899479779995
6960298061139969029,7590371958509700116,0.09901291101423292
6961111781085873157,7013057860546036742,0.023965331232377905
6961111781085873157,7151417501942219781,0.014462598105423911
6961111781085873157,7201194948527948806,0.014472322006796155
6961111781085873157,7330899919002027051,0.014698040824045541
6961111781085873157,7442002957991724065,0.014478643445142393
6961111781085873157,7533684525809943574,0.014550442949686037
6961393844521174018,6978785360063267846,0.026008990420257994
6961393844521174018,6981842793023243270,0.06650584129825902
6961393844521174018,7002488915312739330,0.025926869935547263
6961393844521174018,7180371385733301250,0.01557813814726555
6961393844521174018,7202373728666174466,0.06650584129825902
6961393844521174018,7316298248997192709,0.015572807735581267
6961393844521174018,7389067466839983111,0.015069858915207537
6961393844521174018,7437773895165920312,0.06650584129825902
6961393844521174018,7498060815040431122,0.015854712012962513
6961393844521174018,7508718935962321938,0.015988949598841683
6961393844521174018,7520061487814427656,0.014822458376999574
6961393844521174018,7533684525809943574,0.06650584129825902
6961393844521174018,7559878386093442056,0.06650584129825902
6961393844521174018,7570721274922779668,0.06650584129825902
6961393844521174018,7576228097504363527,0.06650584129825902
6962414155648320518,6978785360063267846,0.016697550952443154
6962414155648320518,6981842793023243270,0.04269618527168356
6962414155648320518,7202373728666174466,0.04269618527168356
6962414155648320518,7437773895165920312,0.04269618527168356
6962414155648320518,7533684525809943574,0.04269618527168356
6962414155648320518,7559878386093442056,0.04269618527168356
6962414155648320518,7570721274922779668,0.05769853826710415
6962414155648320518,7576228097504363527,0.04269618527168356
6962525040178217990,6981842793023243270,0.04703061823988365
6962525040178217990,7019741447605027842,0.046872177419903675
6962525040178217990,7181113461597783046,0.046872177419903675
6962525040178217990,7202373728666174466,0.04703061823988365
6962525040178217990,7235505872251520046,0.015153356654352898
6962525040178217990,7373912731559609352,0.01515276429363244
6962525040178217990,7386533375073682449,0.01515448827457347
6962525040178217990,7437773895165920312,0.04703061823988365
6962525040178217990,7533684525809943574,0.04703061823988365
6962525040178217990,7559878386093442056,0.04703061823988365
6962525040178217990,7570721274922779668,0.04703061823988365
6962525040178217990,7576228097504363527,0.04703061823988365
6962525040178217990,7589963743808947221,0.046872177419903675
6962998966736946178,7014863130023052293,0.016208992246787325
6962998966736946178,7064637015815750702,0.016390743074583613
6962998966736946178,7352849317865505798,0.016208005516262197
6962998966736946178,7364138059266688005,0.01587163665901982
6962998966736946178,7416269225385296902,0.01639874304236047
6962998966736946178,7434634221899596833,0.01620952564826198
6962998966736946178,7453398291771524102,0.01620778269839611
6962998966736946178,7475281813004338198,0.016397086512404114
6962998966736946178,7512265205633008662,0.016390699522747878
6962998966736946178,7567226487067427860,0.01639101083676866
6963109032279213061,7165051441248650242,0.015054534454596383
6963109032279213061,7232053097944777733,0.015292896183855813
6963109032279213061,7236791190447686683,0.015862439207149796
6963109032279213061,7324383714049541153,0.015565318296647004
6963109032279213061,7346466630966412293,0.015861083818299978
6963109032279213061,7456825610020160518,0.015703649338327467
6963109032279213061,7490579692137137174,0.015551545318715157
6963109032279213061,7526713237481833504,0.01570369414942084
6963109032279213061,7556652869841044512,0.015702329722612547
6963109032279213061,7577628387390129168,0.015698741888508335
6963912208137536518,6968051165704209409,0.016392250466524656
6963912208137536518,6978785360063267846,0.016697550952443154
6963912208137536518,6981842793023243270,0.04269618527168356
6963912208137536518,7202373728666174466,0.04269618527168356
6963912208137536518,7203670961974690817,0.015571966832561478
6963912208137536518,7220015726932362267,0.01640003686603418
6963912208137536518,7290350607356150827,0.01639912597370934
6963912208137536518,7295710550214247432,0.016382401454964852
6963912208137536518,7398073899592352769,0.01639019566826461
6963912208137536518,7418987475336971269,0.015711078096711097
6963912208137536518,7428767448856282118,0.015575786614448897
6963912208137536518,7437773895165920312,0.04269618527168356
6963912208137536518,7509040397092865042,0.015858755738056597
6963912208137536518,7533684525809943574,0.04269618527168356
6963912208137536518,7537837262555235350,0.015862550473855618
6963912208137536518,7559878386093442056,0.04269618527168356
6963912208137536518,7570721274922779668,0.04269618527168356
6963912208137536518,7576228097504363527,0.04269618527168356
6964671467075634178,6978785360063267846,0.026008990420257994
6964671467075634178,6981842793023243270,0.06650584129825902
6964671467075634178,7128070099412157442,0.01660132809077151
6964671467075634178,7202373728666174466,0.06650584129825902
6964671467075634178,7235706083913876498,0.016551743860292904
6964671467075634178,7261422825452422150,0.01699149843783033
6964671467075634178,7405527020195284001,0.016574821659632283
6964671467075634178,7437773895165920312,0.06650584129825902
6964671467075634178,7528317052487566392,0.016299080231704073
6964671467075634178,7533684525809943574,0.06650584129825902
6964671467075634178,7559878386093442056,0.06650584129825902
6964671467075634178,7570721274922779668,0.06650584129825902
6964671467075634178,7576228097504363527,0.06650584129825902
6965175721303999494,6969779682486141958,0.016035785004404415
6965175721303999494,6978785360063267846,0.016697550952443154
6965175721303999494,6981842793023243270,0.04269618527168356
6965175721303999494,7071395036047131653,0.01622943069146688
6965175721303999494,7202373728666174466,0.04269618527168356
6965175721303999494,7312576223157863457,0.016406346697880762
6965175721303999494,7437773895165920312,0.04269618527168356
6965175721303999494,7533684525809943574,0.04269618527168356
6965175721303999494,7559878386093442056,0.04269618527168356
6965175721303999494,7570721274922779668,0.04269618527168356
6965175721303999494,7572160716909806600,0.016224219854958838
6965175721303999494,7576228097504363527,0.04269618527168356
6965476267068392450,7006020640302613509,0.01602467347202615
6965476267068392450,7035774233357026309,0.012885527520851007
6965476267068392450,7094760895809684485,0.013200158674780204
6965476267068392450,7100966729770140677,0.01351687740232007
6965476267068392450,7189496226865267717,0.01317177413550777
6965476267068392450,7259830210505573382,0.015304869523241373
6965476267068392450,7281769226565796870,0.01528555417696726
6965476267068392450,7297933972808729632,0.012825625923230513
6965476267068392450,7345507730973262881,0.015822993860242093
6965476267068392450,7379189727608570886,0.03845957374116602
6965476267068392450,7441608528565224494,0.01617003060378786
6965476267068392450,7489528358398002198,0.015843309277312378
6965476267068392450,7534543341909083143,0.013352962168875505
6965476267068392450,7538303426845819918,0.012399500213531967
6965504260722361350,7019741447605027842,0.04255524572864896
6965504260722361350,7077477385247720474,0.0289504893533646
6965504260722361350,7079516740987978757,0.015870380691816607
6965504260722361350,7101038813632644101,0.01587213271406801
6965504260722361350,7146999325209576450,0.015304228008324174
6965504260722361350,7157484883282641925,0.03466784262493305
6965504260722361350,7181113461597783046,0.04255524572864896
6965504260722361350,7223197815592715270,0.04255524572864896
6965504260722361350,7358930055361823749,0.015871966806583874
6965504260722361350,7415799988297319429,0.01560570484466835
6965504260722361350,7421992589585843243,0.015430304594022913
6965504260722361350,7434627254548382776,0.04255524572864896
6965504260722361350,7435499715750806536,0.015437441735956741
6965504260722361350,7555033171922912263,0.015566521869158967
6965504260722361350,7589963743808947221,0.04255524572864896
6965504260722361350,7610014708498023431,0.015310692876330783
6966250842496730117,6986545839854339074,0.015401257729627183
6966250842496730117,7139904829536011269,0.015768553962215638
6966250842496730117,7253090810513097730,0.015360276187920902
6966250842496730117,7254118992901358598,0.015416203193096296
6966250842496730117,7270136616478458887,0.015337472013528662
6966250842496730117,7313835321618678816,0.015351214341870112
6966250842496730117,7397098503866041349,0.015444467615766629
6966657160718943238,6985530541395624966,0.014628363109347422
6966657160718943238,7038625080130520065,0.014937256403331822
6966657160718943238,7043787986584814598,0.015208220658680242
6966657160718943238,7122494145399047194,0.014680394602066797
6966657160718943238,7124134844511126555,0.014932706294143634
6966657160718943238,7235505872251520046,0.015360742958809116
6966657160718943238,7373912731559609352,0.015360143092588114
6966657160718943238,7378695724613616658,0.01493382727924741
6966657160718943238,7386533375073682449,0.015361889280826602
6966657160718943238,7474455005735437329,0.015066211806244494
6966657160718943238,7495346041269814279,0.014934246577975888
6966657160718943238,7519531111723222072,0.014778100984559636
6967100298687923201,6978785360063267846,0.026008990420257994
6967100298687923201,6981842793023243270,0.06650584129825902
6967100298687923201,7040265792459162670,0.015174475283907484
6967100298687923201,7139448682156131355,0.015867614971258742
6967100298687923201,7162956025019384837,0.015173204992061911
6967100298687923201,7202373728666174466,0.06650584129825902
6967100298687923201,7261422825452422150,0.01699149843783033
6967100298687923201,7437773895165920312,0.06650584129825902
6967100298687923201,7533684525809943574,0.06650584129825902
6967100298687923201,7559878386093442056,0.06650584129825902
6967100298687923201,7570721274922779668,0.06650584129825902
6967100298687923201,7576228097504363527,0.08151111149892644
6967116138620077061,6971670223084078081,0.015286350316323851
6967116138620077061,7041945495375971329,0.015177220102351518
6967116138620077061,7099497683849053190,0.015484848745653418
6967116138620077061,7252048520768111622,0.015324324366098508
6967116138620077061,7327226218813391877,0.015458335882368683
6967116138620077061,7345594575783248902,0.015482857480935423
6967116138620077061,7383047865667322913,0.015371352147992184
6967116138620077061,7421976792565711905,0.015576943248987344
6967116138620077061,7430756915124634630,0.015437931568087145
6967116138620077061,7463218092195218454,0.015464949355335943
6967116138620077061,7500049445330256916,0.01539976779749144
6967116138620077061,7592395448494474254,0.01528466447605496
6967843926171993093,6982171632279634946,0.49745521028882067
6967843926171993093,6990433306123682822,0.4977108403761319
6967843926171993093,7002249998172046337,0.4973924046316536
6967843926171993093,7006613667513418757,0.49745521028882067
6967843926171993093,7014981470109565957,0.49745521028882067
6967843926171993093,7020067657941763078,0.01562192097945601
6967843926171993093,7047494209448166401,0.49745521028882067
6967843926171993093,7057768423321748481,0.4973398199216752
6967843926171993093,7128070099412157442,0.4979634459772787
6967843926171993093,7187952219559248898,0.4974217739097877
6967843926171993093,7197284105015788549,0.49745521028882067
6967843926171993093,7230689368007574534,0.497716875640184
6967843926171993093,7255307152083796994,0.49794961991139747
6967843926171993093,7256202462158406658,0.4979634459772787
6967843926171993093,7258512037201429510,0.016565577310944976
6967843926171993093,7363363492097065989,0.016126682018944075
6967843926171993093,7494827943799571486,0.016149673192659638
6967843926171993093,7520209498390283282,0.016585249089134287
6967843926171993093,7523591048695170064,0.4975410178761311
6967843926171993093,7540825121352614920,0.016151344719870158
6967843926171993093,7593513425976984598,0.016394923359700875
6967865342052893698,6991802841732219910,0.014897593168285372
6967865342052893698,7063815593522873349,0.015352931552152636
6967865342052893698,7071636331441603585,0.015030151356133881
6967865342052893698,7097208681418195994,0.014904183712891365
6967865342052893698,7112043590829982747,0.015343729174628583
6967865342052893698,7265662037903885313,0.01490379942692985
6967865342052893698,7293760186871088133,0.015036645200958597
6967865342052893698,7298207797677884422,0.015029730504414009
6967865342052893698,7367761141394998277,0.015034829972545226
6967982835219661825,6978785360063267846,0.026008990420257994
6967982835219661825,6981842793023243270,0.06650584129825902
6967982835219661825,7063815593522873349,0.015728449826960523
6967982835219661825,7112043590829982747,0.015737440661752047
6967982835219661825,7139448682156131355,0.015867614971258742
6967982835219661825,7170534828961268738,0.015019903297961212
6967982835219661825,7202373728666174466,0.06650584129825902
6967982835219661825,7247153806412252165,0.014899758587406001
6967982835219661825,7255585908618937370,0.015416664596927608
6967982835219661825,7261422825452422150,0.01699149843783033
6967982835219661825,7299759192024466438,0.014897783378095164
6967982835219661825,7437773895165920312,0.06650584129825902
6967982835219661825,7533684525809943574,0.06650584129825902
6967982835219661825,7559878386093442056,0.06650584129825902
6967982835219661825,7570721274922779668,0.06650584129825902
6967982835219661825,7576228097504363527,0.06650584129825902
6968051165704209409,6968767240784380929,0.016200188907122468
6968051165704209409,7002249998172046337,0.01657616290517557
6968051165704209409,7154612198102483973,0.01620622244139417
6968051165704209409,7184248317454042158,0.016201557001405173
6968051165704209409,7220015726932362267,0.016586866441388334
6968051165704209409,7234260997438374917,0.016579118950535373
6968051165704209409,7290350607356150827,0.016587932636975913
6968051165704209409,7295710550214247432,0.016585733479877126
6968051165704209409,7398073899592352769,0.016593623424416813
6968051165704209409,7402268913452663809,0.016200774909006115
6968051165704209409,7428767448856282118,0.015742063672597412
6968051165704209409,7487688540064531463,0.016585307216156916
6968767240784380929,6981842793023243270,0.03620865534857638
6968767240784380929,7019741447605027842,0.036086672494459106
6968767240784380929,7170534828961268738,0.01528549145831199
6968767240784380929,7184248317454042158,0.015865776903674
6968767240784380929,7202373728666174466,0.03620865534857638
6968767240784380929,7223197815592715270,0.036086672494459106
6968767240784380929,7234260997438374917,0.016214896961350492
6968767240784380929,7247153806412252165,0.015171426229322011
6968767240784380929,7295710550214247432,0.0162092578061125
6968767240784380929,7299759192024466438,0.015173464366449483
6968767240784380929,7313835321618678816,0.1770664337575534
6968767240784380929,7398073899592352769,0.016202130350332786
6968767240784380929,7437773895165920312,0.03620865534857638
6968767240784380929,7533684525809943574,0.03620865534857638
6968767240784380929,7538449740879660045,0.016036810430324126
6968767240784380929,7559878386093442056,0.03620865534857638
6968767240784380929,7570721274922779668,0.03620865534857638
6968767240784380929,7576228097504363527,0.03620865534857638
6968767240784380929,7589963743808947221,0.036086672494459106
6969163964988376070,7024773008388834309,0.026685938948304778
6969163964988376070,7030932109430899718,0.01600414457364792
6969163964988376070,7104324169307259909,0.016035857875625534
6969163964988376070,7263914736517399557,0.01604041978592232
6969163964988376070,7314655842044265478,0.01603316371016361
6969163964988376070,7316789714857624582,0.015997360045720232
6969163964988376070,7323120700012938245,0.01603576672775935
6969163964988376070,7378567914254959622,0.016032300727608095
6969163964988376070,7387033416446837765,0.01603581181671597
6969277135371748358,6984293816250401794,0.016210881771517038
6969277135371748358,7154612198102483973,0.015854903824560576
6969277135371748358,7187500258129593349,0.01570400630359893
6969277135371748358,7203670961974690817,0.015425064669053747
6969277135371748358,7232638793861678082,0.0162118266064385
6969277135371748358,7287629583536538630,0.015703091553172604
6969277135371748358,7365635139777823749,0.015865108775304792
6969277135371748358,7418987475336971269,0.015560541767510727
6969277135371748358,7428767448856282118,0.015421705925907185
6969277135371748358,7509040397092865042,0.015707270930015345
6969277135371748358,7536210918439863297,0.015704514336344406
6969277135371748358,7537837262555235350,0.015703757229460297
6969779682486141958,7074661077590197253,0.016215758656406024
6969779682486141958,7248602643801932827,0.015699925135507612
6969779682486141958,7312576223157863457,0.016214550939005878
6969779682486141958,7442753421524288544,0.014947704568728076
6969779682486141958,7617508216503600150,0.015702827018973655
6970399499022009349,6978785360063267846,0.027229396904009454
6970399499022009349,6981842793023243270,0.0696264606924099
6970399499022009349,7062668564406666246,0.01612348970317083
6970399499022009349,7202373728666174466,0.0696264606924099
6970399499022009349,7437773895165920312,0.0696264606924099
6970399499022009349,7525651754726671368,0.13275087158909765
6970399499022009349,7533684525809943574,0.0696264606924099
6970399499022009349,7538449740879660045,0.1232529339006012
6970399499022009349,7559878386093442056,0.0696264606924099
6970399499022009349,7570721274922779668,0.0696264606924099
6970399499022009349,7576228097504363527,0.0696264606924099
6970399499022009349,7605645281590510610,0.015953745019161025
6970399499022009349,7614802407563035656,0.015960981343652834
6970474901372388357,6976420668834497541,0.015445838589847936
6970474901372388357,7019741447605027842,0.04359126146652884
6970474901372388357,7069559776909493253,0.01531314622702569
6970474901372388357,7077477385247720474,0.02965529465000557
6970474901372388357,7112782834389517317,0.015080563621136734
6970474901372388357,7118766647640753178,0.015571516065822154
6970474901372388357,7157484883282641925,0.035511837999481995
6970474901372388357,7157662712166630401,0.015316243717309542
6970474901372388357,7161919347677234181,0.01519553345563035
6970474901372388357,7181113461597783046,0.04359126146652884
6970474901372388357,7223197815592715270,0.04359126146652884
6970474901372388357,7359289173456913454,0.06978127478123755
6970474901372388357,7407221110629073926,0.028549653380908518
6970474901372388357,7434627254548382776,0.04359126146652884
6970474901372388357,7483576233717400594,0.015196065721841644
6970474901372388357,7589963743808947221,0.04359126146652884
6971670223084078081,6978785360063267846,0.016697550952443154
6971670223084078081,6981842793023243270,0.04269618527168356
6971670223084078081,7099497683849053190,0.01605577943525316
6971670223084078081,7104564907462411307,0.015222911584320818
6971670223084078081,7202373728666174466,0.04269618527168356
6971670223084078081,7210849373168141318,0.01608656872778765
6971670223084078081,7421976792565711905,0.01624179596439682
6971670223084078081,7430756915124634630,0.01577730446304407
6971670223084078081,7437773895165920312,0.04269618527168356
6971670223084078081,7533684525809943574,0.04269618527168356
6971670223084078081,7559878386093442056,0.04269618527168356
6971670223084078081,7570721274922779668,0.04269618527168356
6971670223084078081,7576228097504363527,0.04269618527168356
6971670223084078081,7597556117011497997,0.015802940392683117
6975000026854687749,7118597435305722926,0.01621260804816253
6975000026854687749,7128440962807956482,0.01658937733904417
6975000026854687749,7416287041577305094,0.01658612484106188
6975000026854687749,7436219840279053328,0.01639143393359155
6975000026854687749,7472777689112675361,0.01928275365350078
6975000026854687749,7525651754726671368,0.01639155313994332
6975000026854687749,7531355177938682896,0.016590521566875186
6975000026854687749,7613372812347589646,0.020055074519906423
6976288257181008902,6978785360063267846,0.026008990420257994
6976288257181008902,6981842793023243270,0.06650584129825902
6976288257181008902,7071395036047131653,0.01623343376023651
6976288257181008902,7202373728666174466,0.06650584129825902
6976288257181008902,7261422825452422150,0.01699149843783033
6976288257181008902,7312576223157863457,0.016402353237213233
6976288257181008902,7437773895165920312,0.06650584129825902
6976288257181008902,7533684525809943574,0.06650584129825902
6976288257181008902,7559878386093442056,0.06650584129825902
6976288257181008902,7570721274922779668,0.06650584129825902
6976288257181008902,7572160716909806600,0.016228222872641942
6976288257181008902,7576228097504363527,0.06650584129825902
6976420668834497541,7006613667513418757,0.015445445429910307
6976420668834497541,7039563533004424198,0.014821692104907405
6976420668834497541,7106405480671839259,0.015025813713427691
6976420668834497541,7118766647640753178,0.015146866625121411
6976420668834497541,7157662712166630401,0.014904351806159823
6976420668834497541,7178073990841500673,0.015157318487877438
6976420668834497541,7399170004366885889,0.015445359755846003
6976420668834497541,7525651754726671368,0.01558921464383383
6976420668834497541,7534224814162166800,0.015147022794769045
6977245355705156609,7019741447605027842,0.01827738496890733
6977245355705156609,7112272075901092866,0.09471601035542916
6977245355705156609,7126405978883916806,0.015902205917089865
6977245355705156609,7181113461597783046,0.01827738496890733
6977245355705156609,7223197815592715270,0.01827738496890733
6977245355705156609,7416287041577305094,0.021620213936826928
6977245355705156609,7434627254548382776,0.01827738496890733
6977245355705156609,7452648710973441029,0.015623991873263802
6977245355705156609,7476936817243604001,0.028322169260077853
6977245355705156609,7502829652847657991,0.015758726506966816
6977245355705156609,7529208229067621384,0.016396408247963738
6977245355705156609,7535561785211552776,0.016590464728222055
6977245355705156609,7589963743808947221,0.01827738496890733
6978785360063267846,6981112366020838426,0.04170732210675663
6978785360063267846,6981168624778216453,0.026008990420257994
6978785360063267846,6981842793023243270,0.117323485783521
6978785360063267846,6984293816250401794,0.026008990420257994
6978785360063267846,6984465184196150278,0.026008990420257994
6978785360063267846,6984843073390248966,0.026008990420257994
6978785360063267846,6987886708910212102,0.02233069680536969
6978785360063267846,6991802841732219910,0.016880629378116838
6978785360063267846,6995594325438972933,0.014917682867149628
6978785360063267846,7004852704795280390,0.02671762832268067
6978785360063267846,7004989334039790597,0.016697550952443154
6978785360063267846,7006020640302613509,0.026008990420257994
6978785360063267846,7019122231100359681,0.026008990420257994
6978785360063267846,7021176533500134406,0.026008990420257994
6978785360063267846,7022490858335421441,0.026008990420257994
6978785360063267846,7029826856011580421,0.026008990420257994
6978785360063267846,7030985942694036485,0.026008990420257994
6978785360063267846,7034907735930160133,0.35138079469338807
6978785360063267846,7036516442238518278,0.026008990420257994
6978785360063267846,7038625080130520065,0.016697550952443154
6978785360063267846,7043496794727613445,0.026008990420257994
6978785360063267846,7043787986584814598,0.016880629378116838
6978785360063267846,7043966862137721903,0.026008990420257994
6978785360063267846,7046403690119808006,0.026008990420257994
6978785360063267846,7047368764291171333,0.01526642513970085
6978785360063267846,7062743559237534725,0.016697550952443154
6978785360063267846,7064637015815750702,0.026008990420257994
6978785360063267846,7067407565362037765,0.026008990420257994
6978785360063267846,7071462271621776411,0.02671762832268067
6978785360063267846,7074044643659645958,0.026008990420257994
6978785360063267846,7074661077590197253,0.026008990420257994
6978785360063267846,7075367754325869570,0.016697550952443154
6978785360063267846,7091886235563869190,0.016697550952443154
6978785360063267846,7095862401271038981,0.016697550952443154
6978785360063267846,7104324169307259909,0.026008990420257994
6978785360063267846,7110565549231014913,0.017381153995651235
6978785360063267846,7111185904601400321,0.1161399727606679
6978785360063267846,7124837748766721026,0.026008990420257994
6978785360063267846,7126405978883916806,0.026008990420257994
6978785360063267846,7132827351868277765,0.026008990420257994
6978785360063267846,7133356593046897669,0.026008990420257994
6978785360063267846,7139448682156131355,0.35138079469338807
6978785360063267846,7160888724522812418,0.026008990420257994
6978785360063267846,7171985902397834242,0.026008990420257994
6978785360063267846,7185944755032146946,0.041550272180812656
6978785360063267846,7192962788661724165,0.35138079469338807
6978785360063267846,7195872824606163994,0.016697550952443154
6978785360063267846,7201194948527948806,0.026008990420257994
6978785360063267846,7202373728666174466,0.117323485783521
6978785360063267846,7224271052267553819,0.026008990420257994
6978785360063267846,7224878912467682331,0.016697550952443154
6978785360063267846,7227584300489081862,0.026008990420257994
6978785360063267846,7230061843074139142,0.017007505563925118
6978785360063267846,7236791190447686683,0.026008990420257994
6978785360063267846,7250413502015390747,0.026008990420257994
6978785360063267846,7262400527862301702,0.08686161673965868
6978785360063267846,7263621228413191173,0.040920266411406274
6978785360063267846,7265744876464423968,0.016697550952443154
6978785360063267846,7287249230892106758,0.026008990420257994
6978785360063267846,7287530802672944129,0.016697550952443154
6978785360063267846,7288239669111424005,0.017007505563925118
6978785360063267846,7296948579905045509,0.026008990420257994
6978785360063267846,7298207797677884422,0.026008990420257994
6978785360063267846,7314655842044265478,0.016697550952443154
6978785360063267846,7315184692033930273,0.016697550952443154
6978785360063267846,7317431073687815173,0.026008990420257994
6978785360063267846,7319108928196903968,0.026008990420257994
6978785360063267846,7324383714049541153,0.01720108954634936
6978785360063267846,7330899919002027051,0.026008990420257994
6978785360063267846,7331847404519883819,0.026008990420257994
6978785360063267846,7337084105261138976,0.02233069680536969
6978785360063267846,7340377245914547206,0.016697550952443154
6978785360063267846,7345594575783248902,0.02671762832268067
6978785360063267846,7346466630966412293,0.026008990420257994
6978785360063267846,7353421506658124833,0.041409309297791554
6978785360063267846,7367761141394998277,0.016880629378116838
6978785360063267846,7372146986432775174,0.026008990420257994
6978785360063267846,7375525564567241761,0.016697550952443154
6978785360063267846,7376897362978096145,0.026008990420257994
6978785360063267846,7376941500363965472,0.016697550952443154
6978785360063267846,7377044399681307681,0.026008990420257994
6978785360063267846,7378695724613616658,0.016697550952443154
6978785360063267846,7379964200321811472,0.026008990420257994
6978785360063267846,7380407783943881734,0.026008990420257994
6978785360063267846,7380648987244315666,0.026008990420257994
6978785360063267846,7383047865667322913,0.026008990420257994
6978785360063267846,7415589102207321093,0.026008990420257994
6978785360063267846,7421215511235150853,0.1161399727606679
6978785360063267846,7424539742974477318,0.026008990420257994
6978785360063267846,7426645678765458449,0.016697550952443154
6978785360063267846,7437773895165920312,0.117323485783521
6978785360063267846,7445468737078526993,0.017069864977821893
6978785360063267846,7452567943022167047,0.016880629378116838
6978785360063267846,7456825610020160518,0.026008990420257994
6978785360063267846,7459201168917480453,0.026008990420257994
6978785360063267846,7463218092195218454,0.026008990420257994
6978785360063267846,7466945875685819393,0.026008990420257994
6978785360063267846,7469354913887241217,0.026008990420257994
6978785360063267846,7469616549301634065,0.041160673166908385
6978785360063267846,7474455005735437329,0.02671762832268067
6978785360063267846,7475477880530502689,0.019373668589722646
6978785360063267846,7480684683241473025,0.04114674793265428
6978785360063267846,7483319222622602262,0.016880629378116838
6978785360063267846,7486249118827185153,0.016697550952443154
6978785360063267846,7490403226492077078,0.016880629378116838
6978785360063267846,7494339416820270087,0.014807571588651295
6978785360063267846,7495408204823397384,0.02671762832268067
6978785360063267846,7500049445330256916,0.026008990420257994
6978785360063267846,7502226464433177632,0.026008990420257994
6978785360063267846,7504218153414165526,0.026008990420257994
6978785360063267846,7515508502254732331,0.026008990420257994
6978785360063267846,7516814050480571408,0.02233069680536969
6978785360063267846,7517915187601720327,0.026008990420257994
6978785360063267846,7521665294160200711,0.026008990420257994
6978785360063267846,7528230653382460434,0.016697550952443154
6978785360063267846,7532290090426237972,0.026008990420257994
6978785360063267846,7533684525809943574,0.117323485783521
6978785360063267846,7535561785211552776,0.026008990420257994
6978785360063267846,7543308180970226696,0.017007505563925118
6978785360063267846,7549955744930825222,0.026008990420257994
6978785360063267846,7552094429399385106,0.026008990420257994
6978785360063267846,7553907650837955595,0.35138079469338807
6978785360063267846,7557359371543430166,0.026008990420257994
6978785360063267846,7559878386093442056,0.13258613446392464
6978785360063267846,7562405333067629580,0.09545525446289173
6978785360063267846,7563546409505489931,0.026008990420257994
6978785360063267846,7568897073518396434,0.026008990420257994
6978785360063267846,7570721274922779668,0.117323485783521
6978785360063267846,7571272033645626385,0.016697550952443154
6978785360063267846,7572620715221812246,0.026008990420257994
6978785360063267846,7573875560531805204,0.026008990420257994
6978785360063267846,7575049308014576661,0.026008990420257994
6978785360063267846,7576228097504363527,0.117323485783521
6978785360063267846,7598645062255739959,0.026008990420257994
6978785360063267846,7599049732175021073,0.017007505563925118
6978785360063267846,7601825276554118152,0.026008990420257994
6978785360063267846,7603626364147123222,0.026008990420257994
6978785360063267846,7612304113564566531,0.026008990420257994
6978785360063267846,7613356856131453972,0.016697550952443154
6978785360063267846,7618800850517410830,0.026008990420257994
6979776947182355462,6981112366020838426,0.015545345630921756
6979776947182355462,7023254401751335938,0.01556057810494269
6979776947182355462,7029374960272081925,0.015298952877146872
6979776947182355462,7047368764291171333,0.015146193914687835
6979776947182355462,7106898276444587009,0.015606800132719518
6979776947182355462,7140235759920219178,0.015174050636648834
6979776947182355462,7185944755032146946,0.015398011452371097
6979776947182355462,7253476605544121350,0.025496363048784717
6979776947182355462,7353421506658124833,0.015277714728713018
6979776947182355462,7517915187601720327,0.015555484410912016
6979776947182355462,7542455562676470840,0.015446341755589926
6979776947182355462,7556669488167650315,0.0154400009328525
6979776947182355462,7589963743808947221,0.015542445673401548
6980103239853163522,6981842793023243270,0.03388322665306696
6980103239853163522,7143925297570169861,0.02461446505342701
6980103239853163522,7202373728666174466,0.04867963895615845
6980103239853163522,7287530802672944129,0.014780112100499797
6980103239853163522,7437773895165920312,0.03388322665306696
6980103239853163522,7523457544536589330,0.014771042936331526
6980103239853163522,7533684525809943574,0.03388322665306696
6980103239853163522,7559878386093442056,0.03388322665306696
6980103239853163522,7570721274922779668,0.03388322665306696
6980103239853163522,7576228097504363527,0.03388322665306696
6981112366020838426,6981842793023243270,0.06650584129825902
6981112366020838426,6995594325438972933,0.015046378207342139
6981112366020838426,7047368764291171333,0.015430002290269031
6981112366020838426,7140235759920219178,0.015421435376774541
6981112366020838426,7202373728666174466,0.06650584129825902
6981112366020838426,7261422825452422150,0.01699149843783033
6981112366020838426,7437773895165920312,0.06650584129825902
6981112366020838426,7494339416820270087,0.014934339369444716
6981112366020838426,7533684525809943574,0.06650584129825902
6981112366020838426,7559878386093442056,0.06650584129825902
6981112366020838426,7570721274922779668,0.06650584129825902
6981112366020838426,7576228097504363527,0.06650584129825902
6981168624778216453,6981842793023243270,0.06650584129825902
6981168624778216453,7115031152766813185,0.016488958158964038
6981168624778216453,7158268924675752966,0.01661605693959028
6981168624778216453,7187464196166288389,0.016576847817546873
6981168624778216453,7202373728666174466,0.06650584129825902
6981168624778216453,7232080941065569285,0.015119769651679209
6981168624778216453,7261422825452422150,0.01699149843783033
6981168624778216453,7317249968522462213,0.01619201768641259
6981168624778216453,7323679526399083553,0.01634381855247883
6981168624778216453,7436296718439875639,0.015693617817834193
6981168624778216453,7437773895165920312,0.06650584129825902
6981168624778216453,7533684525809943574,0.06650584129825902
6981168624778216453,7559878386093442056,0.06650584129825902
6981168624778216453,7570721274922779668,0.06650584129825902
6981168624778216453,7576228097504363527,0.06650584129825902
6981168624778216453,7601465278044668949,0.0162006258981505
6981842793023243270,6984293816250401794,0.06650584129825902
6981842793023243270,6984465184196150278,0.06650584129825902
6981842793023243270,6984843073390248966,0.06650584129825902
6981842793023243270,6987339607461889025,0.04703061823988365
6981842793023243270,6987886708910212102,0.0571003239195597
6981842793023243270,6989905844062258202,0.047658504546495804
6981842793023243270,6991802841732219910,0.0431643228089832
6981842793023243270,7004852704795280390,0.06831785164986984
6981842793023243270,7004989334039790597,0.04269618527168356
6981842793023243270,7006020640302613509,0.06650584129825902
6981842793023243270,7019122231100359681,0.06650584129825902
6981842793023243270,7021176533500134406,0.06650584129825902
6981842793023243270,7022490858335421441,0.06650584129825902
6981842793023243270,7023254401751335938,0.03620865534857638
6981842793023243270,7029826856011580421,0.06650584129825902
6981842793023243270,7030985942694036485,0.06650584129825902
6981842793023243270,7036516442238518278,0.06650584129825902
6981842793023243270,7038625080130520065,0.04269618527168356
6981842793023243270,7040595999366759430,0.02701639831908924
6981842793023243270,7043496794727613445,0.06650584129825902
6981842793023243270,7043787986584814598,0.0431643228089832
6981842793023243270,7043966862137721903,0.06650584129825902
6981842793023243270,7046403690119808006,0.06650584129825902
6981842793023243270,7057509455312061445,0.03639952077783468
6981842793023243270,7059866762607690753,0.04703061823988365
6981842793023243270,7062743559237534725,0.05778303059635839
6981842793023243270,7064637015815750702,0.06650584129825902
6981842793023243270,7067407565362037765,0.06650584129825902
6981842793023243270,7071462271621776411,0.06831785164986984
6981842793023243270,7071636331441603585,0.02894610853901162
6981842793023243270,7074044643659645958,0.06650584129825902
6981842793023243270,7074661077590197253,0.06650584129825902
6981842793023243270,7075367754325869570,0.04269618527168356
6981842793023243270,7091886235563869190,0.04269618527168356
6981842793023243270,7094798766534280238,0.04703061823988365
6981842793023243270,7095862401271038981,0.04269618527168356
6981842793023243270,7104324169307259909,0.06650584129825902
6981842793023243270,7110530423914595334,0.04703061823988365
6981842793023243270,7110565549231014913,0.04444418066742921
6981842793023243270,7114285700455515162,0.04703061823988365
6981842793023243270,7124837748766721026,0.06650584129825902
6981842793023243270,7126405978883916806,0.06650584129825902
6981842793023243270,7132827351868277765,0.06650584129825902
6981842793023243270,7133356593046897669,0.06650584129825902
6981842793023243270,7139904829536011269,0.035930985967135655
6981842793023243270,7150565541089985542,0.035203308649367014
6981842793023243270,7151042722353218565,0.015440229709355702
6981842793023243270,7160888724522812418,0.06650584129825902
6981842793023243270,7171985902397834242,0.06650584129825902
6981842793023243270,7185944755032146946,0.06650584129825902
6981842793023243270,7191831178118284294,0.04703061823988365
6981842793023243270,7195872824606163994,0.04269618527168356
6981842793023243270,7201194948527948806,0.06650584129825902
6981842793023243270,7202373728666174466,0.5
6981842793023243270,7224271052267553819,0.06650584129825902
6981842793023243270,7224878912467682331,0.04269618527168356
6981842793023243270,7227584300489081862,0.0815917721538402
6981842793023243270,7230061843074139142,0.04348874937616442
6981842793023243270,7236791190447686683,0.06650584129825902
6981842793023243270,7250413502015390747,0.06650584129825902
6981842793023243270,7261422825452422150,0.07664664384123111
6981842793023243270,7263621228413191173,0.06650584129825902
6981842793023243270,7265744876464423968,0.04269618527168356
6981842793023243270,7277183383178970117,0.03476197440586706
6981842793023243270,7287249230892106758,0.06650584129825902
6981842793023243270,7287530802672944129,0.04269618527168356
6981842793023243270,7288239669111424005,0.04348874937616442
6981842793023243270,7292436220012790816,0.016227537958820096
6981842793023243270,7293760186871088133,0.04923780264776331
6981842793023243270,7296948579905045509,0.06650584129825902
6981842793023243270,7298207797677884422,0.06650584129825902
6981842793023243270,7307362809690506273,0.035930985967135655
6981842793023243270,7314655842044265478,0.04269618527168356
6981842793023243270,7315184692033930273,0.04269618527168356
6981842793023243270,7315521386973627425,0.016205910146150204
6981842793023243270,7317314050736047136,0.043326141662172114
6981842793023243270,7317431073687815173,0.06650584129825902
6981842793023243270,7319108928196903968,0.06650584129825902
6981842793023243270,7324383714049541153,0.04398374996653582
6981842793023243270,7330899919002027051,0.06650584129825902
6981842793023243270,7331847404519883819,0.06650584129825902
6981842793023243270,7332056821727446021,0.03388322665306696
6981842793023243270,7337084105261138976,0.0571003239195597
6981842793023243270,7340377245914547206,0.04269618527168356
6981842793023243270,7345519844223616002,0.04703061823988365
6981842793023243270,7345594575783248902,0.06831785164986984
6981842793023243270,7346466630966412293,0.06650584129825902
6981842793023243270,7353421506658124833,0.06650584129825902
6981842793023243270,7364138059266688005,0.04423905731478973
6981842793023243270,7367761141394998277,0.0431643228089832
6981842793023243270,7372146986432775174,0.06650584129825902
6981842793023243270,7375525564567241761,0.04269618527168356
6981842793023243270,7376897362978096145,0.06650584129825902
6981842793023243270,7376941500363965472,0.04269618527168356
6981842793023243270,7377044399681307681,0.06650584129825902
6981842793023243270,7378695724613616658,0.04269618527168356
6981842793023243270,7379964200321811472,0.06650584129825902
6981842793023243270,7380407783943881734,0.06650584129825902
6981842793023243270,7380648987244315666,0.06650584129825902
6981842793023243270,7383047865667322913,0.06650584129825902
6981842793023243270,7402268913452663809,0.04703061823988365
6981842793023243270,7415589102207321093,0.06650584129825902
6981842793023243270,7424539742974477318,0.06650584129825902
6981842793023243270,7426645678765458449,0.04269618527168356
6981842793023243270,7437773895165920312,0.5
6981842793023243270,7442753421524288544,0.015080585929776133
6981842793023243270,7445468737078526993,0.04364820444216503
6981842793023243270,7452567943022167047,0.0431643228089832
6981842793023243270,7456825610020160518,0.06650584129825902
6981842793023243270,7459201168917480453,0.06650584129825902
6981842793023243270,7463218092195218454,0.06650584129825902
6981842793023243270,7466945875685819393,0.06650584129825902
6981842793023243270,7469354913887241217,0.06650584129825902
6981842793023243270,7469616549301634065,0.06650584129825902
6981842793023243270,7474455005735437329,0.06831785164986984
6981842793023243270,7475477880530502689,0.04953910581587193
6981842793023243270,7480684683241473025,0.06650584129825902
6981842793023243270,7483319222622602262,0.0431643228089832
6981842793023243270,7486249118827185153,0.04269618527168356
6981842793023243270,7490403226492077078,0.0431643228089832
6981842793023243270,7495408204823397384,0.06831785164986984
6981842793023243270,7496559084507726855,0.03388322665306696
6981842793023243270,7500049445330256916,0.06650584129825902
6981842793023243270,7501092673261618231,0.015196722447837737
6981842793023243270,7502226464433177632,0.06650584129825902
6981842793023243270,7504218153414165526,0.06650584129825902
6981842793023243270,7512265205633008662,0.03019179052237205
6981842793023243270,7515508502254732331,0.06650584129825902
6981842793023243270,7516814050480571408,0.0571003239195597
6981842793023243270,7517915187601720327,0.06650584129825902
6981842793023243270,7521665294160200711,0.06650584129825902
6981842793023243270,7528230653382460434,0.04269618527168356
6981842793023243270,7532290090426237972,0.06650584129825902
6981842793023243270,7533684525809943574,0.5
6981842793023243270,7535561785211552776,0.06650584129825902
6981842793023243270,7542455562676470840,0.03388322665306696
6981842793023243270,7543308180970226696,0.04348874937616442
6981842793023243270,7549955744930825222,0.06650584129825902
6981842793023243270,7552094429399385106,0.06650584129825902
6981842793023243270,7557359371543430166,0.06650584129825902
6981842793023243270,7559878386093442056,0.5
6981842793023243270,7563546409505489931,0.06650584129825902
6981842793023243270,7568897073518396434,0.06650584129825902
6981842793023243270,7570721274922779668,0.5
6981842793023243270,7571272033645626385,0.04269618527168356
6981842793023243270,7572620715221812246,0.06650584129825902
6981842793023243270,7573875560531805204,0.06650584129825902
6981842793023243270,7574297613940769793,0.02421992229449264
6981842793023243270,7575049308014576661,0.06650584129825902
6981842793023243270,7575174922190177312,0.02385956400832343
6981842793023243270,7576228097504363527,0.5
6981842793023243270,7580931726077330450,0.03688687583926995
6981842793023243270,7590371958509700116,0.04393365217651542
6981842793023243270,7598645062255739959,0.06650584129825902
6981842793023243270,7599049732175021073,0.04348874937616442
6981842793023243270,7601825276554118152,0.06650584129825902
6981842793023243270,7603626364147123222,0.06650584129825902
6981842793023243270,7612304113564566531,0.06650584129825902
6981842793023243270,7613356856131453972,0.04269618527168356
6981842793023243270,7618800850517410830,0.06650584129825902
6982171632279634946,6990433306123682822,0.4993158547980368
6982171632279634946,6994977751610475525,0.4979388578323752
6982171632279634946,7002249998172046337,0.4982277192042842
6982171632279634946,7006613667513418757,0.49905940035661567
6982171632279634946,7012341717442462725,0.49734497312312026
6982171632279634946,7014893568998228993,0.49516417367889076
6982171632279634946,7014981470109565957,0.49905940035661567
6982171632279634946,7033309963939496987,0.49738968420604
6982171632279634946,7047494209448166401,0.49905940035661567
6982171632279634946,7057768423321748481,0.49893008017368
6982171632279634946,7072173543165314053,0.4972727081365737
6982171632279634946,7128070099412157442,0.49946308959193486
6982171632279634946,7141833908052296709,0.4988463786298887
6982171632279634946,7170886050868675589,0.4952841309103505
6982171632279634946,7187952219559248898,0.4990223560584446
6982171632279634946,7197284105015788549,0.49905940035661567
6982171632279634946,7210849373168141318,0.015756434894812616
6982171632279634946,7230689368007574534,0.4993235646963094
6982171632279634946,7251253251058959386,0.4988924649326869
6982171632279634946,7252048520768111622,0.4974676273673337
6982171632279634946,7255307152083796994,0.4995234772987601
6982171632279634946,7256202462158406658,0.49946308959193486
6982171632279634946,7290350607356150827,0.49881800732822856
6982171632279634946,7306969713349805064,0.49856938147049945
6982171632279634946,7327226218813391877,0.49796574517224634
6982171632279634946,7377997874032084000,0.49783752767510214
6982171632279634946,7396903607784490000,0.49781163058458844
6982171632279634946,7430756915124634630,0.01549421658006978
6982171632279634946,7442002957991724065,0.4979324929535349
6982171632279634946,7455253044214449159,0.4972595245464849
6982171632279634946,7487688540064531463,0.4952176579108481
6982171632279634946,7493568304607937558,0.4983206624340263
6982171632279634946,7510166423118758918,0.4981917461876274
6982171632279634946,7523591048695170064,0.49914376736032673
6982171632279634946,7539280226653357073,0.4847581380925524
6982171632279634946,7579316049855841287,0.49713837810249084
6982171632279634946,7585186788609508373,0.49717629547255937
6982171632279634946,7597512785483957259,0.49843627266034407
6982498486395175942,6985530541395624966,0.015718299500049538
6982498486395175942,7017795675979924481,0.015475633059973869
6982498486395175942,7033903061694268422,0.016024476768138243
6982498486395175942,7063430535804781574,0.01659328401157406
6982498486395175942,7154955988025590786,0.016599206006004417
6982498486395175942,7189144603827487746,0.01658842857476242
6982498486395175942,7255459615491753002,0.015577240374018593
6982498486395175942,7453634343190807557,0.016026554615751195
6982498486395175942,7497772332389123079,0.015619570689779356
6984293816250401794,7134462289780753434,0.016389947645737785
6984293816250401794,7202373728666174466,0.06650584129825902
6984293816250401794,7203670961974690817,0.01575136636895214
6984293816250401794,7214715708412216325,0.016586168476860983
6984293816250401794,7232638793861678082,0.01659173332816793
6984293816250401794,7261422825452422150,0.01699149843783033
6984293816250401794,7287629583536538630,0.016052867012083433
6984293816250401794,7365635139777823749,0.01621037577363425
6984293816250401794,7437773895165920312,0.06650584129825902
6984293816250401794,7509040397092865042,0.016045685791020038
6984293816250401794,7533684525809943574,0.06650584129825902
6984293816250401794,7559878386093442056,0.06650584129825902
6984293816250401794,7570721274922779668,0.06650584129825902
6984293816250401794,7576228097504363527,0.06650584129825902
6984465184196150278,7139448682156131355,0.015867614971258742
6984465184196150278,7202373728666174466,0.06650584129825902
6984465184196150278,7261422825452422150,0.032262791375941624
6984465184196150278,7437773895165920312,0.06650584129825902
6984465184196150278,7533684525809943574,0.06650584129825902
6984465184196150278,7559878386093442056,0.06650584129825902
6984465184196150278,7570721274922779668,0.06650584129825902
6984465184196150278,7576228097504363527,0.06650584129825902
6984843073390248966,7138346273199031302,0.014796950580738013
6984843073390248966,7202373728666174466,0.06650584129825902
6984843073390248966,7261422825452422150,0.01699149843783033
6984843073390248966,7351522222589199365,0.025106920295287573
6984843073390248966,7411689832726545414,0.015437620548270449
6984843073390248966,7437773895165920312,0.06650584129825902
6984843073390248966,7533684525809943574,0.06650584129825902
6984843073390248966,7559878386093442056,0.06650584129825902
6984843073390248966,7570721274922779668,0.06650584129825902
6984843073390248966,7576228097504363527,0.06650584129825902
6985530541395624966,7019741447605027842,0.029416635676430204
6985530541395624966,7063430535804781574,0.01572433695593378
6985530541395624966,7077477385247720474,0.020012244868532574
6985530541395624966,7157484883282641925,0.02396440858756263
6985530541395624966,7174050320195568646,0.017838039211727236
6985530541395624966,7181113461597783046,0.029416635676430204
6985530541395624966,7189144603827487746,0.01572941166237295
6985530541395624966,7223197815592715270,0.029416635676430204
6985530541395624966,7235505872251520046,0.015752099041779256
6985530541395624966,7373912731559609352,0.01575277269761541
6985530541395624966,7386533375073682449,0.015750869452990885
6985530541395624966,7434627254548382776,0.029416635676430204
6985530541395624966,7495918801364485163,0.023179198941263142
6985530541395624966,7547644791631135764,0.021990662975454676
6985530541395624966,7589963743808947221,0.029416635676430204
6986127145840821254,7004852704795280390,0.016029010356779637
6986127145840821254,7014641270266594330,0.015711743921582852
6986127145840821254,7041796261662049281,0.015578762080307796
6986127145840821254,7043966862137721903,0.016177904439305932
6986127145840821254,7282348803772318726,0.015203820164375291
6986127145840821254,7334272629450343470,0.015725495210137785
6986127145840821254,7361069886359716906,0.016214274453866192
6986127145840821254,7380407783943881734,0.01520419304175025
6986127145840821254,7437501539181642808,0.0154459783673527
6986127145840821254,7452648710973441029,0.015437122154450617
6986127145840821254,7493498844564489224,0.015203616039224519
6986545839854339074,7254118992901358598,0.015051234262842661
6986545839854339074,7270136616478458887,0.015006727415590716
6986545839854339074,7300113222412895265,0.0149907985657513
6986545839854339074,7300626193325229061,0.015015338678759354
6986545839854339074,7313835321618678816,0.015020105066620356
6986545839854339074,7397098503866041349,0.015021775995130524
6986545839854339074,7400347622539019270,0.015124625553019957
6986545839854339074,7454739601820288005,0.015039315791506499
6986545839854339074,7598645062255739959,0.014982833065816409
6987339607461889025,7170534828961268738,0.015144973895454751
6987339607461889025,7181113461597783046,0.046872177419903675
6987339607461889025,7184248317454042158,0.0157021422095912
6987339607461889025,7202373728666174466,0.04703061823988365
6987339607461889025,7234260997438374917,0.01604423667026008
6987339607461889025,7247153806412252165,0.015033043481201401
6987339607461889025,7255585908618937370,0.015543596208310185
6987339607461889025,7295710550214247432,0.016038650575867792
6987339607461889025,7299759192024466438,0.015035062109902698
6987339607461889025,7434627254548382776,0.046872177419903675
6987339607461889025,7437773895165920312,0.04703061823988365
6987339607461889025,7533684525809943574,0.04703061823988365
6987339607461889025,7538449740879660045,0.01587030985231052
6987339607461889025,7559878386093442056,0.04703061823988365
6987339607461889025,7570721274922779668,0.04703061823988365
6987339607461889025,7576228097504363527,0.04703061823988365
6987339607461889025,7589963743808947221,0.046872177419903675
6987706064737289217,7057509455312061445,0.015065904012613712
6987706064737289217,7091886235563869190,0.015705032276251765
6987706064737289217,7265744876464423968,0.015750570328287635
6987706064737289217,7333474672351675398,0.015620047807595806
6987706064737289217,7436415158378824725,0.015554406316946103
6987706064737289217,7437773895165920312,0.01496030156256817
6987706064737289217,7543302231467328534,0.015709234226444407
6987706064737289217,7543955698288739335,0.015847103787245253
6987706064737289217,7550338226915230776,0.015907952090527346
6987706064737289217,7573400555184604167,0.015897896844547482
6987886708910212102,7202373728666174466,0.0571003239195597
6987886708910212102,7437773895165920312,0.0571003239195597
6987886708910212102,7533684525809943574,0.0571003239195597
6987886708910212102,7535385905805460487,0.0160844949637986
6987886708910212102,7559878386093442056,0.0571003239195597
6987886708910212102,7570721274922779668,0.07351909994290859
6987886708910212102,7576228097504363527,0.07219794938259712
6989905844062258202,7039563533004424198,0.027096575574639035
6989905844062258202,7079516740987978757,0.015722135125671596
6989905844062258202,7146999325209576450,0.015160347067980163
6989905844062258202,7181113461597783046,0.04749794844874578
6989905844062258202,7202373728666174466,0.047658504546495804
6989905844062258202,7234832896228836357,0.015723989963201953
6989905844062258202,7421992589585843243,0.015288882437452104
6989905844062258202,7434627254548382776,0.04749794844874578
6989905844062258202,7434634221899596833,0.015882902648639265
6989905844062258202,7437773895165920312,0.047658504546495804
6989905844062258202,7444668199523992609,0.015721536718048882
6989905844062258202,7493826108368405512,0.01589134518593241
6989905844062258202,7533684525809943574,0.047658504546495804
6989905844062258202,7546456230891750422,0.01589134518593241
6989905844062258202,7555033171922912263,0.015423088999134072
6989905844062258202,7559878386093442056,0.047658504546495804
6989905844062258202,7570721274922779668,0.047658504546495804
6989905844062258202,7576228097504363527,0.047658504546495804
6989905844062258202,7589963743808947221,0.04749794844874578
6990019487899501573,6991030367710233602,0.015863226202762187
6990019487899501573,7029826856011580421,0.015868590074348495
6990019487899501573,7095862401271038981,0.016041949233738365
6990019487899501573,7175189895740425221,0.015706687093951066
6990019487899501573,7178590990041711622,0.016048980513423863
6990019487899501573,7306969713349805064,0.01586362515983628
6990019487899501573,7355557262863336453,0.016033504644511823
6990019487899501573,7377044399681307681,0.016041394544518733
6990019487899501573,7572620715221812246,0.015859409075379298
6990019487899501573,7609668379692401697,0.025679662340858417
6990299477060781061,7012341717442462725,0.015468448136911873
6990299477060781061,7022490858335421441,0.015601793214674496
6990299477060781061,7030985942694036485,0.01560059602798547
6990299477060781061,7111185904601400321,0.016403827495887625
6990299477060781061,7143638497873413126,0.015469291095335506
6990299477060781061,7296163401382020102,0.016053697775731044
6990299477060781061,7296760772994122757,0.016052535732356047
6990299477060781061,7345507730973262881,0.06892580876817866
6990299477060781061,7445468737078526993,0.016226654371954818
6990299477060781061,7469354913887241217,0.015469462436805399
6990299477060781061,7494339416820270087,0.015113332863841889
6990299477060781061,7559878386093442056,0.01558750717986013
6990299477060781061,7589457676943606796,0.016230940270688533
6990433306123682822,6994977751610475525,0.49819473645435086
6990433306123682822,7002249998172046337,0.49890886525603195
6990433306123682822,7006613667513418757,0.4993158547980368
6990433306123682822,7012341717442462725,0.4976005465622435
6990433306123682822,7014893568998228993,0.5215789661656289
6990433306123682822,7014981470109565957,0.4993158547980368
6990433306123682822,7033309963939496987,0.49764528062109714
6990433306123682822,7047494209448166401,0.4993158547980368
6990433306123682822,7050498314663379974,0.4992419837120384
6990433306123682822,7057768423321748481,0.4991864681606165
6990433306123682822,7072173543165314053,0.49752824444048466
6990433306123682822,7093023801574867969,0.4992419837120384
6990433306123682822,7096318271246304257,0.01582187391258474
6990433306123682822,7128070099412157442,0.49971975147939807
6990433306123682822,7141833908052296709,0.4995298805719497
6990433306123682822,7170886050868675589,0.49553864533297554
6990433306123682822,7187952219559248898,0.49927879146370535
6990433306123682822,7197284105015788549,0.4993158547980368
6990433306123682822,7230689368007574534,0.49999991262498483
6990433306123682822,7251253251058959386,0.49914883359006934
6990433306123682822,7252048520768111622,0.4977232638354785
6990433306123682822,7254221734713623557,0.3845257733112605
6990433306123682822,7255307152083796994,0.4997801702179915
6990433306123682822,7256202462158406658,0.49971975147939807
6990433306123682822,7290350607356150827,0.49907433772366605
6990433306123682822,7297306010283181062,0.016610510030432013
6990433306123682822,7306969713349805064,0.4988255841031788
6990433306123682822,7327226218813391877,0.49864804050100053
6990433306123682822,7355557262863336453,0.4992842440477706
6990433306123682822,7377997874032084000,0.49809335422598405
6990433306123682822,7389767673448285226,0.0158002785801848
6990433306123682822,7396903607784490000,0.5256931917031819
6990433306123682822,7402984582746358816,0.4992419837120384
6990433306123682822,7409739423779357702,0.01656019295420606
6990433306123682822,7432711408628679685,0.016604524712808343
6990433306123682822,7442002957991724065,0.4981883683047548
6990433306123682822,7455253044214449159,0.49751505407567076
6990433306123682822,7487688540064531463,0.49547213817462166
6990433306123682822,7493568304607937558,0.4985767372560651
6990433306123682822,7499448682740204566,0.016588452127956843
6990433306123682822,7510166423118758918,0.4984477547627547
6990433306123682822,7523591048695170064,0.4994002651558912
6990433306123682822,7539280226653357073,0.4850072434644581
6990433306123682822,7547644791631135764,0.01618096317332476
6990433306123682822,7579316049855841287,0.4973938453774769
6990433306123682822,7585186788609508373,0.4974317822323562
6990433306123682822,7597512785483957259,0.4991114187267941
6991030367710233602,7029826856011580421,0.01620594658306528
6991030367710233602,7175189895740425221,0.016026972337643823
6991030367710233602,7306969713349805064,0.016212094061072473
6991030367710233602,7355557262863336453,0.016390419704556104
6991030367710233602,7572620715221812246,0.016208681094537977
6991030367710233602,7585691270368019463,0.016381721517110395
6991030367710233602,7599049732175021073,0.015715337457599288
6991030367710233602,7609668379692401697,0.026182649991962213
6991296494569735173,7143925297570169861,0.02471121437217339
6991296494569735173,7191831178118284294,0.014402798091784545
6991296494569735173,7202373728666174466,0.014726757803374091
6991296494569735173,7287530802672944129,0.014838160807897998
6991296494569735173,7349660179460015147,0.014684093507841483
6991296494569735173,7354374148095181829,0.014525463363301617
6991296494569735173,7438808668303623224,0.014668847341146396
6991296494569735173,7516833731350643719,0.014484981916960356
6991296494569735173,7523457544536589330,0.014829091576176047
6991296494569735173,7580931726077330450,0.014566155963500462
6991296494569735173,7620360781880771597,0.014416235901706983
6991802841732219910,7063815593522873349,0.015717351111560387
6991802841732219910,7111668860398912513,0.015134616194780563
6991802841732219910,7202373728666174466,0.0431643228089832
6991802841732219910,7265662037903885313,0.01526683356541419
6991802841732219910,7317393952595297285,0.015132972954369635
6991802841732219910,7437773895165920312,0.0431643228089832
6991802841732219910,7483319222622602262,0.09946110817253068
6991802841732219910,7533684525809943574,0.0431643228089832
6991802841732219910,7559878386093442056,0.0431643228089832
6991802841732219910,7570721274922779668,0.0431643228089832
6991802841732219910,7576228097504363527,0.0431643228089832
6993227536423945222,7028867830490547206,0.015573567630025188
6993227536423945222,7224271052267553819,0.015568318019030084
6993227536423945222,7345693452820186117,0.015579808079027115
6993227536423945222,7352849317865505798,0.01573058352021895
6993227536423945222,7364138059266688005,0.015410526520536282
6993227536423945222,7453398291771524102,0.01573079561305454
6993706047081530374,7019741447605027842,0.06629274870887089
6993706047081530374,7077477385247720474,0.04509919947212047
6993706047081530374,7123824749314589742,0.01573239285891482
6993706047081530374,7157484883282641925,0.05400571751054799
6993706047081530374,7181113461597783046,0.06629274870887089
6993706047081530374,7223197815592715270,0.06629274870887089
6993706047081530374,7232080941065569285,0.01495620046577368
6993706047081530374,7349160078996276230,0.015094990812786046
6993706047081530374,7434627254548382776,0.06629274870887089
6993706047081530374,7436296718439875639,0.015330137015343422
6993706047081530374,7589963743808947221,0.06629274870887089
6994977751610475525,7006613667513418757,0.4979388578323752
6994977751610475525,7014981470109565957,0.4979388578323752
6994977751610475525,7025154962762826753,0.015710308386668495
6994977751610475525,7047494209448166401,0.4979388578323752
6994977751610475525,7057768423321748481,0.49782165497445846
6994977751610475525,7128070099412157442,0.49843427069190327
6994977751610475525,7187952219559248898,0.4979049499901889
6994977751610475525,7197284105015788549,0.4979388578323752
6994977751610475525,7205671848440792069,0.015866597828561167
6994977751610475525,7230689368007574534,0.4982009851650669
6994977751610475525,7251253251058959386,0.49781041396739867
6994977751610475525,7255307152083796994,0.49842974409633795
6994977751610475525,7256202462158406658,0.49843427069190327
6994977751610475525,7311708051199230981,0.23208671889235233
6994977751610475525,7523591048695170064,0.4980245334755681
6995594325438972933,7012341717442462725,0.014554391038359128
6995594325438972933,7022490858335421441,0.01466727401501944
6995594325438972933,7030985942694036485,0.014668307736588455
6995594325438972933,7047368764291171333,0.014647868513882237
6995594325438972933,7143638497873413126,0.014553599056138003
6995594325438972933,7185944755032146946,0.014901603033471433
6995594325438972933,7353421506658124833,0.014771341293907116
6995594325438972933,7469354913887241217,0.014553443098665764
6995594325438972933,7469616549301634065,0.014551860575137809
6995594325438972933,7559878386093442056,0.014666479247652691
6995594325438972933,7589963743808947221,0.01504907229521712
6995830130393400325,7014981470109565957,0.016084334384450664
6995830130393400325,7062096839953335302,0.014780274520535146
6995830130393400325,7077174182438011909,0.015852717753685963
6995830130393400325,7191831178118284294,0.015241707252622447
6995830130393400325,7202373728666174466,0.01574660894495166
6995830130393400325,7251991096619746306,0.015708253624998066
6995830130393400325,7252180988837889067,0.015832236257759195
6995830130393400325,7358089344354354194,0.015659250379436412
6995830130393400325,7379964200321811472,0.015975097114770857
6995830130393400325,7516833731350643719,0.015418513100404738
6995830130393400325,7538449740879660045,0.06703578754263562
6995830130393400325,7580931726077330450,0.015623509380114038
6995830130393400325,7620360781880771597,0.01522750831292978
6996027289760187398,7009641336668161030,0.016047907774431634
6996027289760187398,7031874916669015045,0.015366384280583456
6996027289760187398,7209676024983487531,0.0161521381038399
6996027289760187398,7210849373168141318,0.01603987378582633
6996027289760187398,7319108928196903968,0.015571557170802263
6996027289760187398,7337597547799020549,0.015611974362784215
6996027289760187398,7349160078996276230,0.015090703898883184
6996027289760187398,7424539742974477318,0.01540517440347935
6996027289760187398,7587625784933041174,0.01579013074268518
6996027289760187398,7597556117011497997,0.01598469869495206
6996027289760187398,7611159661320930321,0.015235487334531488
7002249998172046337,7047494209448166401,0.4982277192042842
7002249998172046337,7128070099412157442,0.49867724140534536
7002249998172046337,7141833908052296709,0.4984397717552651
7002249998172046337,7184248317454042158,0.016218765265099078
7002249998172046337,7197284105015788549,0.4982277192042842
7002249998172046337,7230689368007574534,0.498908080679746
7002249998172046337,7234260997438374917,0.01659119077646968
7002249998172046337,7247153806412252165,0.015491982042010913
7002249998172046337,7255307152083796994,0.49870500575982546
7002249998172046337,7256202462158406658,0.49867724140534536
7002249998172046337,7277183383178970117,0.015751000055332136
7002249998172046337,7295710550214247432,0.016585431809270558
7002249998172046337,7299759192024466438,0.015494064177289994
7002249998172046337,7355557262863336453,0.49869253207064324
7002249998172046337,7398073899592352769,0.016578147763314878
7002249998172046337,7523591048695170064,0.49831269772941467
7002249998172046337,7538449740879660045,0.01639469171308176
7002488915312739330,7180371385733301250,0.025934540247431692
7002488915312739330,7223197815592715270,0.025384198839891615
7002488915312739330,7250413502015390747,0.024954033415063574
7002488915312739330,7316298248997192709,0.025909539203731194
7002488915312739330,7384904311195599878,0.02594188462341929
7002488915312739330,7389067466839983111,0.025159088092250176
7002488915312739330,7486249118827185153,0.025922518673311436
7002488915312739330,7498060815040431122,0.02646917334961974
7002488915312739330,7508718935962321938,0.026601609573602993
7002488915312739330,7520061487814427656,0.024746121633543238
7002488915312739330,7550753650902270984,0.026136592738953225
7004852704795280390,7014641270266594330,0.015562439061421574
7004852704795280390,7202373728666174466,0.06831785164986984
7004852704795280390,7255459615491753002,0.15197247047910523
7004852704795280390,7261422825452422150,0.017454446811352123
7004852704795280390,7334272629450343470,0.01555022927466362
7004852704795280390,7361069886359716906,0.016029378925687385
7004852704795280390,7437773895165920312,0.06831785164986984
7004852704795280390,7493498844564489224,0.015038984501032403
7004852704795280390,7520642008689116176,0.015993983855310943
7004852704795280390,7533684525809943574,0.06831785164986984
7004852704795280390,7559878386093442056,0.06831785164986984
7004852704795280390,7570721274922779668,0.06831785164986984
7004852704795280390,7576228097504363527,0.06831785164986984
7004989334039790597,7021176533500134406,0.015427109144192019
7004989334039790597,7138346273199031302,0.014719820976236244
7004989334039790597,7202373728666174466,0.04269618527168356
7004989334039790597,7351522222589199365,0.024859804346506635
7004989334039790597,7411689832726545414,0.0152826392885596
7004989334039790597,7437773895165920312,0.04269618527168356
7004989334039790597,7469977879825466414,0.014221802724684025
7004989334039790597,7533684525809943574,0.04269618527168356
7004989334039790597,7559878386093442056,0.04269618527168356
7004989334039790597,7570721274922779668,0.04269618527168356
7004989334039790597,7576228097504363527,0.04269618527168356
7006020640302613509,7035774233357026309,0.014804739590798465
7006020640302613509,7100966729770140677,0.015437879336804135
7006020640302613509,7202373728666174466,0.06650584129825902
7006020640302613509,7259830210505573382,0.014065570860110305
7006020640302613509,7261422825452422150,0.01699149843783033
7006020640302613509,7281769226565796870,0.014053394925160102
7006020640302613509,7345507730973262881,0.01459830378680447
7006020640302613509,7437773895165920312,0.06650584129825902
7006020640302613509,7441608528565224494,0.014940591974483287
7006020640302613509,7489528358398002198,0.017858435867021374
7006020640302613509,7533684525809943574,0.06650584129825902
7006020640302613509,7559878386093442056,0.06650584129825902
7006020640302613509,7570721274922779668,0.06650584129825902
7006020640302613509,7576228097504363527,0.06650584129825902
7006613667513418757,7012341717442462725,0.49734497312312026
7006613667513418757,7014893568998228993,0.49516417367889076
7006613667513418757,7014981470109565957,0.49905940035661567
7006613667513418757,7033309963939496987,0.49738968420604
7006613667513418757,7047494209448166401,0.49905940035661567
7006613667513418757,7057768423321748481,0.49893008017368
7006613667513418757,7069559776909493253,0.015313506792639878
7006613667513418757,7072173543165314053,0.4972727081365737
7006613667513418757,7112782834389517317,0.015080918910315029
7006613667513418757,7118766647640753178,0.015571119561316928
7006613667513418757,7128070099412157442,0.49946308959193486
7006613667513418757,7141833908052296709,0.4988463786298887
7006613667513418757,7157662712166630401,0.015316604273389451
7006613667513418757,7161919347677234181,0.015195891297235083
7006613667513418757,7170886050868675589,0.4952841309103505
7006613667513418757,7187952219559248898,0.4990223560584446
7006613667513418757,7197284105015788549,0.49905940035661567
7006613667513418757,7230689368007574534,0.4993235646963094
7006613667513418757,7251253251058959386,0.4988924649326869
7006613667513418757,7252048520768111622,0.4974676273673337
7006613667513418757,7255307152083796994,0.4995234772987601
7006613667513418757,7256202462158406658,0.49946308959193486
7006613667513418757,7290350607356150827,0.49881800732822856
7006613667513418757,7306969713349805064,0.49856938147049945
7006613667513418757,7327226218813391877,0.49796574517224634
7006613667513418757,7355557262863336453,0.4986025855020592
7006613667513418757,7377997874032084000,0.49783752767510214
7006613667513418757,7396903607784490000,0.49781163058458844
7006613667513418757,7442002957991724065,0.4979324929535349
7006613667513418757,7455253044214449159,0.4972595245464849
7006613667513418757,7483576233717400594,0.015196423562815092
7006613667513418757,7487688540064531463,0.4952176579108481
7006613667513418757,7493568304607937558,0.4983206624340263
7006613667513418757,7510166423118758918,0.4981917461876274
7006613667513418757,7523591048695170064,0.49914376736032673
7006613667513418757,7539280226653357073,0.4847581380925524
7006613667513418757,7579316049855841287,0.49713837810249084
7006613667513418757,7585186788609508373,0.49717629547255937
7006613667513418757,7597512785483957259,0.49843627266034407
7007755339752113158,7139904829536011269,0.01617756689564912
7007755339752113158,7195308914127815722,0.016605225762988403
7007755339752113158,7224878912467682331,0.015354196039351856
7007755339752113158,7226986584104600578,0.016369187591151413
7007755339752113158,7253090810513097730,0.01569337557222696
7007755339752113158,7309226277922309152,0.016581904468902064
7007755339752113158,7332056821727446021,0.01516294227724059
7007755339752113158,7379189727608570886,0.016589028558216305
7007755339752113158,7380648987244315666,0.01659357577975697
7007755339752113158,7452567943022167047,0.0163743482972281
7007755339752113158,7463944109431145489,0.01593781339838229
7007808562148705285,7009641336668161030,0.04858784357290452
7007808562148705285,7019741447605027842,0.015040013956552068
7007808562148705285,7019854514410210309,0.014848986830203076
7007808562148705285,7039563533004424198,0.018501829997846105
7007808562148705285,7181113461597783046,0.015040013956552068
7007808562148705285,7237562474958308358,0.01488331409327778
7007808562148705285,7252180988837889067,0.024234259601271735
7007808562148705285,7253090810513097730,0.043336557790594026
7007808562148705285,7347823456870581291,0.013387443822647458
7007808562148705285,7452567943022167047,0.0186925117632107
7007808562148705285,7486273853688464430,0.01465496020606614
7007808562148705285,7520209498390283282,0.01926878371632464
7007808562148705285,7617626564747166734,0.020930757356648923
7009641336668161030,7077477385247720474,0.124080537265225
7009641336668161030,7099497683849053190,0.01620988617759565
7009641336668161030,7128070099412157442,0.11551619964723892
7009641336668161030,7157484883282641925,0.11523421575615336
7009641336668161030,7170886050868675589,0.11504583104613847
7009641336668161030,7209676024983487531,0.016556209782119587
7009641336668161030,7210849373168141318,0.016651321673371546
7009641336668161030,7222053350383944705,0.021231173962653494
7009641336668161030,7252180988837889067,0.022669228385935138
7009641336668161030,7253090810513097730,0.3313345676817738
7009641336668161030,7256202462158406658,0.11551619964723892
7009641336668161030,7267394392368514053,0.024422296379720158
7009641336668161030,7337597547799020549,0.015675242814476173
7009641336668161030,7349660179460015147,0.01779107480883933
7009641336668161030,7377997874032084000,0.11825318700049481
7009641336668161030,7421976792565711905,0.016489380344962282
7009641336668161030,7455253044214449159,0.1150065574634014
7009641336668161030,7587625784933041174,0.015913922426042913
7009641336668161030,7597556117011497997,0.01637158717657882
7009641336668161030,7617626564747166734,0.0249208977410255
7012341717442462725,7014981470109565957,0.49734497312312026
7012341717442462725,7047494209448166401,0.49734497312312026
7012341717442462725,7057768423321748481,0.4972179095031539
7012341717442462725,7128070099412157442,0.49776146974225394
7012341717442462725,7143638497873413126,0.014784241056681332
7012341717442462725,7187952219559248898,0.4973085239539381
7012341717442462725,7197284105015788549,0.49734497312312026
7012341717442462725,7230689368007574534,0.49760800872182875
7012341717442462725,7255307152083796994,0.4978117236170179
7012341717442462725,7256202462158406658,0.49776146974225394
7012341717442462725,7296163401382020102,0.015311325505788932
7012341717442462725,7296760772994122757,0.015312303926113416
7012341717442462725,7494339416820270087,0.014459850265057117
7012341717442462725,7523591048695170064,0.4976014157648502
7012341717442462725,7589457676943606796,0.015468336558756766
7013057860546036742,7067407565362037765,0.023926382391948033
7013057860546036742,7075367754325869570,0.024023053741148406
7013057860546036742,7110565549231014913,0.02402827783707716
7013057860546036742,7151417501942219781,0.02410058247812829
7013057860546036742,7201194948527948806,0.024124277866207352
7013057860546036742,7292469793109722154,0.023779811098617123
7013057860546036742,7330899919002027051,0.024492894480241067
7013057860546036742,7357806298803143713,0.024026778689974413
7013057860546036742,7442002957991724065,0.024134813793185977
7013057860546036742,7533684525809943574,0.024254505475728532
7013057860546036742,7612304113564566531,0.02409352001602349
7014641270266594330,7041796261662049281,0.015154157058327893
7014641270266594330,7043966862137721903,0.015719639414900118
7014641270266594330,7288239669111424005,0.015536259569793754
7014641270266594330,7307362809690506273,0.01553093448250898
7014641270266594330,7334272629450343470,0.01525079055787682
7014641270266594330,7361069886359716906,0.015712105038337774
7014641270266594330,7437501539181642808,0.014986859039743134
7014641270266594330,7520642008689116176,0.015694906227278666
7014863130023052293,7064637015815750702,0.016390020979266506
7014863130023052293,7099497683849053190,0.029072015789967553
7014863130023052293,7187479709860348934,0.028522031044922562
7014863130023052293,7352849317865505798,0.016208703572052202
7014863130023052293,7359928513861927969,0.06392702643943361
7014863130023052293,7416269225385296902,0.016398020958304116
7014863130023052293,7434634221899596833,0.016208811543000582
7014863130023052293,7437501539181642808,0.02973581321404263
7014863130023052293,7453398291771524102,0.01620848075419928
7014863130023052293,7475281813004338198,0.016396364425470326
7014863130023052293,7498060815040431122,0.026137552639574638
7014863130023052293,7512265205633008662,0.016389977427404858
7014863130023052293,7567226487067427860,0.016390288741319835
7014893568998228993,7014981470109565957,0.49516417367889076
7014893568998228993,7047494209448166401,0.49516417367889076
7014893568998228993,7057768423321748481,0.4950526847405593
7014893568998228993,7128070099412157442,0.495696462859191
7014893568998228993,7187952219559248898,0.49513176129901076
7014893568998228993,7197284105015788549,0.49516417367889076
7014893568998228993,7230689368007574534,0.495424222506071
7014893568998228993,7251253251058959386,0.49502884229062694
7014893568998228993,7255307152083796994,0.4956642422990939
7014893568998228993,7256202462158406658,0.495696462859191
7014893568998228993,7432711408628679685,0.015704161493495152
7014893568998228993,7499448682740204566,0.01567361637739747
7014893568998228993,7523591048695170064,0.49525001294098914
7014893568998228993,7547644791631135764,0.01542006938451832
7014981470109565957,7033309963939496987,0.49738968420604
7014981470109565957,7047494209448166401,0.49905940035661567
7014981470109565957,7057768423321748481,0.49893008017368
7014981470109565957,7062096839953335302,0.014878095042619837
7014981470109565957,7072173543165314053,0.4972727081365737
7014981470109565957,7128070099412157442,0.49946308959193486
7014981470109565957,7141833908052296709,0.4988463786298887
7014981470109565957,7170886050868675589,0.4952841309103505
7014981470109565957,7187952219559248898,0.4990223560584446
7014981470109565957,7197284105015788549,0.5243022544179519
7014981470109565957,7230689368007574534,0.4993235646963094
7014981470109565957,7251253251058959386,0.4988924649326869
7014981470109565957,7251991096619746306,0.015942619619244713
7014981470109565957,7252048520768111622,0.4974676273673337
7014981470109565957,7255307152083796994,0.4995234772987601
7014981470109565957,7256202462158406658,0.49946308959193486
7014981470109565957,7290350607356150827,0.49881800732822856
7014981470109565957,7306969713349805064,0.49856938147049945
7014981470109565957,7327226218813391877,0.49796574517224634
7014981470109565957,7355557262863336453,0.4986025855020592
7014981470109565957,7377997874032084000,0.49783752767510214
7014981470109565957,7396903607784490000,0.49781163058458844
7014981470109565957,7442002957991724065,0.4979324929535349
7014981470109565957,7455253044214449159,0.4972595245464849
7014981470109565957,7487688540064531463,0.4952176579108481
7014981470109565957,7493568304607937558,0.4983206624340263
7014981470109565957,7510166423118758918,0.4981917461876274
7014981470109565957,7523591048695170064,0.49914376736032673
7014981470109565957,7539280226653357073,0.4847581380925524
7014981470109565957,7579316049855841287,0.49713837810249084
7014981470109565957,7585186788609508373,0.49717629547255937
7014981470109565957,7597512785483957259,0.49843627266034407
7016049507684271110,7019741447605027842,0.05448204801514494
7016049507684271110,7088069802837967877,0.01621050233674726
7016049507684271110,7092389272800674817,0.016260814203177664
7016049507684271110,7093310083693724698,0.016271590843969515
7016049507684271110,7110264605897049115,0.0161598364434276
7016049507684271110,7157484883282641925,0.04438407143779064
7016049507684271110,7181113461597783046,0.069922458829424
7016049507684271110,7223197815592715270,0.05448204801514494
7016049507684271110,7393383072991396869,0.01625011136257228
7016049507684271110,7434627254548382776,0.05448204801514494
7016049507684271110,7482541173300462614,0.01547706236067935
7016049507684271110,7483884642539471878,0.016120449711199854
7016049507684271110,7494711694116881415,0.016035673717810887
7016049507684271110,7540825121352614920,0.09624451209103152
7016049507684271110,7541721033906045972,0.03890605401338512
7016049507684271110,7589963743808947221,0.05448204801514494
7017795675979924481,7028867830490547206,0.10618450856507251
7017795675979924481,7030932109430899718,0.043324709881033104
7017795675979924481,7041796261662049281,0.030863148950263153
7017795675979924481,7045679836841837569,0.05096284594858291
7017795675979924481,7063430535804781574,0.01546974980009986
7017795675979924481,7106898276444587009,0.10618450856507251
7017795675979924481,7112272075901092866,0.02377801799546903
7017795675979924481,7163936659606766598,0.03704018122218814
7017795675979924481,7189144603827487746,0.015465196271569408
7017795675979924481,7263914736517399557,0.10645402263822777
7017795675979924481,7274983064991810566,0.043388051698711565
7017795675979924481,7316789714857624582,0.1316370742140424
7017795675979924481,7323120700012938245,0.2266764271675953
7017795675979924481,7378567914254959622,0.03043338733692344
7017795675979924481,7387033416446837765,0.13169850009764308
7017795675979924481,7455603448303567877,0.11728566571754802
7017795675979924481,7534224814162166800,0.032696509036105284
7017795675979924481,7550753650902270984,0.10618450856507251
7017795675979924481,7594214580139967544,0.07155246569043296
7019122231100359681,7066112826317882370,0.0158644523218473
7019122231100359681,7069559776909493253,0.015305064606655712
7019122231100359681,7112782834389517317,0.015071772388580925
7019122231100359681,7134462289780753434,0.016030593250694978
7019122231100359681,7157662712166630401,0.015301411694158898
7019122231100359681,7161919347677234181,0.015182302275496487
7019122231100359681,7202373728666174466,0.06650584129825902
7019122231100359681,7214715708412216325,0.01621298628144713
7019122231100359681,7261422825452422150,0.01699149843783033
7019122231100359681,7437773895165920312,0.06650584129825902
7019122231100359681,7483576233717400594,0.01518175958542263
7019122231100359681,7533684525809943574,0.06650584129825902
7019122231100359681,7559878386093442056,0.06650584129825902
7019122231100359681,7570721274922779668,0.06650584129825902
7019122231100359681,7576228097504363527,0.06650584129825902
7019741447605027842,7023254401751335938,0.036086672494459106
7019741447605027842,7024036134000116742,0.06629274870887089
7019741447605027842,7031874916669015045,0.06629274870887089
7019741447605027842,7039563533004424198,0.03208768229518476
7019741447605027842,7040595999366759430,0.026925383136580914
7019741447605027842,7041945495375971329,0.06629274870887089
7019741447605027842,7057509455312061445,0.03627689491972875
7019741447605027842,7059866762607690753,0.046872177419903675
7019741447605027842,7060956428266505221,0.15257281456220087
7019741447605027842,7066112826317882370,0.016213087781199384
7019741447605027842,7068378496390153262,0.1684404699465821
7019741447605027842,7069559776909493253,0.0156275182411795
7019741447605027842,7071952426950198278,0.03646476369904526
7019741447605027842,7077174182438011909,0.03547078666433743
7019741447605027842,7077477385247720474,0.36747045590801847
7019741447605027842,7089082529218593798,0.06629274870887089
7019741447605027842,7097208681418195994,0.043021902579175514
7019741447605027842,7104625198607844379,0.15330206425855425
7019741447605027842,7106405480671839259,0.02666842376476978
7019741447605027842,7110285028063872042,0.06629274870887089
7019741447605027842,7110530423914595334,0.046872177419903675
7019741447605027842,7111185904601400321,0.07859411035340232
7019741447605027842,7114857710017446917,0.0313421695415901
7019741447605027842,7125195944199996422,0.05045738698597132
7019741447605027842,7126424782262305797,0.19009999501991104
7019741447605027842,7128440962807956482,0.07472936274009748
7019741447605027842,7134462289780753434,0.01639521954377079
7019741447605027842,7139904829536011269,0.03580993854967912
7019741447605027842,7147846060249072645,0.08268600874556674
7019741447605027842,7154612198102483973,0.027017195126709286
7019741447605027842,7154955988025590786,0.028849495692213754
7019741447605027842,7157484883282641925,0.4073274872619761
7019741447605027842,7174050320195568646,0.020338829682538008
7019741447605027842,7178073990841500673,0.03675708350515264
7019741447605027842,7178262848806650885,0.02935096757489139
7019741447605027842,7178590990041711622,0.018414837419401843
7019741447605027842,7181113461597783046,0.5
7019741447605027842,7187479709860348934,0.04432430102121359
7019741447605027842,7187500258129593349,0.05990330051492652
7019741447605027842,7189559133157475354,0.027448409368094655
7019741447605027842,7191831178118284294,0.046872177419903675
7019741447605027842,7206954249904669702,0.026609035367055736
7019741447605027842,7214715708412216325,0.016591501627135165
7019741447605027842,7218748615745274885,0.06629274870887089
7019741447605027842,7222053350383944705,0.026714953247180023
7019741447605027842,7223197815592715270,0.5
7019741447605027842,7232638793861678082,0.0468298549559411
7019741447605027842,7248103984781755397,0.02051246473421245
7019741447605027842,7255459615491753002,0.09270805655876609
7019741447605027842,7263081302823552005,0.043838743048970986
7019741447605027842,7267394392368514053,0.030730307571341438
7019741447605027842,7281282899318850566,0.06629274870887089
7019741447605027842,7282348803772318726,0.02937479242703941
7019741447605027842,7284750471163970562,0.07062402936401824
7019741447605027842,7287629583536538630,0.016047543405549206
7019741447605027842,7290292672361759776,0.06629274870887089
7019741447605027842,7292020279937025030,0.07062402936401824
7019741447605027842,7293760186871088133,0.04907192607378903
7019741447605027842,7307362809690506273,0.03580993854967912
7019741447605027842,7308377902638728224,0.05069156849798685
7019741447605027842,7317314050736047136,0.043180180803726466
7019741447605027842,7352986419860423712,0.06629274870887089
7019741447605027842,7359289173456913454,0.03428132558451939
7019741447605027842,7361054820280730629,0.06629274870887089
7019741447605027842,7367437036964119584,0.023244489512866152
7019741447605027842,7399170004366885889,0.06629274870887089
7019741447605027842,7414410186095772678,0.07062402936401824
7019741447605027842,7416269225385296902,0.15257281456220087
7019741447605027842,7421215511235150853,0.07859411035340232
7019741447605027842,7434627254548382776,0.5
7019741447605027842,7436219840279053328,0.043021902579175514
7019741447605027842,7436415158378824725,0.034002323409445395
7019741447605027842,7437501539181642808,0.04621056382464171
7019741447605027842,7441015530360570926,0.060920515121093755
7019741447605027842,7447572034136556561,0.04255524572864896
7019741447605027842,7449327343900541984,0.19409470640386714
7019741447605027842,7453634343190807557,0.06629274870887089
7019741447605027842,7454926910012064774,0.03036914914195038
7019741447605027842,7457519820280644613,0.04255524572864896
7019741447605027842,7463351104668501024,0.06629274870887089
7019741447605027842,7463944109431145489,0.04255524572864896
7019741447605027842,7471571264202441729,0.15257281456220087
7019741447605027842,7492091019530798087,0.03322427090168043
7019741447605027842,7495918801364485163,0.0681541651705542
7019741447605027842,7497772332389123079,0.06629274870887089
7019741447605027842,7498665985957823506,0.06629274870887089
7019741447605027842,7502699724320097322,0.025971397918972315
7019741447605027842,7503034501376082986,0.06629274870887089
7019741447605027842,7516833731350643719,0.0303795668004485
7019741447605027842,7521069418713990158,0.15257281456220087
7019741447605027842,7525651754726671368,0.043345304246595086
7019741447605027842,7534684083310347265,0.05523388222078247
7019741447605027842,7536210918439863297,0.055650992089492216
7019741447605027842,7553889065608414263,0.07062402936401824
7019741447605027842,7555788949694088210,0.03292697851478155
7019741447605027842,7577464395643552775,0.06629274870887089
7019741447605027842,7577628387390129168,0.03022285519761773
7019741447605027842,7578586528784696332,0.04255524572864896
7019741447605027842,7589963743808947221,0.5
7019741447605027842,7601465278044668949,0.02192499848057527
7019741447605027842,7615456357705417750,0.06648465389281194
7019741447605027842,7620360781880771597,0.06629274870887089
7019854514410210309,7066112826317882370,0.01928128855679943
7019854514410210309,7222053350383944705,0.01638403117517248
7019854514410210309,7235706083913876498,0.024839097738489607
7019854514410210309,7237562474958308358,0.01695002077931719
7019854514410210309,7347823456870581291,0.015397926290597228
7019854514410210309,7435823402563355704,0.014958098367335202
7019854514410210309,7472777689112675361,0.017268226595790935
7019854514410210309,7486273853688464430,0.014005743278007394
7019854514410210309,7613372812347589646,0.017959860786913265
7020067657941763078,7163936659606766598,0.04721894044114154
7020067657941763078,7258512037201429510,0.015554280271715275
7020067657941763078,7323120700012938245,0.02129671143744357
7020067657941763078,7363363492097065989,0.015409163242594646
7020067657941763078,7455603448303567877,0.02720191833176696
7020067657941763078,7483576233717400594,0.015188684066993354
7020067657941763078,7494827943799571486,0.015387111145484479
7020067657941763078,7520209498390283282,0.029448205834619615
7020067657941763078,7521665294160200711,0.01568009421624694
7020067657941763078,7543302231467328534,0.01594426264209204
7020067657941763078,7577464395643552775,0.01566050325007868
7020067657941763078,7593513425976984598,0.015487041480545935
7021176533500134406,7093090538711483397,0.015250335458909076
7021176533500134406,7138346273199031302,0.015280777549527625
7021176533500134406,7202373728666174466,0.06650584129825902
7021176533500134406,7261422825452422150,0.01699149843783033
7021176533500134406,7351522222589199365,0.026010080218652514
7021176533500134406,7411689832726545414,0.016062751668937395
7021176533500134406,7437773895165920312,0.06650584129825902
7021176533500134406,7533684525809943574,0.06650584129825902
7021176533500134406,7559878386093442056,0.06650584129825902
7021176533500134406,7570721274922779668,0.06650584129825902
7021176533500134406,7571272033645626385,0.01543123364820889
7021176533500134406,7576228097504363527,0.06650584129825902
7022490858335421441,7139448682156131355,0.015867614971258742
7022490858335421441,7143638497873413126,0.01490228475537138
7022490858335421441,7202373728666174466,0.06650584129825902
7022490858335421441,7261422825452422150,0.01699149843783033
7022490858335421441,7296163401382020102,0.015442020811947194
7022490858335421441,7296760772994122757,0.015443006869941454
7022490858335421441,7437773895165920312,0.06650584129825902
7022490858335421441,7494339416820270087,0.01457122777582253
7022490858335421441,7533684525809943574,0.06650584129825902
7022490858335421441,7559878386093442056,0.08151776195946338
7022490858335421441,7570721274922779668,0.06650584129825902
7022490858335421441,7576228097504363527,0.06650584129825902
7022490858335421441,7589457676943606796,0.015601680819612284
7023254401751335938,7029374960272081925,0.0155948318847539
7023254401751335938,7140235759920219178,0.015410858732541083
7023254401751335938,7202373728666174466,0.03620865534857638
7023254401751335938,7223197815592715270,0.036086672494459106
7023254401751335938,7253476605544121350,0.02597027028406438
7023254401751335938,7284057704728626181,0.015540225711820968
7023254401751335938,7437773895165920312,0.03620865534857638
7023254401751335938,7520642008689116176,0.016040988316786534
7023254401751335938,7533684525809943574,0.03620865534857638
7023254401751335938,7542455562676470840,0.015723097868241463
7023254401751335938,7559878386093442056,0.03620865534857638
7023254401751335938,7570721274922779668,0.03620865534857638
7023254401751335938,7576228097504363527,0.03620865534857638
7023254401751335938,7589963743808947221,0.036086672494459106
7024036134000116742,7077477385247720474,0.04509919947212047
7024036134000116742,7157484883282641925,0.05400571751054799
7024036134000116742,7181113461597783046,0.06629274870887089
7024036134000116742,7223197815592715270,0.08123574482321695
7024036134000116742,7434627254548382776,0.06629274870887089
7024036134000116742,7589963743808947221,0.06629274870887089
7024773008388834309,7030932109430899718,0.027044842238672876
7024773008388834309,7104324169307259909,0.027013148069910037
7024773008388834309,7232053097944777733,0.02566062863876423
7024773008388834309,7263914736517399557,0.02700655849358519
7024773008388834309,7314655842044265478,0.027017589230410054
7024773008388834309,7316789714857624582,0.027033419007968084
7024773008388834309,7323120700012938245,0.027013288889853694
7024773008388834309,7378567914254959622,0.02701908000710321
7024773008388834309,7387033416446837765,0.027013217654129007
7024773008388834309,7462811958108062726,0.026403054576579984
7025154962762826753,7089082529218593798,0.015873575391040413
7025154962762826753,7110530423914595334,0.015716094697576764
7025154962762826753,7124837748766721026,0.01588035446400931
7025154962762826753,7165051441248650242,0.014913692606567728
7025154962762826753,7205671848440792069,0.01571929396480422
7025154962762826753,7472777689112675361,0.015874394696665444
7028867830490547206,7030932109430899718,0.03679749376067637
7028867830490547206,7041796261662049281,0.04049275445844525
7028867830490547206,7045679836841837569,0.06686375427293993
7028867830490547206,7106898276444587009,0.13931511783017517
7028867830490547206,7112272075901092866,0.03119699307904906
7028867830490547206,7163936659606766598,0.048597081449577445
7028867830490547206,7164695071642977286,0.017313570811556333
7028867830490547206,7263914736517399557,0.10618450856507251
7028867830490547206,7274983064991810566,0.05692554984255019
7028867830490547206,7316789714857624582,0.13931511783017517
7028867830490547206,7323120700012938245,0.26392718487319106
7028867830490547206,7345693452820186117,0.01587276411883063
7028867830490547206,7352849317865505798,0.016035666615596085
7028867830490547206,7378567914254959622,0.01984854341955886
7028867830490547206,7387033416446837765,0.1393151178301752
7028867830490547206,7453398291771524102,0.016035882739252078
7028867830490547206,7455603448303567877,0.15387994501304664
7028867830490547206,7534224814162166800,0.042898140892264944
7028867830490547206,7550753650902270984,0.13931511783017517
7028867830490547206,7556669488167650315,0.01745719946585545
7028867830490547206,7585691270368019463,0.017134415800950705
7028867830490547206,7594214580139967544,0.09387753753734601
7029374960272081925,7047368764291171333,0.015126267348294479
7029374960272081925,7106898276444587009,0.015602227541364921
7029374960272081925,7140235759920219178,0.015154123407021861
7029374960272081925,7253476605544121350,0.025533571156596182
7029374960272081925,7284057704728626181,0.015222143551097822
7029374960272081925,7288239669111424005,0.015568249734274297
7029374960272081925,7307362809690506273,0.015573370926611697
7029374960272081925,7517915187601720327,0.015589736383222818
7029374960272081925,7520642008689116176,0.015716580072523634
7029374960272081925,7542455562676470840,0.015456141389036776
7029374960272081925,7556669488167650315,0.015473891179225187
7029826856011580421,7175189895740425221,0.016032384908194756
7029826856011580421,7202373728666174466,0.06650584129825902
7029826856011580421,7261422825452422150,0.01699149843783033
7029826856011580421,7437773895165920312,0.06650584129825902
7029826856011580421,7533684525809943574,0.06650584129825902
7029826856011580421,7559878386093442056,0.06650584129825902
7029826856011580421,7570721274922779668,0.06650584129825902
7029826856011580421,7576228097504363527,0.06650584129825902
7029826856011580421,7609668379692401697,0.02619151457128213
7030932109430899718,7045679836841837569,0.029434692360202075
7030932109430899718,7106898276444587009,0.03679749376067637
7030932109430899718,7206954249904669702,0.02077193744608837
7030932109430899718,7232053097944777733,0.015404373033003738
7030932109430899718,7263914736517399557,0.04424309864257187
7030932109430899718,7316789714857624582,0.0530259538609386
7030932109430899718,7323120700012938245,0.08591192728582832
7030932109430899718,7378567914254959622,0.04240613744201823
7030932109430899718,7384904311195599878,0.017825952620424843
7030932109430899718,7387033416446837765,0.05299792781666799
7030932109430899718,7455603448303567877,0.04064452160470665
7030932109430899718,7462811958108062726,0.01584954087818838
7030932109430899718,7550753650902270984,0.03679749376067637
7030985942694036485,7139448682156131355,0.015867614971258742
7030985942694036485,7143638497873413126,0.014903333641696668
7030985942694036485,7202373728666174466,0.06650584129825902
7030985942694036485,7261422825452422150,0.01699149843783033
7030985942694036485,7296163401382020102,0.015440836553564602
7030985942694036485,7296760772994122757,0.015441822613340636
7030985942694036485,7437773895165920312,0.06650584129825902
7030985942694036485,7494339416820270087,0.014572254639754091
7030985942694036485,7533684525809943574,0.06650584129825902
7030985942694036485,7559878386093442056,0.0815188185295536
7030985942694036485,7570721274922779668,0.06650584129825902
7030985942694036485,7576228097504363527,0.06650584129825902
7030985942694036485,7589457676943606796,0.015600483632137873
7031874916669015045,7077477385247720474,0.04509919947212047
7031874916669015045,7123824749314589742,0.015450978409659403
7031874916669015045,7157484883282641925,0.05400571751054799
7031874916669015045,7181113461597783046,0.06629274870887089
7031874916669015045,7223197815592715270,0.06629274870887089
7031874916669015045,7232080941065569285,0.014629562105018024
7031874916669015045,7434627254548382776,0.06629274870887089
7031874916669015045,7587625784933041174,0.015190134430954627
7031874916669015045,7589963743808947221,0.06629274870887089
7033309963939496987,7047494209448166401,0.49738968420604
7033309963939496987,7057768423321748481,0.49726135416162276
7033309963939496987,7062668564406666246,0.01614734934586423
7033309963939496987,7128070099412157442,0.49779638896151945
7033309963939496987,7187952219559248898,0.4973529077655381
7033309963939496987,7197284105015788549,0.49738968420604
7033309963939496987,7230689368007574534,0.49765289666646206
7033309963939496987,7251253251058959386,0.4972243114646795
7033309963939496987,7255307152083796994,0.4978535212568548
7033309963939496987,7256202462158406658,0.49779638896151945
7033309963939496987,7523591048695170064,0.4974738395529576
7033309963939496987,7605645281590510610,0.015977366582705085
7033309963939496987,7614802407563035656,0.015984603566612854
7033817528258741254,7103710715597571074,0.01618160286355742
7033817528258741254,7296948579905045509,0.015696740576872547
7033817528258741254,7325894078187717675,0.01541350263196416
7033817528258741254,7330704995610477600,0.01603989215461834
7033817528258741254,7421215511235150853,0.015419306014747652
7033817528258741254,7426645678765458449,0.015819965099982212
7033817528258741254,7483319222622602262,0.015521310250727715
7033817528258741254,7553889065608414263,0.016180245542400908
7033817528258741254,7575604955886208022,0.015406291916284105
7033903061694268422,7063430535804781574,0.016030627323584453
7033903061694268422,7154955988025590786,0.016024818262930736
7033903061694268422,7189144603827487746,0.01603580092223379
7033903061694268422,7235505872251520046,0.016032581409395726
7033903061694268422,7373912731559609352,0.016033268142467135
7033903061694268422,7386533375073682449,0.0160313284146867
7033903061694268422,7453634343190807557,0.01556165712798301
7033903061694268422,7519531111723222072,0.015376288530426444
7034907735930160133,7077477385247720474,0.16264534011506396
7034907735930160133,7111185904601400321,0.08954347834395276
7034907735930160133,7139448682156131355,0.5
7034907735930160133,7157484883282641925,0.17513132755524255
7034907735930160133,7192962788661724165,0.5065018124991594
7034907735930160133,7262400527862301702,0.08403221727363357
7034907735930160133,7421215511235150853,0.08954347834395276
7034907735930160133,7553907650837955595,0.5
7034907735930160133,7562405333067629580,0.06708228634166095
7034907735930160133,7585187926658450454,0.020568226101622126
7035774233357026309,7100966729770140677,0.016742551697775287
7035774233357026309,7217407055849096197,0.009469437628539903
7035774233357026309,7259830210505573382,0.011022381863422451
7035774233357026309,7261142322435867653,0.00934246970472566
7035774233357026309,7281769226565796870,0.011028388270068438
7035774233357026309,7345507730973262881,0.011556277408426009
7035774233357026309,7441608528565224494,0.01186435706857798
7035774233357026309,7489528358398002198,0.01503468704894444
7035774233357026309,7490403226492077078,0.011858094394487914
7035774233357026309,7502699724320097322,0.015361078126990427
7035774233357026309,7544469740279186488,0.010520585060462379
7036516442238518278,7040265792459162670,0.015560002635908749
7036516442238518278,7139448682156131355,0.015867614971258742
7036516442238518278,7162956025019384837,0.015561413902232002
7036516442238518278,7202373728666174466,0.06650584129825902
7036516442238518278,7261422825452422150,0.01699149843783033
7036516442238518278,7319637314757575686,0.0154158465523574
7036516442238518278,7437773895165920312,0.06650584129825902
7036516442238518278,7533684525809943574,0.06650584129825902
7036516442238518278,7559878386093442056,0.06650584129825902
7036516442238518278,7570721274922779668,0.06650584129825902
7036516442238518278,7576228097504363527,0.06650584129825902
7036516442238518278,7595754884038427661,0.014874990260936414
7038625080130520065,7043787986584814598,0.015889522215310505
7038625080130520065,7122494145399047194,0.015314450047857142
7038625080130520065,7124134844511126555,0.015589536244025294
7038625080130520065,7139448682156131355,0.026254312957078856
7038625080130520065,7202373728666174466,0.04269618527168356
7038625080130520065,7437773895165920312,0.04269618527168356
7038625080130520065,7461329320323253254,0.015187249239560205
7038625080130520065,7495346041269814279,0.015591137723148091
7038625080130520065,7533684525809943574,0.04269618527168356
7038625080130520065,7559878386093442056,0.04269618527168356
7038625080130520065,7570721274922779668,0.04269618527168356
7038625080130520065,7576228097504363527,0.04269618527168356
7039563533004424198,7071952426950198278,0.0234861179638262
7039563533004424198,7157484883282641925,0.02614039000271641
7039563533004424198,7178073990841500673,0.054248359216155985
7039563533004424198,7181113461597783046,0.03208768229518476
7039563533004424198,7223197815592715270,0.03208768229518476
7039563533004424198,7434627254548382776,0.03208768229518476
7039563533004424198,7574297613940769793,0.016354485814700132
7039563533004424198,7589963743808947221,0.03208768229518476
7040265792459162670,7040595999366759430,0.01555672678417875
7040265792459162670,7162956025019384837,0.015873571926926216
7040265792459162670,7284750471163970562,0.015716219850025605
7040265792459162670,7317431073687815173,0.015163332401523573
7040265792459162670,7515508502254732331,0.015188074883590148
7040265792459162670,7532290090426237972,0.01556377615487477
7040265792459162670,7595754884038427661,0.015164192668129985
7040265792459162670,7617626564747166734,0.01516635809486854
7040265792459162670,7618800850517410830,0.015643065814100476
7040595999366759430,7043787986584814598,0.06225235891081524
7040595999366759430,7106405480671839259,0.023138804561917848
7040595999366759430,7162956025019384837,0.015558138068545899
7040595999366759430,7202373728666174466,0.02701639831908924
7040595999366759430,7223197815592715270,0.026925383136580914
7040595999366759430,7319637314757575686,0.015419777512979734
7040595999366759430,7434627254548382776,0.026925383136580914
7040595999366759430,7437773895165920312,0.02701639831908924
7040595999366759430,7533684525809943574,0.02701639831908924
7040595999366759430,7559878386093442056,0.02701639831908924
7040595999366759430,7570721274922779668,0.02701639831908924
7040595999366759430,7576228097504363527,0.02701639831908924
7040595999366759430,7595754884038427661,0.014871838803687821
7041796261662049281,7045679836841837569,0.03239056926141127
7041796261662049281,7106898276444587009,0.04049275445844525
7041796261662049281,7263914736517399557,0.030863148950263153
7041796261662049281,7274983064991810566,0.030019699329144844
7041796261662049281,7284057704728626181,0.015063424953743984
7041796261662049281,7316789714857624582,0.04049275445844525
7041796261662049281,7323120700012938245,0.07671198114339903
7041796261662049281,7334272629450343470,0.01512526815853751
7041796261662049281,7361069886359716906,0.015579120014726609
7041796261662049281,7387033416446837765,0.04049275445844525
7041796261662049281,7455603448303567877,0.044726106732278385
7041796261662049281,7550753650902270984,0.04049275445844525
7041796261662049281,7577628387390129168,0.03356188502877916
7041945495375971329,7077477385247720474,0.04509919947212047
7041945495375971329,7157484883282641925,0.05400571751054799
7041945495375971329,7181113461597783046,0.06629274870887089
7041945495375971329,7223197815592715270,0.06629274870887089
7041945495375971329,7430756915124634630,0.0155518734123984
7041945495375971329,7434627254548382776,0.06629274870887089
7041945495375971329,7535385905805460487,0.014976433321600403
7041945495375971329,7589963743808947221,0.06629274870887089
7043496794727613445,7071395036047131653,0.01640047727235824
7043496794727613445,7074044643659645958,0.01658923149120601
7043496794727613445,7174050320195568646,0.016405263049837936
7043496794727613445,7202373728666174466,0.06650584129825902
7043496794727613445,7261422825452422150,0.01699149843783033
7043496794727613445,7307548469060584454,0.01639275826229663
7043496794727613445,7317147259148715013,0.015900708139115656
7043496794727613445,7437773895165920312,0.06650584129825902
7043496794727613445,7463993064467252256,0.016587515613795952
7043496794727613445,7533684525809943574,0.06650584129825902
7043496794727613445,7559878386093442056,0.06650584129825902
7043496794727613445,7570721274922779668,0.06650584129825902
7043496794727613445,7572160716909806600,0.01640539232536496
7043496794727613445,7576228097504363527,0.06650584129825902
7043496794727613445,7610364091814872085,0.01606672706801032
7043787986584814598,7122494145399047194,0.015599179945651239
7043787986584814598,7124134844511126555,0.01589490829778712
7043787986584814598,7139448682156131355,0.0163953756653786
7043787986584814598,7202373728666174466,0.0431643228089832
7043787986584814598,7378695724613616658,0.015893498456520553
7043787986584814598,7437773895165920312,0.0431643228089832
7043787986584814598,7461329320323253254,0.015467273230355905
7043787986584814598,7495346041269814279,0.015892990865889186
7043787986584814598,7533684525809943574,0.0431643228089832
7043787986584814598,7559878386093442056,0.0431643228089832
7043787986584814598,7570721274922779668,0.0431643228089832
7043787986584814598,7576228097504363527,0.0431643228089832
7043787986584814598,7613356856131453972,0.015466293895605434
7043966862137721903,7202373728666174466,0.06650584129825902
7043966862137721903,7261422825452422150,0.01699149843783033
7043966862137721903,7284057704728626181,0.01570243019767016
7043966862137721903,7334272629450343470,0.015689530320762334
7043966862137721903,7361069886359716906,0.016178277430323122
7043966862137721903,7437773895165920312,0.06650584129825902
7043966862137721903,7520642008689116176,0.016214527096715135
7043966862137721903,7533684525809943574,0.06650584129825902
7043966862137721903,7559878386093442056,0.06650584129825902
7043966862137721903,7570721274922779668,0.06650584129825902
7043966862137721903,7576228097504363527,0.06650584129825902
7045679836841837569,7071462271621776411,0.12362009353805094
7045679836841837569,7106898276444587009,0.06686375427293993
7045679836841837569,7110264605897049115,0.019525997270210326
7045679836841837569,7112272075901092866,0.024954794470988546
7045679836841837569,7126145497094947845,0.015712458124784265
7045679836841837569,7163936659606766598,0.03887330347483161
7045679836841837569,7235706083913876498,0.016162134958800888
7045679836841837569,7263914736517399557,0.05096284594858291
7045679836841837569,7274983064991810566,0.06166687363263018
7045679836841837569,7316789714857624582,0.06686375427293993
7045679836841837569,7323120700012938245,0.126670835944895
7045679836841837569,7387033416446837765,0.06686375427293993
7045679836841837569,7409739423779357702,0.016132288450585366
7045679836841837569,7416287041577305094,0.02876154051888552
7045679836841837569,7455603448303567877,0.07385408698737288
7045679836841837569,7528317052487566392,0.016035096363594764
7045679836841837569,7534224814162166800,0.034314662520244794
7045679836841837569,7550753650902270984,0.06686375427293993
7045679836841837569,7594214580139967544,0.04505616260036798
7045679836841837569,7603001410426618881,0.015831228591202586
7046403690119808006,7175189895740425221,0.0156909843258482
7046403690119808006,7202373728666174466,0.06650584129825902
7046403690119808006,7213907079759856645,0.016045212635230267
7046403690119808006,7261422825452422150,0.01699149843783033
7046403690119808006,7424553645365543942,0.01605571234756122
7046403690119808006,7437773895165920312,0.06650584129825902
7046403690119808006,7533684525809943574,0.06650584129825902
7046403690119808006,7559878386093442056,0.06650584129825902
7046403690119808006,7570721274922779668,0.06650584129825902
7046403690119808006,7576228097504363527,0.06650584129825902
7046403690119808006,7609668379692401697,0.025670331812153432
7047368764291171333,7104625198607844379,0.014915686279333755
7047368764291171333,7106898276444587009,0.015428072451799177
7047368764291171333,7140235759920219178,0.015028841309551205
7047368764291171333,7185944755032146946,0.015285105366273862
7047368764291171333,7253476605544121350,0.02520869332617309
7047368764291171333,7353421506658124833,0.01516682505339382
7047368764291171333,7542455562676470840,0.015270804876785591
7047368764291171333,7589963743808947221,0.015427130086006168
7047494209448166401,7057768423321748481,0.49893008017368
7047494209448166401,7072173543165314053,0.4972727081365737
7047494209448166401,7128070099412157442,0.49946308959193486
7047494209448166401,7141833908052296709,0.4988463786298887
7047494209448166401,7170886050868675589,0.4952841309103505
7047494209448166401,7187952219559248898,0.4990223560584446
7047494209448166401,7197284105015788549,0.49905940035661567
7047494209448166401,7230689368007574534,0.4993235646963094
7047494209448166401,7251253251058959386,0.4988924649326869
7047494209448166401,7252048520768111622,0.4974676273673337
7047494209448166401,7255307152083796994,0.4995234772987601
7047494209448166401,7256202462158406658,0.49946308959193486
7047494209448166401,7290350607356150827,0.49881800732822856
7047494209448166401,7306969713349805064,0.49856938147049945
7047494209448166401,7327226218813391877,0.49796574517224634
7047494209448166401,7367577463750132741,0.015938585887463507
7047494209448166401,7377997874032084000,0.49783752767510214
7047494209448166401,7396903607784490000,0.49781163058458844
7047494209448166401,7407221110629073926,0.01658651050941347
7047494209448166401,7408910802202461190,0.016566651261220165
7047494209448166401,7442002957991724065,0.4979324929535349
7047494209448166401,7455253044214449159,0.5248298941850071
7047494209448166401,7487688540064531463,0.4952176579108481
7047494209448166401,7493568304607937558,0.4983206624340263
7047494209448166401,7499826250930226194,0.016508160291514907
7047494209448166401,7510166423118758918,0.4981917461876274
7047494209448166401,7523591048695170064,0.49914376736032673
7047494209448166401,7524800391486522390,0.01638405678714031
7047494209448166401,7539280226653357073,0.4847581380925524
7047494209448166401,7555104317654008839,0.016553301752805446
7047494209448166401,7579316049855841287,0.49713837810249084
7047494209448166401,7585186788609508373,0.49717629547255937
7047494209448166401,7597512785483957259,0.49843627266034407
7050498314663379974,7093023801574867969,0.49906128613305306
7050498314663379974,7128070099412157442,0.4989621600573231
7050498314663379974,7141833908052296709,0.4987725770003556
7050498314663379974,7230689368007574534,0.4992418964694866
7050498314663379974,7255307152083796994,0.4990224871991405
7050498314663379974,7256202462158406658,0.4989621600573231
7050498314663379974,7363363492097065989,0.015455527307550822
7050498314663379974,7402984582746358816,0.49906128613305306
7050498314663379974,7494827943799571486,0.015433287058015187
7050498314663379974,7523591048695170064,0.49879645603551415
7055373226209772549,7192187661674775557,0.016430791492953865
7055373226209772549,7317249968522462213,0.052062454992606255
7055373226209772549,7323298125393003563,0.01639551490271556
7055373226209772549,7324429098661790726,0.016514623778255008
7055373226209772549,7361054820280730629,0.016520136941810495
7055373226209772549,7446622049529594923,0.016590905566514137
7055373226209772549,7454926910012064774,0.01621173614884706
7055373226209772549,7482541173300462614,0.015673055718817525
7055373226209772549,7579316049855841287,0.01581429210666756
7057509455312061445,7202373728666174466,0.03639952077783468
7057509455312061445,7288239669111424005,0.07818925206993328
7057509455312061445,7316815688206861344,0.015371011331952109
7057509455312061445,7333474672351675398,0.015072193956209798
7057509455312061445,7437773895165920312,0.05130492451310322
7057509455312061445,7529208229067621384,0.09357032057427411
7057509455312061445,7533684525809943574,0.03639952077783468
7057509455312061445,7541721033906045972,0.015396052986265896
7057509455312061445,7559878386093442056,0.03639952077783468
7057509455312061445,7570721274922779668,0.03639952077783468
7057509455312061445,7576228097504363527,0.03639952077783468
7057509455312061445,7589963743808947221,0.03627689491972875
7057768423321748481,7072173543165314053,0.4971438509353283
7057768423321748481,7092389272800674817,0.015454536283753267
7057768423321748481,7093310083693724698,0.015444870151902617
7057768423321748481,7128070099412157442,0.4993506327290309
7057768423321748481,7170886050868675589,0.49518356071921543
7057768423321748481,7187952219559248898,0.4988936047731814
7057768423321748481,7192187661674775557,0.015540726181623988
7057768423321748481,7197284105015788549,0.49893008017368
7057768423321748481,7230689368007574534,0.49919391157240534
7057768423321748481,7251253251058959386,0.4987670904244442
7057768423321748481,7252048520768111622,0.4973459827846042
7057768423321748481,7254221734713623557,0.38437688922481106
7057768423321748481,7255307152083796994,0.4993991386523657
7057768423321748481,7256202462158406658,0.5243592791861446
7057768423321748481,7290350607356150827,0.4986920560639061
7057768423321748481,7306969713349805064,0.49844631597425104
7057768423321748481,7323298125393003563,0.015503079017082184
7057768423321748481,7324429098661790726,0.015606313417044604
7057768423321748481,7396903607784490000,0.4976885666033877
7057768423321748481,7442002957991724065,0.4978090282664477
7057768423321748481,7446622049529594923,0.01567919071932288
7057768423321748481,7455253044214449159,0.497147563828376
7057768423321748481,7487688540064531463,0.4951061569302475
7057768423321748481,7493568304607937558,0.49819710149850344
7057768423321748481,7510166423118758918,0.4980626508380398
7057768423321748481,7523591048695170064,0.49901469973123813
7057768423321748481,7539280226653357073,0.48465487420547126
7057768423321748481,7579316049855841287,0.5226105606487564
7057768423321748481,7585186788609508373,0.4970480204839394
7059866762607690753,7071238041176409090,0.012521854686140243
7059866762607690753,7181113461597783046,0.046872177419903675
7059866762607690753,7202373728666174466,0.04703061823988365
7059866762607690753,7403666842986546209,0.010942236878760794
7059866762607690753,7437773895165920312,0.04703061823988365
7059866762607690753,7522457887882445846,0.0132735479532956
7059866762607690753,7533684525809943574,0.04703061823988365
7059866762607690753,7559878386093442056,0.04703061823988365
7059866762607690753,7570721274922779668,0.04703061823988365
7059866762607690753,7576228097504363527,0.04703061823988365
7059866762607690753,7585187926658450454,0.004083656002253183
7060170751220368389,7077174182438011909,0.01646068851622268
7060170751220368389,7251991096619746306,0.0165984128226316
7060170751220368389,7252180988837889067,0.0164809923914087
7060170751220368389,7270136616478458887,0.01527908153070303
7060170751220368389,7300113222412895265,0.015901005179532125
7060170751220368389,7300626193325229061,0.015555124735067951
7060170751220368389,7313835321618678816,0.015264762719186246
7060170751220368389,7379964200321811472,0.015929549334932257
7060170751220368389,7400347622539019270,0.03062618311199473
7060170751220368389,7426970340070818822,0.016540777850091174
7060170751220368389,7454739601820288005,0.015528954321110348
7060170751220368389,7472777689112675361,0.027843471920865573
7060170751220368389,7598645062255739959,0.01559852707209956
7060170751220368389,7613372812347589646,0.028958670234554545
7060956428266505221,7077477385247720474,0.10379584391924272
7060956428266505221,7103710715597571074,0.01549797104988336
7060956428266505221,7143925297570169861,0.024976681057571965
7060956428266505221,7157484883282641925,0.12429420236021743
7060956428266505221,7181113461597783046,0.15257281456220087
7060956428266505221,7223197815592715270,0.15257281456220087
7060956428266505221,7431474919115064326,0.014495354900084871
7060956428266505221,7434627254548382776,0.15257281456220087
7060956428266505221,7523457544536589330,0.014983569758574893
7060956428266505221,7589963743808947221,0.15257281456220087
7061134436725277701,7112272075901092866,0.01598228504724617
7061134436725277701,7187952219559248898,0.016405262903199973
7061134436725277701,7255307152083796994,0.016199764797810604
7061134436725277701,7405527020195284001,0.016294018624367756
7061134436725277701,7510166423118758918,0.015514550465961584
7061134436725277701,7523591048695170064,0.015635489631064824
7061134436725277701,7585186788609508373,0.016191137644353485
7062096839953335302,7143925297570169861,0.024690178510354665
7062096839953335302,7191831178118284294,0.014636093408086238
7062096839953335302,7202373728666174466,0.014968824184593794
7062096839953335302,7287530802672944129,0.014825626103111795
7062096839953335302,7349660179460015147,0.014670527926437926
7062096839953335302,7358089344354354194,0.014779464563248582
7062096839953335302,7516833731350643719,0.014720852657237425
7062096839953335302,7523457544536589330,0.014816488213165153
7062096839953335302,7580931726077330450,0.014804803153422443
7062096839953335302,7620360781880771597,0.014649633175769651
7062668564406666246,7114857710017446917,0.01564961710444289
7062668564406666246,7297306010283181062,0.020789554251962834
7062668564406666246,7323298125393003563,0.016804231483413947
7062668564406666246,7508750993641489415,0.018234072092213657
7062668564406666246,7521665294160200711,0.016207405827925177
7062668564406666246,7557359371543430166,0.015720076845034413
7062668564406666246,7578586528784696332,0.01571869472961613
7062668564406666246,7605645281590510610,0.015721071496422333
7062668564406666246,7614802407563035656,0.015728142098977084
7062743559237534725,7202373728666174466,0.04269618527168356
7062743559237534725,7292436220012790816,0.015086881707518741
7062743559237534725,7315521386973627425,0.015104751767079854
7062743559237534725,7437773895165920312,0.04269618527168356
7062743559237534725,7533684525809943574,0.04269618527168356
7062743559237534725,7559878386093442056,0.04269618527168356
7062743559237534725,7570721274922779668,0.04269618527168356
7062743559237534725,7576228097504363527,0.04269618527168356
7063430535804781574,7154955988025590786,0.016593636573971577
7063430535804781574,7189144603827487746,0.01659478482154669
7063430535804781574,7255459615491753002,0.015583226686466077
7063430535804781574,7453634343190807557,0.016032705167153934
7063430535804781574,7497772332389123079,0.015613640697880241
7063815593522873349,7093023801574867969,0.015588197259970503
7063815593522873349,7097208681418195994,0.015724288344729272
7063815593522873349,7112043590829982747,0.016230997809796647
7063815593522873349,7195872824606163994,0.015734601269084658
7063815593522873349,7265662037903885313,0.015723881634341595
7063815593522873349,7293760186871088133,0.01588891218482245
7063815593522873349,7367761141394998277,0.015869763940108028
7064637015815750702,7202373728666174466,0.06650584129825902
7064637015815750702,7234832896228836357,0.01621904210041167
7064637015815750702,7261422825452422150,0.01699149843783033
7064637015815750702,7376941500363965472,0.016219403287152514
7064637015815750702,7434634221899596833,0.016407367402771864
7064637015815750702,7437773895165920312,0.06650584129825902
7064637015815750702,7444668199523992609,0.016221813699618035
7064637015815750702,7475281813004338198,0.016585893204376524
7064637015815750702,7512265205633008662,0.01659279933515012
7064637015815750702,7533684525809943574,0.06650584129825902
7064637015815750702,7559878386093442056,0.06650584129825902
7064637015815750702,7567226487067427860,0.01659257246295179
7064637015815750702,7570721274922779668,0.06650584129825902
7064637015815750702,7576228097504363527,0.06650584129825902
7066112826317882370,7069559776909493253,0.015304078915126071
7066112826317882370,7077477385247720474,0.016035212042031913
7066112826317882370,7106405480671839259,0.01542787974341419
7066112826317882370,7112782834389517317,0.015070801485186068
7066112826317882370,7134462289780753434,0.01603165601245564
7066112826317882370,7147846060249072645,0.01603340728582729
7066112826317882370,7157662712166630401,0.015300426017223322
7066112826317882370,7161919347677234181,0.015181324211263057
7066112826317882370,7214715708412216325,0.016214061486537805
7066112826317882370,7483576233717400594,0.015180781521040696
7066112826317882370,7553907650837955595,0.01621025802678538
7067407565362037765,7202373728666174466,0.06650584129825902
7067407565362037765,7261422825452422150,0.01699149843783033
7067407565362037765,7437773895165920312,0.06650584129825902
7067407565362037765,7533684525809943574,0.08106707162137053
7067407565362037765,7559878386093442056,0.06650584129825902
7067407565362037765,7570721274922779668,0.06650584129825902
7067407565362037765,7576228097504363527,0.06650584129825902
7068378496390153262,7077477385247720474,0.19202179090566668
7068378496390153262,7138346273199031302,0.014789811321849602
7068378496390153262,7157484883282641925,0.20676295513325893
7068378496390153262,7181113461597783046,0.1684404699465821
7068378496390153262,7223197815592715270,0.1684404699465821
7068378496390153262,7351522222589199365,0.025119617238008273
7068378496390153262,7411689832726545414,0.015445445527023404
7068378496390153262,7434627254548382776,0.1684404699465821
7068378496390153262,7589963743808947221,0.1684404699465821
7069559776909493253,7077477385247720474,0.015462167715235816
7069559776909493253,7106405480671839259,0.014903208186102641
7069559776909493253,7134462289780753434,0.015458731364692039
7069559776909493253,7147846060249072645,0.015460423186859985
7069559776909493253,7157662712166630401,0.014784153227598202
7069559776909493253,7178073990841500673,0.01502886330738798
7069559776909493253,7214715708412216325,0.01562845840794205
7069559776909493253,7399170004366885889,0.015313588585061823
7071238041176409090,7104564907462411307,0.01343038406844818
7071238041176409090,7248103984781755397,0.017436752691324737
7071238041176409090,7282457131139646497,0.014633973425590127
7071238041176409090,7309689805897171970,0.012910563040803784
7071238041176409090,7318306691132589088,0.01333967209004225
7071238041176409090,7363363492097065989,0.014307606460849017
7071238041176409090,7403666842986546209,0.017304979936380346
7071395036047131653,7174050320195568646,0.01623326521110454
7071395036047131653,7312576223157863457,0.01639748513096839
7071395036047131653,7457519820280644613,0.016226929949449888
7071395036047131653,7572160716909806600,0.016233128016914
7071395036047131653,7610364091814872085,0.015891390137660895
7071462271621776411,7202373728666174466,0.06831785164986984
7071462271621776411,7333933730745566213,0.015759408368633158
7071462271621776411,7437773895165920312,0.06831785164986984
7071462271621776411,7533684525809943574,0.06831785164986984
7071462271621776411,7559878386093442056,0.06831785164986984
7071462271621776411,7570721274922779668,0.06831785164986984
7071462271621776411,7576228097504363527,0.06831785164986984
7071636331441603585,7111668860398912513,0.015274000074335173
7071636331441603585,7202373728666174466,0.02894610853901162
7071636331441603585,7265662037903885313,0.015405909582305317
7071636331441603585,7298207797677884422,0.015557055425581078
7071636331441603585,7317393952595297285,0.015272342633758401
7071636331441603585,7367761141394998277,0.01555172865231917
7071636331441603585,7437773895165920312,0.02894610853901162
7071636331441603585,7533684525809943574,0.02894610853901162
7071636331441603585,7559878386093442056,0.02894610853901162
7071636331441603585,7570721274922779668,0.02894610853901162
7071636331441603585,7576228097504363527,0.02894610853901162
7071952426950198278,7110264605897049115,0.018883174306650964
7071952426950198278,7157484883282641925,0.029706201142267658
7071952426950198278,7178073990841500673,0.049339843615016386
7071952426950198278,7181113461597783046,0.03646476369904526
7071952426950198278,7223197815592715270,0.051543470866075844
7071952426950198278,7389067466839983111,0.014967058322053963
7071952426950198278,7434627254548382776,0.03646476369904526
7071952426950198278,7520061487814427656,0.014763985558345592
7071952426950198278,7589963743808947221,0.03646476369904526
7071952426950198278,7592395448494474254,0.06270337323831464
7071952426950198278,7603001410426618881,0.015310042546825303
7072173543165314053,7088069802837967877,0.015886662872834648
7072173543165314053,7128070099412157442,0.4976749521162469
7072173543165314053,7187952219559248898,0.4972357964614116
7072173543165314053,7197284105015788549,0.4972727081365737
7072173543165314053,7230689368007574534,0.49753592673640124
7072173543165314053,7251253251058959386,0.5234702277529487
7072173543165314053,7255307152083796994,0.49773512362787387
7072173543165314053,7256202462158406658,0.4976749521162469
7072173543165314053,7357806298803143713,0.015053893905688486
7072173543165314053,7523591048695170064,0.4975096755728118
7074044643659645958,7174050320195568646,0.016401555186577595
7074044643659645958,7202373728666174466,0.06650584129825902
7074044643659645958,7261422825452422150,0.01699149843783033
7074044643659645958,7307548469060584454,0.016396461890625255
7074044643659645958,7317147259148715013,0.015904302022114746
7074044643659645958,7437773895165920312,0.06650584129825902
7074044643659645958,7463993064467252256,0.016591262900979006
7074044643659645958,7533684525809943574,0.06650584129825902
7074044643659645958,7559878386093442056,0.06650584129825902
7074044643659645958,7570721274922779668,0.06650584129825902
7074044643659645958,7572160716909806600,0.016401684463168097
7074044643659645958,7576228097504363527,0.06650584129825902
7074044643659645958,7610364091814872085,0.01606309690611033
7074661077590197253,7202373728666174466,0.06650584129825902
7074661077590197253,7248602643801932827,0.0160415832243152
7074661077590197253,7261422825452422150,0.01699149843783033
7074661077590197253,7312576223157863457,0.016591869670905084
7074661077590197253,7437773895165920312,0.06650584129825902
7074661077590197253,7533684525809943574,0.06650584129825902
7074661077590197253,7559878386093442056,0.06650584129825902
7074661077590197253,7570721274922779668,0.06650584129825902
7074661077590197253,7576228097504363527,0.06650584129825902
7074661077590197253,7617508216503600150,0.016044546572670085
7075367754325869570,7202373728666174466,0.04269618527168356
7075367754325869570,7437773895165920312,0.04269618527168356
7075367754325869570,7533684525809943574,0.057343350338544014
7075367754325869570,7559878386093442056,0.04269618527168356
7075367754325869570,7570721274922779668,0.04269618527168356
7075367754325869570,7576228097504363527,0.04269618527168356
7077174182438011909,7157484883282641925,0.028896452806380347
7077174182438011909,7181113461597783046,0.03547078666433743
7077174182438011909,7223197815592715270,0.03547078666433743
7077174182438011909,7251991096619746306,0.016611713542447733
7077174182438011909,7252180988837889067,0.016739028274775594
7077174182438011909,7300113222412895265,0.01563696515599348
7077174182438011909,7349660179460015147,0.017007164564175226
7077174182438011909,7400347622539019270,0.015810601745418647
7077174182438011909,7421976792565711905,0.020251346160906916
7077174182438011909,7426970340070818822,0.01626833826295941
7077174182438011909,7434627254548382776,0.03547078666433743
7077174182438011909,7589963743808947221,0.03547078666433743
7077477385247720474,7089082529218593798,0.04509919947212047
7077477385247720474,7097208681418195994,0.02926795771599583
7077477385247720474,7104625198607844379,0.1747640394128484
7077477385247720474,7110285028063872042,0.04509919947212047
7077477385247720474,7112782834389517317,0.015224160261546708
7077477385247720474,7126424782262305797,0.1730196636108592
7077477385247720474,7128070099412157442,0.2792932772373166
7077477385247720474,7128440962807956482,0.08519132053682502
7077477385247720474,7134462289780753434,0.016205811796594118
7077477385247720474,7139448682156131355,0.16264534011506396
7077477385247720474,7147846060249072645,0.06130678066098928
7077477385247720474,7154612198102483973,0.02458972190947495
7077477385247720474,7154955988025590786,0.01962641746244449
7077477385247720474,7157484883282641925,0.464352501592726
7077477385247720474,7157662712166630401,0.015458474174482515
7077477385247720474,7161919347677234181,0.015336939737766158
7077477385247720474,7181113461597783046,0.3401518292006314
7077477385247720474,7187500258129593349,0.04075243449061477
7077477385247720474,7189559133157475354,0.01867325331041029
7077477385247720474,7192962788661724165,0.16264534011506396
7077477385247720474,7206954249904669702,0.018102224106736606
7077477385247720474,7214715708412216325,0.016392159957373125
7077477385247720474,7218748615745274885,0.04509919947212047
7077477385247720474,7223197815592715270,0.3401518292006314
7077477385247720474,7232638793861678082,0.020574848984789482
7077477385247720474,7253090810513097730,0.11067013842287579
7077477385247720474,7255459615491753002,0.06306963004019976
7077477385247720474,7281282899318850566,0.04509919947212047
7077477385247720474,7284750471163970562,0.048045785547379816
7077477385247720474,7290292672361759776,0.04509919947212047
7077477385247720474,7292020279937025030,0.048045785547379816
7077477385247720474,7308377902638728224,0.03448565949927866
7077477385247720474,7311708051199230981,0.14244656187487353
7077477385247720474,7352986419860423712,0.04509919947212047
7077477385247720474,7361054820280730629,0.04509919947212047
7077477385247720474,7367437036964119584,0.01581331125327263
7077477385247720474,7377997874032084000,0.28591072284219543
7077477385247720474,7399170004366885889,0.04509919947212047
7077477385247720474,7414410186095772678,0.048045785547379816
7077477385247720474,7416269225385296902,0.10379584391924272
7077477385247720474,7434627254548382776,0.3401518292006314
7077477385247720474,7436219840279053328,0.02926795771599583
7077477385247720474,7436415158378824725,0.023131905009588605
7077477385247720474,7441015530360570926,0.04144444930856953
7077477385247720474,7447572034136556561,0.0289504893533646
7077477385247720474,7449327343900541984,0.19152615824582186
7077477385247720474,7453634343190807557,0.04509919947212047
7077477385247720474,7454926910012064774,0.020660243263802416
7077477385247720474,7457519820280644613,0.0289504893533646
7077477385247720474,7463351104668501024,0.04509919947212047
7077477385247720474,7463944109431145489,0.0289504893533646
7077477385247720474,7471571264202441729,0.10379584391924272
7077477385247720474,7483576233717400594,0.015336391415809543
7077477385247720474,7495918801364485163,0.04636552790081194
7077477385247720474,7497772332389123079,0.04509919947212047
7077477385247720474,7498665985957823506,0.04509919947212047
7077477385247720474,7502699724320097322,0.01766843701807181
7077477385247720474,7503034501376082986,0.04509919947212047
7077477385247720474,7521069418713990158,0.10379584391924272
7077477385247720474,7525651754726671368,0.02948796905347443
7077477385247720474,7534684083310347265,0.06296651265619746
7077477385247720474,7536210918439863297,0.06344201705261404
7077477385247720474,7553889065608414263,0.048045785547379816
7077477385247720474,7553907650837955595,0.179033656267699
7077477385247720474,7555788949694088210,0.022400343943705672
7077477385247720474,7577464395643552775,0.04509919947212047
7077477385247720474,7577628387390129168,0.020560718958270965
7077477385247720474,7578586528784696332,0.0289504893533646
7077477385247720474,7589963743808947221,0.3401518292006314
7077477385247720474,7592395448494474254,0.10839022668023936
7077477385247720474,7615456357705417750,0.06560483064333429
7077477385247720474,7620360781880771597,0.04509919947212047
7079516740987978757,7146999325209576450,0.015309861942129915
7079516740987978757,7234832896228836357,0.015879259271655847
7079516740987978757,7290292672361759776,0.015567622473569045
7079516740987978757,7317314050736047136,0.015501079498133893
7079516740987978757,7331847404519883819,0.015440359375116623
7079516740987978757,7376941500363965472,0.015878921021542723
7079516740987978757,7421992589585843243,0.015440868392311215
7079516740987978757,7434634221899596833,0.016041393264643267
7079516740987978757,7444668199523992609,0.01587678248505673
7079516740987978757,7493826108368405512,0.01605210088747222
7079516740987978757,7546456230891750422,0.01605210088747222
7079516740987978757,7555033171922912263,0.015577696623583999
7088069802837967877,7092389272800674817,0.016192413661975723
7088069802837967877,7093310083693724698,0.01620319126090657
7088069802837967877,7110264605897049115,0.01623579723778853
7088069802837967877,7125195944199996422,0.015786326695890838
7088069802837967877,7256202462158406658,0.01541633047767026
7088069802837967877,7308377902638728224,0.015449820357743317
7088069802837967877,7359289173456913454,0.015456254228874656
7088069802837967877,7393383072991396869,0.016181709570986382
7088069802837967877,7482541173300462614,0.015411178172847147
7088069802837967877,7483884642539471878,0.016196402645297484
7088069802837967877,7494711694116881415,0.015967961162675317
7089082529218593798,7157484883282641925,0.05400571751054799
7089082529218593798,7181113461597783046,0.06629274870887089
7089082529218593798,7205671848440792069,0.016033133683515693
7089082529218593798,7223197815592715270,0.06629274870887089
7089082529218593798,7434627254548382776,0.06629274870887089
7089082529218593798,7589963743808947221,0.06629274870887089
7091886235563869190,7202373728666174466,0.04269618527168356
7091886235563869190,7333474672351675398,0.015711499510991295
7091886235563869190,7437773895165920312,0.05786965868507579
7091886235563869190,7508750993641489415,0.015120010347976984
7091886235563869190,7533684525809943574,0.04269618527168356
7091886235563869190,7543302231467328534,0.015788999490489584
7091886235563869190,7543955698288739335,0.01592903605125186
7091886235563869190,7550338226915230776,0.015990460974396405
7091886235563869190,7559878386093442056,0.04269618527168356
7091886235563869190,7570721274922779668,0.04269618527168356
7091886235563869190,7573400555184604167,0.015981188400798527
7091886235563869190,7576228097504363527,0.04269618527168356
7091886235563869190,7579972033883882518,0.015545002918524906
7092389272800674817,7093310083693724698,0.016267324525431247
7092389272800674817,7110264605897049115,0.016141748347027023
7092389272800674817,7125195944199996422,0.0156943451186107
7092389272800674817,7181113461597783046,0.015456350521586061
7092389272800674817,7256202462158406658,0.015498151844997792
7092389272800674817,7359289173456913454,0.015538119935596641
7092389272800674817,7393383072991396869,0.016266664874346692
7092389272800674817,7482541173300462614,0.015493000238338531
7092389272800674817,7483884642539471878,0.01610236316384353
7092389272800674817,7494711694116881415,0.01605205861822248
7092389272800674817,7579316049855841287,0.01562945529287535
7093023801574867969,7112043590829982747,0.015597110233824443
7093023801574867969,7128070099412157442,0.4989621600573231
7093023801574867969,7141833908052296709,0.524241251301304
7093023801574867969,7170534828961268738,0.014893150333882143
7093023801574867969,7230689368007574534,0.4992418964694866
7093023801574867969,7255307152083796994,0.4990224871991405
7093023801574867969,7255585908618937370,0.015283267348749746
7093023801574867969,7256202462158406658,0.4989621600573231
7093023801574867969,7402984582746358816,0.49906128613305306
7093023801574867969,7523591048695170064,0.49879645603551415
7093090538711483397,7111181867437802497,0.014846630179042648
7093090538711483397,7125195944199996422,0.03504673946055747
7093090538711483397,7163936659606766598,0.01615382947529228
7093090538711483397,7178262848806650885,0.017300826888022376
7093090538711483397,7351522222589199365,0.024566864010378647
7093090538711483397,7411689832726545414,0.015106114736616218
7093090538711483397,7463944109431145489,0.014935992231140456
7093090538711483397,7469977879825466414,0.014724616845445945
7093090538711483397,7483576233717400594,0.02325285813967054
7093090538711483397,7492091019530798087,0.031703931782208546
7093090538711483397,7516833731350643719,0.0966313367983998
7093090538711483397,7534684083310347265,0.015124802726389656
7093090538711483397,7610364091814872085,0.018191356973786533
7093090538711483397,7620205971531416579,0.014917851159141557
7093310083693724698,7110264605897049115,0.016152525882994106
7093310083693724698,7125195944199996422,0.015704889834994393
7093310083693724698,7181113461597783046,0.015446684438925912
7093310083693724698,7256202462158406658,0.015488486689095925
7093310083693724698,7359289173456913454,0.015528449144277505
7093310083693724698,7393383072991396869,0.016256621830450402
7093310083693724698,7482541173300462614,0.015483335051839046
7093310083693724698,7483884642539471878,0.016113139995576342
7093310083693724698,7494711694116881415,0.016042119110574512
7093310083693724698,7579316049855841287,0.015619707287560168
7094760895809684485,7100966729770140677,0.009722816695403052
7094760895809684485,7189496226865267717,0.01485153007127589
7094760895809684485,7259830210505573382,0.014366820975507946
7094760895809684485,7281769226565796870,0.014221837968556089
7094760895809684485,7297933972808729632,0.014602341752216074
7094760895809684485,7345507730973262881,0.013814291944035668
7094760895809684485,7441608528565224494,0.013761469721320007
7094760895809684485,7489528358398002198,0.01180684979918761
7094760895809684485,7522457887882445846,0.0131898510189884
7094760895809684485,7534543341909083143,0.014886518782441847
7094760895809684485,7538303426845819918,0.014210947092990107
7094798766534280238,7111668860398912513,0.015015828937289541
7094798766534280238,7181113461597783046,0.046872177419903675
7094798766534280238,7202373728666174466,0.04703061823988365
7094798766534280238,7265662037903885313,0.015128644798843696
7094798766534280238,7434627254548382776,0.046872177419903675
7094798766534280238,7437773895165920312,0.04703061823988365
7094798766534280238,7533684525809943574,0.04703061823988365
7094798766534280238,7559878386093442056,0.04703061823988365
7094798766534280238,7570721274922779668,0.04703061823988365
7094798766534280238,7576228097504363527,0.04703061823988365
7094798766534280238,7589963743808947221,0.046872177419903675
7095862401271038981,7178590990041711622,0.016586327102303157
7095862401271038981,7202373728666174466,0.04269618527168356
7095862401271038981,7213907079759856645,0.01657995391997524
7095862401271038981,7377044399681307681,0.016593488245115515
7095862401271038981,7424553645365543942,0.01659081399344566
7095862401271038981,7437773895165920312,0.04269618527168356
7095862401271038981,7533684525809943574,0.04269618527168356
7095862401271038981,7559878386093442056,0.04269618527168356
7095862401271038981,7570721274922779668,0.04269618527168356
7095862401271038981,7576228097504363527,0.04269618527168356
7095862401271038981,7609668379692401697,0.026491801863474624
7096318271246304257,7111668860398912513,0.015109550550554048
7096318271246304257,7124134844511126555,0.03459548637197769
7096318271246304257,7297306010283181062,0.01582023324394078
7096318271246304257,7317393952595297285,0.015111369804376695
7096318271246304257,7345507730973262881,0.04979371535014795
7096318271246304257,7358089344354354194,0.02652731001544035
7096318271246304257,7432711408628679685,0.015829905226941377
7096318271246304257,7492091019530798087,0.015529897874006066
7096318271246304257,7499826250930226194,0.08120194809203046
7096318271246304257,7547644791631135764,0.015540734599843333
7096318271246304257,7562405333067629580,0.015545237748613229
7097208681418195994,7111668860398912513,0.015127208737696893
7097208681418195994,7157484883282641925,0.03504800694961018
7097208681418195994,7181113461597783046,0.043021902579175514
7097208681418195994,7223197815592715270,0.043021902579175514
7097208681418195994,7265662037903885313,0.015272826305759749
7097208681418195994,7317393952595297285,0.015125565493546295
7097208681418195994,7434627254548382776,0.043021902579175514
7097208681418195994,7589963743808947221,0.043021902579175514
7099497683849053190,7104564907462411307,0.015420716545270174
7099497683849053190,7187479709860348934,0.06510075306342071
7099497683849053190,7209676024983487531,0.016107748115709992
7099497683849053190,7210849373168141318,0.016217994954433504
7099497683849053190,7317147259148715013,0.026355064198473357
7099497683849053190,7359928513861927969,0.05252820600583242
7099497683849053190,7421976792565711905,0.016374892173682976
7099497683849053190,7430756915124634630,0.015986577467252988
7099497683849053190,7437501539181642808,0.0407227065310695
7099497683849053190,7498060815040431122,0.03579494792760952
7100966729770140677,7259830210505573382,0.011650932496177855
7100966729770140677,7268149943910089734,0.10396132938981191
7100966729770140677,7281769226565796870,0.01165316616523649
7100966729770140677,7345507730973262881,0.012179881261629636
7100966729770140677,7441608528565224494,0.012492173699052238
7100966729770140677,7489528358398002198,0.015667289753335215
7100966729770140677,7490403226492077078,0.011038789156580613
7100966729770140677,7502699724320097322,0.014520279396163956
7100966729770140677,7534543341909083143,0.009865792885456876
7100966729770140677,7544469740279186488,0.009707163919570296
7101038813632644101,7213907079759856645,0.016221857089657586
7101038813632644101,7230689368007574534,0.016221983266205015
7101038813632644101,7262400527862301702,0.01622289495229934
7101038813632644101,7290292672361759776,0.015566555299389965
7101038813632644101,7358930055361823749,0.015881155076907568
7101038813632644101,7415799988297319429,0.015601620933387513
7101038813632644101,7424553645365543942,0.01621189017395951
7101038813632644101,7435499715750806536,0.015434010979939936
7101038813632644101,7435823402563355704,0.1816556233642731
7101038813632644101,7603626364147123222,0.016220667936095244
7101038813632644101,7610014708498023431,0.015305453919323997
7102031855201911813,7118766647640753178,0.03934449973126862
7102031855201911813,7171985902397834242,0.01587153509272905
7102031855201911813,7187479709860348934,0.01587934096547578
7102031855201911813,7316815688206861344,0.015853579772802835
7102031855201911813,7320351877056791584,0.01616044137378723
7102031855201911813,7437501539181642808,0.030636782327003682
7102031855201911813,7483884642539471878,0.017504418808435767
7102031855201911813,7493498844564489224,0.03934449973126862
7102031855201911813,7508750993641489415,0.015098603084651207
7102031855201911813,7541721033906045972,0.01587931713843707
7102031855201911813,7579972033883882518,0.015691314284155697
7103710715597571074,7296948579905045509,0.015992746020220803
7103710715597571074,7330704995610477600,0.0163674095248387
7103710715597571074,7354374148095181829,0.015738982898653116
7103710715597571074,7421215511235150853,0.015704123185504293
7103710715597571074,7426645678765458449,0.01622346231514079
7103710715597571074,7438808668303623224,0.015856159644547445
7103710715597571074,7553889065608414263,0.016600808387250504
7104324169307259909,7202373728666174466,0.06650584129825902
7104324169307259909,7437773895165920312,0.06650584129825902
7104324169307259909,7462811958108062726,0.015817565667537906
7104324169307259909,7533684525809943574,0.06650584129825902
7104324169307259909,7559878386093442056,0.06650584129825902
7104324169307259909,7570721274922779668,0.06650584129825902
7104324169307259909,7576228097504363527,0.06650584129825902
7104564907462411307,7110285028063872042,0.015433271849773514
7104564907462411307,7195308914127815722,0.01590227926226597
7104564907462411307,7252048520768111622,0.015381622572685915
7104564907462411307,7319637314757575686,0.015268709430976884
7104564907462411307,7327226218813391877,0.015516207999900255
7104564907462411307,7345594575783248902,0.015540720985738696
7104564907462411307,7383047865667322913,0.015428637537558666
7104564907462411307,7430756915124634630,0.015374453788864298
7104564907462411307,7463218092195218454,0.01552281875783026
7104564907462411307,7500049445330256916,0.015336318862901651
7104564907462411307,7529208229067621384,0.046939280978443514
7104564907462411307,7535385905805460487,0.014877706768240037
7104564907462411307,7592395448494474254,0.015221226081033224
7104625198607844379,7157484883282641925,0.1881803573937999
7104625198607844379,7181113461597783046,0.15330206425855425
7104625198607844379,7223197815592715270,0.15330206425855425
7104625198607844379,7434627254548382776,0.15330206425855425
7104625198607844379,7589963743808947221,0.1788004304993758
7106405480671839259,7112782834389517317,0.014682682275084546
7106405480671839259,7157484883282641925,0.021725564082682485
7106405480671839259,7157662712166630401,0.014906229474289878
7106405480671839259,7181113461597783046,0.02666842376476978
7106405480671839259,7223197815592715270,0.02666842376476978
7106405480671839259,7434627254548382776,0.02666842376476978
7106405480671839259,7472777689112675361,0.022247058026296153
7106405480671839259,7589963743808947221,0.02666842376476978
7106405480671839259,7613372812347589646,0.023138106443892165
7106898276444587009,7112272075901092866,0.03119699307904906
7106898276444587009,7140235759920219178,0.015456638628804285
7106898276444587009,7163936659606766598,0.048597081449577445
7106898276444587009,7164695071642977286,0.017313570811556333
7106898276444587009,7253476605544121350,0.026001565714528257
7106898276444587009,7263914736517399557,0.10618450856507251
7106898276444587009,7274983064991810566,0.05692554984255019
7106898276444587009,7316789714857624582,0.13931511783017517
7106898276444587009,7323120700012938245,0.26392718487319106
7106898276444587009,7378567914254959622,0.01984854341955886
7106898276444587009,7387033416446837765,0.1393151178301752
7106898276444587009,7455603448303567877,0.15387994501304664
7106898276444587009,7534224814162166800,0.042898140892264944
7106898276444587009,7542455562676470840,0.01575512632051706
7106898276444587009,7550753650902270984,0.13931511783017517
7106898276444587009,7556669488167650315,0.03320600398089391
7106898276444587009,7585691270368019463,0.017134415800950705
7106898276444587009,7594214580139967544,0.09387753753734601
7110264605897049115,7178073990841500673,0.01903455128793541
7110264605897049115,7189559133157475354,0.2302824715237673
7110264605897049115,7393383072991396869,0.016131044097385385
7110264605897049115,7397174816681264133,0.018216567671854474
7110264605897049115,7441015530360570926,0.07879207471818217
7110264605897049115,7454926910012064774,0.11142721800146108
7110264605897049115,7483884642539471878,0.016250336865372292
7110264605897049115,7494711694116881415,0.015917821025018503
7110264605897049115,7555104317654008839,0.01742896896924147
7110264605897049115,7603001410426618881,0.014854257891014716
7110285028063872042,7157484883282641925,0.05400571751054799
7110285028063872042,7181113461597783046,0.06629274870887089
7110285028063872042,7223197815592715270,0.06629274870887089
7110285028063872042,7319637314757575686,0.0160743581134133
7110285028063872042,7434627254548382776,0.06629274870887089
7110285028063872042,7589963743808947221,0.06629274870887089
7110530423914595334,7165051441248650242,0.015051663908879857
7110530423914595334,7181113461597783046,0.046872177419903675
7110530423914595334,7202373728666174466,0.04703061823988365
7110530423914595334,7205671848440792069,0.015872438932480977
7110530423914595334,7437773895165920312,0.04703061823988365
7110530423914595334,7533684525809943574,0.04703061823988365
7110530423914595334,7559878386093442056,0.04703061823988365
7110530423914595334,7570721274922779668,0.04703061823988365
7110530423914595334,7576228097504363527,0.04703061823988365
7110565549231014913,7202373728666174466,0.04444418066742921
7110565549231014913,7357806298803143713,0.014572141619900522
7110565549231014913,7437773895165920312,0.04444418066742921
7110565549231014913,7533684525809943574,0.05909452344848182
7110565549231014913,7555788949694088210,0.05654820313861228
7110565549231014913,7559878386093442056,0.04444418066742921
7110565549231014913,7570721274922779668,0.04444418066742921
7110565549231014913,7574297613940769793,0.14037283313741084
7110565549231014913,7576228097504363527,0.04444418066742921
7111181867437802497,7213907079759856645,0.041555715222338745
7111181867437802497,7351522222589199365,0.024008018066203677
7111181867437802497,7469977879825466414,0.015432215261131251
7111181867437802497,7493568304607937558,0.01540807090552353
7111181867437802497,7502829652847657991,0.042304245698802596
7111181867437802497,7590371958509700116,0.0518487287846316
7111181867437802497,7620205971531416579,0.015650681006683625
7111185904601400321,7139448682156131355,0.1061248036866993
7111185904601400321,7143638497873413126,0.015626209863452107
7111185904601400321,7181113461597783046,0.07859411035340232
7111185904601400321,7192962788661724165,0.08954347834395276
7111185904601400321,7223197815592715270,0.07859411035340232
7111185904601400321,7296163401382020102,0.016222728000810406
7111185904601400321,7296760772994122757,0.016221552517710017
7111185904601400321,7434627254548382776,0.07859411035340232
7111185904601400321,7445468737078526993,0.016409745264269738
7111185904601400321,7553907650837955595,0.08954347834395276
7111185904601400321,7589457676943606796,0.016403978030388157
7111185904601400321,7589963743808947221,0.07859411035340232
7111668860398912513,7265662037903885313,0.01512756004117059
7111668860398912513,7298207797677884422,0.015274404249776444
7111668860398912513,7317393952595297285,0.01501532976696608
7111668860398912513,7367761141394998277,0.015268347781770133
7111668860398912513,7492091019530798087,0.015347059227892566
7111668860398912513,7547644791631135764,0.015357802679880074
7111668860398912513,7562405333067629580,0.015362268735922372
7111668860398912513,7590371958509700116,0.015016176494993382
7112043590829982747,7195872824606163994,0.015743592223880245
7112043590829982747,7293760186871088133,0.015897986738930756
7112272075901092866,7263914736517399557,0.02377801799546903
7112272075901092866,7274983064991810566,0.021245672067261766
7112272075901092866,7316789714857624582,0.03119699307904906
7112272075901092866,7323120700012938245,0.0591015152418616
7112272075901092866,7387033416446837765,0.03119699307904906
7112272075901092866,7455603448303567877,0.034458511426077795
7112272075901092866,7550753650902270984,0.03119699307904906
7112272075901092866,7555104317654008839,0.016105556022909067
7112782834389517317,7118766647640753178,0.014794488355833215
7112782834389517317,7134462289780753434,0.01522077400953536
7112782834389517317,7147846060249072645,0.015222440956654062
7112782834389517317,7178073990841500673,0.014804652699974342
7112782834389517317,7292436220012790816,0.06408534346010462
7112782834389517317,7399170004366885889,0.015080999480689819
7112782834389517317,7534224814162166800,0.014794641135883373
7114285700455515162,7181113461597783046,0.046872177419903675
7114285700455515162,7184248317454042158,0.015284655671427462
7114285700455515162,7202373728666174466,0.04703061823988365
7114285700455515162,7434627254548382776,0.046872177419903675
7114285700455515162,7437773895165920312,0.04703061823988365
7114285700455515162,7533684525809943574,0.04703061823988365
7114285700455515162,7559878386093442056,0.04703061823988365
7114285700455515162,7570721274922779668,0.04703061823988365
7114285700455515162,7576228097504363527,0.04703061823988365
7114285700455515162,7589963743808947221,0.046872177419903675
7114857710017446917,7124134844511126555,0.015526627089046155
7114857710017446917,7157484883282641925,0.025533054329429476
7114857710017446917,7181113461597783046,0.0313421695415901
7114857710017446917,7223197815592715270,0.0313421695415901
7114857710017446917,7309689805897171970,0.014074881229286438
7114857710017446917,7407221110629073926,0.06299429324948785
7114857710017446917,7434627254548382776,0.0313421695415901
7114857710017446917,7476936817243604001,0.024283512992833767
7114857710017446917,7519531111723222072,0.06124532361024903
7114857710017446917,7589963743808947221,0.0313421695415901
7115031152766813185,7158268924675752966,0.01649357485008302
7115031152766813185,7187464196166288389,0.01653670975024918
7115031152766813185,7317249968522462213,0.016187662794970203
7115031152766813185,7323679526399083553,0.016393755456873847
7115031152766813185,7340377245914547206,0.01618954565367404
7115031152766813185,7436296718439875639,0.015567782205141037
7115031152766813185,7550753650902270984,0.016288659882266455
7115031152766813185,7601465278044668949,0.016071470778222775
7118597435305722926,7128440962807956482,0.016210328517395102
7118597435305722926,7333933730745566213,0.016219124679898497
7118597435305722926,7376897362978096145,0.016218807268185052
7118597435305722926,7414410186095772678,0.01602832468420504
7118597435305722926,7416287041577305094,0.01621809686238452
7118597435305722926,7436219840279053328,0.016034426331411143
7118597435305722926,7531355177938682896,0.016213831440145963
7118766647640753178,7157662712166630401,0.015021453186363548
7118766647640753178,7399170004366885889,0.015571033171333364
7118766647640753178,7437501539181642808,0.055542315685893726
7118766647640753178,7483884642539471878,0.03173427107909086
7118766647640753178,7493498844564489224,0.11888131730310891
7118766647640753178,7525651754726671368,0.015719495208971285
7122494145399047194,7124134844511126555,0.015309793827149776
7122494145399047194,7139448682156131355,0.01577066975171088
7122494145399047194,7287249230892106758,0.014922193777193738
7122494145399047194,7378695724613616658,0.015310940006847754
7122494145399047194,7461329320323253254,0.014922033637622477
7122494145399047194,7474455005735437329,0.015449975167990697
7122494145399047194,7475477880530502689,0.014877160458974373
7122494145399047194,7495346041269814279,0.015311368955244783
7122494145399047194,7519531111723222072,0.01513119937604103
7122494145399047194,7613356856131453972,0.014921088221786042
7123824749314589742,7232080941065569285,0.014790018603249999
7123824749314589742,7319108928196903968,0.015556394860388815
7123824749314589742,7337084105261138976,0.015040958270256186
7123824749314589742,7337597547799020549,0.015251313059684224
7123824749314589742,7349160078996276230,0.01499885249510892
7123824749314589742,7424539742974477318,0.015432011810591614
7124134844511126555,7139448682156131355,0.016072889869351285
7124134844511126555,7345507730973262881,0.024150666113695148
7124134844511126555,7378695724613616658,0.015593433950272935
7124134844511126555,7461329320323253254,0.01518262925556502
7124134844511126555,7474455005735437329,0.015740147830578276
7124134844511126555,7495346041269814279,0.015592936565280893
7124134844511126555,7499826250930226194,0.02363046568060207
7124134844511126555,7519531111723222072,0.017114601011034174
7124837748766721026,7202373728666174466,0.06650584129825902
7124837748766721026,7205671848440792069,0.016039975418415835
7124837748766721026,7261422825452422150,0.01699149843783033
7124837748766721026,7437773895165920312,0.06650584129825902
7124837748766721026,7533684525809943574,0.06650584129825902
7124837748766721026,7559878386093442056,0.06650584129825902
7124837748766721026,7570721274922779668,0.06650584129825902
7124837748766721026,7576228097504363527,0.06650584129825902
7125195944199996422,7157484883282641925,0.041105361309601664
7125195944199996422,7181113461597783046,0.05045738698597132
7125195944199996422,7223197815592715270,0.05045738698597132
7125195944199996422,7357806298803143713,0.014860749110902065
7125195944199996422,7434627254548382776,0.05045738698597132
7125195944199996422,7589963743808947221,0.05045738698597132
7126145497094947845,7128070099412157442,0.015937625307785492
7126145497094947845,7235706083913876498,0.01598033104026725
7126145497094947845,7274983064991810566,0.015950029576931708
7126145497094947845,7396903607784490000,0.015973090817242432
7126145497094947845,7409739423779357702,0.01598841922848341
7126145497094947845,7471571264202441729,0.01602432237501029
7126145497094947845,7499448682740204566,0.015960130419660837
7126145497094947845,7503034501376082986,0.015666146396562976
7126145497094947845,7528317052487566392,0.01585654264616176
7126145497094947845,7597512785483957259,0.015785074828529092
7126405978883916806,7202373728666174466,0.06650584129825902
7126405978883916806,7261422825452422150,0.01699149843783033
7126405978883916806,7437773895165920312,0.06650584129825902
7126405978883916806,7452648710973441029,0.015012882949188065
7126405978883916806,7493498844564489224,0.014788676929291679
7126405978883916806,7502829652847657991,0.015137488117135467
7126405978883916806,7529208229067621384,0.015722746554421525
7126405978883916806,7533684525809943574,0.06650584129825902
7126405978883916806,7559878386093442056,0.06650584129825902
7126405978883916806,7570721274922779668,0.06650584129825902
7126405978883916806,7576228097504363527,0.06650584129825902
7126424782262305797,7157484883282641925,0.1941081108603865
7126424782262305797,7181113461597783046,0.19009999501991104
7126424782262305797,7190421222563251226,0.01555167880115322
7126424782262305797,7207214184994898949,0.015553358023451124
7126424782262305797,7223197815592715270,0.19009999501991104
7126424782262305797,7307548469060584454,0.03427331240325303
7126424782262305797,7333933730745566213,0.016052129966308754
7126424782262305797,7408910802202461190,0.017011543994518322
7126424782262305797,7418987475336971269,0.02364297442096767
7126424782262305797,7434627254548382776,0.19009999501991104
7126424782262305797,7487696987476886560,0.015552939069338995
7126424782262305797,7589963743808947221,0.19009999501991104
7128070099412157442,7141833908052296709,0.49924989555189625
7128070099412157442,7170886050868675589,0.4959022773804631
7128070099412157442,7187952219559248898,0.49943039581428206
7128070099412157442,7197284105015788549,0.49946308959193486
7128070099412157442,7230689368007574534,0.49972539611080763
7128070099412157442,7235706083913876498,0.016570148406726257
7128070099412157442,7251253251058959386,0.49932658328373647
7128070099412157442,7252048520768111622,0.49792691461224114
7128070099412157442,7253090810513097730,0.1030314188414415
7128070099412157442,7254221734713623557,0.3857999013152358
7128070099412157442,7255307152083796994,0.49996749970747084
7128070099412157442,7256202462158406658,0.4999999999999999
7128070099412157442,7290350607356150827,0.4992473971219472
7128070099412157442,7306969713349805064,0.4990206672058985
7128070099412157442,7311708051199230981,0.23308995407813993
7128070099412157442,7327226218813391877,0.49836854974969774
7128070099412157442,7355557262863336453,0.49905244592340947
7128070099412157442,7377997874032084000,0.49891057449893106
7128070099412157442,7396903607784490000,0.49826077737283136
7128070099412157442,7402984582746358816,0.4989621600573231
7128070099412157442,7405527020195284001,0.016552425449659264
7128070099412157442,7442002957991724065,0.49837884442805397
7128070099412157442,7455253044214449159,0.49779406617689165
7128070099412157442,7487688540064531463,0.49575000458536844
7128070099412157442,7493568304607937558,0.4987673618674
7128070099412157442,7510166423118758918,0.4985947335773392
7128070099412157442,7523591048695170064,0.4995496740932679
7128070099412157442,7528317052487566392,0.016317298597548203
7128070099412157442,7539280226653357073,0.4853253100872027
7128070099412157442,7579316049855841287,0.49755742041639833
7128070099412157442,7585186788609508373,0.4975828257447002
7128070099412157442,7592395448494474254,0.10090887210006559
7128070099412157442,7597512785483957259,0.5261620057218442
7128440962807956482,7157484883282641925,0.09173130352977464
7128440962807956482,7181113461597783046,0.07472936274009748
7128440962807956482,7223197815592715270,0.07472936274009748
7128440962807956482,7434627254548382776,0.07472936274009748
7128440962807956482,7531355177938682896,0.016588191255744206
7128440962807956482,7589963743808947221,0.07472936274009748
7132827351868277765,7156899651936486405,0.0160486963433948
7132827351868277765,7190421222563251226,0.01587472573649733
7132827351868277765,7202373728666174466,0.06650584129825902
7132827351868277765,7207214184994898949,0.015884945958813124
7132827351868277765,7261422825452422150,0.01699149843783033
7132827351868277765,7437773895165920312,0.06650584129825902
7132827351868277765,7481202044420228112,0.01588438881759137
7132827351868277765,7487696987476886560,0.015885382969442412
7132827351868277765,7529208229067621384,0.016209425868484104
7132827351868277765,7533684525809943574,0.06650584129825902
7132827351868277765,7559878386093442056,0.06650584129825902
7132827351868277765,7570721274922779668,0.06650584129825902
7132827351868277765,7576228097504363527,0.06650584129825902
7133356593046897669,7139448682156131355,0.015867614971258742
7133356593046897669,7202373728666174466,0.06650584129825902
7133356593046897669,7235505872251520046,0.015479618421117482
7133356593046897669,7261422825452422150,0.01699149843783033
7133356593046897669,7373912731559609352,0.015479014197891576
7133356593046897669,7386533375073682449,0.015480773278822683
7133356593046897669,7437773895165920312,0.06650584129825902
7133356593046897669,7495346041269814279,0.015043069953050032
7133356593046897669,7533684525809943574,0.06650584129825902
7133356593046897669,7559878386093442056,0.06650584129825902
7133356593046897669,7570721274922779668,0.06650584129825902
7133356593046897669,7576228097504363527,0.06650584129825902
7134462289780753434,7147846060249072645,0.016207870478907233
7134462289780753434,7214715708412216325,0.01639620347860194
7134462289780753434,7232638793861678082,0.016388938974106544
7134462289780753434,7553907650837955595,0.016392359657136365
7138346273199031302,7187464196166288389,0.015131904245973878
7138346273199031302,7230061843074139142,0.01471139677819364
7138346273199031302,7351522222589199365,0.02463023419012798
7138346273199031302,7411689832726545414,0.01513875693072388
7138346273199031302,7463944109431145489,0.014971266176744893
7138346273199031302,7534684083310347265,0.015157104969428242
7138346273199031302,7571272033645626385,0.014715638025886855
7138346273199031302,7620205971531416579,0.014326676146869222
7139448682156131355,7157484883282641925,0.17513132755524255
7139448682156131355,7192962788661724165,0.5
7139448682156131355,7227584300489081862,0.015867614971258742
7139448682156131355,7262400527862301702,0.08403221727363357
7139448682156131355,7263621228413191173,0.015867614971258742
7139448682156131355,7287249230892106758,0.03150367212727412
7139448682156131355,7298207797677884422,0.015867614971258742
7139448682156131355,7317431073687815173,0.015867614971258742
7139448682156131355,7319108928196903968,0.015867614971258742
7139448682156131355,7331847404519883819,0.015867614971258742
7139448682156131355,7378695724613616658,0.02625833667599561
7139448682156131355,7380407783943881734,0.015867614971258742
7139448682156131355,7421215511235150853,0.08954347834395276
7139448682156131355,7424539742974477318,0.015867614971258742
7139448682156131355,7434627254548382776,0.142671607187862
7139448682156131355,7461329320323253254,0.01563588934416445
7139448682156131355,7469354913887241217,0.015867614971258742
7139448682156131355,7469616549301634065,0.015867614971258742
7139448682156131355,7480684683241473025,0.015867614971258742
7139448682156131355,7495346041269814279,0.016070948868787002
7139448682156131355,7515508502254732331,0.015867614971258742
7139448682156131355,7532290090426237972,0.015867614971258742
7139448682156131355,7549955744930825222,0.015867614971258742
7139448682156131355,7553907650837955595,0.5
7139448682156131355,7562405333067629580,0.06708228634166095
7139448682156131355,7573875560531805204,0.015867614971258742
7139448682156131355,7575049308014576661,0.015867614971258742
7139448682156131355,7598645062255739959,0.015867614971258742
7139448682156131355,7601825276554118152,0.015867614971258742
7139448682156131355,7613356856131453972,0.02582177343752028
7139904829536011269,7181113461597783046,0.03580993854967912
7139904829536011269,7195308914127815722,0.016166956273986736
7139904829536011269,7202373728666174466,0.035930985967135655
7139904829536011269,7223197815592715270,0.03580993854967912
7139904829536011269,7226986584104600578,0.016068132299415425
7139904829536011269,7309226277922309152,0.016207460753352
7139904829536011269,7379189727608570886,0.016200802997078385
7139904829536011269,7437773895165920312,0.035930985967135655
7139904829536011269,7533684525809943574,0.035930985967135655
7139904829536011269,7559878386093442056,0.035930985967135655
7139904829536011269,7570721274922779668,0.035930985967135655
7139904829536011269,7576228097504363527,0.035930985967135655
7139904829536011269,7589963743808947221,0.03580993854967912
7140235759920219178,7185944755032146946,0.015276531290455602
7140235759920219178,7253476605544121350,0.025255098972583902
7140235759920219178,7353421506658124833,0.015158249948130085
7140235759920219178,7517915187601720327,0.015405807873651381
7140235759920219178,7542455562676470840,0.015298995283800411
7140235759920219178,7556669488167650315,0.015292643297992351
7140235759920219178,7589963743808947221,0.015418561347807586
7141833908052296709,7170534828961268738,0.015153266499499256
7141833908052296709,7197284105015788549,0.4988463786298887
7141833908052296709,7230689368007574534,0.499529793279088
7141833908052296709,7247153806412252165,0.015031125580718768
7141833908052296709,7255307152083796994,0.49931025748244395
7141833908052296709,7255585908618937370,0.015552611044557836
7141833908052296709,7256202462158406658,0.49924989555189625
7141833908052296709,7299759192024466438,0.015029134129646213
7141833908052296709,7327226218813391877,0.4981791922378031
7141833908052296709,7355557262863336453,0.49881479760127806
7141833908052296709,7402984582746358816,0.4987725770003556
7141833908052296709,7523591048695170064,0.4989307096218447
7141833908052296709,7597512785483957259,0.4986421347773837
7143638497873413126,7296163401382020102,0.015312159772160331
7143638497873413126,7296760772994122757,0.01531313818906813
7143638497873413126,7445468737078526993,0.015465062915354834
7143638497873413126,7469354913887241217,0.014784888112454025
7143638497873413126,7469616549301634065,0.014763816042647336
7143638497873413126,7480684683241473025,0.014774483832255872
7143638497873413126,7494339416820270087,0.014459063708168107
7143638497873413126,7559878386093442056,0.014892936216277096
7143638497873413126,7589457676943606796,0.01546917951797947
7143925297570169861,7155676547864691718,0.024519962655529744
7143925297570169861,7287530802672944129,0.02593594587693778
7143925297570169861,7349660179460015147,0.025692635629276955
7143925297570169861,7354374148095181829,0.02540537562772156
7143925297570169861,7426645678765458449,0.02607166031481712
7143925297570169861,7431474919115064326,0.025076863776143255
7143925297570169861,7438808668303623224,0.02566594064206468
7143925297570169861,7523457544536589330,0.025948701936545807
7146999325209576450,7234832896228836357,0.015306582869644219
7146999325209576450,7290292672361759776,0.015022248567117683
7146999325209576450,7376941500363965472,0.015306256500270982
7146999325209576450,7415799988297319429,0.015024676913295112
7146999325209576450,7418987475336971269,0.11146726415217266
7146999325209576450,7444668199523992609,0.01530419101776538
7146999325209576450,7493826108368405512,0.015467438659780832
7146999325209576450,7546456230891750422,0.015467438659780832
7146999325209576450,7555033171922912263,0.015026702693767793
7147846060249072645,7157484883282641925,0.05400571751054799
7147846060249072645,7161919347677234181,0.015335208202586667
7147846060249072645,7181113461597783046,0.06629274870887089
7147846060249072645,7214715708412216325,0.01639424397148134
7147846060249072645,7223197815592715270,0.06629274870887089
7147846060249072645,7434627254548382776,0.06629274870887089
7147846060249072645,7483576233717400594,0.015334659877472479
7147846060249072645,7589963743808947221,0.06629274870887089
7150565541089985542,7202373728666174466,0.035203308649367014
7150565541089985542,7307548469060584454,0.04216971244084974
7150565541089985542,7408910802202461190,0.020930918785533343
7150565541089985542,7418987475336971269,0.029090197668899406
7150565541089985542,7437773895165920312,0.035203308649367014
7150565541089985542,7445468737078526993,0.15551621465073862
7150565541089985542,7533684525809943574,0.035203308649367014
7150565541089985542,7559878386093442056,0.035203308649367014
7150565541089985542,7570721274922779668,0.035203308649367014
7150565541089985542,7576228097504363527,0.035203308649367014
7151042722353218565,7248602643801932827,0.015141100706716853
7151042722353218565,7292436220012790816,0.015440266812687524
7151042722353218565,7315521386973627425,0.01545851953786386
7151042722353218565,7325894078187717675,0.2519358178029779
7151042722353218565,7379189727608570886,0.17476599228886336
7151042722353218565,7434627254548382776,0.01543831094545759
7151042722353218565,7575174922190177312,0.061220753570990785
7151042722353218565,7617626564747166734,0.06678566309410376
7151417501942219781,7330899919002027051,0.014832217788126347
7151417501942219781,7364138059266688005,0.028125381040179396
7151417501942219781,7421976792565711905,0.014754295887866857
7154612198102483973,7157484883282641925,0.02758683242596981
7154612198102483973,7181113461597783046,0.027017195126709286
7154612198102483973,7220015726932362267,0.016213929228434086
7154612198102483973,7223197815592715270,0.027017195126709286
7154612198102483973,7232053097944777733,0.285979269196388
7154612198102483973,7320351877056791584,0.01738929578046562
7154612198102483973,7365635139777823749,0.015855359214593384
7154612198102483973,7398073899592352769,0.01620419048524963
7154612198102483973,7428767448856282118,0.015421779800865943
7154612198102483973,7434627254548382776,0.027017195126709286
7154612198102483973,7509040397092865042,0.015699064779376735
7154612198102483973,7537837262555235350,0.015702818333664943
7154612198102483973,7589963743808947221,0.027017195126709286
7154955988025590786,7157484883282641925,0.023502385178169265
7154955988025590786,7181113461597783046,0.028849495692213754
7154955988025590786,7189144603827487746,0.016588781145040848
7154955988025590786,7223197815592715270,0.028849495692213754
7154955988025590786,7434627254548382776,0.028849495692213754
7154955988025590786,7589963743808947221,0.028849495692213754
7155676547864691718,7191831178118284294,0.014329470797408253
7155676547864691718,7202373728666174466,0.01464941394347862
7155676547864691718,7287530802672944129,0.01472332946502278
7155676547864691718,7349660179460015147,0.014571242666267213
7155676547864691718,7354374148095181829,0.01441453424142866
7155676547864691718,7358089344354354194,0.014465458771612894
7155676547864691718,7438808668303623224,0.014556100179813685
7155676547864691718,7516833731350643719,0.014410534580294582
7155676547864691718,7523457544536589330,0.014714325417169261
7155676547864691718,7580931726077330450,0.014490526697135133
7155676547864691718,7620360781880771597,0.014342822804382807
7156899651936486405,7157484883282641925,0.016036637485047002
7156899651936486405,7190421222563251226,0.015707372475504678
7156899651936486405,7195308914127815722,0.025561246415054507
7156899651936486405,7207214184994898949,0.015717424518695813
7156899651936486405,7358089344354354194,0.02270827245629974
7156899651936486405,7384904311195599878,0.023971347092131227
7156899651936486405,7472777689112675361,0.01839395005719147
7156899651936486405,7481202044420228112,0.015716873200726116
7156899651936486405,7487696987476886560,0.015717856876237023
7156899651936486405,7492091019530798087,0.01808330969763587
7156899651936486405,7529208229067621384,0.016035304397855003
7156899651936486405,7535561785211552776,0.016219705262713643
7156899651936486405,7613372812347589646,0.01913067219242515
7157484883282641925,7174050320195568646,0.016569128776875004
7157484883282641925,7178073990841500673,0.029944340926464908
7157484883282641925,7178262848806650885,0.023910911741976494
7157484883282641925,7181113461597783046,0.4073274872619761
7157484883282641925,7187479709860348934,0.036109012319228743
7157484883282641925,7187500258129593349,0.04880052175488812
7157484883282641925,7189559133157475354,0.022360983234488162
7157484883282641925,7192962788661724165,0.17513132755524255
7157484883282641925,7206954249904669702,0.021677183029055736
7157484883282641925,7218748615745274885,0.05400571751054799
7157484883282641925,7222053350383944705,0.021763469556990014
7157484883282641925,7223197815592715270,0.4073274872619761
7157484883282641925,7232638793861678082,0.024638119858017102
7157484883282641925,7248103984781755397,0.01671058143547331
7157484883282641925,7253090810513097730,0.10277991125655128
7157484883282641925,7255459615491753002,0.0755250794540467
7157484883282641925,7262400527862301702,0.08490076848267332
7157484883282641925,7263081302823552005,0.051165195881085646
7157484883282641925,7267394392368514053,0.02503459793164437
7157484883282641925,7281282899318850566,0.06972824038030725
7157484883282641925,7282348803772318726,0.023930320776296175
7157484883282641925,7284750471163970562,0.05753421684232312
7157484883282641925,7290292672361759776,0.05400571751054799
7157484883282641925,7292020279937025030,0.05753421684232312
7157484883282641925,7308377902638728224,0.04129613844330666
7157484883282641925,7352986419860423712,0.05400571751054799
7157484883282641925,7359289173456913454,0.027927452420703956
7157484883282641925,7361054820280730629,0.05400571751054799
7157484883282641925,7367437036964119584,0.01893623901192625
7157484883282641925,7399170004366885889,0.05400571751054799
7157484883282641925,7414410186095772678,0.05753421684232312
7157484883282641925,7416269225385296902,0.12429420236021743
7157484883282641925,7434627254548382776,0.4073274872619761
7157484883282641925,7436219840279053328,0.03504800694961018
7157484883282641925,7436415158378824725,0.027700161910876923
7157484883282641925,7441015530360570926,0.04962920069396068
7157484883282641925,7447572034136556561,0.05053934881051092
7157484883282641925,7449327343900541984,0.211542657617468
7157484883282641925,7453634343190807557,0.05400571751054799
7157484883282641925,7454926910012064774,0.024740378420549693
7157484883282641925,7457519820280644613,0.03466784262493305
7157484883282641925,7463351104668501024,0.05400571751054799
7157484883282641925,7463944109431145489,0.03466784262493305
7157484883282641925,7471571264202441729,0.12429420236021743
7157484883282641925,7492091019530798087,0.027066317564985357
7157484883282641925,7495918801364485163,0.055522129690719055
7157484883282641925,7497772332389123079,0.05400571751054799
7157484883282641925,7498665985957823506,0.05400571751054799
7157484883282641925,7502699724320097322,0.02115772851003182
7157484883282641925,7503034501376082986,0.05400571751054799
7157484883282641925,7516833731350643719,0.024748865217868076
7157484883282641925,7521069418713990158,0.12429420236021743
7157484883282641925,7525651754726671368,0.03531146772674288
7157484883282641925,7529208229067621384,0.016207760914161953
7157484883282641925,7534684083310347265,0.0678003375024607
7157484883282641925,7536210918439863297,0.0683123455080013
7157484883282641925,7553889065608414263,0.05753421684232312
7157484883282641925,7553907650837955595,0.17513132755524255
7157484883282641925,7555788949694088210,0.02682412684311009
7157484883282641925,7577464395643552775,0.05400571751054799
7157484883282641925,7577628387390129168,0.02462119933105637
7157484883282641925,7578586528784696332,0.03466784262493305
7157484883282641925,7589963743808947221,0.4073274872619761
7157484883282641925,7592395448494474254,0.10066254581434357
7157484883282641925,7601465278044668949,0.01786130907863074
7157484883282641925,7615456357705417750,0.07246122594398978
7157484883282641925,7620360781880771597,0.05400571751054799
7157662712166630401,7164695071642977286,0.026486030683917118
7157662712166630401,7178073990841500673,0.015031908269121354
7157662712166630401,7323120700012938245,0.019727311648363915
7157662712166630401,7399170004366885889,0.015316686064000443
7157662712166630401,7534224814162166800,0.01502160815517008
7158268924675752966,7187464196166288389,0.01658146182288852
7158268924675752966,7232080941065569285,0.015115517746194261
7158268924675752966,7317249968522462213,0.01619652946581761
7158268924675752966,7323679526399083553,0.01634838018161675
7158268924675752966,7340377245914547206,0.016194872425273465
7158268924675752966,7436296718439875639,0.015689230856148786
7158268924675752966,7601465278044668949,0.016196111621478125
7158268924675752966,7615456357705417750,0.01518273707189235
7160888724522812418,7202373728666174466,0.06650584129825902
7160888724522812418,7261422825452422150,0.03250823013447824
7160888724522812418,7316815688206861344,0.015625529800949438
7160888724522812418,7437773895165920312,0.06650584129825902
7160888724522812418,7476936817243604001,0.016036828924669684
7160888724522812418,7533684525809943574,0.06650584129825902
7160888724522812418,7559878386093442056,0.06650584129825902
7160888724522812418,7570721274922779668,0.06650584129825902
7160888724522812418,7576228097504363527,0.06650584129825902
7161919347677234181,7203670961974690817,0.02550748493076717
7161919347677234181,7297306010283181062,0.0228638190243363
7161919347677234181,7358089344354354194,0.01762892087274405
7161919347677234181,7399170004366885889,0.015195972458952482
7161919347677234181,7508750993641489415,0.04145356693285661
7162956025019384837,7284750471163970562,0.015717644701546473
7162956025019384837,7317431073687815173,0.015162061428164486
7162956025019384837,7515508502254732331,0.015186804524231007
7162956025019384837,7532290090426237972,0.01556518740777178
7162956025019384837,7595754884038427661,0.015162921701888614
7162956025019384837,7617626564747166734,0.015165087790287635
7162956025019384837,7618800850517410830,0.015644491478899656
7163936659606766598,7263914736517399557,0.03704018122218814
7163936659606766598,7274983064991810566,0.033095422154550934
7163936659606766598,7316789714857624582,0.048597081449577445
7163936659606766598,7323120700012938245,0.09206531997248946
7163936659606766598,7378567914254959622,0.03589850969835134
7163936659606766598,7387033416446837765,0.048597081449577445
7163936659606766598,7455603448303567877,0.06854041429278862
7163936659606766598,7483576233717400594,0.021895936812507164
7163936659606766598,7494827943799571486,0.015430614471992104
7163936659606766598,7550753650902270984,0.048597081449577445
7163936659606766598,7556669488167650315,0.035222651051960464
7163936659606766598,7585691270368019463,0.034571384139621505
7163936659606766598,7594214580139967544,0.032747159167244494
7164695071642977286,7263081302823552005,0.07233072371138202
7164695071642977286,7316789714857624582,0.017313570811556333
7164695071642977286,7323120700012938245,0.03279990051020127
7164695071642977286,7333933730745566213,0.015902765848482672
7164695071642977286,7376897362978096145,0.01590306081202031
7164695071642977286,7387033416446837765,0.017313570811556333
7164695071642977286,7397098503866041349,0.016857440246636265
7164695071642977286,7455603448303567877,0.019123634002947514
7164695071642977286,7550753650902270984,0.017313570811556333
7164695071642977286,7577628387390129168,0.018331935239281272
7165051441248650242,7205671848440792069,0.015056948727811747
7165051441248650242,7236791190447686683,0.015058051786519363
7165051441248650242,7346466630966412293,0.015059147760129081
7165051441248650242,7456825610020160518,0.014917435989194826
7165051441248650242,7490579692137137174,0.014791572572355315
7165051441248650242,7526713237481833504,0.01491739723213102
7165051441248650242,7556652869841044512,0.0149186210415876
7165051441248650242,7577628387390129168,0.014922036008146011
7170534828961268738,7184248317454042158,0.015284281251217892
7170534828961268738,7195872824606163994,0.015014714382240212
7170534828961268738,7255585908618937370,0.015151187436110075
7170534828961268738,7402268913452663809,0.015284960937934699
7170534828961268738,7441015530360570926,0.015144933001193484
7170534828961268738,7538449740879660045,0.015443858676626116
7170886050868675589,7187952219559248898,0.49525453646416195
7170886050868675589,7197284105015788549,0.4952841309103505
7170886050868675589,7230689368007574534,0.4955429064404212
7170886050868675589,7251253251058959386,0.495185927911373
7170886050868675589,7253090810513097730,0.10261188682344025
7170886050868675589,7255307152083796994,0.4958100968436025
7170886050868675589,7256202462158406658,0.4959022773804631
7170886050868675589,7432711408628679685,0.015516130388358005
7170886050868675589,7523591048695170064,0.49537137741873316
7170886050868675589,7592395448494474254,0.10049798284684158
7171985902397834242,7202373728666174466,0.06650584129825902
7171985902397834242,7261422825452422150,0.01699149843783033
7171985902397834242,7316815688206861344,0.015864901568012884
7171985902397834242,7320351877056791584,0.016172020304017553
7171985902397834242,7437773895165920312,0.08175233688999317
7171985902397834242,7533684525809943574,0.06650584129825902
7171985902397834242,7541721033906045972,0.01587473350148645
7171985902397834242,7559878386093442056,0.06650584129825902
7171985902397834242,7570721274922779668,0.06650584129825902
7171985902397834242,7576228097504363527,0.06650584129825902
7171985902397834242,7579972033883882518,0.015680437355108306
7174050320195568646,7181113461597783046,0.020338829682538008
7174050320195568646,7223197815592715270,0.020338829682538008
7174050320195568646,7434627254548382776,0.020338829682538008
7174050320195568646,7463993064467252256,0.016399857857188463
7174050320195568646,7572160716909806600,0.01623786424560599
7174050320195568646,7589963743808947221,0.020338829682538008
7174050320195568646,7610364091814872085,0.015896031461905488
7175189895740425221,7178590990041711622,0.016209810450564632
7175189895740425221,7306969713349805064,0.016027374998997514
7175189895740425221,7355557262863336453,0.01620081848699593
7175189895740425221,7572620715221812246,0.016023120773369388
7175189895740425221,7585691270368019463,0.016192205110952356
7175189895740425221,7609668379692401697,0.025926751932484008
7178073990841500673,7181113461597783046,0.03675708350515264
7178073990841500673,7223197815592715270,0.03675708350515264
7178073990841500673,7267394392368514053,0.05293239254569136
7178073990841500673,7434627254548382776,0.03675708350515264
7178073990841500673,7589963743808947221,0.03675708350515264
7178073990841500673,7592395448494474254,0.039281112543217166
7178073990841500673,7603001410426618881,0.015432775514621855
7178262848806650885,7181113461597783046,0.02935096757489139
7178262848806650885,7223197815592715270,0.02935096757489139
7178262848806650885,7434627254548382776,0.02935096757489139
7178262848806650885,7483576233717400594,0.023450650690826906
7178262848806650885,7516833731350643719,0.02103168436851718
7178262848806650885,7589963743808947221,0.02935096757489139
7178590990041711622,7181113461597783046,0.018414837419401843
7178590990041711622,7223197815592715270,0.018414837419401843
7178590990041711622,7377044399681307681,0.016585754368548908
7178590990041711622,7397174816681264133,0.01485703211647655
7178590990041711622,7424553645365543942,0.016583080117799406
7178590990041711622,7434627254548382776,0.018414837419401843
7178590990041711622,7589963743808947221,0.018414837419401843
7178590990041711622,7599049732175021073,0.015896172610680784
7178590990041711622,7609668379692401697,0.026503412902834762
7178590990041711622,7610364091814872085,0.016177847377904557
7180371385733301250,7223197815592715270,0.015209242515770419
7180371385733301250,7250413502015390747,0.014951477593442841
7180371385733301250,7316298248997192709,0.015567740897946512
7180371385733301250,7384904311195599878,0.01557807185020988
7180371385733301250,7389067466839983111,0.015074348529614
7180371385733301250,7486249118827185153,0.015575527626279414
7180371385733301250,7498060815040431122,0.015859403808364977
7180371385733301250,7508718935962321938,0.015983710368877264
7180371385733301250,7520061487814427656,0.01482688382757363
7180371385733301250,7550753650902270984,0.015704452328387145
7181113461597783046,7187479709860348934,0.04432430102121359
7181113461597783046,7187500258129593349,0.05990330051492652
7181113461597783046,7189559133157475354,0.027448409368094655
7181113461597783046,7206954249904669702,0.026609035367055736
7181113461597783046,7218748615745274885,0.06629274870887089
7181113461597783046,7222053350383944705,0.026714953247180023
7181113461597783046,7223197815592715270,0.5
7181113461597783046,7232638793861678082,0.03024362537332386
7181113461597783046,7248103984781755397,0.02051246473421245
7181113461597783046,7255459615491753002,0.09270805655876609
7181113461597783046,7262400527862301702,0.07789818808982595
7181113461597783046,7263081302823552005,0.043838743048970986
7181113461597783046,7267394392368514053,0.030730307571341438
7181113461597783046,7281282899318850566,0.06629274870887089
7181113461597783046,7282348803772318726,0.02937479242703941
7181113461597783046,7284750471163970562,0.07062402936401824
7181113461597783046,7290292672361759776,0.06629274870887089
7181113461597783046,7292020279937025030,0.07062402936401824
7181113461597783046,7307362809690506273,0.03580993854967912
7181113461597783046,7308377902638728224,0.05069156849798685
7181113461597783046,7317314050736047136,0.043180180803726466
7181113461597783046,7323298125393003563,0.01550123481991186
7181113461597783046,7345519844223616002,0.046872177419903675
7181113461597783046,7352986419860423712,0.06629274870887089
7181113461597783046,7359289173456913454,0.0492695375289533
7181113461597783046,7361054820280730629,0.08190246509488132
7181113461597783046,7367437036964119584,0.023244489512866152
7181113461597783046,7399170004366885889,0.06629274870887089
7181113461597783046,7402268913452663809,0.046872177419903675
7181113461597783046,7414410186095772678,0.07062402936401824
7181113461597783046,7416269225385296902,0.15257281456220087
7181113461597783046,7421215511235150853,0.07859411035340232
7181113461597783046,7434627254548382776,0.5
7181113461597783046,7436219840279053328,0.043021902579175514
7181113461597783046,7436415158378824725,0.034002323409445395
7181113461597783046,7437501539181642808,0.04621056382464171
7181113461597783046,7441015530360570926,0.060920515121093755
7181113461597783046,7446622049529594923,0.0156773258021053
7181113461597783046,7447572034136556561,0.04255524572864896
7181113461597783046,7449327343900541984,0.19409470640386714
7181113461597783046,7453634343190807557,0.06629274870887089
7181113461597783046,7454926910012064774,0.0457043748968461
7181113461597783046,7457519820280644613,0.04255524572864896
7181113461597783046,7463351104668501024,0.06629274870887089
7181113461597783046,7463944109431145489,0.04255524572864896
7181113461597783046,7471571264202441729,0.15257281456220087
7181113461597783046,7492091019530798087,0.03322427090168043
7181113461597783046,7495918801364485163,0.0681541651705542
7181113461597783046,7497772332389123079,0.06629274870887089
7181113461597783046,7498665985957823506,0.06629274870887089
7181113461597783046,7502699724320097322,0.025971397918972315
7181113461597783046,7503034501376082986,0.06629274870887089
7181113461597783046,7512265205633008662,0.03009007780359321
7181113461597783046,7516833731350643719,0.0303795668004485
7181113461597783046,7521069418713990158,0.15257281456220087
7181113461597783046,7525651754726671368,0.043345304246595086
7181113461597783046,7534684083310347265,0.05523388222078247
7181113461597783046,7536210918439863297,0.055650992089492216
7181113461597783046,7553889065608414263,0.07062402936401824
7181113461597783046,7555788949694088210,0.03292697851478155
7181113461597783046,7575174922190177312,0.023779183842650042
7181113461597783046,7577464395643552775,0.06629274870887089
7181113461597783046,7577628387390129168,0.03022285519761773
7181113461597783046,7578586528784696332,0.04255524572864896
7181113461597783046,7589963743808947221,0.5
7181113461597783046,7601465278044668949,0.02192499848057527
7181113461597783046,7615456357705417750,0.06648465389281194
7181113461597783046,7620360781880771597,0.06629274870887089
7184248317454042158,7234260997438374917,0.016216265032552198
7184248317454042158,7247153806412252165,0.015170225180422488
7184248317454042158,7277183383178970117,0.015418682429115685
7184248317454042158,7295710550214247432,0.016210625896598066
7184248317454042158,7299759192024466438,0.015172263321602746
7184248317454042158,7398073899592352769,0.016203498446027653
7184248317454042158,7402268913452663809,0.015866349802897577
7184248317454042158,7441015530360570926,0.015702185329360727
7184248317454042158,7487688540064531463,0.016211004277307997
7184248317454042158,7538449740879660045,0.01603554388128885
7185944755032146946,7202373728666174466,0.06650584129825902
7185944755032146946,7261422825452422150,0.01699149843783033
7185944755032146946,7437773895165920312,0.06650584129825902
7185944755032146946,7494339416820270087,0.014791597071964433
7185944755032146946,7533684525809943574,0.06650584129825902
7185944755032146946,7559878386093442056,0.06650584129825902
7185944755032146946,7570721274922779668,0.06650584129825902
7185944755032146946,7576228097504363527,0.06650584129825902
7187464196166288389,7232080941065569285,0.015079224480322147
7187464196166288389,7317249968522462213,0.016238651849847893
7187464196166288389,7318306691132589088,0.018336260056137563
7187464196166288389,7323679526399083553,0.016390984760086057
7187464196166288389,7340377245914547206,0.01623699490995078
7187464196166288389,7436296718439875639,0.015651847086383834
7187464196166288389,7593513425976984598,0.020401777755053908
7187464196166288389,7601465278044668949,0.016157699087955044
7187479709860348934,7223197815592715270,0.04432430102121359
7187479709860348934,7316815688206861344,0.015850405072800056
7187479709860348934,7320351877056791584,0.016157196732524606
7187479709860348934,7359928513861927969,0.051534476771626446
7187479709860348934,7434627254548382776,0.04432430102121359
7187479709860348934,7437501539181642808,0.04677981701593322
7187479709860348934,7498060815040431122,0.03511777867137037
7187479709860348934,7508750993641489415,0.01510177020016499
7187479709860348934,7541721033906045972,0.015876142577606587
7187479709860348934,7579972033883882518,0.015694590401336896
7187479709860348934,7589963743808947221,0.04432430102121359
7187500258129593349,7220015726932362267,0.016042450748540122
7187500258129593349,7223197815592715270,0.05990330051492652
7187500258129593349,7287629583536538630,0.015544613264206492
7187500258129593349,7358089344354354194,0.01909815018088534
7187500258129593349,7365635139777823749,0.015704457343675114
7187500258129593349,7428767448856282118,0.015277556833402718
7187500258129593349,7434627254548382776,0.05990330051492652
7187500258129593349,7509040397092865042,0.015551124222932491
7187500258129593349,7537837262555235350,0.015554331794383394
7187500258129593349,7589963743808947221,0.05990330051492652
7187952219559248898,7197284105015788549,0.4990223560584446
7187952219559248898,7230689368007574534,0.4992864325085894
7187952219559248898,7251253251058959386,0.4988564404843142
7187952219559248898,7252048520768111622,0.49743257629217286
7187952219559248898,7255307152083796994,0.526779955767612
7187952219559248898,7256202462158406658,0.49943039581428206
7187952219559248898,7290350607356150827,0.49878183452881264
7187952219559248898,7306969713349805064,0.4985339554914223
7187952219559248898,7377997874032084000,0.49782267008310965
7187952219559248898,7396903607784490000,0.49777621055178445
7187952219559248898,7405527020195284001,0.01650100138834413
7187952219559248898,7442002957991724065,0.4978969685873691
7187952219559248898,7455253044214449159,0.497226975009452
7187952219559248898,7487688540064531463,0.4951852420300055
7187952219559248898,7493568304607937558,0.49828511037439804
7187952219559248898,7510166423118758918,0.5242813096913498
7187952219559248898,7523591048695170064,0.4991067876436327
7187952219559248898,7539280226653357073,0.48472792540164467
7187952219559248898,7579316049855841287,0.49710203368838335
7187952219559248898,7585186788609508373,0.5244172247868378
7189144603827487746,7255459615491753002,0.015588256681965784
7189144603827487746,7453634343190807557,0.016037878789389306
7189144603827487746,7497772332389123079,0.015609052780605938
7189496226865267717,7192962788661724165,0.01277708629698034
7189496226865267717,7259830210505573382,0.014333474018078541
7189496226865267717,7281769226565796870,0.014189341101635205
7189496226865267717,7297933972808729632,0.014503594907434362
7189496226865267717,7345507730973262881,0.013783621029552587
7189496226865267717,7441608528565224494,0.013730793471523133
7189496226865267717,7489528358398002198,0.011784753692135145
7189496226865267717,7522457887882445846,0.013096036204775391
7189496226865267717,7534543341909083143,0.014852184342272414
7189496226865267717,7538303426845819918,0.014113640386155958
7189559133157475354,7223197815592715270,0.027448409368094655
7189559133157475354,7397174816681264133,0.014133045857147683
7189559133157475354,7434627254548382776,0.027448409368094655
7189559133157475354,7441015530360570926,0.12409771097403594
7189559133157475354,7454926910012064774,0.09108013244462199
7189559133157475354,7589963743808947221,0.0425016840606804
7190421222563251226,7207214184994898949,0.01555540189789419
7190421222563251226,7333933730745566213,0.016049778616448664
7190421222563251226,7376897362978096145,0.016050076222878636
7190421222563251226,7414410186095772678,0.015873874728663064
7190421222563251226,7481202044420228112,0.015555957064795761
7190421222563251226,7487696987476886560,0.01555498294748427
7191831178118284294,7202373728666174466,0.06246507943866719
7191831178118284294,7223197815592715270,0.046872177419903675
7191831178118284294,7431474919115064326,0.014599096157450267
7191831178118284294,7434627254548382776,0.046872177419903675
7191831178118284294,7437773895165920312,0.04703061823988365
7191831178118284294,7533684525809943574,0.04703061823988365
7191831178118284294,7559878386093442056,0.04703061823988365
7191831178118284294,7570721274922779668,0.04703061823988365
7191831178118284294,7576228097504363527,0.04703061823988365
7191831178118284294,7589963743808947221,0.046872177419903675
7192187661674775557,7300626193325229061,0.023722019836599235
7192187661674775557,7323298125393003563,0.01620542481390653
7192187661674775557,7324429098661790726,0.016320968585784544
7192187661674775557,7361054820280730629,0.016326424411993567
7192187661674775557,7446622049529594923,0.016396452548961375
7192187661674775557,7454926910012064774,0.016025661205207733
7192187661674775557,7482541173300462614,0.015501943391829162
7192187661674775557,7486273853688464430,0.028218174254298803
7192187661674775557,7494711694116881415,0.015860939560154934
7192187661674775557,7579316049855841287,0.015640150212138326
7192962788661724165,7262400527862301702,0.08403221727363357
7192962788661724165,7297933972808729632,0.013235696238268473
7192962788661724165,7421215511235150853,0.08954347834395276
7192962788661724165,7522457887882445846,0.015167699898541555
7192962788661724165,7534543341909083143,0.01279762890522073
7192962788661724165,7538303426845819918,0.013742213736409405
7192962788661724165,7552094429399385106,0.016060572752803273
7192962788661724165,7553907650837955595,0.5
7192962788661724165,7562405333067629580,0.06708228634166095
7195308914127815722,7224878912467682331,0.015365746078999681
7195308914127815722,7226986584104600578,0.016358470094455676
7195308914127815722,7297306010283181062,0.0288098846467983
7195308914127815722,7309226277922309152,0.01657108004793173
7195308914127815722,7332056821727446021,0.01517432278018061
7195308914127815722,7379189727608570886,0.016578204392872806
7195308914127815722,7380648987244315666,0.0165827517096416
7195308914127815722,7384904311195599878,0.026472023317801362
7195308914127815722,7452567943022167047,0.01636363110679864
7195308914127815722,7472777689112675361,0.016187637734170465
7195308914127815722,7508750993641489415,0.017613615418503117
7195308914127815722,7613372812347589646,0.016835991730937177
7195872824606163994,7202373728666174466,0.04269618527168356
7195872824606163994,7255585908618937370,0.015411348134907446
7195872824606163994,7437773895165920312,0.04269618527168356
7195872824606163994,7533684525809943574,0.04269618527168356
7195872824606163994,7559878386093442056,0.04269618527168356
7195872824606163994,7570721274922779668,0.04269618527168356
7195872824606163994,7576228097504363527,0.04269618527168356
7197284105015788549,7230689368007574534,0.4993235646963094
7197284105015788549,7251253251058959386,0.4988924649326869
7197284105015788549,7252048520768111622,0.4974676273673337
7197284105015788549,7255307152083796994,0.4995234772987601
7197284105015788549,7256202462158406658,0.49946308959193486
7197284105015788549,7290350607356150827,0.49881800732822856
7197284105015788549,7306969713349805064,0.49856938147049945
7197284105015788549,7327226218813391877,0.49796574517224634
7197284105015788549,7355557262863336453,0.4986025855020592
7197284105015788549,7377997874032084000,0.49783752767510214
7197284105015788549,7396903607784490000,0.49781163058458844
7197284105015788549,7431474919115064326,0.014553682550840618
7197284105015788549,7442002957991724065,0.4979324929535349
7197284105015788549,7455253044214449159,0.4972595245464849
7197284105015788549,7487688540064531463,0.4952176579108481
7197284105015788549,7493568304607937558,0.4983206624340263
7197284105015788549,7510166423118758918,0.4981917461876274
7197284105015788549,7523591048695170064,0.49914376736032673
7197284105015788549,7539280226653357073,0.4847581380925524
7197284105015788549,7579316049855841287,0.49713837810249084
7197284105015788549,7585186788609508373,0.49717629547255937
7197284105015788549,7597512785483957259,0.49843627266034407
7201194948527948806,7202373728666174466,0.06650584129825902
7201194948527948806,7261422825452422150,0.01699149843783033
7201194948527948806,7292469793109722154,0.014374172718102287
7201194948527948806,7437773895165920312,0.06650584129825902
7201194948527948806,7533684525809943574,0.08116904011650973
7201194948527948806,7559878386093442056,0.06650584129825902
7201194948527948806,7570721274922779668,0.06650584129825902
7201194948527948806,7576228097504363527,0.06650584129825902
7202373728666174466,7224271052267553819,0.06650584129825902
7202373728666174466,7224878912467682331,0.04269618527168356
7202373728666174466,7227584300489081862,0.06650584129825902
7202373728666174466,7230061843074139142,0.04348874937616442
7202373728666174466,7236791190447686683,0.06650584129825902
7202373728666174466,7250413502015390747,0.06650584129825902
7202373728666174466,7261422825452422150,0.07664664384123111
7202373728666174466,7263621228413191173,0.06650584129825902
7202373728666174466,7265744876464423968,0.04269618527168356
7202373728666174466,7277183383178970117,0.03476197440586706
7202373728666174466,7287249230892106758,0.06650584129825902
7202373728666174466,7287530802672944129,0.04269618527168356
7202373728666174466,7288239669111424005,0.04348874937616442
7202373728666174466,7293760186871088133,0.04923780264776331
7202373728666174466,7296948579905045509,0.06650584129825902
7202373728666174466,7298207797677884422,0.06650584129825902
7202373728666174466,7307362809690506273,0.035930985967135655
7202373728666174466,7314655842044265478,0.04269618527168356
7202373728666174466,7315184692033930273,0.04269618527168356
7202373728666174466,7317314050736047136,0.043326141662172114
7202373728666174466,7317431073687815173,0.06650584129825902
7202373728666174466,7319108928196903968,0.06650584129825902
7202373728666174466,7324383714049541153,0.04398374996653582
7202373728666174466,7330899919002027051,0.06650584129825902
7202373728666174466,7331847404519883819,0.06650584129825902
7202373728666174466,7332056821727446021,0.03388322665306696
7202373728666174466,7337084105261138976,0.0571003239195597
7202373728666174466,7340377245914547206,0.04269618527168356
7202373728666174466,7345519844223616002,0.04703061823988365
7202373728666174466,7345594575783248902,0.06831785164986984
7202373728666174466,7346466630966412293,0.06650584129825902
7202373728666174466,7353421506658124833,0.06650584129825902
7202373728666174466,7364138059266688005,0.04423905731478973
7202373728666174466,7367761141394998277,0.0431643228089832
7202373728666174466,7372146986432775174,0.06650584129825902
7202373728666174466,7375525564567241761,0.04269618527168356
7202373728666174466,7376897362978096145,0.06650584129825902
7202373728666174466,7376941500363965472,0.04269618527168356
7202373728666174466,7377044399681307681,0.06650584129825902
7202373728666174466,7378695724613616658,0.04269618527168356
7202373728666174466,7379964200321811472,0.08225643124897342
7202373728666174466,7380407783943881734,0.06650584129825902
7202373728666174466,7380648987244315666,0.06650584129825902
7202373728666174466,7383047865667322913,0.06650584129825902
7202373728666174466,7402268913452663809,0.04703061823988365
7202373728666174466,7415589102207321093,0.06650584129825902
7202373728666174466,7424539742974477318,0.06650584129825902
7202373728666174466,7426645678765458449,0.04269618527168356
7202373728666174466,7437773895165920312,0.5
7202373728666174466,7445468737078526993,0.04364820444216503
7202373728666174466,7452567943022167047,0.0431643228089832
7202373728666174466,7456825610020160518,0.06650584129825902
7202373728666174466,7459201168917480453,0.06650584129825902
7202373728666174466,7463218092195218454,0.06650584129825902
7202373728666174466,7466945875685819393,0.06650584129825902
7202373728666174466,7469354913887241217,0.06650584129825902
7202373728666174466,7469616549301634065,0.06650584129825902
7202373728666174466,7474455005735437329,0.06831785164986984
7202373728666174466,7475477880530502689,0.04953910581587193
7202373728666174466,7480684683241473025,0.06650584129825902
7202373728666174466,7483319222622602262,0.0431643228089832
7202373728666174466,7486249118827185153,0.04269618527168356
7202373728666174466,7490403226492077078,0.0431643228089832
7202373728666174466,7495408204823397384,0.06831785164986984
7202373728666174466,7496559084507726855,0.03388322665306696
7202373728666174466,7500049445330256916,0.06650584129825902
7202373728666174466,7502226464433177632,0.06650584129825902
7202373728666174466,7504218153414165526,0.06650584129825902
7202373728666174466,7512265205633008662,0.03019179052237205
7202373728666174466,7515508502254732331,0.06650584129825902
7202373728666174466,7516814050480571408,0.07244251219477042
7202373728666174466,7517915187601720327,0.06650584129825902
7202373728666174466,7521665294160200711,0.06650584129825902
7202373728666174466,7528230653382460434,0.04269618527168356
7202373728666174466,7532290090426237972,0.06650584129825902
7202373728666174466,7533684525809943574,0.5
7202373728666174466,7535561785211552776,0.06650584129825902
7202373728666174466,7542455562676470840,0.03388322665306696
7202373728666174466,7543308180970226696,0.04348874937616442
7202373728666174466,7549955744930825222,0.06650584129825902
7202373728666174466,7552094429399385106,0.06650584129825902
7202373728666174466,7557359371543430166,0.06650584129825902
7202373728666174466,7559878386093442056,0.5
7202373728666174466,7563546409505489931,0.06650584129825902
7202373728666174466,7568897073518396434,0.06650584129825902
7202373728666174466,7570721274922779668,0.5
7202373728666174466,7571272033645626385,0.04269618527168356
7202373728666174466,7572620715221812246,0.06650584129825902
7202373728666174466,7573875560531805204,0.06650584129825902
7202373728666174466,7574297613940769793,0.02421992229449264
7202373728666174466,7575049308014576661,0.06650584129825902
7202373728666174466,7575174922190177312,0.02385956400832343
7202373728666174466,7576228097504363527,0.5
7202373728666174466,7580931726077330450,0.05264957087579005
7202373728666174466,7590371958509700116,0.04393365217651542
7202373728666174466,7598645062255739959,0.06650584129825902
7202373728666174466,7599049732175021073,0.04348874937616442
7202373728666174466,7601825276554118152,0.06650584129825902
7202373728666174466,7603626364147123222,0.06650584129825902
7202373728666174466,7612304113564566531,0.06650584129825902
7202373728666174466,7613356856131453972,0.04269618527168356
7202373728666174466,7618800850517410830,0.06650584129825902
7203670961974690817,7220015726932362267,0.015745699875430317
7203670961974690817,7232638793861678082,0.015752285217186787
7203670961974690817,7290350607356150827,0.01574482175816158
7203670961974690817,7297306010283181062,0.01734277344747981
7203670961974690817,7324429098661790726,0.016594280916243872
7203670961974690817,7358089344354354194,0.02183312421553667
7203670961974690817,7365635139777823749,0.01542550793943521
7203670961974690817,7384904311195599878,0.024441169002989302
7203670961974690817,7508750993641489415,0.032499095253519766
7205671848440792069,7472777689112675361,0.01603396042200821
7206954249904669702,7223197815592715270,0.026609035367055736
7206954249904669702,7323120700012938245,0.02980945277542155
7206954249904669702,7407221110629073926,0.016593549190905034
7206954249904669702,7408910802202461190,0.01650838562044926
7206954249904669702,7434627254548382776,0.026609035367055736
7206954249904669702,7524800391486522390,0.016326470435797998
7206954249904669702,7555104317654008839,0.016495035785587243
7206954249904669702,7589963743808947221,0.026609035367055736
7207214184994898949,7414410186095772678,0.01587570634051401
7207214184994898949,7481202044420228112,0.015564754568841939
7207214184994898949,7487696987476886560,0.015564881398026989
7207214184994898949,7574297613940769793,0.01552824480597553
7209676024983487531,7210849373168141318,0.01654800322053619
7209676024983487531,7316071021454558214,0.018804833902669123
7209676024983487531,7337597547799020549,0.015777381672181505
7209676024983487531,7349160078996276230,0.015241666995070558
7209676024983487531,7421976792565711905,0.016386056308692956
7209676024983487531,7441015530360570926,0.019306905305189765
7209676024983487531,7587625784933041174,0.016017087685867876
7209676024983487531,7592395448494474254,0.01597926507917489
7209676024983487531,7597556117011497997,0.016476929560613834
7210849373168141318,7337597547799020549,0.015667367466453544
7210849373168141318,7421976792565711905,0.016497585328228863
7210849373168141318,7500049445330256916,0.01596081559471527
7210849373168141318,7587625784933041174,0.01590596961369346
7210849373168141318,7592395448494474254,0.016088341514335816
7210849373168141318,7597556117011497997,0.01636346979435944
7213907079759856645,7230689368007574534,0.01659343115853037
7213907079759856645,7262400527862301702,0.016592466364099383
7213907079759856645,7358930055361823749,0.016222041018445085
7213907079759856645,7377044399681307681,0.016580555262607325
7213907079759856645,7424553645365543942,0.01658339016680991
7213907079759856645,7435499715750806536,0.0157557213553121
7213907079759856645,7603626364147123222,0.0165923594764414
7213907079759856645,7610014708498023431,0.015621825287998348
7214715708412216325,7232638793861678082,0.01658514759128783
7214715708412216325,7287629583536538630,0.016046497630060576
7214715708412216325,7553907650837955595,0.016588608977761977
7217407055849096197,7261142322435867653,0.017654459784605742
7217407055849096197,7268149943910089734,0.05025298486587058
7217407055849096197,7315184692033930273,0.0152051233013265
7217407055849096197,7415589102207321093,0.016949025803879553
7217407055849096197,7483884642539471878,0.023432559219783565
7217407055849096197,7486594305004585989,0.0467361315308324
7217407055849096197,7490403226492077078,0.015999594143469718
7217407055849096197,7524535795760776222,0.012270883070184748
7217407055849096197,7544469740279186488,0.01579658191035136
7217407055849096197,7585187926658450454,0.32632903367423266
7218748615745274885,7223197815592715270,0.06629274870887089
7218748615745274885,7224271052267553819,0.01622403124368747
7218748615745274885,7307548469060584454,0.016399208973266608
7218748615745274885,7317147259148715013,0.015906967001781465
7218748615745274885,7434627254548382776,0.06629274870887089
7218748615745274885,7463993064467252256,0.01659196553678199
7218748615745274885,7572160716909806600,0.016398984567160917
7218748615745274885,7589963743808947221,0.06629274870887089
7218748615745274885,7610364091814872085,0.01606045310187726
7220015726932362267,7290350607356150827,0.016593818488726098
7220015726932362267,7295710550214247432,0.01657689731634991
7220015726932362267,7398073899592352769,0.016584786870930394
7220015726932362267,7418987475336971269,0.015887891081671306
7220015726932362267,7428767448856282118,0.015749564880353138
7220015726932362267,7487688540064531463,0.016576471075535046
7220015726932362267,7536210918439863297,0.016041921200059487
7220015726932362267,7537837262555235350,0.016042720679826
7222053350383944705,7223197815592715270,0.026714953247180023
7222053350383944705,7237562474958308358,0.01635113074478637
7222053350383944705,7347823456870581291,0.015448260741016951
7222053350383944705,7349660179460015147,0.016891623286016972
7222053350383944705,7434627254548382776,0.026714953247180023
7222053350383944705,7435823402563355704,0.01501630241115482
7222053350383944705,7589963743808947221,0.026714953247180023
7223197815592715270,7232638793861678082,0.03024362537332386
7223197815592715270,7248103984781755397,0.02051246473421245
7223197815592715270,7255459615491753002,0.09270805655876609
7223197815592715270,7263081302823552005,0.043838743048970986
7223197815592715270,7267394392368514053,0.030730307571341438
7223197815592715270,7281282899318850566,0.06629274870887089
7223197815592715270,7282348803772318726,0.02937479242703941
7223197815592715270,7284750471163970562,0.07062402936401824
7223197815592715270,7290292672361759776,0.06629274870887089
7223197815592715270,7292020279937025030,0.07062402936401824
7223197815592715270,7293760186871088133,0.04907192607378903
7223197815592715270,7308377902638728224,0.05069156849798685
7223197815592715270,7316298248997192709,0.015194485835508321
7223197815592715270,7317314050736047136,0.043180180803726466
7223197815592715270,7352986419860423712,0.06629274870887089
7223197815592715270,7359289173456913454,0.03428132558451939
7223197815592715270,7361054820280730629,0.06629274870887089
7223197815592715270,7367437036964119584,0.023244489512866152
7223197815592715270,7389067466839983111,0.014902234522130117
7223197815592715270,7399170004366885889,0.06629274870887089
7223197815592715270,7414410186095772678,0.07062402936401824
7223197815592715270,7416269225385296902,0.15257281456220087
7223197815592715270,7421215511235150853,0.07859411035340232
7223197815592715270,7434627254548382776,0.5
7223197815592715270,7436219840279053328,0.043021902579175514
7223197815592715270,7436415158378824725,0.034002323409445395
7223197815592715270,7437501539181642808,0.04621056382464171
7223197815592715270,7441015530360570926,0.060920515121093755
7223197815592715270,7447572034136556561,0.04255524572864896
7223197815592715270,7449327343900541984,0.19409470640386714
7223197815592715270,7453634343190807557,0.06629274870887089
7223197815592715270,7454926910012064774,0.03036914914195038
7223197815592715270,7457519820280644613,0.04255524572864896
7223197815592715270,7463351104668501024,0.06629274870887089
7223197815592715270,7463944109431145489,0.04255524572864896
7223197815592715270,7471571264202441729,0.15257281456220087
7223197815592715270,7492091019530798087,0.03322427090168043
7223197815592715270,7495918801364485163,0.0681541651705542
7223197815592715270,7497772332389123079,0.06629274870887089
7223197815592715270,7498665985957823506,0.08151647536615982
7223197815592715270,7502699724320097322,0.025971397918972315
7223197815592715270,7503034501376082986,0.06629274870887089
7223197815592715270,7508718935962321938,0.01559107467328182
7223197815592715270,7512265205633008662,0.03009007780359321
7223197815592715270,7516833731350643719,0.0303795668004485
7223197815592715270,7521069418713990158,0.15257281456220087
7223197815592715270,7525651754726671368,0.043345304246595086
7223197815592715270,7534684083310347265,0.05523388222078247
7223197815592715270,7536210918439863297,0.055650992089492216
7223197815592715270,7553889065608414263,0.07062402936401824
7223197815592715270,7555788949694088210,0.03292697851478155
7223197815592715270,7577464395643552775,0.06629274870887089
7223197815592715270,7577628387390129168,0.03022285519761773
7223197815592715270,7578586528784696332,0.04255524572864896
7223197815592715270,7589963743808947221,0.5
7223197815592715270,7601465278044668949,0.02192499848057527
7223197815592715270,7615456357705417750,0.06648465389281194
7223197815592715270,7620360781880771597,0.06629274870887089
7224271052267553819,7261422825452422150,0.01699149843783033
7224271052267553819,7317147259148715013,0.015579611438687014
7224271052267553819,7345693452820186117,0.01587893618233295
7224271052267553819,7437773895165920312,0.06650584129825902
7224271052267553819,7463993064467252256,0.01622299108483038
7224271052267553819,7533684525809943574,0.06650584129825902
7224271052267553819,7559878386093442056,0.06650584129825902
7224271052267553819,7570721274922779668,0.06650584129825902
7224271052267553819,7576228097504363527,0.06650584129825902
7224878912467682331,7226986584104600578,0.015137309392255787
7224878912467682331,7309226277922309152,0.015322636719888049
7224878912467682331,7351522222589199365,0.024337839867994596
7224878912467682331,7437773895165920312,0.04269618527168356
7224878912467682331,7533684525809943574,0.04269618527168356
7224878912467682331,7559878386093442056,0.04269618527168356
7224878912467682331,7570721274922779668,0.04269618527168356
7224878912467682331,7576228097504363527,0.04269618527168356
7226986584104600578,7253090810513097730,0.01559184881406156
7226986584104600578,7309226277922309152,0.01639938858873215
7226986584104600578,7345519844223616002,0.015296946120632636
7226986584104600578,7379189727608570886,0.01639265976879771
7226986584104600578,7380648987244315666,0.01638856887113913
7226986584104600578,7452567943022167047,0.016251331577166444
7227584300489081862,7261422825452422150,0.01699149843783033
7227584300489081862,7315521386973627425,0.015103837403633092
7227584300489081862,7437773895165920312,0.06650584129825902
7227584300489081862,7533684525809943574,0.06650584129825902
7227584300489081862,7559878386093442056,0.06650584129825902
7227584300489081862,7570721274922779668,0.06650584129825902
7227584300489081862,7576228097504363527,0.06650584129825902
7228721685779235846,7352986419860423712,0.01510598359142262
7228721685779235846,7359928513861927969,0.015044891522034462
7228721685779235846,7377997874032084000,0.016078808213570644
7228721685779235846,7403666842986546209,0.1222349748436976
7228721685779235846,7469977879825466414,0.014985509766154238
7228721685779235846,7539280226653357073,0.016409546073703433
7228721685779235846,7560202600190460948,0.015795778157939904
7228721685779235846,7575049308014576661,0.014778565444387742
7228721685779235846,7620205971531416579,0.015789595664991565
7230061843074139142,7330704995610477600,0.20360556517867473
7230061843074139142,7351522222589199365,0.0248733903889699
7230061843074139142,7411689832726545414,0.01529100076943541
7230061843074139142,7437773895165920312,0.04348874937616442
7230061843074139142,7469977879825466414,0.01421304123679005
7230061843074139142,7533684525809943574,0.04348874937616442
7230061843074139142,7559878386093442056,0.04348874937616442
7230061843074139142,7570721274922779668,0.04348874937616442
7230061843074139142,7576228097504363527,0.04348874937616442
7230061843074139142,7589457676943606796,0.07625171969456469
7230689368007574534,7251253251058959386,0.4991560644887674
7230689368007574534,7252048520768111622,0.49773006243487494
7230689368007574534,7254221734713623557,0.3845136176099443
7230689368007574534,7255307152083796994,0.49978726444128485
7230689368007574534,7256202462158406658,0.49972539611080763
7230689368007574534,7290350607356150827,0.49908164023994483
7230689368007574534,7306969713349805064,0.4988325383392308
7230689368007574534,7327226218813391877,0.4986479533622403
7230689368007574534,7355557262863336453,0.4992834588811699
7230689368007574534,7358930055361823749,0.016222167194977447
7230689368007574534,7377997874032084000,0.49809059618777163
7230689368007574534,7396903607784490000,0.49807441014391085
7230689368007574534,7402984582746358816,0.4992418964694866
7230689368007574534,7424553645365543942,0.016583248093574726
7230689368007574534,7435499715750806536,0.01575584412475139
7230689368007574534,7442002957991724065,0.49819538158431986
7230689368007574534,7455253044214449159,0.49752067380371356
7230689368007574534,7487688540064531463,0.49547773482671587
7230689368007574534,7493568304607937558,0.49858375600291965
7230689368007574534,7510166423118758918,0.49845545125676044
7230689368007574534,7523591048695170064,0.49940794285591894
7230689368007574534,7539280226653357073,0.4850120038052228
7230689368007574534,7579316049855841287,0.49740126205931534
7230689368007574534,7585186788609508373,0.4974393950103066
7230689368007574534,7597512785483957259,0.49911150594654485
7230689368007574534,7610014708498023431,0.015621947069882751
7232053097944777733,7236791190447686683,0.015287204667367124
7232053097944777733,7316789714857624582,0.024852033870507613
7232053097944777733,7323120700012938245,0.0178840049159246
7232053097944777733,7346466630966412293,0.015285900389149655
7232053097944777733,7456825610020160518,0.015139262825463472
7232053097944777733,7462811958108062726,0.015080175002740736
7232053097944777733,7490579692137137174,0.014997305588664541
7232053097944777733,7526713237481833504,0.015139306007468002
7232053097944777733,7556652869841044512,0.01513799039264312
7232080941065569285,7319108928196903968,0.014722332410266043
7232080941065569285,7601465278044668949,0.01487664954410099
7232638793861678082,7287629583536538630,0.016053802546364803
7232638793861678082,7365635139777823749,0.016211320608184962
7232638793861678082,7418987475336971269,0.015893575408572377
7232638793861678082,7434627254548382776,0.03024362537332386
7232638793861678082,7509040397092865042,0.016046621323220468
7232638793861678082,7589963743808947221,0.03024362537332386
7234260997438374917,7247153806412252165,0.01548958419522151
7234260997438374917,7277183383178970117,0.01574856533576356
7234260997438374917,7295710550214247432,0.016588387904997795
7234260997438374917,7299759192024466438,0.01549166635195636
7234260997438374917,7367577463750132741,0.07772310651807883
7234260997438374917,7398073899592352769,0.01658110382436798
7234260997438374917,7402268913452663809,0.01621548294732478
7234260997438374917,7441015530360570926,0.016044280754741586
7234260997438374917,7487688540064531463,0.01658877451925992
7234260997438374917,7538449740879660045,0.01639216612997892
7234832896228836357,7317314050736047136,0.015504330010198972
7234832896228836357,7331847404519883819,0.015437053220513622
7234832896228836357,7376941500363965472,0.015882437487197622
7234832896228836357,7421992589585843243,0.015437562238519404
7234832896228836357,7434634221899596833,0.01604494827519086
7234832896228836357,7444668199523992609,0.015880298966931317
7234832896228836357,7493826108368405512,0.01605181134812851
7234832896228836357,7512265205633008662,0.016219087321358662
7234832896228836357,7546456230891750422,0.01605181134812851
7234832896228836357,7555033171922912263,0.015574361706015711
7234832896228836357,7567226487067427860,0.01621877709554438
7235505872251520046,7255459615491753002,0.015627865562238313
7235505872251520046,7373912731559609352,0.016598126773926206
7235505872251520046,7386533375073682449,0.016597475614001485
7235505872251520046,7453634343190807557,0.016030462305009402
7235505872251520046,7519531111723222072,0.01589894316461915
7235706083913876498,7267394392368514053,0.015987603144054036
7235706083913876498,7274983064991810566,0.016582928236049548
7235706083913876498,7389767673448285226,0.01581490855803009
7235706083913876498,7405527020195284001,0.04286124014246762
7235706083913876498,7471571264202441729,0.016566454655534833
7235706083913876498,7528317052487566392,0.01636084911831428
7235706083913876498,7597512785483957259,0.016405420950220486
7236791190447686683,7261422825452422150,0.01699149843783033
7236791190447686683,7437773895165920312,0.06650584129825902
7236791190447686683,7490579692137137174,0.01555514400455106
7236791190447686683,7526713237481833504,0.01570731605496335
7236791190447686683,7533684525809943574,0.06650584129825902
7236791190447686683,7556652869841044512,0.015705951716614548
7236791190447686683,7559878386093442056,0.06650584129825902
7236791190447686683,7570721274922779668,0.06650584129825902
7236791190447686683,7576228097504363527,0.06650584129825902
7237562474958308358,7347823456870581291,0.015365237115667117
7237562474958308358,7435823402563355704,0.014925080170214522
7237562474958308358,7486273853688464430,0.014040106230275044
7237562474958308358,7495918801364485163,0.013865491939091543
7247153806412252165,7255585908618937370,0.015029062712643107
7247153806412252165,7402268913452663809,0.015170899768662975
7247153806412252165,7441015530360570926,0.015033002900434272
7247153806412252165,7538449740879660045,0.015327416382816181
7248103984781755397,7282457131139646497,0.013139275669654813
7248103984781755397,7309689805897171970,0.033410374610466524
7248103984781755397,7403666842986546209,0.015778092008309416
7248103984781755397,7434627254548382776,0.02051246473421245
7248103984781755397,7589963743808947221,0.02051246473421245
7248602643801932827,7442753421524288544,0.014817155708107828
7248602643801932827,7501092673261618231,0.014920276538810503
7248602643801932827,7573875560531805204,0.01515413490300363
7248602643801932827,7617508216503600150,0.01555264720594199
7250413502015390747,7261422825452422150,0.031958579326973095
7250413502015390747,7316298248997192709,0.014936936732158106
7250413502015390747,7437773895165920312,0.06650584129825902
7250413502015390747,7508718935962321938,0.015319146921001515
7250413502015390747,7533684525809943574,0.06650584129825902
7250413502015390747,7559878386093442056,0.06650584129825902
7250413502015390747,7570721274922779668,0.06650584129825902
7250413502015390747,7576228097504363527,0.06650584129825902
7251253251058959386,7252048520768111622,0.49731430738731996
7251253251058959386,7254221734713623557,0.3844666750333284
7251253251058959386,7255307152083796994,0.4993655764452798
7251253251058959386,7256202462158406658,0.49932658328373647
7251253251058959386,7290350607356150827,0.4986571083745402
7251253251058959386,7292469793109722154,0.014873018581185447
7251253251058959386,7306969713349805064,0.4984136477363914
7251253251058959386,7311708051199230981,0.23207535552985414
7251253251058959386,7357806298803143713,0.015131780522529033
7251253251058959386,7377997874032084000,0.4978251723939114
7251253251058959386,7396903607784490000,0.49766423339737487
7251253251058959386,7442002957991724065,0.4977842384944908
7251253251058959386,7455253044214449159,0.49712362048605113
7251253251058959386,7487688540064531463,0.4950823119050175
7251253251058959386,7493568304607937558,0.49817229240137095
7251253251058959386,7510166423118758918,0.4980251009941129
7251253251058959386,7523591048695170064,0.4989772980177335
7251253251058959386,7539280226653357073,0.48463624605763156
7251253251058959386,7579316049855841287,0.4969759736638685
7251253251058959386,7585186788609508373,0.4970109936789506
7251991096619746306,7252180988837889067,0.016632024163701225
7251991096619746306,7300113222412895265,0.015770332655231156
7251991096619746306,7300626193325229061,0.015425647681979009
7251991096619746306,7379964200321811472,0.01607842762745801
7251991096619746306,7400347622539019270,0.01594528682257113
7251991096619746306,7426970340070818822,0.01640600438295891
7251991096619746306,7454739601820288005,0.015399469023439447
7251991096619746306,7598645062255739959,0.015469031271183018
7252048520768111622,7255307152083796994,0.4979473280578439
7252048520768111622,7256202462158406658,0.49792691461224114
7252048520768111622,7319637314757575686,0.01580015376470721
7252048520768111622,7430756915124634630,0.01571009328779316
7252048520768111622,7523591048695170064,0.49755264526719634
7252048520768111622,7535385905805460487,0.01522126941110526
7252180988837889067,7253090810513097730,0.020219179403201608
7252180988837889067,7300113222412895265,0.015656606594204803
7252180988837889067,7379964200321811472,0.016203990454305903
7252180988837889067,7400347622539019270,0.01583044148334064
7252180988837889067,7426970340070818822,0.01628862860756392
7252180988837889067,7441015530360570926,0.022211243571243152
7252180988837889067,7486273853688464430,0.017907299737344565
7252180988837889067,7617626564747166734,0.02089936239287704
7253090810513097730,7256202462158406658,0.1030314188414415
7253090810513097730,7309226277922309152,0.015722475253295985
7253090810513097730,7377997874032084000,0.10547259757843418
7253090810513097730,7379189727608570886,0.015716000855573054
7253090810513097730,7397098503866041349,0.014913366432589437
7253090810513097730,7455253044214449159,0.10257685785811116
7253090810513097730,7617626564747166734,0.022227492428779045
7253476605544121350,7288239669111424005,0.025925985249049464
7253476605544121350,7307362809690506273,0.025934516892359857
7253476605544121350,7353421506658124833,0.02542759074114147
7253476605544121350,7517915187601720327,0.025961781293043256
7253476605544121350,7520642008689116176,0.026172886802674714
7253476605544121350,7542455562676470840,0.02575821375211098
7253476605544121350,7555788949694088210,0.024763741854977143
7253476605544121350,7556669488167650315,0.02576898048934816
7254118992901358598,7270136616478458887,0.014989165638377116
7254118992901358598,7300113222412895265,0.01497290591424618
7254118992901358598,7300626193325229061,0.014997619304490619
7254118992901358598,7313835321618678816,0.01500254209420863
7254118992901358598,7397098503866041349,0.015036356191887305
7254118992901358598,7454739601820288005,0.015021594526293477
7254118992901358598,7598645062255739959,0.014965111902647387
7254221734713623557,7255307152083796994,0.3850346677927519
7254221734713623557,7256202462158406658,0.3857999013152358
7254221734713623557,7290350607356150827,0.3843685602516703
7254221734713623557,7306969713349805064,0.38437009450286075
7254221734713623557,7355557262863336453,0.38438298138810245
7254221734713623557,7377997874032084000,0.38924230933231735
7254221734713623557,7523591048695170064,0.3844120200921036
7254221734713623557,7524535795760776222,0.008853027983115259
7254221734713623557,7585187926658450454,0.010047700532576007
7255307152083796994,7256202462158406658,0.49996749970747084
7255307152083796994,7290350607356150827,0.49928964596368786
7255307152083796994,7306969713349805064,0.49904743288833875
7255307152083796994,7311708051199230981,0.2324374011206512
7255307152083796994,7327226218813391877,0.4984288051209159
7255307152083796994,7355557262863336453,0.49908023116777656
7255307152083796994,7367577463750132741,0.01579647587930744
7255307152083796994,7377997874032084000,0.4985020230974643
7255307152083796994,7396903607784490000,0.4982885185402597
7255307152083796994,7402984582746358816,0.4990224871991405
7255307152083796994,7442002957991724065,0.49840862342965786
7255307152083796994,7455253044214449159,0.49776170927135166
7255307152083796994,7487688540064531463,0.4957177805450278
7255307152083796994,7493568304607937558,0.49879716408359576
7255307152083796994,7510166423118758918,0.5245560528245186
7255307152083796994,7523591048695170064,0.5257115446946444
7255307152083796994,7539280226653357073,0.4852615493106463
7255307152083796994,7579316049855841287,0.49760575215066977
7255307152083796994,7585186788609508373,0.524670255961522
7255307152083796994,7592395448494474254,0.10045114280055961
7255307152083796994,7597512785483957259,0.4988991484163875
7255459615491753002,7373912731559609352,0.015628533314842964
7255459615491753002,7386533375073682449,0.015626646548098064
7255459615491753002,7434627254548382776,0.09270805655876609
7255459615491753002,7589963743808947221,0.09270805655876609
7255585908618937370,7277183383178970117,0.015268762849023844
7255585908618937370,7293760186871088133,0.015551188096648967
7255585908618937370,7299759192024466438,0.015027071261950777
7255585908618937370,7441015530360570926,0.015543554240262426
7256202462158406658,7290350607356150827,0.4992473971219472
7256202462158406658,7306969713349805064,0.4990206672058985
7256202462158406658,7311708051199230981,0.23308995407813993
7256202462158406658,7327226218813391877,0.49836854974969774
7256202462158406658,7355557262863336453,0.49905244592340947
7256202462158406658,7377997874032084000,0.49891057449893106
7256202462158406658,7393383072991396869,0.015507883907634598
7256202462158406658,7396903607784490000,0.49826077737283136
7256202462158406658,7402984582746358816,0.4989621600573231
7256202462158406658,7442002957991724065,0.49837884442805397
7256202462158406658,7446622049529594923,0.015635028155671322
7256202462158406658,7455253044214449159,0.49779406617689165
7256202462158406658,7487688540064531463,0.49575000458536844
7256202462158406658,7493568304607937558,0.4987673618674
7256202462158406658,7510166423118758918,0.4985947335773392
7256202462158406658,7523591048695170064,0.4995496740932679
7256202462158406658,7539280226653357073,0.4853253100872027
7256202462158406658,7579316049855841287,0.5228403868669429
7256202462158406658,7585186788609508373,0.4975828257447002
7256202462158406658,7592395448494474254,0.10090887210006559
7256202462158406658,7597512785483957259,0.4988373900251977
7258512037201429510,7297306010283181062,0.04169964805069571
7258512037201429510,7324429098661790726,0.016444567484081234
7258512037201429510,7361054820280730629,0.016437855638824182
7258512037201429510,7363363492097065989,0.016057284852212785
7258512037201429510,7494827943799571486,0.016080286458941034
7258512037201429510,7508750993641489415,0.04306157531957019
7258512037201429510,7520209498390283282,0.01651445654238677
7258512037201429510,7540825121352614920,0.016081958562975607
7258512037201429510,7577464395643552775,0.016514836441575892
7258512037201429510,7593513425976984598,0.01632487016622223
7259830210505573382,7281769226565796870,0.01632084365381241
7259830210505573382,7297933972808729632,0.01400023405398429
7259830210505573382,7345507730973262881,0.015899281821542623
7259830210505573382,7441608528565224494,0.015863408151644092
7259830210505573382,7489528358398002198,0.013885554932987586
7259830210505573382,7522457887882445846,0.0125071945895105
7259830210505573382,7534543341909083143,0.014519772421444118
7259830210505573382,7538303426845819918,0.01358741425609941
7261142322435867653,7268149943910089734,0.013880374923997294
7261142322435867653,7315184692033930273,0.015322501389980252
7261142322435867653,7407221110629073926,0.021999228601598052
7261142322435867653,7415589102207321093,0.017065915066038075
7261142322435867653,7486594305004585989,0.013145497187891248
7261142322435867653,7490403226492077078,0.015866092069108304
7261142322435867653,7494711694116881415,0.02121104088774974
7261142322435867653,7494827943799571486,0.01932560773884939
7261142322435867653,7524535795760776222,0.012392615589626801
7261142322435867653,7544469740279186488,0.015662674863504342
7261422825452422150,7263621228413191173,0.01699149843783033
7261422825452422150,7287249230892106758,0.01699149843783033
7261422825452422150,7296948579905045509,0.01699149843783033
7261422825452422150,7298207797677884422,0.01699149843783033
7261422825452422150,7317431073687815173,0.01699149843783033
7261422825452422150,7319108928196903968,0.01699149843783033
7261422825452422150,7330899919002027051,0.01699149843783033
7261422825452422150,7331847404519883819,0.01699149843783033
7261422825452422150,7345594575783248902,0.017454446811352123
7261422825452422150,7346466630966412293,0.01699149843783033
7261422825452422150,7353421506658124833,0.01699149843783033
7261422825452422150,7372146986432775174,0.03267339363170562
7261422825452422150,7376897362978096145,0.01699149843783033
7261422825452422150,7377044399681307681,0.01699149843783033
7261422825452422150,7379964200321811472,0.01699149843783033
7261422825452422150,7380407783943881734,0.01699149843783033
7261422825452422150,7380648987244315666,0.01699149843783033
7261422825452422150,7383047865667322913,0.01699149843783033
7261422825452422150,7424539742974477318,0.01699149843783033
7261422825452422150,7437773895165920312,0.07664664384123111
7261422825452422150,7456825610020160518,0.01699149843783033
7261422825452422150,7459201168917480453,0.03286118738804023
7261422825452422150,7463218092195218454,0.01699149843783033
7261422825452422150,7466945875685819393,0.01699149843783033
7261422825452422150,7469354913887241217,0.01699149843783033
7261422825452422150,7469616549301634065,0.01699149843783033
7261422825452422150,7474455005735437329,0.017454446811352123
7261422825452422150,7480684683241473025,0.01699149843783033
7261422825452422150,7495408204823397384,0.017454446811352123
7261422825452422150,7496559084507726855,0.02433226925864308
7261422825452422150,7500049445330256916,0.01699149843783033
7261422825452422150,7502226464433177632,0.01699149843783033
7261422825452422150,7515508502254732331,0.01699149843783033
7261422825452422150,7517915187601720327,0.01699149843783033
7261422825452422150,7520061487814427656,0.01487081636844485
7261422825452422150,7521665294160200711,0.01699149843783033
7261422825452422150,7532290090426237972,0.01699149843783033
7261422825452422150,7533684525809943574,0.07664664384123111
7261422825452422150,7534684083310347265,0.10963771319808165
7261422825452422150,7535561785211552776,0.01699149843783033
7261422825452422150,7549955744930825222,0.01699149843783033
7261422825452422150,7552094429399385106,0.01699149843783033
7261422825452422150,7557359371543430166,0.01699149843783033
7261422825452422150,7559878386093442056,0.07664664384123111
7261422825452422150,7563546409505489931,0.01699149843783033
7261422825452422150,7567226487067427860,0.12116001689097572
7261422825452422150,7568897073518396434,0.01699149843783033
7261422825452422150,7570721274922779668,0.07664664384123111
7261422825452422150,7572620715221812246,0.01699149843783033
7261422825452422150,7573875560531805204,0.01699149843783033
7261422825452422150,7575049308014576661,0.01699149843783033
7261422825452422150,7576228097504363527,0.07664664384123111
7261422825452422150,7598645062255739959,0.01699149843783033
7261422825452422150,7601825276554118152,0.01699149843783033
7261422825452422150,7603626364147123222,0.01699149843783033
7261422825452422150,7612304113564566531,0.01699149843783033
7261422825452422150,7618800850517410830,0.01699149843783033
7262400527862301702,7358930055361823749,0.016223078881301065
7262400527862301702,7424553645365543942,0.01658228328960945
7262400527862301702,7435499715750806536,0.015756730391859285
7262400527862301702,7553907650837955595,0.08403221727363357
7262400527862301702,7610014708498023431,0.015622825979128584
7263081302823552005,7334272629450343470,0.014999065680882133
7263081302823552005,7349160078996276230,0.016060708726263855
7263081302823552005,7434627254548382776,0.043838743048970986
7263081302823552005,7452648710973441029,0.014768963296074734
7263081302823552005,7556669488167650315,0.04010880774226339
7263081302823552005,7589963743808947221,0.043838743048970986
7263621228413191173,7437773895165920312,0.06650584129825902
7263621228413191173,7533684525809943574,0.06650584129825902
7263621228413191173,7559878386093442056,0.0811767391003195
7263621228413191173,7570721274922779668,0.06650584129825902
7263621228413191173,7576228097504363527,0.06650584129825902
7263914736517399557,7274983064991810566,0.043388051698711565
7263914736517399557,7316789714857624582,0.1331671479712233
7263914736517399557,7323120700012938245,0.22820983854463064
7263914736517399557,7378567914254959622,0.03135324339553201
7263914736517399557,7387033416446837765,0.13323191571877882
7263914736517399557,7455603448303567877,0.11728566571754802
7263914736517399557,7462811958108062726,0.015813985336865843
7263914736517399557,7534224814162166800,0.032696509036105284
7263914736517399557,7550753650902270984,0.10618450856507251
7263914736517399557,7594214580139967544,0.07155246569043296
7265662037903885313,7298207797677884422,0.015405478209614402
7265662037903885313,7317393952595297285,0.015125916801188332
7265662037903885313,7367761141394998277,0.015410691118969644
7265662037903885313,7590371958509700116,0.01512677031769654
7265744876464423968,7333474672351675398,0.015743724216940275
7265744876464423968,7437773895165920312,0.057770507778888716
7265744876464423968,7533684525809943574,0.04269618527168356
7265744876464423968,7543302231467328534,0.015900992632202137
7265744876464423968,7543955698288739335,0.016042286478573586
7265744876464423968,7550338226915230776,0.016103689641319103
7265744876464423968,7559878386093442056,0.04269618527168356
7265744876464423968,7570721274922779668,0.04269618527168356
7265744876464423968,7573400555184604167,0.016095731577009338
7265744876464423968,7576228097504363527,0.04269618527168356
7267394392368514053,7349660179460015147,0.019430495503986265
7267394392368514053,7409739423779357702,0.01598133929718217
7267394392368514053,7434627254548382776,0.030730307571341438
7267394392368514053,7528317052487566392,0.015863731661286993
7267394392368514053,7589963743808947221,0.030730307571341438
7267394392368514053,7592395448494474254,0.05421208982881463
7268149943910089734,7315184692033930273,0.01648385467203876
7268149943910089734,7415589102207321093,0.014786737901272414
7268149943910089734,7483884642539471878,0.02291306628987224
7268149943910089734,7486594305004585989,0.017641397910163774
7268149943910089734,7524535795760776222,0.01690238461987474
7268149943910089734,7544469740279186488,0.01163093656704714
7268149943910089734,7585187926658450454,0.05591305195150617
7270136616478458887,7300113222412895265,0.015053400540276717
7270136616478458887,7300626193325229061,0.015077323427476539
7270136616478458887,7313835321618678816,0.015054558165711437
7270136616478458887,7397098503866041349,0.014959711967282444
7270136616478458887,7400347622539019270,0.015187835368572681
7270136616478458887,7426970340070818822,0.015435314373670496
7270136616478458887,7454739601820288005,0.015101298241860201
7270136616478458887,7598645062255739959,0.015044836204641908
7274983064991810566,7316789714857624582,0.05692554984255019
7274983064991810566,7323120700012938245,0.10784328615087749
7274983064991810566,7387033416446837765,0.056925549842550195
7274983064991810566,7405527020195284001,0.016537617530466522
7274983064991810566,7455603448303567877,0.06287688383027551
7274983064991810566,7528317052487566392,0.016329943765049232
7274983064991810566,7534224814162166800,0.029214348683633914
7274983064991810566,7550753650902270984,0.05692554984255019
7274983064991810566,7594214580139967544,0.0383593003071815
7277183383178970117,7324383714049541153,0.14864802663224816
7277183383178970117,7437773895165920312,0.03476197440586706
7277183383178970117,7438808668303623224,0.10199515191872868
7277183383178970117,7533684525809943574,0.03476197440586706
7277183383178970117,7538449740879660045,0.01558095555997509
7277183383178970117,7543308180970226696,0.07467166383476208
7277183383178970117,7559878386093442056,0.03476197440586706
7277183383178970117,7570721274922779668,0.03476197440586706
7277183383178970117,7576228097504363527,0.03476197440586706
7281282899318850566,7434627254548382776,0.06629274870887089
7281282899318850566,7452648710973441029,0.015011994262462686
7281282899318850566,7493498844564489224,0.014787801266332709
7281282899318850566,7502829652847657991,0.015136592275007394
7281282899318850566,7529208229067621384,0.0157236993791907
7281282899318850566,7589963743808947221,0.06629274870887089
7281769226565796870,7297933972808729632,0.013857264699736685
7281769226565796870,7345507730973262881,0.01587691237053579
7281769226565796870,7441608528565224494,0.015841075159769086
7281769226565796870,7489528358398002198,0.013874452380741904
7281769226565796870,7522457887882445846,0.01237024204488124
7281769226565796870,7534543341909083143,0.014373539203520703
7281769226565796870,7538303426845819918,0.013446222561501617
7282348803772318726,7300626193325229061,0.027928342428875045
7282348803772318726,7361069886359716906,0.015203506141295696
7282348803772318726,7434627254548382776,0.02937479242703941
7282348803772318726,7441608528565224494,0.03393362248992424
7282348803772318726,7589963743808947221,0.02937479242703941
7282457131139646497,7309689805897171970,0.016769083357537084
7282457131139646497,7318306691132589088,0.011191737935690246
7282457131139646497,7397174816681264133,0.01747626772482647
7282457131139646497,7403666842986546209,0.016286948269774896
7282457131139646497,7563546409505489931,0.014042354495198766
7282457131139646497,7603001410426618881,0.014703190260414164
7284057704728626181,7288239669111424005,0.015567095992405142
7284057704728626181,7307362809690506273,0.015562074040994908
7284057704728626181,7517915187601720327,0.015545442115582305
7284057704728626181,7520642008689116176,0.015724925568705365
7284057704728626181,7555788949694088210,0.01638808389629401
7284057704728626181,7556669488167650315,0.015372107434463341
7284057704728626181,7574297613940769793,0.01657381091526287
7284750471163970562,7319637314757575686,0.015546143038236546
7284750471163970562,7434627254548382776,0.07062402936401824
7284750471163970562,7589963743808947221,0.07062402936401824
7284750471163970562,7595754884038427661,0.01501870588984901
7287249230892106758,7437773895165920312,0.06650584129825902
7287249230892106758,7461329320323253254,0.014803205999563297
7287249230892106758,7495346041269814279,0.015184355435403234
7287249230892106758,7533684525809943574,0.06650584129825902
7287249230892106758,7559878386093442056,0.06650584129825902
7287249230892106758,7570721274922779668,0.06650584129825902
7287249230892106758,7576228097504363527,0.06650584129825902
7287530802672944129,7354374148095181829,0.015233210840669151
7287530802672944129,7431474919115064326,0.015057726483349753
7287530802672944129,7437773895165920312,0.04269618527168356
7287530802672944129,7438808668303623224,0.015389471494472734
7287530802672944129,7523457544536589330,0.015564043873947825
7287530802672944129,7533684525809943574,0.04269618527168356
7287530802672944129,7559878386093442056,0.04269618527168356
7287530802672944129,7570721274922779668,0.04269618527168356
7287530802672944129,7576228097504363527,0.04269618527168356
7287629583536538630,7365635139777823749,0.015702602137300892
7287629583536538630,7418987475336971269,0.015403957416580686
7287629583536538630,7509040397092865042,0.015547846998488683
7287629583536538630,7536210918439863297,0.015545116367820562
7287629583536538630,7537837262555235350,0.015544366558290381
7287629583536538630,7553907650837955595,0.016050509432276944
7288239669111424005,7437773895165920312,0.04348874937616442
7288239669111424005,7520642008689116176,0.01607035213757316
7288239669111424005,7529208229067621384,0.11179422513111553
7288239669111424005,7533684525809943574,0.04348874937616442
7288239669111424005,7559878386093442056,0.04348874937616442
7288239669111424005,7570721274922779668,0.04348874937616442
7288239669111424005,7576228097504363527,0.04348874937616442
7290292672361759776,7358930055361823749,0.015566392444865431
7290292672361759776,7415799988297319429,0.015297080722642695
7290292672361759776,7421992589585843243,0.015143723804342785
7290292672361759776,7434627254548382776,0.06629274870887089
7290292672361759776,7435499715750806536,0.01514801911589056
7290292672361759776,7493826108368405512,0.015730571187636076
7290292672361759776,7546456230891750422,0.015730571187636076
7290292672361759776,7555033171922912263,0.015274974619147771
7290292672361759776,7589963743808947221,0.06629274870887089
7290292672361759776,7610014708498023431,0.015025891480684669
7290350607356150827,7295710550214247432,0.01657796344584201
7290350607356150827,7398073899592352769,0.0165858530543759
7290350607356150827,7418987475336971269,0.015887005636073558
7290350607356150827,7428767448856282118,0.01574868676697853
7290350607356150827,7523591048695170064,0.49890275232700393
7290350607356150827,7537837262555235350,0.01604182738748413
7292020279937025030,7316815688206861344,0.015560214802769628
7292020279937025030,7434627254548382776,0.07062402936401824
7292020279937025030,7541721033906045972,0.015534670789000334
7292020279937025030,7589963743808947221,0.07062402936401824
7292436220012790816,7315521386973627425,0.016205948808945575
7292436220012790816,7434627254548382776,0.016225541555110946
7292436220012790816,7442753421524288544,0.015080622306322173
7292436220012790816,7501092673261618231,0.01519675905769267
7292469793109722154,7330899919002027051,0.014576440316507122
7292469793109722154,7442002957991724065,0.01436940798133897
7292469793109722154,7533684525809943574,0.014467327473672855
7293760186871088133,7437773895165920312,0.04923780264776331
7293760186871088133,7533684525809943574,0.04923780264776331
7293760186871088133,7559878386093442056,0.04923780264776331
7293760186871088133,7570721274922779668,0.04923780264776331
7293760186871088133,7576228097504363527,0.04923780264776331
7293760186871088133,7580931726077330450,0.17935384577416263
7295710550214247432,7398073899592352769,0.016587718386064872
7295710550214247432,7402268913452663809,0.01620984380265808
7295710550214247432,7441015530360570926,0.016038694661316313
7295710550214247432,7487688540064531463,0.01659457626832467
7295710550214247432,7538449740879660045,0.016386469548329504
7296163401382020102,7296760772994122757,0.015883566344954185
7296163401382020102,7445468737078526993,0.016049335570119356
7296163401382020102,7469354913887241217,0.015312329320193729
7296163401382020102,7494339416820270087,0.014963210217187002
7296163401382020102,7559878386093442056,0.015427959229173017
7296163401382020102,7589457676943606796,0.016053582564550303
7296760772994122757,7445468737078526993,0.016048173494677253
7296760772994122757,7469354913887241217,0.015313307736579573
7296760772994122757,7480684683241473025,0.015301959491900432
7296760772994122757,7494339416820270087,0.014964167990135526
7296760772994122757,7559878386093442056,0.01542894485733425
7296760772994122757,7589457676943606796,0.016052420520529746
7296948579905045509,7325894078187717675,0.015286425005120511
7296948579905045509,7330704995610477600,0.015854506827662315
7296948579905045509,7345447179269719072,0.015127564362205054
7296948579905045509,7396054750779900933,0.015130953775984012
7296948579905045509,7437773895165920312,0.06650584129825902
7296948579905045509,7533684525809943574,0.06650584129825902
7296948579905045509,7559878386093442056,0.06650584129825902
7296948579905045509,7570721274922779668,0.06650584129825902
7296948579905045509,7575604955886208022,0.015279287538107148
7296948579905045509,7576228097504363527,0.06650584129825902
7297306010283181062,7389767673448285226,0.015801844747047572
7297306010283181062,7409739423779357702,0.016561824847812944
7297306010283181062,7432711408628679685,0.0166028110904317
7297306010283181062,7472777689112675361,0.025130106123519888
7297306010283181062,7499448682740204566,0.016590083903296093
7297306010283181062,7508750993641489415,0.13711458266075777
7297306010283181062,7547644791631135764,0.016179288801741083
7297306010283181062,7577628387390129168,0.017589275315542732
7297306010283181062,7613372812347589646,0.026136627582173638
7297933972808729632,7345507730973262881,0.013448566092161158
7297933972808729632,7441608528565224494,0.013392407202590323
7297933972808729632,7489528358398002198,0.011423932906975113
7297933972808729632,7522457887882445846,0.013545512677054256
7297933972808729632,7534543341909083143,0.014536047789987037
7297933972808729632,7538303426845819918,0.014562246286540273
7297933972808729632,7575174922190177312,0.013182810536412518
7298207797677884422,7317393952595297285,0.015272746812835244
7298207797677884422,7437773895165920312,0.06650584129825902
7298207797677884422,7533684525809943574,0.06650584129825902
7298207797677884422,7559878386093442056,0.06650584129825902
7298207797677884422,7570721274922779668,0.06650584129825902
7298207797677884422,7576228097504363527,0.06650584129825902
7299759192024466438,7402268913452663809,0.015172937906734355
7299759192024466438,7441015530360570926,0.01503502152914438
7299759192024466438,7538449740879660045,0.015329475581072156
7300113222412895265,7300626193325229061,0.027156282183966023
7300113222412895265,7313835321618678816,0.01503953814471341
7300113222412895265,7354374148095181829,0.020340551976116627
7300113222412895265,7400347622539019270,0.015794100767290854
7300113222412895265,7426970340070818822,0.01605984642828443
7300113222412895265,7454739601820288005,0.02022804621161067
7300113222412895265,7598645062255739959,0.015360657204893739
7300626193325229061,7313835321618678816,0.015063597348866017
7300626193325229061,7389767673448285226,0.01784634185175531
7300626193325229061,7397098503866041349,0.014967901803986052
7300626193325229061,7400347622539019270,0.015456944427342084
7300626193325229061,7426970340070818822,0.015712602842387447
7300626193325229061,7454739601820288005,0.015315182600424245
7300626193325229061,7598645062255739959,0.015307551106696526
7306969713349805064,7523591048695170064,0.49865444180564844
7306969713349805064,7609668379692401697,0.026183309200372224
7307362809690506273,7437773895165920312,0.035930985967135655
7307362809690506273,7520642008689116176,0.01606485797521138
7307362809690506273,7533684525809943574,0.035930985967135655
7307362809690506273,7559878386093442056,0.035930985967135655
7307362809690506273,7570721274922779668,0.035930985967135655
7307362809690506273,7576228097504363527,0.035930985967135655
7307548469060584454,7317147259148715013,0.01572920841477828
7307548469060584454,7408910802202461190,0.03540401468583198
7307548469060584454,7418987475336971269,0.04920518760004479
7307548469060584454,7457519820280644613,0.016215284749668872
7307548469060584454,7463993064467252256,0.016398157773864528
7307548469060584454,7572160716909806600,0.016209379948159696
7308377902638728224,7434627254548382776,0.05069156849798685
7308377902638728224,7589963743808947221,0.05069156849798685
7309226277922309152,7332056821727446021,0.015131841206442698
7309226277922309152,7345519844223616002,0.015422524965513284
7309226277922309152,7379189727608570886,0.016605613108018835
7309226277922309152,7380648987244315666,0.016601479996567352
7309226277922309152,7452567943022167047,0.01640454860302242
7309689805897171970,7397174816681264133,0.014202864996857405
7309689805897171970,7403666842986546209,0.01453179574022646
7309689805897171970,7492091019530798087,0.014165235259269745
7309689805897171970,7519531111723222072,0.015514378952713669
7309689805897171970,7563546409505489931,0.015149058941590895
7309689805897171970,7603001410426618881,0.015810152965146325
7311708051199230981,7355557262863336453,0.2320576424251259
7311708051199230981,7377997874032084000,0.23627049333198863
7311708051199230981,7409739423779357702,0.016017968990424594
7311708051199230981,7432711408628679685,0.015959021321401933
7311708051199230981,7455253044214449159,0.23206159205108448
7311708051199230981,7499448682740204566,0.015989679149033282
7311708051199230981,7528317052487566392,0.015827528071264398
7312576223157863457,7573875560531805204,0.015614287395969435
7312576223157863457,7617508216503600150,0.016043351237902022
7313835321618678816,7397098503866041349,0.014973087789175062
7313835321618678816,7400347622539019270,0.015173836748912664
7313835321618678816,7426970340070818822,0.015421006028024105
7313835321618678816,7454739601820288005,0.015087572375822322
7313835321618678816,7598645062255739959,0.015031106456975831
7314655842044265478,7378567914254959622,0.01623151120708453
7314655842044265478,7437773895165920312,0.04269618527168356
7314655842044265478,7462811958108062726,0.015819994301134385
7314655842044265478,7533684525809943574,0.04269618527168356
7314655842044265478,7559878386093442056,0.04269618527168356
7314655842044265478,7570721274922779668,0.04269618527168356
7314655842044265478,7576228097504363527,0.04269618527168356
7315184692033930273,7437773895165920312,0.04269618527168356
7315184692033930273,7486594305004585989,0.015765239938932276
7315184692033930273,7524535795760776222,0.015024813470214334
7315184692033930273,7533684525809943574,0.04269618527168356
7315184692033930273,7544469740279186488,0.01314089741658375
7315184692033930273,7559878386093442056,0.04269618527168356
7315184692033930273,7570721274922779668,0.04269618527168356
7315184692033930273,7576228097504363527,0.04269618527168356
7315521386973627425,7434627254548382776,0.016203913441415106
7315521386973627425,7442753421524288544,0.015098488765979714
7315521386973627425,7501092673261618231,0.015214749441303696
7316071021454558214,7323120700012938245,0.01946502827679414
7316071021454558214,7352986419860423712,0.01597774366357491
7316071021454558214,7359928513861927969,0.016035501986689817
7316071021454558214,7402984582746358816,0.016461446025531783
7316071021454558214,7486273853688464430,0.015073714528104921
7316071021454558214,7495918801364485163,0.015199534351981805
7316071021454558214,7513207192766743559,0.02377188541842476
7316071021454558214,7560202600190460948,0.014523061370077268
7316071021454558214,7575049308014576661,0.015473374421330267
7316298248997192709,7384904311195599878,0.015563072468869173
7316298248997192709,7389067466839983111,0.015059702994163838
7316298248997192709,7486249118827185153,0.015575795047926898
7316298248997192709,7498060815040431122,0.015844118615831588
7316298248997192709,7508718935962321938,0.016001625525414776
7316298248997192709,7520061487814427656,0.014812441675667467
7316298248997192709,7550753650902270984,0.015722154006874087
7316789714857624582,7323120700012938245,0.2909165555785161
7316789714857624582,7378567914254959622,0.03604564073655459
7316789714857624582,7387033416446837765,0.16630441729334836
7316789714857624582,7455603448303567877,0.15387994501304664
7316789714857624582,7462811958108062726,0.015856793466346802
7316789714857624582,7534224814162166800,0.042898140892264944
7316789714857624582,7550753650902270984,0.13931511783017517
7316789714857624582,7556669488167650315,0.01745719946585545
7316789714857624582,7585691270368019463,0.017134415800950705
7316789714857624582,7594214580139967544,0.09387753753734601
7316815688206861344,7320351877056791584,0.016190340705273205
7316815688206861344,7437773895165920312,0.015229171806245743
7316815688206861344,7449327343900541984,0.01578557137520998
7316815688206861344,7541721033906045972,0.015856778177868708
7316815688206861344,7579972033883882518,0.01566265470452823
7317147259148715013,7345693452820186117,0.015573884927369861
7317147259148715013,7457519820280644613,0.015733345776726533
7317147259148715013,7463993064467252256,0.01590594764633684
7317147259148715013,7575174922190177312,0.02774306410620104
7317249968522462213,7323679526399083553,0.016049014339678855
7317249968522462213,7389767673448285226,0.024378680726913005
7317249968522462213,7436296718439875639,0.01530435723712728
7317314050736047136,7415799988297319429,0.016719801684211676
7317314050736047136,7421992589585843243,0.01505775473785043
7317314050736047136,7437773895165920312,0.043326141662172114
7317314050736047136,7444668199523992609,0.015505484362570477
7317314050736047136,7493826108368405512,0.01567433137496697
7317314050736047136,7533684525809943574,0.043326141662172114
7317314050736047136,7546456230891750422,0.01567433137496697
7317314050736047136,7555033171922912263,0.015194987289459384
7317314050736047136,7559878386093442056,0.043326141662172114
7317314050736047136,7570721274922779668,0.043326141662172114
7317314050736047136,7576228097504363527,0.043326141662172114
7317314050736047136,7589963743808947221,0.043180180803726466
7317393952595297285,7367761141394998277,0.015266690357492525
7317393952595297285,7492091019530798087,0.015348914592634015
7317393952595297285,7547644791631135764,0.01535965805579564
7317393952595297285,7562405333067629580,0.015364124099160045
7317393952595297285,7590371958509700116,0.015016181065160445
7317431073687815173,7437773895165920312,0.06650584129825902
7317431073687815173,7533684525809943574,0.06650584129825902
7317431073687815173,7559878386093442056,0.06650584129825902
7317431073687815173,7570721274922779668,0.06650584129825902
7317431073687815173,7576228097504363527,0.08153728741063797
7317431073687815173,7595754884038427661,0.014570059893949237
7318306691132589088,7347823456870581291,0.014424074107352924
7318306691132589088,7363363492097065989,0.016321350687167384
7318306691132589088,7397174816681264133,0.015125610640040064
7318306691132589088,7403666842986546209,0.008997276438638416
7318306691132589088,7435823402563355704,0.015117900644201395
7318306691132589088,7599049732175021073,0.015484828016022432
7318306691132589088,7603001410426618881,0.013739994068863788
7319108928196903968,7337597547799020549,0.01532718382830307
7319108928196903968,7349160078996276230,0.015072792184861575
7319108928196903968,7437773895165920312,0.06650584129825902
7319108928196903968,7533684525809943574,0.06650584129825902
7319108928196903968,7559878386093442056,0.06650584129825902
7319108928196903968,7570721274922779668,0.06650584129825902
7319108928196903968,7576228097504363527,0.06650584129825902
7319108928196903968,7587625784933041174,0.015391585374547833
7319108928196903968,7611159661320930321,0.014960467793052684
7319637314757575686,7327226218813391877,0.01599724629914955
7319637314757575686,7345594575783248902,0.015969991155236375
7319637314757575686,7383047865667322913,0.01574990892916938
7319637314757575686,7463218092195218454,0.0159896769492225
7319637314757575686,7532290090426237972,0.01541148033057579
7319637314757575686,7618800850517410830,0.01564300387627057
7320351877056791584,7449327343900541984,0.01618830643873013
7320351877056791584,7496559084507726855,0.016177733692509553
7320351877056791584,7541721033906045972,0.016163711511886412
7323120700012938245,7378567914254959622,0.05383124076619926
7323120700012938245,7384904311195599878,0.02558172025092068
7323120700012938245,7387033416446837765,0.2909811739248291
7323120700012938245,7389767673448285226,0.018472885779248778
7323120700012938245,7416287041577305094,0.028796049237312858
7323120700012938245,7455603448303567877,0.29151969526553545
7323120700012938245,7462811958108062726,0.015817642439704377
7323120700012938245,7481202044420228112,0.02331136856795069
7323120700012938245,7494827943799571486,0.015640892903926326
7323120700012938245,7534224814162166800,0.08126889413244069
7323120700012938245,7550753650902270984,0.26392718487319106
7323120700012938245,7556669488167650315,0.03307199952563261
7323120700012938245,7585691270368019463,0.03246049816577868
7323120700012938245,7594214580139967544,0.17784741951165672
7323120700012938245,7614802407563035656,0.02769921931592322
7323298125393003563,7324429098661790726,0.016364955196025516
7323298125393003563,7361054820280730629,0.01637041019720578
7323298125393003563,7446622049529594923,0.016433361568091102
7323298125393003563,7454926910012064774,0.01606862568365528
7323298125393003563,7482541173300462614,0.015464291606210717
7323298125393003563,7579316049855841287,0.015602182385598844
7323679526399083553,7340377245914547206,0.01605087431445164
7323679526399083553,7436296718439875639,0.015439772133117568
7323679526399083553,7476936817243604001,0.03673005480891807
7323679526399083553,7550753650902270984,0.016045321470295724
7324383714049541153,7437773895165920312,0.04398374996653582
7324383714049541153,7490579692137137174,0.01525990461942219
7324383714049541153,7526713237481833504,0.015406598757546483
7324383714049541153,7533684525809943574,0.04398374996653582
7324383714049541153,7543308180970226696,0.09448081841804316
7324383714049541153,7556652869841044512,0.015405260735352724
7324383714049541153,7559878386093442056,0.04398374996653582
7324383714049541153,7570721274922779668,0.04398374996653582
7324383714049541153,7576228097504363527,0.04398374996653582
7324429098661790726,7361054820280730629,0.016638292398070055
7324429098661790726,7446622049529594923,0.016552943284011617
7324429098661790726,7454926910012064774,0.01619725304077905
7324429098661790726,7482541173300462614,0.015567075042889707
7324429098661790726,7579316049855841287,0.01570743799722901
7325894078187717675,7330704995610477600,0.015565640150765033
7325894078187717675,7345447179269719072,0.014880476981733327
7325894078187717675,7379189727608570886,0.08805962638288745
7325894078187717675,7396054750779900933,0.014883809707165203
7325894078187717675,7483319222622602262,0.01513660405910336
7325894078187717675,7575174922190177312,0.030847401234844286
7325894078187717675,7575604955886208022,0.01502779610691883
7325894078187717675,7617626564747166734,0.033651401298254384
7327226218813391877,7523591048695170064,0.4980499272913306
7327226218813391877,7535385905805460487,0.015363310154718188
7330704995610477600,7421215511235150853,0.015571440304845776
7330704995610477600,7426645678765458449,0.015997961907043525
7330704995610477600,7553889065608414263,0.016366037006823306
7330704995610477600,7575604955886208022,0.015558350454326799
7330704995610477600,7589457676943606796,0.18725352528465944
7330899919002027051,7437773895165920312,0.06650584129825902
7330899919002027051,7533684525809943574,0.06650584129825902
7330899919002027051,7559878386093442056,0.06650584129825902
7330899919002027051,7570721274922779668,0.06650584129825902
7330899919002027051,7576228097504363527,0.06650584129825902
7331847404519883819,7421992589585843243,0.015023378384096413
7331847404519883819,7435499715750806536,0.01501145297682852
7331847404519883819,7437773895165920312,0.06650584129825902
7331847404519883819,7444668199523992609,0.015434642183877356
7331847404519883819,7493826108368405512,0.01560059313676882
7331847404519883819,7533684525809943574,0.06650584129825902
7331847404519883819,7546456230891750422,0.01560059313676882
7331847404519883819,7555033171922912263,0.015152505440666469
7331847404519883819,7559878386093442056,0.06650584129825902
7331847404519883819,7570721274922779668,0.06650584129825902
7331847404519883819,7576228097504363527,0.06650584129825902
7332056821727446021,7351522222589199365,0.0239771553727704
7332056821727446021,7380648987244315666,0.01514249151931173
7332056821727446021,7437773895165920312,0.03388322665306696
7332056821727446021,7533684525809943574,0.03388322665306696
7332056821727446021,7559878386093442056,0.03388322665306696
7332056821727446021,7570721274922779668,0.03388322665306696
7332056821727446021,7576228097504363527,0.03388322665306696
7333474672351675398,7436415158378824725,0.015560812212112488
7333474672351675398,7543302231467328534,0.015702386972307757
7333474672351675398,7543955698288739335,0.015840181184846903
7333474672351675398,7550338226915230776,0.015901031161733015
7333474672351675398,7573400555184604167,0.01589089626049618
7333933730745566213,7376897362978096145,0.016591348669865
7333933730745566213,7414410186095772678,0.016392403160006938
7333933730745566213,7416287041577305094,0.016587462327511834
7333933730745566213,7436219840279053328,0.016395522769242096
7334272629450343470,7361069886359716906,0.01572517133941715
7334272629450343470,7437501539181642808,0.015010487597652158
7334272629450343470,7452648710973441029,0.015001914707255074
7334272629450343470,7493498844564489224,0.014781221103479913
7334272629450343470,7502829652847657991,0.015121834038538126
7337084105261138976,7437773895165920312,0.0571003239195597
7337084105261138976,7533684525809943574,0.0571003239195597
7337084105261138976,7559878386093442056,0.0571003239195597
7337084105261138976,7570721274922779668,0.0571003239195597
7337084105261138976,7576228097504363527,0.0571003239195597
7337084105261138976,7611159661320930321,0.016605933613579784
7337597547799020549,7424539742974477318,0.015166113114086522
7337597547799020549,7543302231467328534,0.0474271612847918
7337597547799020549,7587625784933041174,0.015433096157363622
7337597547799020549,7597556117011497997,0.015616993270633272
7337597547799020549,7611159661320930321,0.01498196681092413
7340377245914547206,7437773895165920312,0.04269618527168356
7340377245914547206,7533684525809943574,0.04269618527168356
7340377245914547206,7559878386093442056,0.04269618527168356
7340377245914547206,7570721274922779668,0.04269618527168356
7340377245914547206,7576228097504363527,0.04269618527168356
7345447179269719072,7483319222622602262,0.015033286342952876
7345447179269719072,7570721274922779668,0.015004467693268159
7345447179269719072,7575604955886208022,0.014886679593435606
7345507730973262881,7358089344354354194,0.0185183754952585
7345507730973262881,7441608528565224494,0.016372195911381143
7345507730973262881,7489528358398002198,0.014419542807397535
7345507730973262881,7499826250930226194,0.03401162420553288
7345507730973262881,7534543341909083143,0.013965295994706474
7345519844223616002,7434627254548382776,0.046872177419903675
7345519844223616002,7437773895165920312,0.04703061823988365
7345519844223616002,7533684525809943574,0.04703061823988365
7345519844223616002,7559878386093442056,0.04703061823988365
7345519844223616002,7570721274922779668,0.04703061823988365
7345519844223616002,7576228097504363527,0.04703061823988365
7345519844223616002,7589963743808947221,0.046872177419903675
7345594575783248902,7430756915124634630,0.015877160255677373
7345594575783248902,7437773895165920312,0.06831785164986984
7345594575783248902,7533684525809943574,0.06831785164986984
7345594575783248902,7535385905805460487,0.015386259617435344
7345594575783248902,7555104317654008839,0.07652243333235939
7345594575783248902,7559878386093442056,0.06831785164986984
7345594575783248902,7570721274922779668,0.06831785164986984
7345594575783248902,7576228097504363527,0.06831785164986984
7346466630966412293,7437773895165920312,0.06650584129825902
7346466630966412293,7490579692137137174,0.015556272877391943
7346466630966412293,7526713237481833504,0.015708454559744758
7346466630966412293,7533684525809943574,0.06650584129825902
7346466630966412293,7556652869841044512,0.01570709022733972
7346466630966412293,7559878386093442056,0.06650584129825902
7346466630966412293,7570721274922779668,0.06650584129825902
7346466630966412293,7576228097504363527,0.06650584129825902
7347823456870581291,7421976792565711905,0.013506072701491763
7347823456870581291,7435823402563355704,0.0157146527797299
7349160078996276230,7556669488167650315,0.017781147360048894
7349160078996276230,7597556117011497997,0.015090657652230048
7349160078996276230,7611159661320930321,0.014481942026629823
7349160078996276230,7613372812347589646,0.033243977184569666
7349660179460015147,7354374148095181829,0.01511656493354094
7349660179460015147,7421976792565711905,0.01978642500183013
7349660179460015147,7431474919115064326,0.014899546107364324
7349660179460015147,7438808668303623224,0.015270416195395927
7349660179460015147,7523457544536589330,0.015413080829940001
7349660179460015147,7538303426845819918,0.0365825343999699
7351522222589199365,7411689832726545414,0.02576446444345956
7351522222589199365,7463944109431145489,0.025475994150487145
7351522222589199365,7534684083310347265,0.025795467221982584
7351522222589199365,7571272033645626385,0.02486644236431218
7352849317865505798,7364138059266688005,0.015877592535335966
7352849317865505798,7416269225385296902,0.016397063307142686
7352849317865505798,7453398291771524102,0.01621667295081984
7352849317865505798,7475281813004338198,0.016395406396333845
7352849317865505798,7534224814162166800,0.061165448665431645
7352986419860423712,7359928513861927969,0.016078772857343146
7352986419860423712,7434627254548382776,0.06629274870887089
7352986419860423712,7486273853688464430,0.014610172948939236
7352986419860423712,7513207192766743559,0.015949430411002632
7352986419860423712,7560202600190460948,0.014693943329608598
7352986419860423712,7589963743808947221,0.06629274870887089
7353421506658124833,7437773895165920312,0.06650584129825902
7353421506658124833,7533684525809943574,0.06650584129825902
7353421506658124833,7559878386093442056,0.06650584129825902
7353421506658124833,7570721274922779668,0.06650584129825902
7353421506658124833,7576228097504363527,0.06650584129825902
7354374148095181829,7426645678765458449,0.015411747726116299
7354374148095181829,7431474919115064326,0.01473691419293084
7354374148095181829,7438808668303623224,0.015130621242720707
7354374148095181829,7523457544536589330,0.015240746829744342
7354374148095181829,7553889065608414263,0.015740240369883276
7355557262863336453,7523591048695170064,0.4986876279649912
7355557262863336453,7585691270368019463,0.01658907565997307
7355557262863336453,7609668379692401697,0.026460951612960627
7357806298803143713,7533684525809943574,0.014649430725063785
7357806298803143713,7605645281590510610,0.07830003738011723
7358089344354354194,7384904311195599878,0.02351739458276613
7358089344354354194,7472777689112675361,0.018411354402650664
7358089344354354194,7499826250930226194,0.018119493455837195
7358089344354354194,7613372812347589646,0.01914877362396478
7358930055361823749,7415799988297319429,0.015601468553981548
7358930055361823749,7424553645365543942,0.016212074101952165
7358930055361823749,7435499715750806536,0.015433849496683407
7358930055361823749,7603626364147123222,0.016220851865387992
7358930055361823749,7610014708498023431,0.01530529371895121
7359289173456913454,7393383072991396869,0.0155478578503627
7359289173456913454,7407221110629073926,0.02245220555563874
7359289173456913454,7434627254548382776,0.03428132558451939
7359289173456913454,7446622049529594923,0.015615778700275352
7359289173456913454,7494711694116881415,0.015424506930855647
7359289173456913454,7589963743808947221,0.03428132558451939
7359928513861927969,7402984582746358816,0.01604264902548136
7359928513861927969,7437501539181642808,0.053727575464416345
7359928513861927969,7486273853688464430,0.014666389089692401
7359928513861927969,7498060815040431122,0.04722612836546612
7359928513861927969,7513207192766743559,0.01600719467297304
7359928513861927969,7560202600190460948,0.014635793756279785
7359928513861927969,7575049308014576661,0.015576536132813023
7361054820280730629,7434627254548382776,0.06629274870887089
7361054820280730629,7446622049529594923,0.016558455658035987
7361054820280730629,7482541173300462614,0.015572344929575196
7361054820280730629,7589963743808947221,0.06629274870887089
7361069886359716906,7380407783943881734,0.015203879019097977
7361069886359716906,7437501539181642808,0.01544565973342427
7361069886359716906,7452648710973441029,0.015436803534136352
7361069886359716906,7493498844564489224,0.015203302015848325
7363363492097065989,7482541173300462614,0.01697101211145263
7363363492097065989,7494827943799571486,0.026477796485210873
7363363492097065989,7520209498390283282,0.016166573722639133
7363363492097065989,7540825121352614920,0.015872784307905344
7363363492097065989,7577464395643552775,0.016166236791681464
7363363492097065989,7593513425976984598,0.015982267892822026
7364138059266688005,7437773895165920312,0.04423905731478973
7364138059266688005,7453398291771524102,0.01587737435496289
7364138059266688005,7475281813004338198,0.016051410840664106
7364138059266688005,7533684525809943574,0.04423905731478973
7364138059266688005,7559878386093442056,0.04423905731478973
7364138059266688005,7570721274922779668,0.04423905731478973
7364138059266688005,7576228097504363527,0.04423905731478973
7365635139777823749,7418987475336971269,0.01556098878619288
7365635139777823749,7428767448856282118,0.015422149206355778
7365635139777823749,7509040397092865042,0.015707721962868446
7365635139777823749,7536210918439863297,0.015704965375657715
7365635139777823749,7537837262555235350,0.015704208270054063
7367437036964119584,7434627254548382776,0.023244489512866152
7367437036964119584,7550338226915230776,0.014815839585854966
7367437036964119584,7589963743808947221,0.023244489512866152
7367577463750132741,7375525564567241761,0.015859338562594607
7367577463750132741,7408910802202461190,0.015988648490078534
7367577463750132741,7499826250930226194,0.016044703676349484
7367577463750132741,7521069418713990158,0.015797808124383923
7367577463750132741,7524800391486522390,0.015798578475024472
7367577463750132741,7555104317654008839,0.016001809807736096
7367577463750132741,7585186788609508373,0.015804554306804604
7367761141394998277,7437773895165920312,0.0431643228089832
7367761141394998277,7533684525809943574,0.0431643228089832
7367761141394998277,7559878386093442056,0.0431643228089832
7367761141394998277,7570721274922779668,0.0431643228089832
7367761141394998277,7576228097504363527,0.0431643228089832
7372146986432775174,7389067466839983111,0.015261992986886087
7372146986432775174,7437773895165920312,0.06650584129825902
7372146986432775174,7476936817243604001,0.01617294155603689
7372146986432775174,7498060815040431122,0.015927236109341478
7372146986432775174,7520061487814427656,0.015050799657287065
7372146986432775174,7533684525809943574,0.06650584129825902
7372146986432775174,7559878386093442056,0.06650584129825902
7372146986432775174,7570721274922779668,0.06650584129825902
7372146986432775174,7576228097504363527,0.06650584129825902
7373912731559609352,7386533375073682449,0.01659683113161332
7373912731559609352,7453634343190807557,0.016031149033104628
7373912731559609352,7519531111723222072,0.015898324113399333
7375525564567241761,7437773895165920312,0.04269618527168356
7375525564567241761,7499826250930226194,0.01641992903984107
7375525564567241761,7524800391486522390,0.01617418832899418
7375525564567241761,7533684525809943574,0.04269618527168356
7375525564567241761,7555104317654008839,0.01638596286607088
7375525564567241761,7559878386093442056,0.04269618527168356
7375525564567241761,7570721274922779668,0.04269618527168356
7375525564567241761,7576228097504363527,0.04269618527168356
7376897362978096145,7416287041577305094,0.01658713746873085
7376897362978096145,7437773895165920312,0.06650584129825902
7376897362978096145,7533684525809943574,0.06650584129825902
7376897362978096145,7559878386093442056,0.06650584129825902
7376897362978096145,7570721274922779668,0.06650584129825902
7376897362978096145,7576228097504363527,0.06650584129825902
7376941500363965472,7421992589585843243,0.015437233186758777
7376941500363965472,7434634221899596833,0.01604530546631729
7376941500363965472,7437773895165920312,0.04269618527168356
7376941500363965472,7444668199523992609,0.015880652270711275
7376941500363965472,7493826108368405512,0.01605146953523171
7376941500363965472,7512265205633008662,0.016219448508144826
7376941500363965472,7533684525809943574,0.04269618527168356
7376941500363965472,7546456230891750422,0.01605146953523171
7376941500363965472,7555033171922912263,0.015574029805192376
7376941500363965472,7559878386093442056,0.04269618527168356
7376941500363965472,7567226487067427860,0.01621913828215701
7376941500363965472,7570721274922779668,0.04269618527168356
7376941500363965472,7576228097504363527,0.04269618527168356
7377044399681307681,7424553645365543942,0.016591415357701225
7377044399681307681,7437773895165920312,0.06650584129825902
7377044399681307681,7533684525809943574,0.06650584129825902
7377044399681307681,7559878386093442056,0.06650584129825902
7377044399681307681,7570721274922779668,0.06650584129825902
7377044399681307681,7576228097504363527,0.06650584129825902
7377044399681307681,7609668379692401697,0.02649088594297021
7377997874032084000,7469977879825466414,0.01491806868067682
7377997874032084000,7523591048695170064,0.4979325293632707
7377997874032084000,7560202600190460948,0.015006078557861575
7377997874032084000,7592395448494474254,0.10329976019725552
7377997874032084000,7620205971531416579,0.01569369228284457
7378567914254959622,7387033416446837765,0.0360774318779039
7378567914254959622,7455603448303567877,0.0219236276547816
7378567914254959622,7462811958108062726,0.015820811224945053
7378567914254959622,7550753650902270984,0.01984854341955886
7378695724613616658,7437773895165920312,0.04269618527168356
7378695724613616658,7461329320323253254,0.015183766831905376
7378695724613616658,7495346041269814279,0.015594101782592188
7378695724613616658,7533684525809943574,0.04269618527168356
7378695724613616658,7559878386093442056,0.04269618527168356
7378695724613616658,7570721274922779668,0.04269618527168356
7378695724613616658,7576228097504363527,0.04269618527168356
7379189727608570886,7380648987244315666,0.016608603655519118
7379189727608570886,7452567943022167047,0.01639781986233213
7379189727608570886,7575174922190177312,0.021398611493012358
7379189727608570886,7617626564747166734,0.02334372536262153
7379964200321811472,7437773895165920312,0.06650584129825902
7379964200321811472,7533684525809943574,0.06650584129825902
7379964200321811472,7559878386093442056,0.06650584129825902
7379964200321811472,7570721274922779668,0.06650584129825902
7379964200321811472,7576228097504363527,0.06650584129825902
7380407783943881734,7437773895165920312,0.06650584129825902
7380407783943881734,7533684525809943574,0.06650584129825902
7380407783943881734,7559878386093442056,0.06650584129825902
7380407783943881734,7570721274922779668,0.06650584129825902
7380407783943881734,7576228097504363527,0.06650584129825902
7380648987244315666,7437773895165920312,0.06650584129825902
7380648987244315666,7533684525809943574,0.06650584129825902
7380648987244315666,7559878386093442056,0.06650584129825902
7380648987244315666,7570721274922779668,0.06650584129825902
7380648987244315666,7576228097504363527,0.06650584129825902
7383047865667322913,7430756915124634630,0.015758444999598754
7383047865667322913,7437773895165920312,0.06650584129825902
7383047865667322913,7533684525809943574,0.06650584129825902
7383047865667322913,7535385905805460487,0.015265357797220791
7383047865667322913,7559878386093442056,0.06650584129825902
7383047865667322913,7570721274922779668,0.06650584129825902
7383047865667322913,7576228097504363527,0.06650584129825902
7384904311195599878,7389067466839983111,0.015078644659025617
7384904311195599878,7472777689112675361,0.019049347864886105
7384904311195599878,7476936817243604001,0.017692423706725458
7384904311195599878,7498060815040431122,0.015863897952225627
7384904311195599878,7508718935962321938,0.01597888529088508
7384904311195599878,7520061487814427656,0.01483111720304291
7384904311195599878,7613372812347589646,0.019812320265604415
7386533375073682449,7453634343190807557,0.01602920931573337
7386533375073682449,7519531111723222072,0.01590012712019314
7387033416446837765,7455603448303567877,0.15387994501304664
7387033416446837765,7462811958108062726,0.01581760356161053
7387033416446837765,7534224814162166800,0.042898140892264944
7387033416446837765,7550753650902270984,0.1393151178301752
7387033416446837765,7556669488167650315,0.01745719946585545
7387033416446837765,7585691270368019463,0.017134415800950705
7387033416446837765,7594214580139967544,0.09387753753734601
7389067466839983111,7486249118827185153,0.015067310349310963
7389067466839983111,7498060815040431122,0.015414334493105851
7389067466839983111,7498665985957823506,0.015109916742504791
7389067466839983111,7508718935962321938,0.015448782274747865
7389767673448285226,7396903607784490000,0.015836087945417958
7389767673448285226,7409739423779357702,0.015851269037089683
7389767673448285226,7471571264202441729,0.015858494165089887
7389767673448285226,7499448682740204566,0.015823251702564677
7389767673448285226,7528317052487566392,0.015694069032996756
7393383072991396869,7482541173300462614,0.015502732308666573
7393383072991396869,7483884642539471878,0.016091659441850276
7393383072991396869,7494711694116881415,0.01606206939748432
7393383072991396869,7579316049855841287,0.01563927134685862
7393383072991396869,7579972033883882518,0.01980377727632255
7396054750779900933,7483319222622602262,0.015036646971722521
7396054750779900933,7570721274922779668,0.015001237110920239
7396054750779900933,7575604955886208022,0.014890012219239013
7396903607784490000,7409739423779357702,0.016597559311479923
7396903607784490000,7432711408628679685,0.016567748894374373
7396903607784490000,7499448682740204566,0.01659941634091164
7396903607784490000,7523591048695170064,0.49789653814097123
7396903607784490000,7547644791631135764,0.016145001618513146
7397098503866041349,7454739601820288005,0.014991876332901048
7397098503866041349,7598645062255739959,0.014935388029401756
7397174816681264133,7403666842986546209,0.01085072145338444
7397174816681264133,7435823402563355704,0.013880724345014308
7397174816681264133,7563546409505489931,0.015918082747973954
7397174816681264133,7603001410426618881,0.015605420796381646
7398073899592352769,7402268913452663809,0.016202716352027198
7398073899592352769,7428767448856282118,0.01574009037519797
7398073899592352769,7487688540064531463,0.016587292121187307
7398073899592352769,7538449740879660045,0.016379267106840893
7399170004366885889,7434627254548382776,0.06629274870887089
7399170004366885889,7483576233717400594,0.015196504724449143
7399170004366885889,7589963743808947221,0.06629274870887089
7400347622539019270,7426970340070818822,0.016237547780034424
7400347622539019270,7454739601820288005,0.015431365768351815
7400347622539019270,7472777689112675361,0.027660509233818093
7400347622539019270,7598645062255739959,0.015499344437589567
7400347622539019270,7613372812347589646,0.028768379449896138
7402268913452663809,7434627254548382776,0.046872177419903675
7402268913452663809,7437773895165920312,0.04703061823988365
7402268913452663809,7533684525809943574,0.04703061823988365
7402268913452663809,7538449740879660045,0.016036254899055413
7402268913452663809,7559878386093442056,0.04703061823988365
7402268913452663809,7570721274922779668,0.04703061823988365
7402268913452663809,7576228097504363527,0.04703061823988365
7402268913452663809,7589963743808947221,0.046872177419903675
7402984582746358816,7486273853688464430,0.015066542720348814
7402984582746358816,7513207192766743559,0.016432873683239473
7402984582746358816,7523591048695170064,0.49879645603551415
7402984582746358816,7560202600190460948,0.014530038530613446
7403666842986546209,7563546409505489931,0.011843974701640073
7403666842986546209,7603001410426618881,0.012487229272959055
7405527020195284001,7408910802202461190,0.08087126256138238
7405527020195284001,7597512785483957259,0.0163281991189584
7407221110629073926,7408910802202461190,0.016533847087895952
7407221110629073926,7455253044214449159,0.016574723252455105
7407221110629073926,7476936817243604001,0.020557067587782977
7407221110629073926,7519531111723222072,0.08641145793465416
7407221110629073926,7524800391486522390,0.01635163574852342
7407221110629073926,7555104317654008839,0.016520497449233073
7408910802202461190,7418987475336971269,0.0244229738803198
7408910802202461190,7455253044214449159,0.01648955894814447
7408910802202461190,7499826250930226194,0.016559875657226247
7408910802202461190,7524800391486522390,0.01641497139437006
7408910802202461190,7555104317654008839,0.016605017124028527
7409739423779357702,7432711408628679685,0.016552492665731083
7409739423779357702,7492091019530798087,0.016142314310601064
7409739423779357702,7499448682740204566,0.016584160907738576
7409739423779357702,7503034501376082986,0.016219124035095213
7409739423779357702,7547644791631135764,0.01613007903521554
7411689832726545414,7463944109431145489,0.015724683666802363
7411689832726545414,7502829652847657991,0.11356201278635963
7411689832726545414,7534684083310347265,0.015885198762789314
7411689832726545414,7571272033645626385,0.015286723799867912
7414410186095772678,7434627254548382776,0.07062402936401824
7414410186095772678,7481202044420228112,0.01587627306518373
7414410186095772678,7487696987476886560,0.01587527883054508
7414410186095772678,7589963743808947221,0.07062402936401824
7415589102207321093,7437773895165920312,0.06650584129825902
7415589102207321093,7486594305004585989,0.014053994968544748
7415589102207321093,7524535795760776222,0.013301801235758248
7415589102207321093,7533684525809943574,0.06650584129825902
7415589102207321093,7544469740279186488,0.01492619871522118
7415589102207321093,7559878386093442056,0.06650584129825902
7415589102207321093,7570721274922779668,0.06650584129825902
7415589102207321093,7576228097504363527,0.06650584129825902
7415799988297319429,7435499715750806536,0.015162071183407025
7415799988297319429,7610014708498023431,0.015033258013378004
7416269225385296902,7434627254548382776,0.15257281456220087
7416269225385296902,7434634221899596833,0.016398671538252363
7416269225385296902,7453398291771524102,0.016396837865308097
7416269225385296902,7475281813004338198,0.016590461693096803
7416269225385296902,7567226487067427860,0.0165843173355712
7416269225385296902,7589963743808947221,0.15257281456220087
7416287041577305094,7455603448303567877,0.016789230997025603
7416287041577305094,7531355177938682896,0.016587376927067427
7416287041577305094,7603001410426618881,0.10415142921377449
7418987475336971269,7509040397092865042,0.015410410374145362
7418987475336971269,7537837262555235350,0.01540889020012331
7421215511235150853,7434627254548382776,0.07859411035340232
7421215511235150853,7553907650837955595,0.08954347834395276
7421215511235150853,7575604955886208022,0.015009390653312069
7421215511235150853,7589963743808947221,0.07859411035340232
7421976792565711905,7430756915124634630,0.016086984081745373
7421976792565711905,7500049445330256916,0.0161160226067491
7421976792565711905,7579972033883882518,0.01660104957542697
7421976792565711905,7592395448494474254,0.016243568583807436
7421976792565711905,7593513425976984598,0.01649067151461745
7421976792565711905,7597556117011497997,0.0162032993422446
7421992589585843243,7444668199523992609,0.015435151204774154
7421992589585843243,7493826108368405512,0.015601107534876844
7421992589585843243,7546456230891750422,0.015601107534876844
7421992589585843243,7555033171922912263,0.015153004870403823
7424539742974477318,7437773895165920312,0.06650584129825902
7424539742974477318,7533684525809943574,0.06650584129825902
7424539742974477318,7559878386093442056,0.06650584129825902
7424539742974477318,7570721274922779668,0.06650584129825902
7424539742974477318,7576228097504363527,0.06650584129825902
7424539742974477318,7587625784933041174,0.015228439912726254
7424539742974477318,7611159661320930321,0.01479705795364088
7424553645365543942,7463351104668501024,0.015887835627365964
7424553645365543942,7603626364147123222,0.016584795459763584
7424553645365543942,7609668379692401697,0.02648660839746572
7426645678765458449,7437773895165920312,0.04269618527168356
7426645678765458449,7438808668303623224,0.015523641914203277
7426645678765458449,7523457544536589330,0.015640447477540537
7426645678765458449,7533684525809943574,0.04269618527168356
7426645678765458449,7559878386093442056,0.04269618527168356
7426645678765458449,7570721274922779668,0.04269618527168356
7426645678765458449,7576228097504363527,0.04269618527168356
7426970340070818822,7454739601820288005,0.015686449241771986
7426970340070818822,7598645062255739959,0.015756016716482402
7428767448856282118,7509040397092865042,0.0152741657796516
7428767448856282118,7536210918439863297,0.015277053228131676
7428767448856282118,7537837262555235350,0.015277813317306547
7430756915124634630,7500049445330256916,0.015893874215194653
7430756915124634630,7535385905805460487,0.01520983565796024
7430756915124634630,7592395448494474254,0.015775570330536618
7431474919115064326,7438808668303623224,0.014884072114059621
7431474919115064326,7516833731350643719,0.014684072876699103
7431474919115064326,7523457544536589330,0.015048514747752161
7431474919115064326,7620360781880771597,0.014612723882534156
7432711408628679685,7492091019530798087,0.01620139933099814
7432711408628679685,7499448682740204566,0.01658075266122986
7432711408628679685,7503034501376082986,0.01615957158162865
7432711408628679685,7547644791631135764,0.01618916248128844
7432711408628679685,7562405333067629580,0.016183765604036955
7434627254548382776,7436219840279053328,0.043021902579175514
7434627254548382776,7436415158378824725,0.034002323409445395
7434627254548382776,7437501539181642808,0.04621056382464171
7434627254548382776,7441015530360570926,0.060920515121093755
7434627254548382776,7442753421524288544,0.015078703556977116
7434627254548382776,7447572034136556561,0.04255524572864896
7434627254548382776,7449327343900541984,0.19409470640386714
7434627254548382776,7453634343190807557,0.06629274870887089
7434627254548382776,7454926910012064774,0.03036914914195038
7434627254548382776,7457519820280644613,0.04255524572864896
7434627254548382776,7463351104668501024,0.06629274870887089
7434627254548382776,7463944109431145489,0.04255524572864896
7434627254548382776,7471571264202441729,0.15257281456220087
7434627254548382776,7492091019530798087,0.03322427090168043
7434627254548382776,7495918801364485163,0.0681541651705542
7434627254548382776,7497772332389123079,0.06629274870887089
7434627254548382776,7498665985957823506,0.06629274870887089
7434627254548382776,7501092673261618231,0.015194828389929362
7434627254548382776,7502699724320097322,0.025971397918972315
7434627254548382776,7503034501376082986,0.06629274870887089
7434627254548382776,7512265205633008662,0.03009007780359321
7434627254548382776,7516833731350643719,0.0303795668004485
7434627254548382776,7521069418713990158,0.15257281456220087
7434627254548382776,7525651754726671368,0.043345304246595086
7434627254548382776,7534684083310347265,0.05523388222078247
7434627254548382776,7536210918439863297,0.055650992089492216
7434627254548382776,7553889065608414263,0.07062402936401824
7434627254548382776,7553907650837955595,0.142671607187862
7434627254548382776,7555788949694088210,0.03292697851478155
7434627254548382776,7577464395643552775,0.06629274870887089
7434627254548382776,7577628387390129168,0.03022285519761773
7434627254548382776,7578586528784696332,0.04255524572864896
7434627254548382776,7589963743808947221,0.5
7434627254548382776,7601465278044668949,0.02192499848057527
7434627254548382776,7615456357705417750,0.06648465389281194
7434627254548382776,7620360781880771597,0.06629274870887089
7434634221899596833,7444668199523992609,0.01604768859030244
7434634221899596833,7475281813004338198,0.016400496978187223
7434634221899596833,7493826108368405512,0.016217514285658614
7434634221899596833,7512265205633008662,0.01640741313411519
7434634221899596833,7546456230891750422,0.016217514285658614
7434634221899596833,7567226487067427860,0.016407099476242717
7435499715750806536,7603626364147123222,0.01575456345190035
7435499715750806536,7610014708498023431,0.014900609053610377
7436219840279053328,7531355177938682896,0.01639267106171081
7436219840279053328,7589963743808947221,0.043021902579175514
7436296718439875639,7601465278044668949,0.015431488289887347
7436415158378824725,7543955698288739335,0.015773128056956624
7436415158378824725,7550338226915230776,0.015833994150513918
7436415158378824725,7579972033883882518,0.015391141361688412
7436415158378824725,7589963743808947221,0.034002323409445395
7437501539181642808,7452648710973441029,0.014765463366717932
7437501539181642808,7483884642539471878,0.024710848072711948
7437501539181642808,7493498844564489224,0.07009400344587609
7437501539181642808,7498060815040431122,0.036612249156423804
7437501539181642808,7589963743808947221,0.04621056382464171
7437773895165920312,7445468737078526993,0.04364820444216503
7437773895165920312,7452567943022167047,0.0431643228089832
7437773895165920312,7456825610020160518,0.06650584129825902
7437773895165920312,7459201168917480453,0.06650584129825902
7437773895165920312,7463218092195218454,0.06650584129825902
7437773895165920312,7466945875685819393,0.06650584129825902
7437773895165920312,7469354913887241217,0.06650584129825902
7437773895165920312,7469616549301634065,0.06650584129825902
7437773895165920312,7474455005735437329,0.06831785164986984
7437773895165920312,7475477880530502689,0.04953910581587193
7437773895165920312,7480684683241473025,0.06650584129825902
7437773895165920312,7483319222622602262,0.0431643228089832
7437773895165920312,7486249118827185153,0.04269618527168356
7437773895165920312,7490403226492077078,0.0431643228089832
7437773895165920312,7495408204823397384,0.06831785164986984
7437773895165920312,7496559084507726855,0.03388322665306696
7437773895165920312,7500049445330256916,0.06650584129825902
7437773895165920312,7502226464433177632,0.06650584129825902
7437773895165920312,7504218153414165526,0.06650584129825902
7437773895165920312,7512265205633008662,0.03019179052237205
7437773895165920312,7515508502254732331,0.06650584129825902
7437773895165920312,7516814050480571408,0.0571003239195597
7437773895165920312,7517915187601720327,0.06650584129825902
7437773895165920312,7521665294160200711,0.06650584129825902
7437773895165920312,7528230653382460434,0.04269618527168356
7437773895165920312,7532290090426237972,0.06650584129825902
7437773895165920312,7533684525809943574,0.5
7437773895165920312,7535561785211552776,0.06650584129825902
7437773895165920312,7541721033906045972,0.015254010497087248
7437773895165920312,7542455562676470840,0.03388322665306696
7437773895165920312,7543308180970226696,0.04348874937616442
7437773895165920312,7549955744930825222,0.06650584129825902
7437773895165920312,7552094429399385106,0.06650584129825902
7437773895165920312,7557359371543430166,0.06650584129825902
7437773895165920312,7559878386093442056,0.5
7437773895165920312,7562405333067629580,0.0373304772997982
7437773895165920312,7563546409505489931,0.06650584129825902
7437773895165920312,7568897073518396434,0.06650584129825902
7437773895165920312,7570721274922779668,0.5
7437773895165920312,7571272033645626385,0.04269618527168356
7437773895165920312,7572620715221812246,0.06650584129825902
7437773895165920312,7573875560531805204,0.06650584129825902
7437773895165920312,7574297613940769793,0.02421992229449264
7437773895165920312,7575049308014576661,0.06650584129825902
7437773895165920312,7575174922190177312,0.02385956400832343
7437773895165920312,7576228097504363527,0.5
7437773895165920312,7580931726077330450,0.03688687583926995
7437773895165920312,7590371958509700116,0.04393365217651542
7437773895165920312,7598645062255739959,0.06650584129825902
7437773895165920312,7599049732175021073,0.04348874937616442
7437773895165920312,7601825276554118152,0.06650584129825902
7437773895165920312,7603626364147123222,0.06650584129825902
7437773895165920312,7612304113564566531,0.06650584129825902
7437773895165920312,7613356856131453972,0.04269618527168356
7437773895165920312,7618800850517410830,0.06650584129825902
7438808668303623224,7523457544536589330,0.015397064001785385
7438808668303623224,7553889065608414263,0.015857428194636574
7441015530360570926,7538449740879660045,0.015870353433456115
7441015530360570926,7589963743808947221,0.060920515121093755
7441608528565224494,7489528358398002198,0.014760539357218872
7441608528565224494,7534543341909083143,0.013913688042133778
7441608528565224494,7538303426845819918,0.01297459171754099
7442002957991724065,7523591048695170064,0.4980173741532997
7442753421524288544,7617508216503600150,0.014814172494153753
7444668199523992609,7493826108368405512,0.016049309121041792
7444668199523992609,7512265205633008662,0.016221858921083552
7444668199523992609,7546456230891750422,0.016049309121041792
7444668199523992609,7555033171922912263,0.01557193029749267
7444668199523992609,7567226487067427860,0.01622154869276504
7445468737078526993,7533684525809943574,0.04364820444216503
7445468737078526993,7559878386093442056,0.0592314547959677
7445468737078526993,7570721274922779668,0.04364820444216503
7445468737078526993,7576228097504363527,0.04364820444216503
7445468737078526993,7589457676943606796,0.016226803095835036
7446622049529594923,7454926910012064774,0.01624915826054592
7446622049529594923,7482541173300462614,0.015639969223196156
7446622049529594923,7579316049855841287,0.01578092341516453
7447572034136556561,7452648710973441029,0.015147750781309737
7447572034136556561,7493498844564489224,0.014919587894741572
7447572034136556561,7502829652847657991,0.015274566207086284
7447572034136556561,7529208229067621384,0.01587269324014055
7447572034136556561,7589963743808947221,0.04255524572864896
7449327343900541984,7476936817243604001,0.016197149504848754
7449327343900541984,7589963743808947221,0.19409470640386714
7452567943022167047,7533684525809943574,0.0431643228089832
7452567943022167047,7559878386093442056,0.0431643228089832
7452567943022167047,7570721274922779668,0.0431643228089832
7452567943022167047,7576228097504363527,0.0431643228089832
7452648710973441029,7502829652847657991,0.014887904425832632
7452648710973441029,7535561785211552776,0.015623266390826857
7453398291771524102,7475281813004338198,0.016395180953574683
7453634343190807557,7589963743808947221,0.06629274870887089
7454739601820288005,7598645062255739959,0.015282470173814951
7454926910012064774,7482541173300462614,0.01529866188664752
7454926910012064774,7589963743808947221,0.03036914914195038
7455253044214449159,7523591048695170064,0.49734572704845786
7455253044214449159,7524800391486522390,0.01630786054235452
7455253044214449159,7555104317654008839,0.016476208795763784
7455253044214449159,7592395448494474254,0.10046367551203113
7455603448303567877,7520209498390283282,0.015382891607200432
7455603448303567877,7534224814162166800,0.047382966504112355
7455603448303567877,7550753650902270984,0.15387994501304664
7455603448303567877,7556669488167650315,0.019282278447068705
7455603448303567877,7585691270368019463,0.018925749066910556
7455603448303567877,7594214580139967544,0.10369205107960006
7455603448303567877,7614802407563035656,0.031098945674019572
7456825610020160518,7490579692137137174,0.015405271551345665
7456825610020160518,7526713237481833504,0.015554524446333682
7456825610020160518,7533684525809943574,0.06650584129825902
7456825610020160518,7556652869841044512,0.015553258524976571
7456825610020160518,7559878386093442056,0.06650584129825902
7456825610020160518,7570721274922779668,0.06650584129825902
7456825610020160518,7576228097504363527,0.06650584129825902
7457519820280644613,7463993064467252256,0.01640595919795816
7457519820280644613,7572160716909806600,0.01623179413883455
7457519820280644613,7589963743808947221,0.04255524572864896
7457519820280644613,7610364091814872085,0.015900129237239255
7459201168917480453,7476936817243604001,0.016407484911228266
7459201168917480453,7520061487814427656,0.015148791752581207
7459201168917480453,7533684525809943574,0.06650584129825902
7459201168917480453,7559878386093442056,0.06650584129825902
7459201168917480453,7570721274922779668,0.06650584129825902
7459201168917480453,7576228097504363527,0.06650584129825902
7461329320323253254,7474455005735437329,0.015320528679766902
7461329320323253254,7475477880530502689,0.014750611327370225
7461329320323253254,7495346041269814279,0.015184192485043388
7461329320323253254,7519531111723222072,0.015009019396370438
7461329320323253254,7613356856131453972,0.014802431354352434
7462811958108062726,7475477880530502689,0.016192074719815847
7463218092195218454,7533684525809943574,0.06650584129825902
7463218092195218454,7535385905805460487,0.0153694890970979
7463218092195218454,7559878386093442056,0.06650584129825902
7463218092195218454,7570721274922779668,0.06650584129825902
7463218092195218454,7576228097504363527,0.06650584129825902
7463351104668501024,7589963743808947221,0.06629274870887089
7463944109431145489,7589963743808947221,0.04255524572864896
7463993064467252256,7572160716909806600,0.016399987134267737
7463993064467252256,7610364091814872085,0.016061435140909793
7466945875685819393,7486594305004585989,0.013327903781882934
7466945875685819393,7524535795760776222,0.014312686004455068
7466945875685819393,7533684525809943574,0.06650584129825902
7466945875685819393,7559878386093442056,0.06650584129825902
7466945875685819393,7570721274922779668,0.06650584129825902
7466945875685819393,7576228097504363527,0.06650584129825902
7469354913887241217,7533684525809943574,0.06650584129825902
7469354913887241217,7559878386093442056,0.08139861803976005
7469354913887241217,7570721274922779668,0.06650584129825902
7469354913887241217,7576228097504363527,0.06650584129825902
7469354913887241217,7589457676943606796,0.015469350859591873
7469616549301634065,7533684525809943574,0.06650584129825902
7469616549301634065,7559878386093442056,0.08138577855040857
7469616549301634065,7570721274922779668,0.06650584129825902
7469616549301634065,7576228097504363527,0.06650584129825902
7469977879825466414,7493568304607937558,0.01531614647236723
7469977879825466414,7539280226653357073,0.014515603555352303
7469977879825466414,7571272033645626385,0.014217453451861638
7469977879825466414,7620205971531416579,0.016126568188872904
7471571264202441729,7528317052487566392,0.016405747659243696
7471571264202441729,7589963743808947221,0.15257281456220087
7472777689112675361,7502699724320097322,0.02166559229836028
7472777689112675361,7543302231467328534,0.02421764762045269
7472777689112675361,7573400555184604167,0.027843471920865573
7472777689112675361,7597556117011497997,0.01802823256436222
7472777689112675361,7613372812347589646,0.09176044401823583
7474455005735437329,7495346041269814279,0.015738250596135664
7474455005735437329,7533684525809943574,0.06831785164986984
7474455005735437329,7559878386093442056,0.06831785164986984
7474455005735437329,7570721274922779668,0.06831785164986984
7474455005735437329,7576228097504363527,0.06831785164986984
7474455005735437329,7597556117011497997,0.07085252856716524
7475281813004338198,7512265205633008662,0.016585849151032256
7475281813004338198,7567226487067427860,0.016586164125802046
7475477880530502689,7495346041269814279,0.015156241333291309
7475477880530502689,7533684525809943574,0.04953910581587193
7475477880530502689,7559878386093442056,0.04953910581587193
7475477880530502689,7570721274922779668,0.04953910581587193
7475477880530502689,7576228097504363527,0.04953910581587193
7476936817243604001,7496559084507726855,0.016205840343926952
7476936817243604001,7519531111723222072,0.026767090729693434
7480684683241473025,7533684525809943574,0.06650584129825902
7480684683241473025,7559878386093442056,0.08139602985382634
7480684683241473025,7570721274922779668,0.06650584129825902
7480684683241473025,7576228097504363527,0.06650584129825902
7481202044420228112,7487696987476886560,0.015564335464997664
7481202044420228112,7605645281590510610,0.023143587242552843
7482541173300462614,7494711694116881415,0.015379928289996044
7483319222622602262,7533684525809943574,0.0431643228089832
7483319222622602262,7559878386093442056,0.0431643228089832
7483319222622602262,7570721274922779668,0.0431643228089832
7483319222622602262,7575604955886208022,0.015142901123759583
7483319222622602262,7576228097504363527,0.0431643228089832
7483576233717400594,7516833731350643719,0.02427247440337905
7483576233717400594,7613372812347589646,0.030283234480937376
7483884642539471878,7493498844564489224,0.03173427107909086
7483884642539471878,7494711694116881415,0.015878857177194578
7483884642539471878,7585187926658450454,0.03590327062834346
7486249118827185153,7508718935962321938,0.015992039901391766
7486249118827185153,7520061487814427656,0.014819945398386087
7486249118827185153,7533684525809943574,0.04269618527168356
7486249118827185153,7559878386093442056,0.04269618527168356
7486249118827185153,7570721274922779668,0.04269618527168356
7486249118827185153,7576228097504363527,0.04269618527168356
7486273853688464430,7495918801364485163,0.01537672911018041
7486273853688464430,7513207192766743559,0.015103425068748543
7486273853688464430,7575049308014576661,0.014154810718935656
7486273853688464430,7613372812347589646,0.025136215518247382
7486594305004585989,7490403226492077078,0.011085533374514544
7486594305004585989,7524535795760776222,0.017889765086461788
7486594305004585989,7544469740279186488,0.010858882548306243
7486594305004585989,7585187926658450454,0.05165235682561951
7487688540064531463,7523591048695170064,0.49530350644471377
7487688540064531463,7538449740879660045,0.01638685187259186
7487696987476886560,7574297613940769793,0.015528643700351199
7489528358398002198,7502699724320097322,0.012717695784720833
7489528358398002198,7534543341909083143,0.011958853448613539
7489528358398002198,7538303426845819918,0.01098296746669402
7490403226492077078,7524535795760776222,0.010302436764246706
7490403226492077078,7533684525809943574,0.0431643228089832
7490403226492077078,7544469740279186488,0.017257584586169397
7490403226492077078,7559878386093442056,0.0431643228089832
7490403226492077078,7570721274922779668,0.0431643228089832
7490403226492077078,7576228097504363527,0.0431643228089832
7490579692137137174,7526713237481833504,0.015405231595104693
7490579692137137174,7556652869841044512,0.015406494035625589
7490579692137137174,7577628387390129168,0.01541002012398544
7492091019530798087,7499448682740204566,0.016169955425669066
7492091019530798087,7516833731350643719,0.03645858297809361
7492091019530798087,7547644791631135764,0.015875695430216233
7492091019530798087,7579972033883882518,0.01578599349230201
7492091019530798087,7589963743808947221,0.03322427090168043
7493568304607937558,7523591048695170064,0.4984056098039882
7493568304607937558,7620205971531416579,0.015529163900499913
7493826108368405512,7546456230891750422,0.016228332878302356
7493826108368405512,7555033171922912263,0.01574076112870502
7494339416820270087,7559878386093442056,0.014570482151134146
7494339416820270087,7589457676943606796,0.015113223500681715
7494339416820270087,7589963743808947221,0.014937014753064626
7494711694116881415,7534224814162166800,0.016388167270768143
7494711694116881415,7579316049855841287,0.015514014200988281
7494827943799571486,7520209498390283282,0.016189557568268
7494827943799571486,7540825121352614920,0.01589526577002236
7494827943799571486,7577464395643552775,0.01618922066354167
7494827943799571486,7593513425976984598,0.01600499283181283
7495346041269814279,7613356856131453972,0.015183230746176248
7495408204823397384,7533684525809943574,0.06831785164986984
7495408204823397384,7559878386093442056,0.06831785164986984
7495408204823397384,7570721274922779668,0.06831785164986984
7495408204823397384,7576228097504363527,0.08375708169517047
7495408204823397384,7595754884038427661,0.014902827239736367
7495918801364485163,7513207192766743559,0.015229205594730948
7495918801364485163,7589963743808947221,0.0681541651705542
7495918801364485163,7601465278044668949,0.019371263782692834
7496559084507726855,7533684525809943574,0.03388322665306696
7496559084507726855,7559878386093442056,0.03388322665306696
7496559084507726855,7570721274922779668,0.03388322665306696
7496559084507726855,7576228097504363527,0.03388322665306696
7497772332389123079,7589963743808947221,0.06629274870887089
7498060815040431122,7508718935962321938,0.016277665721718487
7498060815040431122,7520061487814427656,0.015156950266056589
7498665985957823506,7520061487814427656,0.014902940971057016
7498665985957823506,7589963743808947221,0.06629274870887089
7499448682740204566,7503034501376082986,0.016190539638695274
7499448682740204566,7547644791631135764,0.01615771968727064
7499448682740204566,7562405333067629580,0.016152323585155646
7499826250930226194,7521069418713990158,0.016356369396064083
7499826250930226194,7524800391486522390,0.016357164834664942
7499826250930226194,7555104317654008839,0.01657347980725052
7500049445330256916,7533684525809943574,0.06650584129825902
7500049445330256916,7559878386093442056,0.06650584129825902
7500049445330256916,7570721274922779668,0.06650584129825902
7500049445330256916,7576228097504363527,0.06650584129825902
7501092673261618231,7617508216503600150,0.014917270861847347
7502226464433177632,7533684525809943574,0.06650584129825902
7502226464433177632,7559878386093442056,0.06650584129825902
7502226464433177632,7568897073518396434,0.02933095041519879
7502226464433177632,7570721274922779668,0.06650584129825902
7502226464433177632,7576228097504363527,0.06650584129825902
7502699724320097322,7544469740279186488,0.013577311063050008
7502699724320097322,7589963743808947221,0.025971397918972315
7502699724320097322,7613372812347589646,0.02253335160886846
7502829652847657991,7529208229067621384,0.015582382321901006
7502829652847657991,7535561785211552776,0.015757995215846178
7502829652847657991,7590371958509700116,0.060649457927277856
7503034501376082986,7528317052487566392,0.015950253199779628
7503034501376082986,7589963743808947221,0.06629274870887089
7504218153414165526,7533684525809943574,0.06650584129825902
7504218153414165526,7559878386093442056,0.06650584129825902
7504218153414165526,7570721274922779668,0.06650584129825902
7504218153414165526,7576228097504363527,0.06650584129825902
7504218153414165526,7585187926658450454,0.020461628412832805
7508718935962321938,7550753650902270984,0.016346371909290405
7508750993641489415,7543955698288739335,0.015107196015325546
7508750993641489415,7550338226915230776,0.015166192766744295
7509040397092865042,7536210918439863297,0.015551627317417261
7509040397092865042,7537837262555235350,0.015550877523544908
7510166423118758918,7523591048695170064,0.5235174298982893
7512265205633008662,7533684525809943574,0.03019179052237205
7512265205633008662,7559878386093442056,0.03019179052237205
7512265205633008662,7567226487067427860,0.016592528409339644
7512265205633008662,7570721274922779668,0.03019179052237205
7512265205633008662,7576228097504363527,0.03019179052237205
7513207192766743559,7539280226653357073,0.01472921050205053
7513207192766743559,7560202600190460948,0.014495364542632616
7513207192766743559,7575049308014576661,0.015445785068598953
7515508502254732331,7533684525809943574,0.06650584129825902
7515508502254732331,7559878386093442056,0.06650584129825902
7515508502254732331,7570721274922779668,0.06650584129825902
7515508502254732331,7576228097504363527,0.06650584129825902
7516814050480571408,7533684525809943574,0.0571003239195597
7516814050480571408,7559878386093442056,0.0571003239195597
7516814050480571408,7570721274922779668,0.0571003239195597
7516814050480571408,7576228097504363527,0.0571003239195597
7516814050480571408,7580931726077330450,0.015163708183917985
7516833731350643719,7589963743808947221,0.0303795668004485
7516833731350643719,7610364091814872085,0.018989031105628235
7517915187601720327,7520642008689116176,0.016046686180214622
7517915187601720327,7533684525809943574,0.06650584129825902
7517915187601720327,7559878386093442056,0.06650584129825902
7517915187601720327,7570721274922779668,0.06650584129825902
7517915187601720327,7576228097504363527,0.06650584129825902
7520209498390283282,7540825121352614920,0.016191228667173672
7520209498390283282,7577464395643552775,0.016625571933918087
7520209498390283282,7593513425976984598,0.016432314460589664
7520209498390283282,7613372812347589646,0.015643258307112256
7520642008689116176,7556669488167650315,0.015868838392941797
7521069418713990158,7524800391486522390,0.01623533854935537
7521069418713990158,7555104317654008839,0.016400981016852566
7521069418713990158,7589963743808947221,0.15257281456220087
7521665294160200711,7533684525809943574,0.06650584129825902
7521665294160200711,7557359371543430166,0.016035870728607248
7521665294160200711,7559878386093442056,0.06650584129825902
7521665294160200711,7570721274922779668,0.06650584129825902
7521665294160200711,7576228097504363527,0.06650584129825902
7521665294160200711,7605645281590510610,0.016050248956149912
7521665294160200711,7614802407563035656,0.016044100081130604
7522457887882445846,7534543341909083143,0.01311853615580087
7522457887882445846,7538303426845819918,0.014041341359086251
7522457887882445846,7552094429399385106,0.01502742297602326
7522457887882445846,7575174922190177312,0.015174633615051182
7523591048695170064,7524800391486522390,0.015635885231663087
7523591048695170064,7539280226653357073,0.4848429184714687
7523591048695170064,7579316049855841287,0.4972226937837293
7523591048695170064,7585186788609508373,0.5233767302489167
7523591048695170064,7597512785483957259,0.49852050088096755
7524535795760776222,7544469740279186488,0.010071418270681701
7524800391486522390,7555104317654008839,0.01640177645032929
7525651754726671368,7531355177938682896,0.01639038050692704
7525651754726671368,7538449740879660045,0.07698933372611215
7525651754726671368,7589963743808947221,0.043345304246595086
7526713237481833504,7556652869841044512,0.015553218216546916
7526713237481833504,7577628387390129168,0.015549665835289014
7528230653382460434,7533684525809943574,0.04269618527168356
7528230653382460434,7559878386093442056,0.04269618527168356
7528230653382460434,7570721274922779668,0.04269618527168356
7528230653382460434,7576228097504363527,0.05826817591926062
7528230653382460434,7595754884038427661,0.015047009251629167
7528230653382460434,7617626564747166734,0.015029465749958497
7528317052487566392,7597512785483957259,0.01615730733960114
7529208229067621384,7535561785211552776,0.01639725556380813
7532290090426237972,7533684525809943574,0.06650584129825902
7532290090426237972,7559878386093442056,0.06650584129825902
7532290090426237972,7570721274922779668,0.06650584129825902
7532290090426237972,7576228097504363527,0.06650584129825902
7532290090426237972,7595754884038427661,0.01487861717043854
7533684525809943574,7535561785211552776,0.06650584129825902
7533684525809943574,7542455562676470840,0.03388322665306696
7533684525809943574,7543308180970226696,0.04348874937616442
7533684525809943574,7549955744930825222,0.06650584129825902
7533684525809943574,7552094429399385106,0.06650584129825902
7533684525809943574,7557359371543430166,0.06650584129825902
7533684525809943574,7559878386093442056,0.5
7533684525809943574,7563546409505489931,0.06650584129825902
7533684525809943574,7568897073518396434,0.06650584129825902
7533684525809943574,7570721274922779668,0.5
7533684525809943574,7571272033645626385,0.04269618527168356
7533684525809943574,7572620715221812246,0.06650584129825902
7533684525809943574,7573875560531805204,0.06650584129825902
7533684525809943574,7574297613940769793,0.02421992229449264
7533684525809943574,7575049308014576661,0.06650584129825902
7533684525809943574,7575174922190177312,0.02385956400832343
7533684525809943574,7576228097504363527,0.5
7533684525809943574,7580931726077330450,0.03688687583926995
7533684525809943574,7590371958509700116,0.04393365217651542
7533684525809943574,7598645062255739959,0.06650584129825902
7533684525809943574,7599049732175021073,0.04348874937616442
7533684525809943574,7601825276554118152,0.06650584129825902
7533684525809943574,7603626364147123222,0.06650584129825902
7533684525809943574,7612304113564566531,0.08113550646525947
7533684525809943574,7613356856131453972,0.04269618527168356
7533684525809943574,7618800850517410830,0.06650584129825902
7534224814162166800,7550753650902270984,0.042898140892264944
7534224814162166800,7594214580139967544,0.0289069262160412
7534543341909083143,7538303426845819918,0.014143341965719258
7534684083310347265,7567226487067427860,0.0876066978175875
7535385905805460487,7570721274922779668,0.015997910809772083
7535385905805460487,7611159661320930321,0.015787702098310374
7535561785211552776,7559878386093442056,0.06650584129825902
7535561785211552776,7570721274922779668,0.06650584129825902
7535561785211552776,7576228097504363527,0.06650584129825902
7536210918439863297,7537837262555235350,0.015553818998962032
7536210918439863297,7589963743808947221,0.055650992089492216
7538303426845819918,7552094429399385106,0.01359958885892335
7538303426845819918,7575174922190177312,0.013704866420020034
7539280226653357073,7560202600190460948,0.015610304922291134
7539280226653357073,7620205971531416579,0.01528686461071297
7540825121352614920,7577464395643552775,0.016190891763474977
7540825121352614920,7593513425976984598,0.016006644651065507
7541721033906045972,7579972033883882518,0.01568814662931449
7542455562676470840,7559878386093442056,0.03388322665306696
7542455562676470840,7570721274922779668,0.03388322665306696
7542455562676470840,7576228097504363527,0.03388322665306696
7543302231467328534,7543955698288739335,0.01609228059002146
7543302231467328534,7550338226915230776,0.016082886536368208
7543302231467328534,7573400555184604167,0.028884377330148977
7543302231467328534,7613372812347589646,0.025187622911774156
7543308180970226696,7559878386093442056,0.04348874937616442
7543308180970226696,7570721274922779668,0.04348874937616442
7543308180970226696,7576228097504363527,0.04348874937616442
7543955698288739335,7550338226915230776,0.01622763753440385
7543955698288739335,7573400555184604167,0.016358158888391438
7546456230891750422,7555033171922912263,0.01574076112870502
7547644791631135764,7562405333067629580,0.01588146236180001
7547644791631135764,7605645281590510610,0.026827921026006042
7549955744930825222,7559878386093442056,0.06650584129825902
7549955744930825222,7570721274922779668,0.06650584129825902
7549955744930825222,7576228097504363527,0.08142345110798961
7550338226915230776,7573400555184604167,0.01628369803274054
7550753650902270984,7556669488167650315,0.01745719946585545
7550753650902270984,7585691270368019463,0.017134415800950705
7550753650902270984,7594214580139967544,0.09387753753734601
7552094429399385106,7559878386093442056,0.06650584129825902
7552094429399385106,7570721274922779668,0.06650584129825902
7552094429399385106,7576228097504363527,0.06650584129825902
7553889065608414263,7589963743808947221,0.07062402936401824
7553907650837955595,7562405333067629580,0.06708228634166095
7555033171922912263,7610014708498023431,0.015017912288523547
7555104317654008839,7613372812347589646,0.035835352466359875
7555104317654008839,7614802407563035656,0.017885457947480966
7555788949694088210,7574297613940769793,0.061632054651153755
7555788949694088210,7589963743808947221,0.03292697851478155
7556652869841044512,7577628387390129168,0.015550939646406036
7556669488167650315,7585691270368019463,0.12905497426899804
7557359371543430166,7559878386093442056,0.06650584129825902
7557359371543430166,7570721274922779668,0.06650584129825902
7557359371543430166,7576228097504363527,0.06650584129825902
7557359371543430166,7605645281590510610,0.015559419408998045
7557359371543430166,7614802407563035656,0.01556641608233507
7559878386093442056,7562405333067629580,0.0373304772997982
7559878386093442056,7563546409505489931,0.06650584129825902
7559878386093442056,7568897073518396434,0.06650584129825902
7559878386093442056,7570721274922779668,0.5
7559878386093442056,7571272033645626385,0.04269618527168356
7559878386093442056,7572620715221812246,0.06650584129825902
7559878386093442056,7573875560531805204,0.06650584129825902
7559878386093442056,7574297613940769793,0.02421992229449264
7559878386093442056,7575049308014576661,0.06650584129825902
7559878386093442056,7575174922190177312,0.02385956400832343
7559878386093442056,7576228097504363527,0.5
7559878386093442056,7580931726077330450,0.03688687583926995
7559878386093442056,7589457676943606796,0.015587394827467365
7559878386093442056,7590371958509700116,0.04393365217651542
7559878386093442056,7598645062255739959,0.06650584129825902
7559878386093442056,7599049732175021073,0.04348874937616442
7559878386093442056,7601825276554118152,0.06650584129825902
7559878386093442056,7603626364147123222,0.06650584129825902
7559878386093442056,7612304113564566531,0.06650584129825902
7559878386093442056,7613356856131453972,0.04269618527168356
7559878386093442056,7618800850517410830,0.06650584129825902
7560202600190460948,7620205971531416579,0.014703238013109755
7562405333067629580,7576228097504363527,0.0373304772997982
7563546409505489931,7570721274922779668,0.06650584129825902
7563546409505489931,7576228097504363527,0.06650584129825902
7563546409505489931,7603001410426618881,0.016526369540978723
7568897073518396434,7570721274922779668,0.06650584129825902
7568897073518396434,7576228097504363527,0.06650584129825902
7570721274922779668,7571272033645626385,0.04269618527168356
7570721274922779668,7572620715221812246,0.06650584129825902
7570721274922779668,7573875560531805204,0.06650584129825902
7570721274922779668,7574297613940769793,0.02421992229449264
7570721274922779668,7575049308014576661,0.06650584129825902
7570721274922779668,7575174922190177312,0.02385956400832343
7570721274922779668,7576228097504363527,0.5
7570721274922779668,7580931726077330450,0.03688687583926995
7570721274922779668,7590371958509700116,0.04393365217651542
7570721274922779668,7598645062255739959,0.06650584129825902
7570721274922779668,7599049732175021073,0.04348874937616442
7570721274922779668,7601825276554118152,0.06650584129825902
7570721274922779668,7603626364147123222,0.06650584129825902
7570721274922779668,7612304113564566531,0.06650584129825902
7570721274922779668,7613356856131453972,0.04269618527168356
7570721274922779668,7618800850517410830,0.06650584129825902
7571272033645626385,7576228097504363527,0.04269618527168356
7572160716909806600,7610364091814872085,0.015896156837479872
7572620715221812246,7576228097504363527,0.06650584129825902
7572620715221812246,7585691270368019463,0.01638654099823174
7572620715221812246,7609668379692401697,0.026176341295862656
7573400555184604167,7613372812347589646,0.028958670234554545
7573875560531805204,7576228097504363527,0.06650584129825902
7573875560531805204,7617508216503600150,0.015151659839821216
7574297613940769793,7576228097504363527,0.02421992229449264
7575049308014576661,7576228097504363527,0.06650584129825902
7575174922190177312,7576228097504363527,0.02385956400832343
7576228097504363527,7580931726077330450,0.03688687583926995
7576228097504363527,7590371958509700116,0.04393365217651542
7576228097504363527,7595754884038427661,0.015030495598530324
7576228097504363527,7598645062255739959,0.06650584129825902
7576228097504363527,7599049732175021073,0.04348874937616442
7576228097504363527,7601825276554118152,0.08194737426411035
7576228097504363527,7603626364147123222,0.06650584129825902
7576228097504363527,7612304113564566531,0.06650584129825902
7576228097504363527,7613356856131453972,0.04269618527168356
7576228097504363527,7618800850517410830,0.06650584129825902
7577464395643552775,7589963743808947221,0.06629274870887089
7577464395643552775,7593513425976984598,0.01643268960767634
7577628387390129168,7589963743808947221,0.03022285519761773
7578586528784696332,7589963743808947221,0.04255524572864896
7578586528784696332,7605645281590510610,0.0155710313603401
7580931726077330450,7589963743808947221,0.036762608137223936
7587625784933041174,7597556117011497997,0.0158526745876322
7587625784933041174,7611159661320930321,0.015054377866190854
7589963743808947221,7601465278044668949,0.02192499848057527
7589963743808947221,7615456357705417750,0.06648465389281194
7589963743808947221,7620360781880771597,0.06629274870887089
7592395448494474254,7597556117011497997,0.015804694487477653
7595754884038427661,7601825276554118152,0.014900903824023941
7597556117011497997,7611159661320930321,0.01525301199648137
7597556117011497997,7613372812347589646,0.01875030683052092
7599049732175021073,7609668379692401697,0.025444496998837583
7603626364147123222,7610014708498023431,0.015620676453080089
7605645281590510610,7614802407563035656,0.01556741248978375
