source,target,weight
123192684759916544,6570665680386457601,0.01603528785857705
123192684759916544,6761373990138332165,0.49869207668771187
123192684759916544,6761998434112144389,0.497489725973202
123192684759916544,6802111873555727361,0.4981898011818958
123192684759916544,6806764615436223494,0.015868296265702263
123192684759916544,6809360915122308101,0.49869207668771187
123192684759916544,6810336090362004485,0.016564675183369754
123192684759916544,6828012366325957638,0.016569699315079192
123192684759916544,6849714013304079366,0.4990082039991758
123192684759916544,6876111398716916738,0.49775170909564415
123192684759916544,6884611690841179138,0.016058501736470304
123192684759916544,6887161232442033153,0.498256330605109
123192684759916544,6917607474581406725,0.49848690915316196
123192684759916544,6945373217453425669,0.016593473940359663
123192684759916544,6975000026854687749,0.016399764130786358
123192684759916544,6977245355705156609,0.015885184681035704
123192684759916544,6982171632279634946,0.4987815165705223
123192684759916544,6990433306123682822,0.49949478712843504
123192684759916544,7002249998172046337,0.49832355980822546
123192684759916544,7006613667513418757,0.526412018760103
123192684759916544,7014981470109565957,0.4987815165705223
123192684759916544,7047494209448166401,0.4987815165705223
123192684759916544,7050498314663379974,0.49869207668771187
123192684759916544,7093023801574867969,0.49869207668771187
123192684759916544,7118597435305722926,0.016223954789473288
123192684759916544,7128070099412157442,0.49921740084489236
123192684759916544,7141833908052296709,0.49899008473696116
123192684759916544,7187952219559248898,0.4987417767242058
123192684759916544,7197284105015788549,0.4987815165705223
123192684759916544,7230689368007574534,0.4994947010372496
123192684759916544,7255307152083796994,0.4992801784674912
123192684759916544,7256202462158406658,0.49921740084489236
123192684759916544,7327226218813391877,0.4980393401188427
123192684759916544,7333933730745566213,0.016222376670979706
123192684759916544,7334272629450343470,0.016177206258409765
123192684759916544,7355557262863336453,0.4987345533731908
123192684759916544,7402984582746358816,0.49869207668771187
123192684759916544,7416287041577305094,0.016597345032521502
123192684759916544,7523591048695170064,0.49887508924084256
123192684759916544,7597512785483957259,0.49852312571044965
132905031397322752,6693961050361267206,0.016699125804954116
132905031397322752,6787799755310842885,0.0439026822497805
132905031397322752,6865687838509171718,0.014829646631114551
132905031397322752,6884269257367749633,0.01663787053764779
132905031397322752,6978785360063267846,0.019379752093729826
132905031397322752,6981842793023243270,0.0439026822497805
132905031397322752,6990299477060781061,0.015573198421212414
132905031397322752,7022490858335421441,0.015096750789414293
132905031397322752,7143638497873413126,0.014958650017900064
132905031397322752,7284057704728626181,0.01655731410869119
132905031397322752,7296163401382020102,0.015572577597144258
132905031397322752,7296760772994122757,0.015571483154534325
132905031397322752,7469354913887241217,0.026669144773154425
132905031397322752,7475477880530502689,0.016714709894496072
132905031397322752,7555788949694088210,0.01653003385676409
132905031397322752,7559878386093442056,0.0439026822497805
132905031397322752,7589457676943606796,0.01557309616484828
179836966824349696,6677580356772938758,0.014946461500733687
179836966824349696,6791773227766940673,0.030460107857796268
179836966824349696,6818925100223120390,0.016490284131169083
179836966824349696,6877092036177904642,0.015288486092226942
179836966824349696,6916463036367242245,0.032401355854877134
179836966824349696,7009641336668161030,0.04912700028397093
179836966824349696,7059866762607690753,0.014476801797660812
179836966824349696,7094760895809684485,0.013188496871358093
179836966824349696,7189496226865267717,0.013145085364176303
179836966824349696,7192962788661724165,0.016389251563141312
179836966824349696,7253090810513097730,0.04394310826976926
179836966824349696,7267394392368514053,0.025368549958064167
179836966824349696,7282457131139646497,0.0063418692871619895
179836966824349696,7297933972808729632,0.013636389974253094
179836966824349696,7403666842986546209,0.008621364265322735
179836966824349696,7522457887882445846,0.015620200831701724
179836966824349696,7534543341909083143,0.013068244016979253
179836966824349696,7538303426845819918,0.01408434241426247
179836966824349696,7552094429399385106,0.016258439612488004
179836966824349696,7575174922190177312,0.016303163378914645
179836966824349696,7592395448494474254,0.020471597606932474
277636453445046272,6532054466269560834,0.035755216176821966
277636453445046272,6560777333711519745,0.16501027135495897
277636453445046272,6565018648809078790,0.02885207063240788
277636453445046272,6586144504133271558,0.015285268377412033
277636453445046272,6630176154991411206,0.04555546424405155
277636453445046272,6632663455630802950,0.037567205336523156
277636453445046272,6635638444507348997,0.09435011066543715
277636453445046272,6669850252496093190,0.031068952011416393
277636453445046272,6682417245623354373,0.08038459949212501
277636453445046272,6724242765444449285,0.14867204910874585
277636453445046272,6731392185419695110,0.06842914761430105
277636453445046272,6761998434112144389,0.14537808810144162
277636453445046272,6763023633415521285,0.02981988449144518
277636453445046272,6765565991936377862,0.015581177847645547
277636453445046272,6769282406316393477,0.07288347986205763
277636453445046272,6781099370517070853,0.08038459949212501
277636453445046272,6784603742592697350,0.5
277636453445046272,6803042918397412358,0.5
277636453445046272,6818925100223120390,0.08150243539000938
277636453445046272,6831114394236601346,0.06842914761430105
277636453445046272,6837101733156684806,0.035166285484718125
277636453445046272,6842625485920437250,0.05914215543157138
277636453445046272,6848622157234734086,0.024370994258095056
277636453445046272,6856985681320838149,0.048139632610060344
277636453445046272,6865515418422854662,0.09435011066543715
277636453445046272,6866361157725570054,0.025141931223341844
277636453445046272,6876111398716916738,0.1461231242655124
277636453445046272,6883861528681055237,0.015164116287672953
277636453445046272,6884016318182720517,0.08401248542631125
277636453445046272,6897916711003489285,0.05152782125536391
277636453445046272,6908266585728697349,0.14471829266772038
277636453445046272,6945431007680726021,0.03490231543023124
277636453445046272,6949381153037370374,0.04397014204908661
277636453445046272,6959539375579677702,0.020887174315840022
277636453445046272,6959659732336968709,0.022447182198210798
277636453445046272,6962525040178217990,0.048139632610060344
277636453445046272,6965504260722361350,0.04397014204908661
277636453445046272,6977245355705156609,0.018829316967194684
277636453445046272,6978785360063267846,0.11209747492083996
277636453445046272,6985530541395624966,0.030379018889470314
277636453445046272,6989905844062258202,0.048139632610060344
277636453445046272,6993227536423945222,0.01542555627436433
277636453445046272,6994977751610475525,0.14552495093087725
277636453445046272,7023254401751335938,0.03719277659735815
277636453445046272,7034907735930160133,0.14066437864315254
277636453445046272,7059866762607690753,0.048139632610060344
277636453445046272,7089082529218593798,0.06842914761430105
277636453445046272,7104625198607844379,0.09497108138846669
277636453445046272,7110530423914595334,0.048139632610060344
277636453445046272,7111185904601400321,0.08038459949212501
277636453445046272,7125195944199996422,0.05203913187574921
277636453445046272,7128070099412157442,0.14560314998563095
277636453445046272,7139448682156131355,0.14066437864315254
277636453445046272,7154612198102483973,0.027683580906660427
277636453445046272,7154955988025590786,0.02981988449144518
277636453445046272,7170886050868675589,0.14808825781973117
277636453445046272,7174050320195568646,0.020942433172370344
277636453445046272,7178590990041711622,0.018913852310614005
277636453445046272,7181113461597783046,0.5
277636453445046272,7187479709860348934,0.04555546424405155
277636453445046272,7189559133157475354,0.028313393348192342
277636453445046272,7192962788661724165,0.14066437864315254
277636453445046272,7206954249904669702,0.02717613897052767
277636453445046272,7218748615745274885,0.084153743645336
277636453445046272,7255459615491753002,0.09566614513310985
277636453445046272,7256202462158406658,0.14560314998563095
277636453445046272,7262400527862301702,0.08010386015002655
277636453445046272,7263081302823552005,0.044501488041288756
277636453445046272,7267394392368514053,0.03134570919835278
277636453445046272,7274983064991810566,0.03318988337794004
277636453445046272,7290292672361759776,0.06842914761430105
277636453445046272,7307362809690506273,0.036880906970252765
277636453445046272,7308377902638728224,0.045323736529610574
277636453445046272,7317314050736047136,0.044392672137344304
277636453445046272,7345693452820186117,0.015583597882922942
277636453445046272,7359289173456913454,0.035166285484718125
277636453445046272,7416269225385296902,0.09435011066543715
277636453445046272,7434627254548382776,0.5
277636453445046272,7441015530360570926,0.06241656121718065
277636453445046272,7447572034136556561,0.04397014204908661
277636453445046272,7453634343190807557,0.06842914761430105
277636453445046272,7454926910012064774,0.03128658598585947
277636453445046272,7455253044214449159,0.1449147332457668
277636453445046272,7457519820280644613,0.04397014204908661
277636453445046272,7463351104668501024,0.06842914761430105
277636453445046272,7463993064467252256,0.015901760465197968
277636453445046272,7495918801364485163,0.07000422890723809
277636453445046272,7497772332389123079,0.06842914761430105
277636453445046272,7498665985957823506,0.06842914761430105
277636453445046272,7502699724320097322,0.027352044871061795
277636453445046272,7536210918439863297,0.057019190210640634
277636453445046272,7555788949694088210,0.03388009409078516
277636453445046272,7575174922190177312,0.025055594659142994
277636453445046272,7577628387390129168,0.03086717449943778
277636453445046272,7589963743808947221,0.5
277636453445046272,7615456357705417750,0.06864972513543531
6532054466269560834,6560777333711519745,0.019666593078975367
6532054466269560834,6724242765444449285,0.017719337517781
6532054466269560834,6784603742592697350,0.035755216176821966
6532054466269560834,6803042918397412358,0.035755216176821966
6532054466269560834,6842047849288287238,0.01496781621981799
6532054466269560834,6876111398716916738,0.017415546321820054
6532054466269560834,6914932704597935110,0.030460467751615965
6532054466269560834,6933063571936953349,0.015764793709796457
6532054466269560834,6959659732336968709,0.017730811703895594
6532054466269560834,6987706064737289217,0.016162714422957886
6532054466269560834,6994977751610475525,0.01734425359884975
6532054466269560834,7128070099412157442,0.01735357367920822
6532054466269560834,7151417501942219781,0.016498469740180613
6532054466269560834,7170886050868675589,0.017649758905311445
6532054466269560834,7181113461597783046,0.035755216176821966
6532054466269560834,7256202462158406658,0.01735357367920822
6532054466269560834,7333474672351675398,0.015968180451070034
6532054466269560834,7347823456870581291,0.01621692755744705
6532054466269560834,7434627254548382776,0.035755216176821966
6532054466269560834,7550338226915230776,0.01602627965843265
6532054466269560834,7589963743808947221,0.035755216176821966
6545407023667429377,6592124930460172289,0.015644642810748136
6545407023667429377,6787799755310842885,0.05172527629184259
6545407023667429377,6933063571936953349,0.01522180053562952
6545407023667429377,6978785360063267846,0.022832842554183625
6545407023667429377,6981842793023243270,0.05172527629184259
6545407023667429377,6987706064737289217,0.015518333289711847
6545407023667429377,7102031855201911813,0.015621432903981986
6545407023667429377,7158268924675752966,0.015315262301715088
6545407023667429377,7160888724522812418,0.015622856574703171
6545407023667429377,7187479709860348934,0.01561831380386861
6545407023667429377,7323679526399083553,0.015395334612736565
6545407023667429377,7333474672351675398,0.01535221084981339
6545407023667429377,7476936817243604001,0.015507021215612897
6545407023667429377,7498665985957823506,0.015341838734717377
6545407023667429377,7508718935962321938,0.015371115217602777
6545407023667429377,7520061487814427656,0.01544569670524424
6545407023667429377,7550338226915230776,0.015307755115624065
6545407023667429377,7559878386093442056,0.05172527629184259
6555661839655976965,6869529128942126082,0.017856046925623894
6555661839655976965,6923948494491567110,0.014203010544207554
6555661839655976965,6944138606031619077,0.008295211199303128
6555661839655976965,6959645215931270150,0.015486796775662361
6555661839655976965,7217407055849096197,0.014814771358582238
6555661839655976965,7261142322435867653,0.01487746951247143
6555661839655976965,7268149943910089734,0.017022688862235246
6555661839655976965,7315184692033930273,0.01745866651016237
6555661839655976965,7415589102207321093,0.015779996900086066
6555661839655976965,7466945875685819393,0.010980062553238355
6555661839655976965,7486594305004585989,0.01631786177380573
6555661839655976965,7490403226492077078,0.012890056372762975
6555661839655976965,7502699724320097322,0.008377724255569312
6555661839655976965,7524535795760776222,0.015577382262182452
6555661839655976965,7544469740279186488,0.013396684889081852
6557891870416224258,6631290398412537862,0.015064231920633015
6557891870416224258,6682417245623354373,0.01603116068574067
6557891870416224258,6826821136366994437,0.01570583642960207
6557891870416224258,6856985681320838149,0.015706168531948284
6557891870416224258,6889429234431853574,0.01570583642960207
6557891870416224258,6963109032279213061,0.015857989920081566
6557891870416224258,7150565541089985542,0.014855491117847
6557891870416224258,7165051441248650242,0.014670802658708824
6557891870416224258,7232053097944777733,0.015282883094250261
6557891870416224258,7236791190447686683,0.016031710845517175
6557891870416224258,7324383714049541153,0.015701068526562906
6557891870416224258,7346466630966412293,0.015862820528568612
6557891870416224258,7490579692137137174,0.015705397913013185
6557891870416224258,7526713237481833504,0.015863063575803086
6557891870416224258,7556652869841044512,0.015864346890520634
6557891870416224258,7577628387390129168,0.01586396767682759
6559204966497206278,6818997048034018306,0.01603506559832536
6559204966497206278,6834143886405157894,0.04521656217894628
6559204966497206278,6959539375579677702,0.015720293869357322
6559204966497206278,6959868806102516741,0.01617874818197298
6559204966497206278,7004852704795280390,0.01636041315409144
6559204966497206278,7014641270266594330,0.016016035610339947
6559204966497206278,7023254401751335938,0.01603796873356777
6559204966497206278,7029374960272081925,0.015713613863135117
6559204966497206278,7041796261662049281,0.01601717535603546
6559204966497206278,7043966862137721903,0.016217930652312956
6559204966497206278,7102031855201911813,0.025307942800224602
6559204966497206278,7253476605544121350,0.02616794513039289
6559204966497206278,7284057704728626181,0.015729421532489456
6559204966497206278,7288239669111424005,0.016230369103527365
6559204966497206278,7307362809690506273,0.016061838480388536
6559204966497206278,7517915187601720327,0.016043666615397977
6559204966497206278,7520642008689116176,0.01623615936283966
6559204966497206278,7556669488167650315,0.015865845322069336
6560777333711519745,6565018648809078790,0.01586962668068689
6560777333711519745,6630176154991411206,0.04106919500142577
6560777333711519745,6635638444507348997,0.05189579121091397
6560777333711519745,6669850252496093190,0.01708898734039339
6560777333711519745,6682417245623354373,0.07146032794576597
6560777333711519745,6727959454509532166,0.016588392955617808
6560777333711519745,6731392185419695110,0.03763837405474786
6560777333711519745,6763023633415521285,0.016401957439023007
6560777333711519745,6769282406316393477,0.040088409297772735
6560777333711519745,6781099370517070853,0.07146032794576597
6560777333711519745,6784603742592697350,0.16501027135495897
6560777333711519745,6803042918397412358,0.16501027135495897
6560777333711519745,6818925100223120390,0.04482912993265154
6560777333711519745,6831114394236601346,0.03763837405474786
6560777333711519745,6834143886405157894,0.016600191503991914
6560777333711519745,6837101733156684806,0.019342661034597645
6560777333711519745,6856985681320838149,0.03386918173890803
6560777333711519745,6865515418422854662,0.05189579121091397
6560777333711519745,6866361157725570054,0.017688889418165914
6560777333711519745,6876111398716916738,0.4528251348739163
6560777333711519745,6884016318182720517,0.03763837405474786
6560777333711519745,6897916711003489285,0.0481863088290479
6560777333711519745,6908266585728697349,0.4532417853533186
6560777333711519745,6945431007680726021,0.019197468466862766
6560777333711519745,6949381153037370374,0.024185083570119576
6560777333711519745,6962525040178217990,0.03386918173890803
6560777333711519745,6965504260722361350,0.024185083570119576
6560777333711519745,6969163964988376070,0.016171703879897123
6560777333711519745,6978785360063267846,0.13764745176437937
6560777333711519745,6982498486395175942,0.016587587516667758
6560777333711519745,6985530541395624966,0.03241637535768225
6560777333711519745,6989905844062258202,0.03386918173890803
6560777333711519745,6990433306123682822,0.4528196995118853
6560777333711519745,7023254401751335938,0.02616739766491852
6560777333711519745,7033903061694268422,0.016012851272122805
6560777333711519745,7034907735930160133,0.2278206691769567
6560777333711519745,7057768423321748481,0.452606518722406
6560777333711519745,7059866762607690753,0.03386918173890803
6560777333711519745,7063430535804781574,0.01658129502852639
6560777333711519745,7089082529218593798,0.03763837405474786
6560777333711519745,7104625198607844379,0.0888123298467023
6560777333711519745,7110530423914595334,0.03386918173890803
6560777333711519745,7111185904601400321,0.07146032794576597
6560777333711519745,7125195944199996422,0.028623304239646243
6560777333711519745,7128070099412157442,0.45435066568177046
6560777333711519745,7139448682156131355,0.2278206691769567
6560777333711519745,7154612198102483973,0.02055762694441463
6560777333711519745,7154955988025590786,0.032989174743173894
6560777333711519745,7170886050868675589,0.46320503340438335
6560777333711519745,7181113461597783046,0.16501027135495897
6560777333711519745,7187479709860348934,0.025057065055373588
6560777333711519745,7187952219559248898,0.452560846511457
6560777333711519745,7189144603827487746,0.016576439204853664
6560777333711519745,7189559133157475354,0.015573335731216362
6560777333711519745,7192962788661724165,0.2278206691769567
6560777333711519745,7218748615745274885,0.03763837405474786
6560777333711519745,7230689368007574534,0.45280459033712894
6560777333711519745,7251253251058959386,0.4527345476605862
6560777333711519745,7255307152083796994,0.453425682415479
6560777333711519745,7255459615491753002,0.05261965522632449
6560777333711519745,7256202462158406658,0.45435066568177046
6560777333711519745,7262400527862301702,0.08272670133070577
6560777333711519745,7263081302823552005,0.02447734205797507
6560777333711519745,7267394392368514053,0.01724121326877942
6560777333711519745,7290292672361759776,0.03763837405474786
6560777333711519745,7290350607356150827,0.45258967677577566
6560777333711519745,7306969713349805064,0.4525817396909012
6560777333711519745,7307362809690506273,0.025947978269576687
6560777333711519745,7308377902638728224,0.024929606878572357
6560777333711519745,7317314050736047136,0.0312329654169662
6560777333711519745,7355557262863336453,0.45264992723190245
6560777333711519745,7359289173456913454,0.019342661034597645
6560777333711519745,7416269225385296902,0.05189579121091397
6560777333711519745,7434627254548382776,0.16501027135495897
6560777333711519745,7441015530360570926,0.03433124567830129
6560777333711519745,7447572034136556561,0.024185083570119576
6560777333711519745,7453634343190807557,0.053653303275075656
6560777333711519745,7454926910012064774,0.017208693477656425
6560777333711519745,7457519820280644613,0.024185083570119576
6560777333711519745,7463351104668501024,0.03763837405474786
6560777333711519745,7495918801364485163,0.038504722693260066
6560777333711519745,7497772332389123079,0.05327053149756418
6560777333711519745,7498665985957823506,0.03763837405474786
6560777333711519745,7502699724320097322,0.015044561154289735
6560777333711519745,7523591048695170064,0.4526581951091587
6560777333711519745,7536210918439863297,0.053321569624606276
6560777333711519745,7555788949694088210,0.01863521173150667
6560777333711519745,7562405333067629580,0.04685089760805998
6560777333711519745,7577628387390129168,0.016978002800376996
6560777333711519745,7589963743808947221,0.16501027135495897
6560777333711519745,7615456357705417750,0.05538515270326478
6565018648809078790,6646057147389231110,0.025446224050789158
6565018648809078790,6652900469893660677,0.021685349322953986
6565018648809078790,6784603742592697350,0.04440581064304849
6565018648809078790,6803042918397412358,0.02885207063240788
6565018648809078790,6930980050721260549,0.015748022425663654
6565018648809078790,7009641336668161030,0.015631511541042215
6565018648809078790,7033309963939496987,0.016835652153130185
6565018648809078790,7099497683849053190,0.014933125390940235
6565018648809078790,7112272075901092866,0.025372145052038792
6565018648809078790,7158268924675752966,0.015494714050182252
6565018648809078790,7181113461597783046,0.02885207063240788
6565018648809078790,7337597547799020549,0.015434923785916248
6565018648809078790,7434627254548382776,0.02885207063240788
6565018648809078790,7535385905805460487,0.01474985640370518
6565018648809078790,7589963743808947221,0.02885207063240788
6565018648809078790,7615456357705417750,0.1722128030442157
6570665680386457601,6945373217453425669,0.016031119102294038
6570665680386457601,6959868806102516741,0.05659466205373988
6570665680386457601,6975000026854687749,0.015849660402025796
6570665680386457601,6986127145840821254,0.01603651246357797
6570665680386457601,7004852704795280390,0.01602395920460249
6570665680386457601,7014641270266594330,0.015675943169147045
6570665680386457601,7014863130023052293,0.04104670829737088
6570665680386457601,7099497683849053190,0.055893295398321455
6570665680386457601,7118597435305722926,0.01569076800447573
6570665680386457601,7187479709860348934,0.0915724287733705
6570665680386457601,7333933730745566213,0.015692234258801018
6570665680386457601,7334272629450343470,0.015694218430411373
6570665680386457601,7361069886359716906,0.01603617925589396
6570665680386457601,7416287041577305094,0.016035662696521305
6570665680386457601,7498060815040431122,0.05042995603809581
6573570143510249478,6611780515036004357,0.0165930293898988
6573570143510249478,6616406641624236037,0.01605444534348886
6573570143510249478,6646057147389231110,0.015895344977297273
6573570143510249478,6647609787890106374,0.01620875935534512
6573570143510249478,6718433480264762373,0.016406172985312113
6573570143510249478,6781099370517070853,0.01639949105343206
6573570143510249478,6865188838906889221,0.016058250383550465
6573570143510249478,6965175721303999494,0.01640639351921011
6573570143510249478,6969779682486141958,0.016050499286836228
6573570143510249478,6976288257181008902,0.016402400058093864
6573570143510249478,7071395036047131653,0.01639753195133875
6573570143510249478,7074661077590197253,0.016398485772925003
6573570143510249478,7312576223157863457,0.0165930293898988
6573570143510249478,7573875560531805204,0.015614368074543744
6573570143510249478,7617508216503600150,0.01574959153974791
6575934081941438469,6880273018033079298,0.016218936941327228
6575934081941438469,6933226203005453314,0.026982906313959446
6575934081941438469,6963109032279213061,0.01597929066618181
6575934081941438469,6969163964988376070,0.0159815712597863
6575934081941438469,7024773008388834309,0.0270068394747479
6575934081941438469,7030932109430899718,0.016212512665092844
6575934081941438469,7104324169307259909,0.016177588851912388
6575934081941438469,7151042722353218565,0.2669509586450194
6575934081941438469,7232053097944777733,0.015429801719944434
6575934081941438469,7263914736517399557,0.016173633899983778
6575934081941438469,7314655842044265478,0.01618025399837923
6575934081941438469,7316789714857624582,0.016220416059135205
6575934081941438469,7323120700012938245,0.01617767336360781
6575934081941438469,7324383714049541153,0.015822024458570536
6575934081941438469,7378567914254959622,0.016181148576053375
6575934081941438469,7387033416446837765,0.016177630613164736
6575934081941438469,7462811958108062726,0.015874446430836818
6575934081941438469,7575174922190177312,0.0360552100170638
6586144504133271558,6658566666366812166,0.01557995991797682
6586144504133271558,6683425595843986438,0.015417812641227501
6586144504133271558,6746031359683331077,0.015731999710779897
6586144504133271558,6765565991936377862,0.015583541472734212
6586144504133271558,6787077164376491014,0.015564683975651587
6586144504133271558,6803687435404641286,0.015416977414916808
6586144504133271558,6854084433894065158,0.015289586334519795
6586144504133271558,6883861528681055237,0.015157953253660799
6586144504133271558,6884016318182720517,0.015576540066166624
6586144504133271558,6911232913338221574,0.015418769905185009
6586144504133271558,6993227536423945222,0.015432013945445402
6586144504133271558,7224271052267553819,0.015734209912078478
6586144504133271558,7345693452820186117,0.015581211186729838
6586144504133271558,7352849317865505798,0.015565681797997008
6586144504133271558,7453398291771524102,0.015730021826849926
6587338017403912197,6687409942040757253,0.01626887480322859
6587338017403912197,6819677799301809158,0.016211507027119123
6587338017403912197,6849714013304079366,0.5241606405527721
6587338017403912197,6982171632279634946,0.4974897849773738
6587338017403912197,6990433306123682822,0.4977856578423926
6587338017403912197,7006613667513418757,0.4974897849773738
6587338017403912197,7014981470109565957,0.4974897849773738
6587338017403912197,7047494209448166401,0.4974897849773738
6587338017403912197,7057768423321748481,0.49736033918698114
6587338017403912197,7061134436725277701,0.016020734653851985
6587338017403912197,7128070099412157442,0.49797439859183734
6587338017403912197,7187952219559248898,0.5238660537477594
6587338017403912197,7197284105015788549,0.4974897849773738
6587338017403912197,7230689368007574534,0.497792368576216
6587338017403912197,7251253251058959386,0.4973235285959471
6587338017403912197,7255307152083796994,0.5253487601307415
6587338017403912197,7256202462158406658,0.49797439859183734
6587338017403912197,7367577463750132741,0.015817796665196764
6587338017403912197,7375525564567241761,0.015244168425723452
6587338017403912197,7499826250930226194,0.015368957163023535
6587338017403912197,7523591048695170064,0.5239697423512004
6587338017403912197,7555104317654008839,0.0157419964288853
6591519736101322758,6632663455630802950,0.01542795774354364
6591519736101322758,6643801147025096709,0.015422360429851517
6591519736101322758,6749961922102477830,0.015337462840068256
6591519736101322758,6774446817130267654,0.015594634827258126
6591519736101322758,6826821136366994437,0.015269306215386344
6591519736101322758,6828658690528592901,0.015584295644559284
6591519736101322758,6889429234431853574,0.015269306215386344
6591519736101322758,6994977751610475525,0.015420310431863166
6591519736101322758,7025154962762826753,0.015430186665788244
6591519736101322758,7089082529218593798,0.015577773942129287
6591519736101322758,7110530423914595334,0.015425897204723196
6591519736101322758,7124837748766721026,0.015584295644559284
6591519736101322758,7205671848440792069,0.015431346473488749
6591519736101322758,7472777689112675361,0.015578560709314519
6591519736101322758,7490579692137137174,0.015269793742359213
6592124930460172289,6848622157234734086,0.015544361040553479
6592124930460172289,6868361115987493890,0.03682879826665953
6592124930460172289,6916463036367242245,0.01368650314339639
6592124930460172289,6933063571936953349,0.015533017987976386
6592124930460172289,6959645215931270150,0.01716824985551509
6592124930460172289,6959659732336968709,0.01565059815944169
6592124930460172289,6987706064737289217,0.015841965293811384
6592124930460172289,7102031855201911813,0.015942541448805598
6592124930460172289,7160888724522812418,0.015941437254983922
6592124930460172289,7187479709860348934,0.015939364908081722
6592124930460172289,7192187661674775557,0.02023404989082661
6592124930460172289,7323679526399083553,0.026431849510090435
6592124930460172289,7333474672351675398,0.01566913250855154
6592124930460172289,7407221110629073926,0.039475005725916106
6592124930460172289,7476936817243604001,0.03512994432873877
6592124930460172289,7498060815040431122,0.015489284410917698
6592124930460172289,7508718935962321938,0.01563998206932563
6592124930460172289,7519531111723222072,0.05148293797071752
6592124930460172289,7520061487814427656,0.015713220807731094
6592124930460172289,7550338226915230776,0.015623936250237499
6611780515036004357,6616406641624236037,0.016054486977830257
6611780515036004357,6646057147389231110,0.015895386236368558
6611780515036004357,6647609787890106374,0.016208801395923282
6611780515036004357,6718433480264762373,0.016406126164003745
6611780515036004357,6781099370517070853,0.01639953353045688
6611780515036004357,6787799755310842885,0.05172527629184259
6611780515036004357,6865188838906889221,0.016058204585880687
6611780515036004357,6965175721303999494,0.016406346697880762
6611780515036004357,6969779682486141958,0.016050540921764413
6611780515036004357,6976288257181008902,0.016402353237213233
6611780515036004357,6978785360063267846,0.022832842554183625
6611780515036004357,6981842793023243270,0.05172527629184259
6611780515036004357,7071395036047131653,0.01639748513096839
6611780515036004357,7074661077590197253,0.016398528250136712
6611780515036004357,7312576223157863457,0.0165930723432685
6611780515036004357,7559878386093442056,0.05172527629184259
6611780515036004357,7617508216503600150,0.01574963244867114
6616406641624236037,6646057147389231110,0.015405916219488933
6616406641624236037,6647609787890106374,0.015700372603173512
6616406641624236037,6718433480264762373,0.015878903386045203
6616406641624236037,6781099370517070853,0.015873285459334755
6616406641624236037,6793797962901242885,0.014916320620952037
6616406641624236037,6829337968281682949,0.01491336685657493
6616406641624236037,6865188838906889221,0.015552149871061108
6616406641624236037,6949584343513940998,0.014913948710396554
6616406641624236037,6965175721303999494,0.01587911696290492
6616406641624236037,6969779682486141958,0.015551848660832469
6616406641624236037,6976288257181008902,0.01587525020099486
6616406641624236037,7074661077590197253,0.015874299053149247
6616406641624236037,7248602643801932827,0.01554207862490719
6616406641624236037,7312576223157863457,0.016054486977830257
6616406641624236037,7573875560531805204,0.015141411705861241
6616406641624236037,7617508216503600150,0.01526872262105886
6627871200587038726,6669850252496093190,0.0757031648264315
6627871200587038726,6724242765444449285,0.12863854911638534
6627871200587038726,6761998434112144389,0.12821630678230708
6627871200587038726,6876111398716916738,0.12862001126256153
6627871200587038726,6908266585728697349,0.12860315687210697
6627871200587038726,6909912221612557317,0.22696674916612336
6627871200587038726,6967843926171993093,0.1282615038471451
6627871200587038726,6994977751610475525,0.12834583255775062
6627871200587038726,7093090538711483397,0.031125566608194447
6627871200587038726,7125195944199996422,0.2985260825841073
6627871200587038726,7128070099412157442,0.12899759031992145
6627871200587038726,7170886050868675589,0.12840519695817593
6627871200587038726,7255307152083796994,0.12840662540387546
6627871200587038726,7256202462158406658,0.12899759031992145
6627871200587038726,7306969713349805064,0.1281963599834799
6627871200587038726,7355557262863336453,0.12821910779863482
6627871200587038726,7455253044214449159,0.12838768524171998
6627871200587038726,7535385905805460487,0.014613076579241574
6627871200587038726,7610364091814872085,0.021983784153282948
6630176154991411206,6724242765444449285,0.022576080724211158
6630176154991411206,6727959454509532166,0.016023047348450958
6630176154991411206,6784603742592697350,0.04555546424405155
6630176154991411206,6803042918397412358,0.04555546424405155
6630176154991411206,6834143886405157894,0.016011358038863496
6630176154991411206,6876111398716916738,0.022189022542355507
6630176154991411206,6959645215931270150,0.03932604002001241
6630176154991411206,6982498486395175942,0.016023755487728136
6630176154991411206,7033903061694268422,0.015563010209407539
6630176154991411206,7063430535804781574,0.01602990605024635
6630176154991411206,7096318271246304257,0.0915724287733705
6630176154991411206,7124134844511126555,0.026647437233202443
6630176154991411206,7170886050868675589,0.022487431113568837
6630176154991411206,7181113461597783046,0.04555546424405155
6630176154991411206,7189144603827487746,0.016035079645468454
6630176154991411206,7235505872251520046,0.016033346560503373
6630176154991411206,7345507730973262881,0.038323687983629735
6630176154991411206,7373912731559609352,0.016034033295991058
6630176154991411206,7386533375073682449,0.016032093562701258
6630176154991411206,7434627254548382776,0.04555546424405155
6630176154991411206,7499826250930226194,0.03763038175540543
6630176154991411206,7519531111723222072,0.015377022079825785
6630176154991411206,7589963743808947221,0.04555546424405155
6631290398412537862,6632663455630802950,0.01505191957587251
6631290398412537862,6682417245623354373,0.015213166021289897
6631290398412537862,6774446817130267654,0.015210913499457579
6631290398412537862,6889429234431853574,0.014925073010488461
6631290398412537862,6963109032279213061,0.015056607190715247
6631290398412537862,7025154962762826753,0.015054095906796329
6631290398412537862,7110530423914595334,0.015049906682839474
6631290398412537862,7205671848440792069,0.01505522778868022
6631290398412537862,7236791190447686683,0.015213691095665548
6631290398412537862,7346466630966412293,0.015061251291897636
6631290398412537862,7490579692137137174,0.014925548514657301
6631290398412537862,7526713237481833504,0.015061482864836424
6631290398412537862,7556652869841044512,0.015062704231345855
6631290398412537862,7577628387390129168,0.015066118194988877
6632129860377804806,6797975222400320517,0.01955140102706996
6632129860377804806,6897916711003489285,0.00459060414079432
6632129860377804806,6916463036367242245,0.007526587967028623
6632129860377804806,6944138606031619077,0.011765339104927806
6632129860377804806,7034907735930160133,0.022697476655521468
6632129860377804806,7059866762607690753,0.004062692806919718
6632129860377804806,7100966729770140677,0.1425256286429897
6632129860377804806,7254221734713623557,0.015546144518813521
6632129860377804806,7268149943910089734,0.10176686284957184
6632129860377804806,7282457131139646497,0.004685684698766293
6632129860377804806,7403666842986546209,0.004535917581612831
6632129860377804806,7466945875685819393,0.007879947523991557
6632129860377804806,7504218153414165526,0.013977543332123263
6632129860377804806,7585187926658450454,0.01886754613047036
6632129860377804806,7603001410426618881,0.004771762237202134
6632663455630802950,6643801147025096709,0.015872366008811787
6632663455630802950,6683425595843986438,0.08419364327560216
6632663455630802950,6749961922102477830,0.015789634250289536
6632663455630802950,6774446817130267654,0.016043249074536893
6632663455630802950,6784603742592697350,0.037567205336523156
6632663455630802950,6787799755310842885,0.044380426986426226
6632663455630802950,6788561594614137861,0.01619907768666939
6632663455630802950,6803042918397412358,0.037567205336523156
6632663455630802950,6828658690528592901,0.01604362075289052
6632663455630802950,6978785360063267846,0.033627936872775
6632663455630802950,6981842793023243270,0.044380426986426226
6632663455630802950,7025154962762826753,0.015875827110263342
6632663455630802950,7034907735930160133,0.029906116961540028
6632663455630802950,7139448682156131355,0.029906116961540028
6632663455630802950,7150565541089985542,0.05079194516708698
6632663455630802950,7165051441248650242,0.014662350531718098
6632663455630802950,7181113461597783046,0.037567205336523156
6632663455630802950,7205671848440792069,0.01587468741867321
6632663455630802950,7307548469060584454,0.08419364327560216
6632663455630802950,7434627254548382776,0.037567205336523156
6632663455630802950,7472777689112675361,0.016037739012494036
6632663455630802950,7559878386093442056,0.044380426986426226
6632663455630802950,7589963743808947221,0.037567205336523156
6635638444507348997,6724242765444449285,0.04675741428755826
6635638444507348997,6761998434112144389,0.04572146233566896
6635638444507348997,6784603742592697350,0.09435011066543715
6635638444507348997,6803042918397412358,0.09435011066543715
6635638444507348997,6876111398716916738,0.04595577648410174
6635638444507348997,6884269257367749633,0.014985919695794504
6635638444507348997,6979776947182355462,0.015299175806084721
6635638444507348997,6994977751610475525,0.04576765074970193
6635638444507348997,7029374960272081925,0.015318832108483867
6635638444507348997,7047368764291171333,0.015126561117657327
6635638444507348997,7128070099412157442,0.04579224438126841
6635638444507348997,7140235759920219178,0.01515440540363904
6635638444507348997,7170886050868675589,0.046573811711811415
6635638444507348997,7181113461597783046,0.09435011066543715
6635638444507348997,7253476605544121350,0.025529480542568875
6635638444507348997,7256202462158406658,0.04579224438126841
6635638444507348997,7434627254548382776,0.09435011066543715
6635638444507348997,7455253044214449159,0.04557573706263467
6635638444507348997,7542455562676470840,0.015456299085785715
6635638444507348997,7589963743808947221,0.09435011066543715
6643801147025096709,6749961922102477830,0.015784372208466495
6643801147025096709,6774446817130267654,0.01603744159190812
6643801147025096709,6788561594614137861,0.01620557492393177
6643801147025096709,6828658690528592901,0.016048295187298615
6643801147025096709,6994977751610475525,0.015876612800319396
6643801147025096709,7025154962762826753,0.015870078336302145
6643801147025096709,7089082529218593798,0.016043354237307395
6643801147025096709,7110530423914595334,0.01587456882860391
6643801147025096709,7124837748766721026,0.016048295187298615
6643801147025096709,7150565541089985542,0.014849848688763084
6643801147025096709,7205671848440792069,0.015868938613346074
6643801147025096709,7472777689112675361,0.016044160593471864
6643801147025096709,7585691270368019463,0.01619516176258052
6646057147389231110,6647609787890106374,0.015561322171197838
6646057147389231110,6652900469893660677,0.03165845447609571
6646057147389231110,6718433480264762373,0.015723039899453395
6646057147389231110,6781099370517070853,0.015717598104643533
6646057147389231110,6793797962901242885,0.014790805582605536
6646057147389231110,6829337968281682949,0.014787907092811095
6646057147389231110,6949584343513940998,0.014788455429271399
6646057147389231110,6965175721303999494,0.015723251496114643
6646057147389231110,6969779682486141958,0.015409761161397667
6646057147389231110,7074661077590197253,0.015718602005497517
6646057147389231110,7248602643801932827,0.015405784396527747
6646057147389231110,7312576223157863457,0.015895386236368558
6646057147389231110,7333474672351675398,0.02896175465270502
6646057147389231110,7442753421524288544,0.014894465102345416
6646057147389231110,7501092673261618231,0.015005182214673968
6646057147389231110,7617508216503600150,0.015137217863613824
6647609787890106374,6781099370517070853,0.016024085336656627
6647609787890106374,6793797962901242885,0.015067327270894642
6647609787890106374,6829337968281682949,0.015064309608280955
6647609787890106374,6949584343513940998,0.015064931825384013
6647609787890106374,6969779682486141958,0.0157042922140438
6647609787890106374,7074661077590197253,0.01602510935545222
6647609787890106374,7227584300489081862,0.015172980059058842
6647609787890106374,7248602643801932827,0.01570545617575077
6647609787890106374,7312576223157863457,0.016208801395923282
6647609787890106374,7442753421524288544,0.015174923130875845
6647609787890106374,7501092673261618231,0.015289862811095435
6647609787890106374,7573875560531805204,0.015296801163882308
6647609787890106374,7617508216503600150,0.015426602803743639
6652900469893660677,6769282406316393477,0.016237571495532142
6652900469893660677,6799048483291677701,0.022643231254223486
6652900469893660677,6803687435404641286,0.015882835493560028
6652900469893660677,6814332639731713025,0.035174915180007295
6652900469893660677,6842047849288287238,0.015825392812841014
6652900469893660677,6865188838906889221,0.015886414955465784
6652900469893660677,6909912221612557317,0.019423901492087996
6652900469893660677,7043496794727613445,0.016411051032814233
6652900469893660677,7045679836841837569,0.018863000635073547
6652900469893660677,7071395036047131653,0.01622723863933656
6652900469893660677,7074044643659645958,0.01640734320385715
6652900469893660677,7110264605897049115,0.017787999863452413
6652900469893660677,7174050320195568646,0.0162319748869108
6652900469893660677,7307548469060584454,0.016041068649296185
6652900469893660677,7317147259148715013,0.015733071922168915
6652900469893660677,7457519820280644613,0.01623739372954686
6652900469893660677,7463993064467252256,0.01640564589025793
6652900469893660677,7572160716909806600,0.016232102825235566
6652900469893660677,7592395448494474254,0.05452731741263438
6652900469893660677,7603001410426618881,0.014510032786589423
6652900469893660677,7610364091814872085,0.01590043153288314
6658566666366812166,6683425595843986438,0.015711022101866524
6658566666366812166,6724040525831521286,0.021344097995694162
6658566666366812166,6765565991936377862,0.015887227605784905
6658566666366812166,6787799755310842885,0.08002018119642225
6658566666366812166,6803687435404641286,0.01572182865931978
6658566666366812166,6854084433894065158,0.015577838173845377
6658566666366812166,6883861528681055237,0.01546886830440073
6658566666366812166,6943355592603173893,0.015316174466914712
6658566666366812166,6978785360063267846,0.035322927771451997
6658566666366812166,6981842793023243270,0.08002018119642225
6658566666366812166,6993227536423945222,0.015725648800711346
6658566666366812166,7004852704795280390,0.021971922234867217
6658566666366812166,7034907735930160133,0.022162308697573203
6658566666366812166,7104324169307259909,0.021344097995694162
6658566666366812166,7139448682156131355,0.022162308697573203
6658566666366812166,7192962788661724165,0.022162308697573203
6658566666366812166,7227584300489081862,0.021344097995694162
6658566666366812166,7287249230892106758,0.021344097995694162
6658566666366812166,7307548469060584454,0.015864725619622242
6658566666366812166,7317147259148715013,0.015575331174732244
6658566666366812166,7345693452820186117,0.015889695892661013
6658566666366812166,7346466630966412293,0.021344097995694162
6658566666366812166,7469354913887241217,0.021344097995694162
6658566666366812166,7502226464433177632,0.021344097995694162
6658566666366812166,7559878386093442056,0.08002018119642225
6669850252496093190,6692237530606027782,0.01573060763121617
6669850252496093190,6700212094179394565,0.015289896576252276
6669850252496093190,6784603742592697350,0.031068952011416393
6669850252496093190,6791773227766940673,0.015279441184175086
6669850252496093190,6803042918397412358,0.031068952011416393
6669850252496093190,6909912221612557317,0.054907168360301385
6669850252496093190,6943126304288572422,0.01572886808850232
6669850252496093190,6949584343513940998,0.014790485000026825
6669850252496093190,7093090538711483397,0.018062007523060575
6669850252496093190,7125195944199996422,0.057547351018661624
6669850252496093190,7151042722353218565,0.015282313509085918
6669850252496093190,7181113461597783046,0.031068952011416393
6669850252496093190,7248602643801932827,0.015399131860154368
6669850252496093190,7315521386973627425,0.015728551910462574
6669850252496093190,7434627254548382776,0.04677775132290047
6669850252496093190,7442753421524288544,0.014901414939925306
6669850252496093190,7501092673261618231,0.015021138554561744
6669850252496093190,7589963743808947221,0.031068952011416393
6669850252496093190,7610364091814872085,0.020888848357941317
6669850252496093190,7617508216503600150,0.015124738992117727
6677580356772938758,6787799755310842885,0.05172527629184259
6677580356772938758,6877092036177904642,0.015147012361741218
6677580356772938758,6965476267068392450,0.012006997845945016
6677580356772938758,6978785360063267846,0.022832842554183625
6677580356772938758,6981842793023243270,0.05172527629184259
6677580356772938758,7034907735930160133,0.014325780365745212
6677580356772938758,7094760895809684485,0.014007537406571294
6677580356772938758,7139448682156131355,0.014325780365745212
6677580356772938758,7189496226865267717,0.013964546443236876
6677580356772938758,7192962788661724165,0.02919867882169702
6677580356772938758,7259830210505573382,0.012729039570275748
6677580356772938758,7281769226565796870,0.012695939194058831
6677580356772938758,7282457131139646497,0.00485240827484585
6677580356772938758,7297933972808729632,0.014450307509890355
6677580356772938758,7403666842986546209,0.007113355740324433
6677580356772938758,7441608528565224494,0.012600734228194636
6677580356772938758,7502226464433177632,0.01808897378016381
6677580356772938758,7522457887882445846,0.015274340592728754
6677580356772938758,7534543341909083143,0.013889401666310319
6677580356772938758,7538303426845819918,0.014887322184261188
6677580356772938758,7552094429399385106,0.014739459290097708
6677580356772938758,7559878386093442056,0.05172527629184259
6677580356772938758,7575174922190177312,0.015152233714342721
6682417245623354373,6781099370517070853,0.09120193462361556
6682417245623354373,6784603742592697350,0.08038459949212501
6682417245623354373,6787799755310842885,0.047481610844299506
6682417245623354373,6803042918397412358,0.08038459949212501
6682417245623354373,6826821136366994437,0.01586775426092443
6682417245623354373,6889429234431853574,0.01586775426092443
6682417245623354373,6963109032279213061,0.016033424474957782
6682417245623354373,6978785360063267846,0.12258251561835604
6682417245623354373,7034907735930160133,0.09575612900434566
6682417245623354373,7111185904601400321,0.09120193462361556
6682417245623354373,7139448682156131355,0.09575612900434566
6682417245623354373,7165051441248650242,0.014812029423327287
6682417245623354373,7181113461597783046,0.08038459949212501
6682417245623354373,7192962788661724165,0.09575612900434566
6682417245623354373,7232053097944777733,0.015446346160300838
6682417245623354373,7324383714049541153,0.015873160539160915
6682417245623354373,7434627254548382776,0.08038459949212501
6682417245623354373,7490579692137137174,0.015867311398461228
6682417245623354373,7526713237481833504,0.016034262669837235
6682417245623354373,7556652869841044512,0.016032853513149013
6682417245623354373,7559878386093442056,0.047481610844299506
6682417245623354373,7562405333067629580,0.04172326341067959
6682417245623354373,7577628387390129168,0.016029153255013032
6682417245623354373,7589963743808947221,0.08038459949212501
6683425595843986438,6746031359683331077,0.015880733690703912
6683425595843986438,6765565991936377862,0.015714634958784467
6683425595843986438,6787077164376491014,0.015710422156295437
6683425595843986438,6854084433894065158,0.015419910421394348
6683425595843986438,6943355592603173893,0.015157703231482147
6683425595843986438,6962998966736946178,0.01605130413837762
6683425595843986438,6993227536423945222,0.015562816459993533
6683425595843986438,7014863130023052293,0.01605198691703954
6683425595843986438,7150565541089985542,0.04758112845733167
6683425595843986438,7307548469060584454,0.13464399374678865
6683425595843986438,7345693452820186117,0.015712284322180674
6683425595843986438,7352849317865505798,0.01571142866653596
6683425595843986438,7416269225385296902,0.01605130413837762
6683425595843986438,7453398291771524102,0.015878738378476743
6683425595843986438,7475281813004338198,0.01604970281400675
6687409942040757253,6819677799301809158,0.016245836584419783
6687409942040757253,6834231924526826502,0.016488768435462
6687409942040757253,6849714013304079366,0.016411230134856944
6687409942040757253,6876111398716916738,0.01615613247674033
6687409942040757253,6908266585728697349,0.016473344743760197
6687409942040757253,6932505658856408070,0.01647557575443786
6687409942040757253,7061134436725277701,0.01613892428032832
6687409942040757253,7128070099412157442,0.016554657191354013
6687409942040757253,7187952219559248898,0.015990899437333027
6687409942040757253,7255307152083796994,0.01647543542484994
6687409942040757253,7274983064991810566,0.016540171977117844
6687409942040757253,7528317052487566392,0.016251040804223304
6687409942040757253,7585186788609508373,0.016466583235203027
6687409942040757253,7597512785483957259,0.016523093157944035
6692237530606027782,6700212094179394565,0.01577275391338028
6692237530606027782,6724040525831521286,0.016206016041704702
6692237530606027782,6746031359683331077,0.13464399374678865
6692237530606027782,6791773227766940673,0.01572712532899908
6692237530606027782,6793797962901242885,0.015207828822238607
6692237530606027782,6829337968281682949,0.01520341944375949
6692237530606027782,6943126304288572422,0.016223628724647752
6692237530606027782,6945431007680726021,0.015885700416805613
6692237530606027782,6949584343513940998,0.015210050086355065
6692237530606027782,6981842793023243270,0.01620501077902066
6692237530606027782,7151042722353218565,0.01573008370963457
6692237530606027782,7227584300489081862,0.015329165672635283
6692237530606027782,7315521386973627425,0.01622330362608144
6692237530606027782,7434627254548382776,0.01620301402486727
6692237530606027782,7442753421524288544,0.015327287256370125
6692237530606027782,7501092673261618231,0.015453814207022408
6693961050361267206,6867672357939561478,0.014268366904761895
6693961050361267206,6884269257367749633,0.016808296725653326
6693961050361267206,6962525040178217990,0.014268439630878964
6693961050361267206,7038625080130520065,0.015114940688889517
6693961050361267206,7122494145399047194,0.014833208897041445
6693961050361267206,7124134844511126555,0.015112522600461604
6693961050361267206,7287249230892106758,0.014705487084877162
6693961050361267206,7378695724613616658,0.01511360119470137
6693961050361267206,7461329320323253254,0.014705335451957189
6693961050361267206,7474455005735437329,0.01525865703599547
6693961050361267206,7475477880530502689,0.016919145173757737
6693961050361267206,7495346041269814279,0.015114005745417526
6693961050361267206,7555788949694088210,0.0167004173714939
6693961050361267206,7613356856131453972,0.014704441711655736
6700212094179394565,6724040525831521286,0.015794187215971183
6700212094179394565,6791773227766940673,0.015286758502175226
6700212094179394565,6795087729798661125,0.015912494515577164
6700212094179394565,6943126304288572422,0.015774570869047943
6700212094179394565,6945431007680726021,0.015441040134774148
6700212094179394565,6949584343513940998,0.014782365339905956
6700212094179394565,6981842793023243270,0.01579536179423389
6700212094179394565,7151042722353218565,0.015289423834098094
6700212094179394565,7227584300489081862,0.01489840783173336
6700212094179394565,7315521386973627425,0.015774916656033387
6700212094179394565,7434627254548382776,0.015797807651937213
6700212094179394565,7442753421524288544,0.014896719127467737
6700212094179394565,7501092673261618231,0.01501999796510085
6705803659719263237,6792274574055801861,0.015867841302301205
6705803659719263237,6882770991467807745,0.016035100913257622
6705803659719263237,6891705601257145349,0.01585875212791071
6705803659719263237,6990019487899501573,0.01586462627068465
6705803659719263237,6991030367710233602,0.01602758150106961
6705803659719263237,7029826856011580421,0.01603308060887348
6705803659719263237,7175189895740425221,0.01586779812095911
6705803659719263237,7306969713349805064,0.016027984172629833
6705803659719263237,7355557262863336453,0.01620138024451991
6705803659719263237,7377044399681307681,0.01584811623867135
6705803659719263237,7424553645365543942,0.01568849628071512
6705803659719263237,7463351104668501024,0.016033484246936194
6705803659719263237,7572620715221812246,0.016208535485764876
6705803659719263237,7585691270368019463,0.01619280773370998
6705803659719263237,7609668379692401697,0.026432806529537677
6716819951271248901,6726460667836498950,0.01605310321115348
6716819951271248901,6811775237034886150,0.015158578845367244
6716819951271248901,6915837066996728837,0.015288395988564695
6716819951271248901,6965504260722361350,0.015719024246992713
6716819951271248901,7101038813632644101,0.015718636465534973
6716819951271248901,7146999325209576450,0.015413894540038303
6716819951271248901,7213907079759856645,0.01587094875477641
6716819951271248901,7230689368007574534,0.01587107132548058
6716819951271248901,7262400527862301702,0.01605335932232651
6716819951271248901,7290292672361759776,0.015285384759748891
6716819951271248901,7358930055361823749,0.01571847214008544
6716819951271248901,7415799988297319429,0.015440176574849612
6716819951271248901,7424553645365543942,0.015540671842203879
6716819951271248901,7435499715750806536,0.015423056823953198
6716819951271248901,7603626364147123222,0.015548918904713988
6716819951271248901,7610014708498023431,0.015288230808525576
6718433480264762373,6781099370517070853,0.01621671718129314
6718433480264762373,6865188838906889221,0.015897257119587116
6718433480264762373,6965175721303999494,0.01623797996638457
6718433480264762373,6969779682486141958,0.015874998351830472
6718433480264762373,6976288257181008902,0.016234470855117086
6718433480264762373,7071395036047131653,0.016229654380914022
6718433480264762373,7074661077590197253,0.016215722421044597
6718433480264762373,7174050320195568646,0.016224580732282654
6718433480264762373,7312576223157863457,0.016406126164003745
6718433480264762373,7572160716909806600,0.01622444354113816
6718433480264762373,7610364091814872085,0.0158828871379254
6724040525831521286,6762115865951437829,0.021344097995694162
6724040525831521286,6787799755310842885,0.08002018119642225
6724040525831521286,6791773227766940673,0.015708242666980468
6724040525831521286,6793797962901242885,0.015189492536106072
6724040525831521286,6795087729798661125,0.018381516466806497
6724040525831521286,6829337968281682949,0.015185087151994467
6724040525831521286,6834231924526826502,0.021344097995694162
6724040525831521286,6936971554723103749,0.021344097995694162
6724040525831521286,6943126304288572422,0.01620802350375956
6724040525831521286,6949584343513940998,0.015191714192517813
6724040525831521286,6970399499022009349,0.021344097995694162
6724040525831521286,6976288257181008902,0.021344097995694162
6724040525831521286,6978785360063267846,0.035322927771451997
6724040525831521286,6981112366020838426,0.021344097995694162
6724040525831521286,6981842793023243270,0.09624880191150051
6724040525831521286,7004852704795280390,0.021971922234867217
6724040525831521286,7006020640302613509,0.021344097995694162
6724040525831521286,7022490858335421441,0.021344097995694162
6724040525831521286,7029826856011580421,0.021344097995694162
6724040525831521286,7030985942694036485,0.021344097995694162
6724040525831521286,7034907735930160133,0.022162308697573203
6724040525831521286,7043496794727613445,0.021344097995694162
6724040525831521286,7043966862137721903,0.021344097995694162
6724040525831521286,7046403690119808006,0.021344097995694162
6724040525831521286,7064637015815750702,0.021344097995694162
6724040525831521286,7074044643659645958,0.021344097995694162
6724040525831521286,7074661077590197253,0.021344097995694162
6724040525831521286,7104324169307259909,0.021344097995694162
6724040525831521286,7124837748766721026,0.021344097995694162
6724040525831521286,7139448682156131355,0.022162308697573203
6724040525831521286,7151042722353218565,0.015711201416708235
6724040525831521286,7160888724522812418,0.021344097995694162
6724040525831521286,7185944755032146946,0.021344097995694162
6724040525831521286,7192962788661724165,0.022162308697573203
6724040525831521286,7224271052267553819,0.021344097995694162
6724040525831521286,7227584300489081862,0.03665480367601514
6724040525831521286,7236791190447686683,0.021344097995694162
6724040525831521286,7263621228413191173,0.021344097995694162
6724040525831521286,7287249230892106758,0.021344097995694162
6724040525831521286,7315521386973627425,0.016208404904106525
6724040525831521286,7353421506658124833,0.021344097995694162
6724040525831521286,7377044399681307681,0.021344097995694162
6724040525831521286,7415589102207321093,0.021344097995694162
6724040525831521286,7424539742974477318,0.021344097995694162
6724040525831521286,7442753421524288544,0.015308826981325378
6724040525831521286,7466945875685819393,0.021344097995694162
6724040525831521286,7469354913887241217,0.021344097995694162
6724040525831521286,7469616549301634065,0.021344097995694162
6724040525831521286,7474455005735437329,0.021344097995694162
6724040525831521286,7475477880530502689,0.01677346626590685
6724040525831521286,7480684683241473025,0.021344097995694162
6724040525831521286,7501092673261618231,0.015435222205780755
6724040525831521286,7502226464433177632,0.021344097995694162
6724040525831521286,7504218153414165526,0.021344097995694162
6724040525831521286,7517915187601720327,0.021344097995694162
6724040525831521286,7552094429399385106,0.021344097995694162
6724040525831521286,7559878386093442056,0.08002018119642225
6724040525831521286,7568897073518396434,0.021344097995694162
6724040525831521286,7572620715221812246,0.021344097995694162
6724040525831521286,7573875560531805204,0.021344097995694162
6724040525831521286,7603626364147123222,0.021344097995694162
6724242765444449285,6731392185419695110,0.03391167198194328
6724242765444449285,6763023633415521285,0.01477794443843089
6724242765444449285,6769282406316393477,0.03611912099089375
6724242765444449285,6784603742592697350,0.14867204910874585
6724242765444449285,6803042918397412358,0.14867204910874585
6724242765444449285,6818925100223120390,0.055838081635228
6724242765444449285,6831114394236601346,0.03391167198194328
6724242765444449285,6837101733156684806,0.0174274790751873
6724242765444449285,6849714013304079366,0.49522114675863416
6724242765444449285,6865515418422854662,0.04675741428755826
6724242765444449285,6884016318182720517,0.03391167198194328
6724242765444449285,6897916711003489285,0.04622956987168436
6724242765444449285,6945431007680726021,0.01729666251217426
6724242765444449285,6949381153037370374,0.02179043706013445
6724242765444449285,6965504260722361350,0.02179043706013445
6724242765444449285,6982171632279634946,0.4954056884276625
6724242765444449285,6990433306123682822,0.4957003218147347
6724242765444449285,7006613667513418757,0.4954056884276625
6724242765444449285,7009641336668161030,0.11284873694860575
6724242765444449285,7014981470109565957,0.4954056884276625
6724242765444449285,7034907735930160133,0.1262008282615628
6724242765444449285,7047494209448166401,0.5210212839081519
6724242765444449285,7057768423321748481,0.49530178369919164
6724242765444449285,7089082529218593798,0.03391167198194328
6724242765444449285,7104625198607844379,0.08520585842508344
6724242765444449285,7125195944199996422,0.025789214566026297
6724242765444449285,7128070099412157442,0.4960838775081007
6724242765444449285,7139448682156131355,0.1262008282615628
6724242765444449285,7154612198102483973,0.019278158863124575
6724242765444449285,7181113461597783046,0.14867204910874585
6724242765444449285,7187479709860348934,0.022576080724211158
6724242765444449285,7187952219559248898,0.4953743103958572
6724242765444449285,7192962788661724165,0.1262008282615628
6724242765444449285,7197284105015788549,0.4954056884276625
6724242765444449285,7218748615745274885,0.03391167198194328
6724242765444449285,7230689368007574534,0.4957039516888112
6724242765444449285,7251253251058959386,0.49530693841897583
6724242765444449285,7253090810513097730,0.10094091308598138
6724242765444449285,7255307152083796994,0.49597477846371263
6724242765444449285,7255459615491753002,0.04740960609091372
6724242765444449285,7256202462158406658,0.4960838775081007
6724242765444449285,7262400527862301702,0.061144004213577
6724242765444449285,7263081302823552005,0.022053758051622494
6724242765444449285,7290292672361759776,0.03391167198194328
6724242765444449285,7308377902638728224,0.022461242610407075
6724242765444449285,7311708051199230981,0.22889616916428468
6724242765444449285,7359289173456913454,0.0174274790751873
6724242765444449285,7407221110629073926,0.015266518668765428
6724242765444449285,7416269225385296902,0.04675741428755826
6724242765444449285,7434627254548382776,0.14867204910874585
6724242765444449285,7441015530360570926,0.030931993514932414
6724242765444449285,7447572034136556561,0.02179043706013445
6724242765444449285,7453634343190807557,0.03391167198194328
6724242765444449285,7457519820280644613,0.02179043706013445
6724242765444449285,7463351104668501024,0.03391167198194328
6724242765444449285,7495918801364485163,0.03469224052638929
6724242765444449285,7497772332389123079,0.03391167198194328
6724242765444449285,7498665985957823506,0.03391167198194328
6724242765444449285,7523591048695170064,0.4955025986558965
6724242765444449285,7524800391486522390,0.015623576981230673
6724242765444449285,7536210918439863297,0.0511562991341357
6724242765444449285,7555104317654008839,0.015447380937763175
6724242765444449285,7555788949694088210,0.01679007670824714
6724242765444449285,7589963743808947221,0.14867204910874585
6724242765444449285,7592395448494474254,0.09951550867268384
6724242765444449285,7615456357705417750,0.05240095889362167
6726460667836498950,6803042918397412358,0.015622502509607415
6726460667836498950,6915837066996728837,0.015755729004149444
6726460667836498950,7046403690119808006,0.015892831122667157
6726460667836498950,7101038813632644101,0.01622264734210066
6726460667836498950,7213907079759856645,0.016399449747594587
6726460667836498950,7230689368007574534,0.01639957607230394
6726460667836498950,7262400527862301702,0.016593285781515227
6726460667836498950,7358930055361823749,0.016222831271188315
6726460667836498950,7377044399681307681,0.016209408179463026
6726460667836498950,7424553645365543942,0.016048071537139042
6726460667836498950,7435499715750806536,0.0158987084221798
6726460667836498950,7490403226492077078,0.11543820901121592
6726460667836498950,7603626364147123222,0.016056568837113625
6726460667836498950,7610014708498023431,0.01575555868714361
6727371287482942469,6787799755310842885,0.015043995963597994
6727371287482942469,6949381153037370374,0.015202590831004508
6727371287482942469,6978785360063267846,0.014917317235526773
6727371287482942469,6981112366020838426,0.01504600908162869
6727371287482942469,7012341717442462725,0.014670366631427723
6727371287482942469,7022490858335421441,0.014791172796318771
6727371287482942469,7030985942694036485,0.014792203050674142
6727371287482942469,7047368764291171333,0.014647508861690391
6727371287482942469,7143638497873413126,0.014669574899354748
6727371287482942469,7185944755032146946,0.014901237375734422
6727371287482942469,7353421506658124833,0.014770978614019931
6727371287482942469,7469354913887241217,0.014669419154481287
6727371287482942469,7480684683241473025,0.014666605833631044
6727371287482942469,7559878386093442056,0.014666851228514919
6727371287482942469,7589963743808947221,0.015048703170824457
6727959454509532166,6762115865951437829,0.016594184158469177
6727959454509532166,6799048483291677701,0.015742340340709943
6727959454509532166,6834143886405157894,0.0165875974697085
6727959454509532166,6982498486395175942,0.016598845768486324
6727959454509532166,6985530541395624966,0.015717603689578773
6727959454509532166,7017795675979924481,0.015476383615623299
6727959454509532166,7033903061694268422,0.016023768631411698
6727959454509532166,7063430535804781574,0.016592553555255855
6727959454509532166,7154955988025590786,0.016598475564862988
6727959454509532166,7189144603827487746,0.016587698096481068
6727959454509532166,7255459615491753002,0.015576550138928096
6727959454509532166,7453634343190807557,0.01602584648448811
6727959454509532166,7497772332389123079,0.01562032753728895
6731392185419695110,6761998434112144389,0.03316032883526138
6731392185419695110,6784603742592697350,0.06842914761430105
6731392185419695110,6803042918397412358,0.06842914761430105
6731392185419695110,6876111398716916738,0.03333026946742535
6731392185419695110,6994977751610475525,0.03319382782937639
6731392185419695110,7128070099412157442,0.04909255281604204
6731392185419695110,7170886050868675589,0.033778510847636854
6731392185419695110,7181113461597783046,0.06842914761430105
6731392185419695110,7256202462158406658,0.033211664811579854
6731392185419695110,7432711408628679685,0.01600758518679025
6731392185419695110,7434627254548382776,0.06842914761430105
6731392185419695110,7455253044214449159,0.03305463890920546
6731392185419695110,7528317052487566392,0.015798850737941437
6731392185419695110,7589963743808947221,0.06842914761430105
6746031359683331077,6765565991936377862,0.016040997277652916
6746031359683331077,6787077164376491014,0.01604001040984409
6746031359683331077,6854084433894065158,0.01573414045205828
6746031359683331077,6911232913338221574,0.0158797309220097
6746031359683331077,6943355592603173893,0.015467792756539532
6746031359683331077,6962998966736946178,0.016395240539450514
6746031359683331077,6993227536423945222,0.015882881454827323
6746031359683331077,7014863130023052293,0.016395937526741504
6746031359683331077,7345693452820186117,0.016038598490025063
6746031359683331077,7352849317865505798,0.016041037514748904
6746031359683331077,7416269225385296902,0.016395240539450514
6746031359683331077,7453398291771524102,0.016215308107438247
6746031359683331077,7475281813004338198,0.016393607240475352
6749961922102477830,6774446817130267654,0.01596505777627695
6749961922102477830,6828658690528592901,0.01595913728227718
6749961922102477830,6994977751610475525,0.015782454616471008
6749961922102477830,7025154962762826753,0.01579174497498547
6749961922102477830,7089082529218593798,0.015953056961159555
6749961922102477830,7110530423914595334,0.015787688568907828
6749961922102477830,7124837748766721026,0.01595913728227718
6749961922102477830,7150565541089985542,0.014754508721720698
6749961922102477830,7205671848440792069,0.015792687387682025
6749961922102477830,7415799988297319429,0.016464244265034646
6749961922102477830,7462811958108062726,0.016585689093483992
6749961922102477830,7472777689112675361,0.015953788381894207
6750661153691485189,6818997048034018306,0.007712004282691086
6750661153691485189,6866361157725570054,0.00979869024702798
6750661153691485189,6884611690841179138,0.022794444505066992
6750661153691485189,6897916711003489285,0.02850462683260264
6750661153691485189,6914932704597935110,0.009375144736174183
6750661153691485189,6916463036367242245,0.020684758549783768
6750661153691485189,6965476267068392450,0.011851798153652712
6750661153691485189,7154612198102483973,0.014817982240232126
6750661153691485189,7232053097944777733,0.011762529071378928
6750661153691485189,7323120700012938245,0.01450466743975632
6750661153691485189,7387033416446837765,0.007712004282691086
6750661153691485189,7446622049529594923,0.009111998484483871
6750661153691485189,7455603448303567877,0.00851298669254319
6750661153691485189,7504218153414165526,0.012028801388605013
6750661153691485189,7577628387390129168,0.013922442644414983
6761373990138332165,6761998434112144389,0.49735050984335594
6761373990138332165,6802111873555727361,0.49848871379491577
6761373990138332165,6809360915122308101,0.49899129066475717
6761373990138332165,6842047849288287238,0.015303076886181877
6761373990138332165,6849714013304079366,0.49871018512869747
6761373990138332165,6909912221612557317,0.015558055035535326
6761373990138332165,6982171632279634946,0.519551805880014
6761373990138332165,6990433306123682822,0.49919647765961894
6761373990138332165,7050498314663379974,0.49899129066475717
6761373990138332165,7093023801574867969,0.49899129066475717
6761373990138332165,7093090538711483397,0.015479043173667507
6761373990138332165,7128070099412157442,0.4989192570373746
6761373990138332165,7141833908052296709,0.49869207668771187
6761373990138332165,7230689368007574534,0.4991963916198492
6761373990138332165,7255307152083796994,0.49898199716777186
6761373990138332165,7256202462158406658,0.4989192570373746
6761373990138332165,7300626193325229061,0.0159642943890691
6761373990138332165,7402984582746358816,0.5190994429376369
6761373990138332165,7523591048695170064,0.49873993330328337
6761998434112144389,6769282406316393477,0.03531886985508621
6761998434112144389,6784603742592697350,0.14537808810144162
6761998434112144389,6803042918397412358,0.14537808810144162
6761998434112144389,6809360915122308101,0.49735050984335594
6761998434112144389,6810336090362004485,0.01656925785800646
6761998434112144389,6818925100223120390,0.03949556077536947
6761998434112144389,6828012366325957638,0.01656398232649293
6761998434112144389,6831114394236601346,0.03316032883526138
6761998434112144389,6837101733156684806,0.017041357831326
6761998434112144389,6849714013304079366,0.497506272876071
6761998434112144389,6865515418422854662,0.04572146233566896
6761998434112144389,6866361157725570054,0.015724481204817634
6761998434112144389,6884016318182720517,0.03316032883526138
6761998434112144389,6887161232442033153,0.49759354233868375
6761998434112144389,6945431007680726021,0.016913439625201546
6761998434112144389,6949381153037370374,0.021307650615483387
6761998434112144389,6963912208137536518,0.016057055150349837
6761998434112144389,6965504260722361350,0.021307650615483387
6761998434112144389,6990433306123682822,0.49799291083020114
6761998434112144389,7002249998172046337,0.5238327799404199
6761998434112144389,7009641336668161030,0.11247832299093703
6761998434112144389,7050498314663379974,0.49735050984335594
6761998434112144389,7089082529218593798,0.03316032883526138
6761998434112144389,7128070099412157442,0.4978209923939583
6761998434112144389,7141833908052296709,0.497489725973202
6761998434112144389,7181113461597783046,0.14537808810144162
6761998434112144389,7218748615745274885,0.03316032883526138
6761998434112144389,7230689368007574534,0.4979913056395359
6761998434112144389,7234260997438374917,0.01588052414166176
6761998434112144389,7247153806412252165,0.01572188593962489
6761998434112144389,7253090810513097730,0.10060958529164461
6761998434112144389,7255307152083796994,0.49781278166946974
6761998434112144389,7255459615491753002,0.04635920425162182
6761998434112144389,7256202462158406658,0.4978209923939583
6761998434112144389,7263081302823552005,0.021565137497039092
6761998434112144389,7290292672361759776,0.03316032883526138
6761998434112144389,7295710550214247432,0.016378794222823078
6761998434112144389,7308377902638728224,0.021963593874294182
6761998434112144389,7355557262863336453,0.4977799304480164
6761998434112144389,7359289173456913454,0.017041357831326
6761998434112144389,7416269225385296902,0.04572146233566896
6761998434112144389,7428767448856282118,0.016401350443101058
6761998434112144389,7434627254548382776,0.14537808810144162
6761998434112144389,7447572034136556561,0.021307650615483387
6761998434112144389,7453634343190807557,0.03316032883526138
6761998434112144389,7457519820280644613,0.021307650615483387
6761998434112144389,7463351104668501024,0.03316032883526138
6761998434112144389,7495918801364485163,0.03392360319183315
6761998434112144389,7497772332389123079,0.03316032883526138
6761998434112144389,7498665985957823506,0.03316032883526138
6761998434112144389,7502699724320097322,0.014114053461555545
6761998434112144389,7523591048695170064,0.49754114973307884
6761998434112144389,7589963743808947221,0.14537808810144162
6761998434112144389,7592395448494474254,0.09918885961649057
6762115865951437829,6787799755310842885,0.08002018119642225
6762115865951437829,6834143886405157894,0.016582130220709125
6762115865951437829,6978785360063267846,0.035322927771451997
6762115865951437829,6981842793023243270,0.08002018119642225
6762115865951437829,6982498486395175942,0.016594914609304137
6762115865951437829,7004852704795280390,0.021971922234867217
6762115865951437829,7033903061694268422,0.016028971538821137
6762115865951437829,7034907735930160133,0.022162308697573203
6762115865951437829,7063430535804781574,0.01659792797893985
6762115865951437829,7104324169307259909,0.021344097995694162
6762115865951437829,7139448682156131355,0.022162308697573203
6762115865951437829,7154955988025590786,0.01659526716996732
6762115865951437829,7189144603827487746,0.016593072614446525
6762115865951437829,7192962788661724165,0.022162308697573203
6762115865951437829,7227584300489081862,0.021344097995694162
6762115865951437829,7287249230892106758,0.021344097995694162
6762115865951437829,7346466630966412293,0.021344097995694162
6762115865951437829,7469354913887241217,0.021344097995694162
6762115865951437829,7502226464433177632,0.021344097995694162
6762115865951437829,7559878386093442056,0.08002018119642225
6763023633415521285,6784603742592697350,0.02981988449144518
6763023633415521285,6803042918397412358,0.02981988449144518
6763023633415521285,6876111398716916738,0.014524582290422238
6763023633415521285,6877092036177904642,0.012530566449688738
6763023633415521285,6965476267068392450,0.014542700265185995
6763023633415521285,7035774233357026309,0.01036928719273664
6763023633415521285,7094760895809684485,0.014188941085429571
6763023633415521285,7100966729770140677,0.0110646532579149
6763023633415521285,7170886050868675589,0.014719915809079125
6763023633415521285,7181113461597783046,0.02981988449144518
6763023633415521285,7189496226865267717,0.014213913155606045
6763023633415521285,7259830210505573382,0.015106366515566828
6763023633415521285,7281769226565796870,0.015079778816608956
6763023633415521285,7297933972808729632,0.013907724816549298
6763023633415521285,7345507730973262881,0.015095388995628744
6763023633415521285,7434627254548382776,0.02981988449144518
6763023633415521285,7441608528565224494,0.015089637441291642
6763023633415521285,7489528358398002198,0.013122694915964987
6763023633415521285,7522457887882445846,0.012442641762725068
6763023633415521285,7534543341909083143,0.014289080081907006
6763023633415521285,7538303426845819918,0.013436521015720295
6763023633415521285,7589963743808947221,0.02981988449144518
6765565991936377862,6803687435404641286,0.01571808019249213
6765565991936377862,6854084433894065158,0.015581419737343904
6765565991936377862,6883861528681055237,0.015465367694298106
6765565991936377862,6884016318182720517,0.015883742716527635
6765565991936377862,6911232913338221574,0.015715610627101147
6765565991936377862,6943355592603173893,0.015319388414428889
6765565991936377862,6993227536423945222,0.015729263512712203
6765565991936377862,7028867830490547206,0.015571555329318563
6765565991936377862,7224271052267553819,0.016047653866655163
6765565991936377862,7317147259148715013,0.015571618264071798
6765565991936377862,7345693452820186117,0.015888502972953022
6765565991936377862,7453398291771524102,0.016038980957517903
6769282406316393477,6784603742592697350,0.07288347986205763
6769282406316393477,6803042918397412358,0.07288347986205763
6769282406316393477,6803687435404641286,0.01588270728168488
6769282406316393477,6865188838906889221,0.015886546350467847
6769282406316393477,6876111398716916738,0.03549987261595473
6769282406316393477,6994977751610475525,0.03535454943532507
6769282406316393477,7071395036047131653,0.0162273728505852
6769282406316393477,7128070099412157442,0.03537354749943297
6769282406316393477,7170886050868675589,0.03597729185537193
6769282406316393477,7174050320195568646,0.01623210909724549
6769282406316393477,7181113461597783046,0.07288347986205763
6769282406316393477,7256202462158406658,0.03537354749943297
6769282406316393477,7307548469060584454,0.016040939225068707
6769282406316393477,7317147259148715013,0.0157329449040315
6769282406316393477,7434627254548382776,0.07288347986205763
6769282406316393477,7455253044214449159,0.03520630014077767
6769282406316393477,7463993064467252256,0.016405513572136737
6769282406316393477,7572160716909806600,0.01623223703554499
6769282406316393477,7589963743808947221,0.07288347986205763
6769282406316393477,7610364091814872085,0.015900562927818516
6774446817130267654,6828658690528592901,0.016212269648122793
6774446817130267654,6994977751610475525,0.01603531751074127
6774446817130267654,7025154962762826753,0.01604556629492575
6774446817130267654,7089082529218593798,0.016205516822975663
6774446817130267654,7110530423914595334,0.016041108589589886
6774446817130267654,7124837748766721026,0.016212269648122793
6774446817130267654,7150565541089985542,0.015010162738664488
6774446817130267654,7165051441248650242,0.01481340837603371
6774446817130267654,7205671848440792069,0.016046773016720032
6774446817130267654,7472777689112675361,0.016206330839066363
6774446817130267654,7594214580139967544,0.014814504424831744
6781099370517070853,6784603742592697350,0.08038459949212501
6781099370517070853,6787799755310842885,0.047481610844299506
6781099370517070853,6803042918397412358,0.08038459949212501
6781099370517070853,6865188838906889221,0.01587648729454152
6781099370517070853,6965175721303999494,0.016216935202019618
6781099370517070853,6969779682486141958,0.015869383656547692
6781099370517070853,6978785360063267846,0.12258251561835604
6781099370517070853,7034907735930160133,0.09575612900434566
6781099370517070853,7071395036047131653,0.016208175063420364
6781099370517070853,7111185904601400321,0.09120193462361556
6781099370517070853,7139448682156131355,0.09575612900434566
6781099370517070853,7181113461597783046,0.08038459949212501
6781099370517070853,7192962788661724165,0.09575612900434566
6781099370517070853,7248602643801932827,0.015859413944627643
6781099370517070853,7312576223157863457,0.01639953353045688
6781099370517070853,7434627254548382776,0.08038459949212501
6781099370517070853,7559878386093442056,0.047481610844299506
6781099370517070853,7562405333067629580,0.04172326341067959
6781099370517070853,7589963743808947221,0.08038459949212501
6781099370517070853,7617508216503600150,0.015574970913515318
6784603742592697350,6803042918397412358,0.5
6784603742592697350,6818925100223120390,0.08150243539000938
6784603742592697350,6831114394236601346,0.06842914761430105
6784603742592697350,6837101733156684806,0.035166285484718125
6784603742592697350,6842625485920437250,0.05914215543157138
6784603742592697350,6848622157234734086,0.04004142164468501
6784603742592697350,6856985681320838149,0.048139632610060344
6784603742592697350,6865515418422854662,0.09435011066543715
6784603742592697350,6866361157725570054,0.025141931223341844
6784603742592697350,6876111398716916738,0.1461231242655124
6784603742592697350,6884016318182720517,0.06842914761430105
6784603742592697350,6897916711003489285,0.05152782125536391
6784603742592697350,6908266585728697349,0.14471829266772038
6784603742592697350,6930980050721260549,0.01554621254455712
6784603742592697350,6945431007680726021,0.03490231543023124
6784603742592697350,6949381153037370374,0.04397014204908661
6784603742592697350,6959539375579677702,0.020887174315840022
6784603742592697350,6959659732336968709,0.022447182198210798
6784603742592697350,6962525040178217990,0.048139632610060344
6784603742592697350,6965504260722361350,0.04397014204908661
6784603742592697350,6977245355705156609,0.018829316967194684
6784603742592697350,6978785360063267846,0.11209747492083996
6784603742592697350,6985530541395624966,0.030379018889470314
6784603742592697350,6989905844062258202,0.048139632610060344
6784603742592697350,6994977751610475525,0.14552495093087725
6784603742592697350,7023254401751335938,0.03719277659735815
6784603742592697350,7034907735930160133,0.14066437864315254
6784603742592697350,7059866762607690753,0.048139632610060344
6784603742592697350,7089082529218593798,0.06842914761430105
6784603742592697350,7099497683849053190,0.014721773644311079
6784603742592697350,7104625198607844379,0.09497108138846669
6784603742592697350,7110530423914595334,0.048139632610060344
6784603742592697350,7111185904601400321,0.08038459949212501
6784603742592697350,7125195944199996422,0.05203913187574921
6784603742592697350,7128070099412157442,0.14560314998563095
6784603742592697350,7139448682156131355,0.14066437864315254
6784603742592697350,7154612198102483973,0.027683580906660427
6784603742592697350,7154955988025590786,0.02981988449144518
6784603742592697350,7158268924675752966,0.016350298490584624
6784603742592697350,7170886050868675589,0.14808825781973117
6784603742592697350,7174050320195568646,0.020942433172370344
6784603742592697350,7178590990041711622,0.018913852310614005
6784603742592697350,7181113461597783046,0.5
6784603742592697350,7187479709860348934,0.04555546424405155
6784603742592697350,7189559133157475354,0.028313393348192342
6784603742592697350,7192962788661724165,0.14066437864315254
6784603742592697350,7206954249904669702,0.02717613897052767
6784603742592697350,7218748615745274885,0.06842914761430105
6784603742592697350,7255459615491753002,0.09566614513310985
6784603742592697350,7256202462158406658,0.14560314998563095
6784603742592697350,7262400527862301702,0.08010386015002655
6784603742592697350,7263081302823552005,0.044501488041288756
6784603742592697350,7267394392368514053,0.03134570919835278
6784603742592697350,7290292672361759776,0.06842914761430105
6784603742592697350,7307362809690506273,0.036880906970252765
6784603742592697350,7308377902638728224,0.045323736529610574
6784603742592697350,7317314050736047136,0.044392672137344304
6784603742592697350,7323679526399083553,0.01626014957271266
6784603742592697350,7337597547799020549,0.015590328421231418
6784603742592697350,7359289173456913454,0.035166285484718125
6784603742592697350,7416269225385296902,0.09435011066543715
6784603742592697350,7434627254548382776,0.5
6784603742592697350,7441015530360570926,0.06241656121718065
6784603742592697350,7447572034136556561,0.04397014204908661
6784603742592697350,7453634343190807557,0.06842914761430105
6784603742592697350,7454926910012064774,0.03128658598585947
6784603742592697350,7455253044214449159,0.1449147332457668
6784603742592697350,7457519820280644613,0.04397014204908661
6784603742592697350,7463351104668501024,0.06842914761430105
6784603742592697350,7495918801364485163,0.07000422890723809
6784603742592697350,7497772332389123079,0.06842914761430105
6784603742592697350,7498665985957823506,0.06842914761430105
6784603742592697350,7502699724320097322,0.027352044871061795
6784603742592697350,7508718935962321938,0.015562235623957364
6784603742592697350,7536210918439863297,0.057019190210640634
6784603742592697350,7555788949694088210,0.03388009409078516
6784603742592697350,7562405333067629580,0.038154482718854306
6784603742592697350,7575174922190177312,0.025055594659142994
6784603742592697350,7577628387390129168,0.03086717449943778
6784603742592697350,7589963743808947221,0.5
6784603742592697350,7615456357705417750,0.08463065981043398
6787077164376491014,6854084433894065158,0.015566802398782002
6787077164376491014,6911232913338221574,0.015709430025148133
6787077164376491014,6936558089194849286,0.016212331029704916
6787077164376491014,6943355592603173893,0.015303014605164686
6787077164376491014,6962998966736946178,0.016220766573781076
6787077164376491014,6993227536423945222,0.015712460463619477
6787077164376491014,7014863130023052293,0.01622145617422219
6787077164376491014,7064637015815750702,0.016212772569824608
6787077164376491014,7352849317865505798,0.0158718752042397
6787077164376491014,7416269225385296902,0.016220766573781076
6787077164376491014,7453398291771524102,0.01604209918436313
6787077164376491014,7475281813004338198,0.01621914990934392
6787077164376491014,7567226487067427860,0.01602801939330146
6787799755310842885,6795087729798661125,0.06891330233939165
6787799755310842885,6799048483291677701,0.05473825882789917
6787799755310842885,6826821136366994437,0.05172527629184259
6787799755310842885,6828012366325957638,0.05172527629184259
6787799755310842885,6828658690528592901,0.05172527629184259
6787799755310842885,6834231924526826502,0.08002018119642225
6787799755310842885,6856985681320838149,0.056870279039018215
6787799755310842885,6866361157725570054,0.029701694149457343
6787799755310842885,6868361115987493890,0.02980158179049171
6787799755310842885,6882943806884512770,0.05172527629184259
6787799755310842885,6936971554723103749,0.08002018119642225
6787799755310842885,6962525040178217990,0.056870279039018215
6787799755310842885,6963912208137536518,0.05172527629184259
6787799755310842885,6965175721303999494,0.05172527629184259
6787799755310842885,6970399499022009349,0.08002018119642225
6787799755310842885,6976288257181008902,0.08002018119642225
6787799755310842885,6978785360063267846,0.148123815798843
6787799755310842885,6979776947182355462,0.015547938138326561
6787799755310842885,6981112366020838426,0.09588870178947714
6787799755310842885,6981842793023243270,0.5
6787799755310842885,6989905844062258202,0.056870279039018215
6787799755310842885,6991802841732219910,0.05172527629184259
6787799755310842885,6995594325438972933,0.015044365095265305
6787799755310842885,7004852704795280390,0.08237392832540696
6787799755310842885,7006020640302613509,0.08002018119642225
6787799755310842885,7022490858335421441,0.08002018119642225
6787799755310842885,7023254401751335938,0.043938091519327295
6787799755310842885,7029826856011580421,0.08002018119642225
6787799755310842885,7030985942694036485,0.08002018119642225
6787799755310842885,7034907735930160133,0.0830876975016051
6787799755310842885,7038625080130520065,0.05172527629184259
6787799755310842885,7043496794727613445,0.08002018119642225
6787799755310842885,7043787986584814598,0.05172527629184259
6787799755310842885,7043966862137721903,0.08002018119642225
6787799755310842885,7046403690119808006,0.08002018119642225
6787799755310842885,7047368764291171333,0.015432568528145077
6787799755310842885,7059866762607690753,0.056870279039018215
6787799755310842885,7064637015815750702,0.08002018119642225
6787799755310842885,7074044643659645958,0.08002018119642225
6787799755310842885,7074661077590197253,0.08002018119642225
6787799755310842885,7104324169307259909,0.08002018119642225
6787799755310842885,7110530423914595334,0.056870279039018215
6787799755310842885,7111185904601400321,0.047481610844299506
6787799755310842885,7124837748766721026,0.08002018119642225
6787799755310842885,7133356593046897669,0.08002018119642225
6787799755310842885,7139448682156131355,0.0830876975016051
6787799755310842885,7140235759920219178,0.015424003126931974
6787799755310842885,7150565541089985542,0.04180186522554054
6787799755310842885,7160888724522812418,0.08002018119642225
6787799755310842885,7185944755032146946,0.09573316848648387
6787799755310842885,7192962788661724165,0.0830876975016051
6787799755310842885,7224271052267553819,0.08002018119642225
6787799755310842885,7227584300489081862,0.08002018119642225
6787799755310842885,7236791190447686683,0.08002018119642225
6787799755310842885,7263621228413191173,0.08002018119642225
6787799755310842885,7287249230892106758,0.08002018119642225
6787799755310842885,7288239669111424005,0.05172527629184259
6787799755310842885,7307362809690506273,0.043569660940287705
6787799755310842885,7314655842044265478,0.05172527629184259
6787799755310842885,7315184692033930273,0.05172527629184259
6787799755310842885,7317314050736047136,0.05244376649461211
6787799755310842885,7324383714049541153,0.05172527629184259
6787799755310842885,7346466630966412293,0.08002018119642225
6787799755310842885,7353421506658124833,0.09558939063190384
6787799755310842885,7367761141394998277,0.05172527629184259
6787799755310842885,7375525564567241761,0.05172527629184259
6787799755310842885,7376941500363965472,0.05172527629184259
6787799755310842885,7377044399681307681,0.08002018119642225
6787799755310842885,7378695724613616658,0.05172527629184259
6787799755310842885,7415589102207321093,0.08002018119642225
6787799755310842885,7424539742974477318,0.08002018119642225
6787799755310842885,7466945875685819393,0.08002018119642225
6787799755310842885,7469354913887241217,0.08002018119642225
6787799755310842885,7469616549301634065,0.09530270109309887
6787799755310842885,7474455005735437329,0.08002018119642225
6787799755310842885,7475477880530502689,0.06288463490753805
6787799755310842885,7480684683241473025,0.08002018119642225
6787799755310842885,7490403226492077078,0.05234497485062029
6787799755310842885,7494339416820270087,0.014932338779859085
6787799755310842885,7502226464433177632,0.08002018119642225
6787799755310842885,7504218153414165526,0.08002018119642225
6787799755310842885,7517915187601720327,0.08002018119642225
6787799755310842885,7542455562676470840,0.04112227804782218
6787799755310842885,7552094429399385106,0.08002018119642225
6787799755310842885,7559878386093442056,0.5
6787799755310842885,7562405333067629580,0.04507421351523112
6787799755310842885,7568897073518396434,0.08002018119642225
6787799755310842885,7572620715221812246,0.08002018119642225
6787799755310842885,7573875560531805204,0.08002018119642225
6787799755310842885,7575174922190177312,0.029599699509468492
6787799755310842885,7603626364147123222,0.08002018119642225
6787799755310842885,7613356856131453972,0.05172527629184259
6788561594614137861,6828658690528592901,0.01638238145910508
6788561594614137861,6991030367710233602,0.016371460464876402
6788561594614137861,6994977751610475525,0.0162081108044424
6788561594614137861,7025154962762826753,0.016196739237974662
6788561594614137861,7089082529218593798,0.01639083198286371
6788561594614137861,7110530423914595334,0.016201330297026018
6788561594614137861,7124837748766721026,0.01638238145910508
6788561594614137861,7205671848440792069,0.01619557473497093
6788561594614137861,7306969713349805064,0.016370978788865766
6788561594614137861,7355557262863336453,0.016578633977594917
6788561594614137861,7472777689112675361,0.016389778496775927
6788561594614137861,7572620715221812246,0.016569310146285404
6788561594614137861,7585691270368019463,0.016589309527181403
6791773227766940673,6793797962901242885,0.01479157576252731
6791773227766940673,6829337968281682949,0.014787387233939188
6791773227766940673,6943126304288572422,0.015725385765040997
6791773227766940673,6945431007680726021,0.015415145401056362
6791773227766940673,6949584343513940998,0.014793737007863246
6791773227766940673,6981842793023243270,0.015707263373547855
6791773227766940673,7009641336668161030,0.020251023144549924
6791773227766940673,7151042722353218565,0.015279930898525744
6791773227766940673,7248602643801932827,0.015402518211045345
6791773227766940673,7253090810513097730,0.018114130670927875
6791773227766940673,7315521386973627425,0.01572506958139127
6791773227766940673,7434627254548382776,0.015705316486936256
6791773227766940673,7442753421524288544,0.01490469071985055
6791773227766940673,7501092673261618231,0.015024439583336137
6791773227766940673,7617508216503600150,0.015128065853146584
6792274574055801861,6882770991467807745,0.016035100913257622
6792274574055801861,6891705601257145349,0.01585875212791071
6792274574055801861,6990019487899501573,0.01586462627068465
6792274574055801861,6991030367710233602,0.01602758150106961
6792274574055801861,7029826856011580421,0.01603308060887348
6792274574055801861,7175189895740425221,0.01586779812095911
6792274574055801861,7306969713349805064,0.016027984172629833
6792274574055801861,7355557262863336453,0.01620138024451991
6792274574055801861,7377044399681307681,0.01584811623867135
6792274574055801861,7424553645365543942,0.01568849628071512
6792274574055801861,7463351104668501024,0.016033484246936194
6792274574055801861,7572620715221812246,0.016208535485764876
6792274574055801861,7585691270368019463,0.01619280773370998
6792274574055801861,7609668379692401697,0.026432806529537677
6793797962901242885,6797975222400320517,0.1425256286429897
6793797962901242885,6821664407849092102,0.030193723194574116
6793797962901242885,6943126304288572422,0.015206142060953779
6793797962901242885,6945431007680726021,0.014915482926183407
6793797962901242885,6969779682486141958,0.014920044721157604
6793797962901242885,6981842793023243270,0.01518854059492514
6793797962901242885,7248602643801932827,0.014929598466667863
6793797962901242885,7315521386973627425,0.015205835230896527
6793797962901242885,7434627254548382776,0.015186646351381805
6795087729798661125,6883861528681055237,0.01657394017868715
6795087729798661125,6943355592603173893,0.015245549346489282
6795087729798661125,6978785360063267846,0.030420071094957733
6795087729798661125,6981842793023243270,0.06891330233939165
6795087729798661125,7004852704795280390,0.01892219809190716
6795087729798661125,7034907735930160133,0.019086158728706764
6795087729798661125,7104324169307259909,0.018381516466806497
6795087729798661125,7139448682156131355,0.019086158728706764
6795087729798661125,7192962788661724165,0.019086158728706764
6795087729798661125,7227584300489081862,0.018381516466806497
6795087729798661125,7287249230892106758,0.018381516466806497
6795087729798661125,7346466630966412293,0.018381516466806497
6795087729798661125,7469354913887241217,0.018381516466806497
6795087729798661125,7502226464433177632,0.018381516466806497
6795087729798661125,7559878386093442056,0.06891330233939165
6797975222400320517,6821664407849092102,0.030193723194574116
6797975222400320517,6897916711003489285,0.004591324764595015
6797975222400320517,6944138606031619077,0.016300533701220137
6797975222400320517,7034907735930160133,0.017991657856331333
6797975222400320517,7254221734713623557,0.020191699766556503
6797975222400320517,7282457131139646497,0.004686432917599608
6797975222400320517,7403666842986546209,0.004536622478713164
6797975222400320517,7466945875685819393,0.01224070140847965
6797975222400320517,7486594305004585989,0.004596207360730512
6797975222400320517,7504218153414165526,0.009069148275077179
6797975222400320517,7524535795760776222,0.005587024360742494
6797975222400320517,7585187926658450454,0.014072907271597464
6797975222400320517,7603001410426618881,0.004772535702605175
6799048483291677701,6814332639731713025,0.026312984298718176
6799048483291677701,6834143886405157894,0.015755147747199577
6799048483291677701,6933226203005453314,0.025897705364918987
6799048483291677701,6943126304288572422,0.01934281126966108
6799048483291677701,6969163964988376070,0.015400268637556742
6799048483291677701,6978785360063267846,0.024162849096364902
6799048483291677701,6981842793023243270,0.05473825882789917
6799048483291677701,6982498486395175942,0.015741576803404073
6799048483291677701,7024773008388834309,0.025876922753563396
6799048483291677701,7045679836841837569,0.024348702379566965
6799048483291677701,7063430535804781574,0.01573559658363473
6799048483291677701,7110264605897049115,0.022961071940890167
6799048483291677701,7189144603827487746,0.015730971312364336
6799048483291677701,7189559133157475354,0.017860227033523288
6799048483291677701,7267394392368514053,0.019773026705932544
6799048483291677701,7367577463750132741,0.018629261249803238
6799048483291677701,7416287041577305094,0.019478472517593538
6799048483291677701,7454926910012064774,0.019735731494260243
6799048483291677701,7559878386093442056,0.05473825882789917
6799048483291677701,7603001410426618881,0.01872981275213995
6802111873555727361,6809360915122308101,0.5244491684430935
6802111873555727361,6849714013304079366,0.49820789138431937
6802111873555727361,6914932704597935110,0.016480340022121374
6802111873555727361,6933063571936953349,0.015825843060202023
6802111873555727361,6982171632279634946,0.4979815675184437
6802111873555727361,6987706064737289217,0.016225175431738126
6802111873555727361,6990433306123682822,0.49869369412837977
6802111873555727361,7050498314663379974,0.49848871379491577
6802111873555727361,7093023801574867969,0.49848871379491577
6802111873555727361,7128070099412157442,0.4984167527187693
6802111873555727361,7141833908052296709,0.4981898011818958
6802111873555727361,7151417501942219781,0.016437575442562313
6802111873555727361,7230689368007574534,0.498693608175268
6802111873555727361,7255307152083796994,0.49847942965820724
6802111873555727361,7256202462158406658,0.4984167527187693
6802111873555727361,7333474672351675398,0.01602990765520019
6802111873555727361,7402984582746358816,0.49848871379491577
6802111873555727361,7523591048695170064,0.4982376095969705
6802111873555727361,7550338226915230776,0.01608803266198873
6802216129184941062,6849714013304079366,0.4982245785801136
6802216129184941062,6914932704597935110,0.016432913838187655
6802216129184941062,6933063571936953349,0.015874497000245253
6802216129184941062,6959659732336968709,0.0156761394986117
6802216129184941062,6982171632279634946,0.49840646206229405
6802216129184941062,6987706064737289217,0.0162749676782581
6802216129184941062,6990433306123682822,0.4987028801040855
6802216129184941062,7006613667513418757,0.49840646206229405
6802216129184941062,7014981470109565957,0.49840646206229405
6802216129184941062,7047494209448166401,0.49840646206229405
6802216129184941062,7057768423321748481,0.4982709764032926
6802216129184941062,7128070099412157442,0.4988465753449509
6802216129184941062,7151417501942219781,0.016390155109777246
6802216129184941062,7187952219559248898,0.4983669024608799
6802216129184941062,7197284105015788549,0.49840646206229405
6802216129184941062,7230689368007574534,0.49871031163987545
6802216129184941062,7251253251058959386,0.5252244115280623
6802216129184941062,7255307152083796994,0.498906120236617
6802216129184941062,7256202462158406658,0.4988465753449509
6802216129184941062,7333474672351675398,0.0160791085443407
6802216129184941062,7523591048695170064,0.498500038149124
6802216129184941062,7550338226915230776,0.016137256083881016
6803042918397412358,6818925100223120390,0.08150243539000938
6803042918397412358,6831114394236601346,0.06842914761430105
6803042918397412358,6837101733156684806,0.035166285484718125
6803042918397412358,6842625485920437250,0.05914215543157138
6803042918397412358,6848622157234734086,0.024370994258095056
6803042918397412358,6856985681320838149,0.048139632610060344
6803042918397412358,6865515418422854662,0.09435011066543715
6803042918397412358,6866361157725570054,0.025141931223341844
6803042918397412358,6876111398716916738,0.1461231242655124
6803042918397412358,6884016318182720517,0.06842914761430105
6803042918397412358,6897916711003489285,0.05152782125536391
6803042918397412358,6908266585728697349,0.14471829266772038
6803042918397412358,6945431007680726021,0.03490231543023124
6803042918397412358,6949381153037370374,0.04397014204908661
6803042918397412358,6959539375579677702,0.020887174315840022
6803042918397412358,6959659732336968709,0.022447182198210798
6803042918397412358,6962525040178217990,0.048139632610060344
6803042918397412358,6965504260722361350,0.05928106561069998
6803042918397412358,6977245355705156609,0.018829316967194684
6803042918397412358,6978785360063267846,0.11209747492083996
6803042918397412358,6985530541395624966,0.030379018889470314
6803042918397412358,6989905844062258202,0.048139632610060344
6803042918397412358,6994977751610475525,0.14552495093087725
6803042918397412358,7023254401751335938,0.03719277659735815
6803042918397412358,7034907735930160133,0.14066437864315254
6803042918397412358,7041796261662049281,0.02352756158853553
6803042918397412358,7059866762607690753,0.048139632610060344
6803042918397412358,7089082529218593798,0.06842914761430105
6803042918397412358,7104625198607844379,0.09497108138846669
6803042918397412358,7110530423914595334,0.048139632610060344
6803042918397412358,7111185904601400321,0.08038459949212501
6803042918397412358,7125195944199996422,0.05203913187574921
6803042918397412358,7128070099412157442,0.14560314998563095
6803042918397412358,7139448682156131355,0.14066437864315254
6803042918397412358,7154612198102483973,0.027683580906660427
6803042918397412358,7154955988025590786,0.02981988449144518
6803042918397412358,7170886050868675589,0.14808825781973117
6803042918397412358,7174050320195568646,0.020942433172370344
6803042918397412358,7178590990041711622,0.018913852310614005
6803042918397412358,7181113461597783046,0.5
6803042918397412358,7187479709860348934,0.04555546424405155
6803042918397412358,7189559133157475354,0.028313393348192342
6803042918397412358,7192962788661724165,0.14066437864315254
6803042918397412358,7206954249904669702,0.02717613897052767
6803042918397412358,7218748615745274885,0.06842914761430105
6803042918397412358,7255459615491753002,0.09566614513310985
6803042918397412358,7256202462158406658,0.14560314998563095
6803042918397412358,7262400527862301702,0.09572661209865552
6803042918397412358,7263081302823552005,0.044501488041288756
6803042918397412358,7267394392368514053,0.03134570919835278
6803042918397412358,7290292672361759776,0.08332804975083173
6803042918397412358,7307362809690506273,0.036880906970252765
6803042918397412358,7308377902638728224,0.045323736529610574
6803042918397412358,7317314050736047136,0.044392672137344304
6803042918397412358,7358930055361823749,0.015305210322327865
6803042918397412358,7359289173456913454,0.035166285484718125
6803042918397412358,7415799988297319429,0.015027245630904419
6803042918397412358,7416269225385296902,0.09435011066543715
6803042918397412358,7434627254548382776,0.5
6803042918397412358,7441015530360570926,0.06241656121718065
6803042918397412358,7447572034136556561,0.04397014204908661
6803042918397412358,7453634343190807557,0.06842914761430105
6803042918397412358,7454926910012064774,0.03128658598585947
6803042918397412358,7455253044214449159,0.1449147332457668
6803042918397412358,7457519820280644613,0.04397014204908661
6803042918397412358,7463351104668501024,0.06842914761430105
6803042918397412358,7495918801364485163,0.07000422890723809
6803042918397412358,7497772332389123079,0.06842914761430105
6803042918397412358,7498665985957823506,0.06842914761430105
6803042918397412358,7502699724320097322,0.027352044871061795
6803042918397412358,7536210918439863297,0.057019190210640634
6803042918397412358,7555788949694088210,0.03388009409078516
6803042918397412358,7562405333067629580,0.038154482718854306
6803042918397412358,7575174922190177312,0.025055594659142994
6803042918397412358,7577628387390129168,0.03086717449943778
6803042918397412358,7589963743808947221,0.5
6803042918397412358,7615456357705417750,0.06864972513543531
6803687435404641286,6883861528681055237,0.015301722833361125
6803687435404641286,6884016318182720517,0.01572548387246007
6803687435404641286,7043496794727613445,0.0160536349662648
6803687435404641286,7074044643659645958,0.016057263379466377
6803687435404641286,7218748615745274885,0.01587839803568595
6803687435404641286,7224271052267553819,0.015893913721650502
6803687435404641286,7307548469060584454,0.015711925851910072
6803687435404641286,7317147259148715013,0.015427870545270384
6803687435404641286,7345693452820186117,0.015720522970519256
6803687435404641286,7457519820280644613,0.01588313894154981
6803687435404641286,7463993064467252256,0.016058924817086893
6803687435404641286,7610364091814872085,0.01555942247001538
6806764615436223494,6945373217453425669,0.015864164000248107
6806764615436223494,6959868806102516741,0.015704123344882415
6806764615436223494,6975000026854687749,0.015686200667787958
6806764615436223494,6986127145840821254,0.015900588580549612
6806764615436223494,7004852704795280390,0.0158881476368861
6806764615436223494,7014641270266594330,0.015546079159926545
6806764615436223494,7041796261662049281,0.015545063384752207
6806764615436223494,7043966862137721903,0.015685027470370053
6806764615436223494,7118597435305722926,0.0155304239294695
6806764615436223494,7263081302823552005,0.015404824828722373
6806764615436223494,7333933730745566213,0.015531876920607295
6806764615436223494,7334272629450343470,0.015564256640159195
6806764615436223494,7361069886359716906,0.01590025838766336
6806764615436223494,7416287041577305094,0.015868667748060374
6807686944023020545,6849714013304079366,0.4976022564937661
6807686944023020545,6982171632279634946,0.49778496448751475
6807686944023020545,6990433306123682822,0.5243226614996891
6807686944023020545,6991802841732219910,0.01571932257085066
6807686944023020545,7006613667513418757,0.49778496448751475
6807686944023020545,7014981470109565957,0.49778496448751475
6807686944023020545,7047494209448166401,0.49778496448751475
6807686944023020545,7057768423321748481,0.4976582653290116
6807686944023020545,7096318271246304257,0.015687207614945815
6807686944023020545,7128070099412157442,0.49829195792152586
6807686944023020545,7187952219559248898,0.49774767921640106
6807686944023020545,7197284105015788549,0.49778496448751475
6807686944023020545,7230689368007574534,0.49808738283434123
6807686944023020545,7247153806412252165,0.015370199711961493
6807686944023020545,7251253251058959386,0.49763378205422054
6807686944023020545,7255307152083796994,0.4983042906123335
6807686944023020545,7255585908618937370,0.015659341952058346
6807686944023020545,7256202462158406658,0.49829195792152586
6807686944023020545,7265662037903885313,0.0158687133261148
6807686944023020545,7367761141394998277,0.015871757558754272
6807686944023020545,7432711408628679685,0.016104119654646174
6807686944023020545,7523591048695170064,0.49787951561612065
6807686944023020545,7547644791631135764,0.01615623443084354
6807686944023020545,7592395448494474254,0.09914569330621473
6809360915122308101,6849714013304079366,0.49871018512869747
6809360915122308101,6914932704597935110,0.015827964619666436
6809360915122308101,6982171632279634946,0.49848363308285104
6809360915122308101,6990433306123682822,0.49919647765961894
6809360915122308101,7050498314663379974,0.49899129066475717
6809360915122308101,7092389272800674817,0.015116409911008882
6809360915122308101,7093023801574867969,0.49899129066475717
6809360915122308101,7128070099412157442,0.4989192570373746
6809360915122308101,7141833908052296709,0.49869207668771187
6809360915122308101,7151417501942219781,0.01586337590845592
6809360915122308101,7230689368007574534,0.4991963916198492
6809360915122308101,7255307152083796994,0.49898199716777186
6809360915122308101,7256202462158406658,0.5240970142808237
6809360915122308101,7402984582746358816,0.49899129066475717
6809360915122308101,7482541173300462614,0.01538428948900017
6809360915122308101,7523591048695170064,0.49873993330328337
6810336090362004485,6828012366325957638,0.016595959283140158
6810336090362004485,6884611690841179138,0.016026419822586943
6810336090362004485,6945373217453425669,0.016569592020484622
6810336090362004485,6963912208137536518,0.016027042145736872
6810336090362004485,6975000026854687749,0.016377301987348693
6810336090362004485,7006613667513418757,0.016587033499408252
6810336090362004485,7118597435305722926,0.016191561659620695
6810336090362004485,7154612198102483973,0.0163760804102266
6810336090362004485,7213907079759856645,0.27624436105654476
6810336090362004485,7333933730745566213,0.016189983445167144
6810336090362004485,7416287041577305094,0.016564248829412886
6810336090362004485,7428767448856282118,0.01638267382467738
6810336090362004485,7536210918439863297,0.016577143680296662
6811775237034886150,6965504260722361350,0.015309168770914818
6811775237034886150,6989905844062258202,0.015461990890122825
6811775237034886150,7079516740987978757,0.015158528068265288
6811775237034886150,7101038813632644101,0.015301032168516747
6811775237034886150,7146999325209576450,0.01502506386487455
6811775237034886150,7234832896228836357,0.01546120035152746
6811775237034886150,7358930055361823749,0.0153008719663214
6811775237034886150,7376941500363965472,0.015460874709348156
6811775237034886150,7415799988297319429,0.01502324660284175
6811775237034886150,7421992589585843243,0.01515918238296982
6811775237034886150,7435499715750806536,0.015023543819886444
6811775237034886150,7444668199523992609,0.015458807389192392
6811775237034886150,7493826108368405512,0.015304031813506142
6811775237034886150,7555033171922912263,0.015022438942771893
6811864837094917126,6849714013304079366,0.4983038087424696
6811864837094917126,6982171632279634946,0.49848565006486245
6811864837094917126,6990433306123682822,0.5255327066121745
6811864837094917126,7006613667513418757,0.49848565006486245
6811864837094917126,7014981470109565957,0.49848565006486245
6811864837094917126,7047494209448166401,0.49848565006486245
6811864837094917126,7057768423321748481,0.4983495604231399
6811864837094917126,7096318271246304257,0.01578778644520981
6811864837094917126,7128070099412157442,0.49892127578202294
6811864837094917126,7187952219559248898,0.49844593379137114
6811864837094917126,7197284105015788549,0.49848565006486245
6811864837094917126,7230689368007574534,0.49878961904593017
6811864837094917126,7251253251058959386,0.4983067399414386
6811864837094917126,7255307152083796994,0.4989840161662816
6811864837094917126,7256202462158406658,0.49892127578202294
6811864837094917126,7389767673448285226,0.016125094072784688
6811864837094917126,7409739423779357702,0.015868452540362194
6811864837094917126,7432711408628679685,0.016404311155252666
6811864837094917126,7499448682740204566,0.016056129694815707
6811864837094917126,7523591048695170064,0.49857916722988027
6811864837094917126,7528317052487566392,0.01607108654531422
6811864837094917126,7547644791631135764,0.016350341391651087
6814332639731713025,6943126304288572422,0.017413507491174172
6814332639731713025,7030932109430899718,0.01580565870696899
6814332639731713025,7045679836841837569,0.03140540076581299
6814332639731713025,7110264605897049115,0.020670873156644603
6814332639731713025,7189559133157475354,0.030321474197511973
6814332639731713025,7267394392368514053,0.017800812088106382
6814332639731713025,7296760772994122757,0.015115415479370448
6814332639731713025,7323120700012938245,0.022462626747788903
6814332639731713025,7367577463750132741,0.016771128860534733
6814332639731713025,7416287041577305094,0.01753563752306045
6814332639731713025,7454926910012064774,0.017767236800688924
6814332639731713025,7592395448494474254,0.024786996309028628
6814332639731713025,7603001410426618881,0.01686165108684294
6818925100223120390,6876111398716916738,0.03969796831478747
6818925100223120390,6994977751610475525,0.03953545970292703
6818925100223120390,7009641336668161030,0.043976021519418686
6818925100223120390,7128070099412157442,0.03955670441428578
6818925100223120390,7170886050868675589,0.040231845549905644
6818925100223120390,7178590990041711622,0.02177472250134078
6818925100223120390,7181113461597783046,0.08150243539000938
6818925100223120390,7256202462158406658,0.03955670441428578
6818925100223120390,7267394392368514053,0.020496523642965968
6818925100223120390,7434627254548382776,0.08150243539000938
6818925100223120390,7524800391486522390,0.015471278186662253
6818925100223120390,7589963743808947221,0.08150243539000938
6818997048034018306,6842625485920437250,0.05160096216602444
6818997048034018306,6884269257367749633,0.015268567506636148
6818997048034018306,6979776947182355462,0.015563283103249715
6818997048034018306,7017795675979924481,0.10786122024299233
6818997048034018306,7028867830490547206,0.14134777509792434
6818997048034018306,7029374960272081925,0.015597537971268399
6818997048034018306,7030932109430899718,0.03683130626611357
6818997048034018306,7041796261662049281,0.04105514269913633
6818997048034018306,7045679836841837569,0.11225874046683779
6818997048034018306,7106898276444587009,0.16780993919079498
6818997048034018306,7112272075901092866,0.03168534467526845
6818997048034018306,7140235759920219178,0.01541354044185678
6818997048034018306,7163936659606766598,0.04859740481846078
6818997048034018306,7206954249904669702,0.015561903697640173
6818997048034018306,7253476605544121350,0.025974778485315174
6818997048034018306,7263914736517399557,0.10786122024299233
6818997048034018306,7274983064991810566,0.05791570848179158
6818997048034018306,7284057704728626181,0.015544681411261918
6818997048034018306,7288239669111424005,0.016043466701335454
6818997048034018306,7316789714857624582,0.14134777509792434
6818997048034018306,7323120700012938245,0.26584560848161887
6818997048034018306,7378567914254959622,0.019795541039583874
6818997048034018306,7387033416446837765,0.14134777509792434
6818997048034018306,7416287041577305094,0.0163044617954311
6818997048034018306,7455603448303567877,0.1560284051099271
6818997048034018306,7520642008689116176,0.016038085201734407
6818997048034018306,7542455562676470840,0.015725827890789176
6818997048034018306,7556669488167650315,0.03440439114778749
6818997048034018306,7585691270368019463,0.01851580602896388
6818997048034018306,7594214580139967544,0.05723646099984112
6818997048034018306,7614802407563035656,0.015799418518422714
6819677799301809158,6834231924526826502,0.016372988250960212
6819677799301809158,6849714013304079366,0.01608909316289244
6819677799301809158,6876111398716916738,0.015983813495124368
6819677799301809158,7061134436725277701,0.015998212178415606
6819677799301809158,7112272075901092866,0.016227202513383072
6819677799301809158,7187952219559248898,0.015826254306001368
6819677799301809158,7255307152083796994,0.01638494008845016
6819677799301809158,7367577463750132741,0.01584059164059365
6819677799301809158,7375525564567241761,0.015266186159519284
6819677799301809158,7441015530360570926,0.018518717523169876
6819677799301809158,7499826250930226194,0.015391150278001042
6819677799301809158,7510166423118758918,0.015871558555119056
6819677799301809158,7523591048695170064,0.015854286469894004
6819677799301809158,7555104317654008839,0.01576479563983565
6819677799301809158,7585186788609508373,0.016393269943063633
6821664407849092102,6868361115987493890,0.015740280956896727
6821664407849092102,6883354108897362945,0.016137390464792165
6821664407849092102,6967843926171993093,0.01623788607595075
6821664407849092102,6970399499022009349,0.015741112781328306
6821664407849092102,7033309963939496987,0.01592453584171306
6821664407849092102,7050498314663379974,0.01625287808615463
6821664407849092102,7151417501942219781,0.0235950919674735
6821664407849092102,7163936659606766598,0.016249929861246067
6821664407849092102,7407221110629073926,0.015366640673485952
6821664407849092102,7455253044214449159,0.01584943866303863
6821664407849092102,7455603448303567877,0.01642574795355436
6821664407849092102,7476936817243604001,0.016404026588854256
6821664407849092102,7593513425976984598,0.026041261915313006
6821664407849092102,7614802407563035656,0.016025182356031738
6826821136366994437,6856985681320838149,0.01555438048835357
6826821136366994437,6889429234431853574,0.0155547288209925
6826821136366994437,6963109032279213061,0.01569793874897914
6826821136366994437,6978785360063267846,0.022832842554183625
6826821136366994437,6981842793023243270,0.05172527629184259
6826821136366994437,7236791190447686683,0.015868299506015413
6826821136366994437,7346466630966412293,0.015702733195889253
6826821136366994437,7490579692137137174,0.015554294315206834
6826821136366994437,7526713237481833504,0.015702973990138275
6826821136366994437,7556652869841044512,0.01570424512622275
6826821136366994437,7559878386093442056,0.05172527629184259
6826821136366994437,7577628387390129168,0.01570780286610378
6828012366325957638,6884611690841179138,0.016031285852578646
6828012366325957638,6945373217453425669,0.016574616208829242
6828012366325957638,6963912208137536518,0.016021940533233813
6828012366325957638,6975000026854687749,0.01638226906655672
6828012366325957638,6978785360063267846,0.022832842554183625
6828012366325957638,6981842793023243270,0.05172527629184259
6828012366325957638,7006613667513418757,0.01659205789951615
6828012366325957638,7118597435305722926,0.016196476174909387
6828012366325957638,7154612198102483973,0.016370867692279904
6828012366325957638,7333933730745566213,0.016194897962279062
6828012366325957638,7416287041577305094,0.016569272958338727
6828012366325957638,7428767448856282118,0.016377460934292574
6828012366325957638,7536210918439863297,0.01657186793741164
6828012366325957638,7559878386093442056,0.05172527629184259
6828658690528592901,6978785360063267846,0.022832842554183625
6828658690528592901,6981842793023243270,0.05172527629184259
6828658690528592901,6994977751610475525,0.016046171220618344
6828658690528592901,7025154962762826753,0.016041308549234877
6828658690528592901,7089082529218593798,0.016216489788095013
6828658690528592901,7110530423914595334,0.016045847661548252
6828658690528592901,7124837748766721026,0.016223242120773713
6828658690528592901,7150565541089985542,0.015000203265369234
6828658690528592901,7165051441248650242,0.014803575512175435
6828658690528592901,7205671848440792069,0.016040156873985443
6828658690528592901,7472777689112675361,0.016217303733234854
6828658690528592901,7559878386093442056,0.05172527629184259
6829337968281682949,6943126304288572422,0.01520173307096091
6829337968281682949,6945431007680726021,0.014911227867327211
6829337968281682949,6969779682486141958,0.014917090051996243
6829337968281682949,6981842793023243270,0.01518413540979123
6829337968281682949,7074661077590197253,0.015206602124946521
6829337968281682949,7151042722353218565,0.014784610540798323
6829337968281682949,7248602643801932827,0.014926641472894074
6829337968281682949,7315521386973627425,0.01520142630948954
6829337968281682949,7434627254548382776,0.015182241547413317
6831114394236601346,6876111398716916738,0.03333026946742535
6831114394236601346,6994977751610475525,0.03319382782937639
6831114394236601346,7128070099412157442,0.033211664811579854
6831114394236601346,7170886050868675589,0.033778510847636854
6831114394236601346,7181113461597783046,0.06842914761430105
6831114394236601346,7235505872251520046,0.015254401615858136
6831114394236601346,7256202462158406658,0.033211664811579854
6831114394236601346,7373912731559609352,0.015253805600913639
6831114394236601346,7386533375073682449,0.015255540393043162
6831114394236601346,7434627254548382776,0.06842914761430105
6831114394236601346,7455253044214449159,0.03305463890920546
6831114394236601346,7589963743808947221,0.06842914761430105
6834143886405157894,6959539375579677702,0.028086741416564105
6834143886405157894,6969163964988376070,0.01617260306568522
6834143886405157894,6982498486395175942,0.016586792029511323
6834143886405157894,7033903061694268422,0.016012079368642587
6834143886405157894,7063430535804781574,0.01658049951599596
6834143886405157894,7102031855201911813,0.04521656217894628
6834143886405157894,7154955988025590786,0.01658642181601654
6834143886405157894,7189144603827487746,0.01657564366193837
6834143886405157894,7453634343190807557,0.016014157325474336
6834231924526826502,6978785360063267846,0.035322927771451997
6834231924526826502,6981842793023243270,0.08002018119642225
6834231924526826502,7004852704795280390,0.021971922234867217
6834231924526826502,7034907735930160133,0.022162308697573203
6834231924526826502,7061134436725277701,0.016232945907548178
6834231924526826502,7104324169307259909,0.021344097995694162
6834231924526826502,7139448682156131355,0.022162308697573203
6834231924526826502,7192962788661724165,0.022162308697573203
6834231924526826502,7227584300489081862,0.021344097995694162
6834231924526826502,7287249230892106758,0.021344097995694162
6834231924526826502,7346466630966412293,0.021344097995694162
6834231924526826502,7367577463750132741,0.015971609449406617
6834231924526826502,7375525564567241761,0.015386622891878454
6834231924526826502,7469354913887241217,0.021344097995694162
6834231924526826502,7499826250930226194,0.015513889477900798
6834231924526826502,7502226464433177632,0.021344097995694162
6834231924526826502,7559878386093442056,0.08002018119642225
6837101733156684806,6876111398716916738,0.01712869167946651
6837101733156684806,6909912221612557317,0.013416568227694981
6837101733156684806,6930980050721260549,0.014713135612386938
6837101733156684806,6994977751610475525,0.01705857323194942
6837101733156684806,7099497683849053190,0.014638503586941022
6837101733156684806,7101038813632644101,0.1658289124560851
6837101733156684806,7128070099412157442,0.017067739799563098
6837101733156684806,7170886050868675589,0.017359046504744027
6837101733156684806,7181113461597783046,0.035166285484718125
6837101733156684806,7256202462158406658,0.017067739799563098
6837101733156684806,7300626193325229061,0.013033656206632471
6837101733156684806,7337597547799020549,0.01440381133854708
6837101733156684806,7434627254548382776,0.035166285484718125
6837101733156684806,7535385905805460487,0.014892101513763089
6837101733156684806,7589963743808947221,0.035166285484718125
6842047849288287238,6865515418422854662,0.012831226062617758
6842047849288287238,6909912221612557317,0.026789809759963198
6842047849288287238,7014981470109565957,0.013681457769001985
6842047849288287238,7093090538711483397,0.016615927629065923
6842047849288287238,7154612198102483973,0.012812984072357099
6842047849288287238,7197284105015788549,0.01304610919410035
6842047849288287238,7253090810513097730,0.015703641316051647
6842047849288287238,7300626193325229061,0.015128403583773521
6842047849288287238,7347823456870581291,0.019513889866353756
6842047849288287238,7402984582746358816,0.013590836377261486
6842047849288287238,7495918801364485163,0.012887115395552207
6842047849288287238,7539280226653357073,0.018054032579343446
6842625485920437250,6867672357939561478,0.014710974479217494
6842625485920437250,6966657160718943238,0.01490631580806584
6842625485920437250,7017795675979924481,0.03937623171701135
6842625485920437250,7028867830490547206,0.05160096216602444
6842625485920437250,7033903061694268422,0.015523016614009517
6842625485920437250,7041796261662049281,0.02961781605404407
6842625485920437250,7045679836841837569,0.04098160735548724
6842625485920437250,7106898276444587009,0.05160096216602444
6842625485920437250,7181113461597783046,0.05914215543157138
6842625485920437250,7235505872251520046,0.01605522704506158
6842625485920437250,7263914736517399557,0.03937623171701135
6842625485920437250,7274983064991810566,0.1528940161844715
6842625485920437250,7316789714857624582,0.05160096216602444
6842625485920437250,7323120700012938245,0.09705061983296263
6842625485920437250,7373912731559609352,0.016054602353455998
6842625485920437250,7386533375073682449,0.01605642207189589
6842625485920437250,7387033416446837765,0.05160096216602444
6842625485920437250,7434627254548382776,0.05914215543157138
6842625485920437250,7441015530360570926,0.03388693694619609
6842625485920437250,7455603448303567877,0.056960329395525894
6842625485920437250,7461329320323253254,0.015141589641415449
6842625485920437250,7519531111723222072,0.015413525941647204
6842625485920437250,7589963743808947221,0.05914215543157138
6842625485920437250,7594214580139967544,0.034824937481610044
6842625485920437250,7613356856131453972,0.015142610764781883
6848622157234734086,6916463036367242245,0.013489232451454412
6848622157234734086,6959645215931270150,0.01692079493639177
6848622157234734086,7102031855201911813,0.015519717885158145
6848622157234734086,7158268924675752966,0.016081545004724158
6848622157234734086,7160888724522812418,0.01552211904733536
6848622157234734086,7181113461597783046,0.024370994258095056
6848622157234734086,7187479709860348934,0.015516532226669018
6848622157234734086,7323679526399083553,0.01616315853447723
6848622157234734086,7337597547799020549,0.01488965873212101
6848622157234734086,7434627254548382776,0.024370994258095056
6848622157234734086,7498060815040431122,0.01546271738974976
6848622157234734086,7508718935962321938,0.015918681814954552
6848622157234734086,7520061487814427656,0.0155090565070176
6848622157234734086,7536210918439863297,0.015671744413666734
6848622157234734086,7589963743808947221,0.024370994258095056
6849714013304079366,6876111398716916738,0.5244377389717949
6849714013304079366,6887161232442033153,0.49827366003127316
6849714013304079366,6908266585728697349,0.5253646948548322
6849714013304079366,6910309608222557189,0.4965933881633691
6849714013304079366,6911232913338221574,0.49664842125927344
6849714013304079366,6917607474581406725,0.49850501014413107
6849714013304079366,6932505658856408070,0.5251236321978044
6849714013304079366,6990433306123682822,0.4995129247173364
6849714013304079366,6994977751610475525,0.49760433581288765
6849714013304079366,7002249998172046337,0.49834089157263106
6849714013304079366,7006613667513418757,0.4988072183390614
6849714013304079366,7014893568998228993,0.49455327949171674
6849714013304079366,7033309963939496987,0.49700822673815853
6849714013304079366,7050498314663379974,0.49871018512869747
6849714013304079366,7061134436725277701,0.01598497350764712
6849714013304079366,7072173543165314053,0.4968899416224411
6849714013304079366,7093023801574867969,0.49871018512869747
6849714013304079366,7128070099412157442,0.5264549753691473
6849714013304079366,7141833908052296709,0.4990082039991758
6849714013304079366,7170886050868675589,0.4946594418941106
6849714013304079366,7187952219559248898,0.5251675393320409
6849714013304079366,7230689368007574534,0.49951301081166277
6849714013304079366,7252048520768111622,0.497030698251803
6849714013304079366,7255307152083796994,0.5264957269398263
6849714013304079366,7256202462158406658,0.49924096965175147
6849714013304079366,7290350607356150827,0.4985479794971994
6849714013304079366,7306969713349805064,0.498281355706109
6849714013304079366,7327226218813391877,0.498057424857744
6849714013304079366,7355557262863336453,0.498751899432011
6849714013304079366,7396903607784490000,0.49746815380510306
6849714013304079366,7402984582746358816,0.49871018512869747
6849714013304079366,7442002957991724065,0.4975866335955229
6849714013304079366,7455253044214449159,0.4968805410431109
6849714013304079366,7487688540064531463,0.494646738980472
6849714013304079366,7510166423118758918,0.5240974295510892
6849714013304079366,7539280226653357073,0.4835472085137594
6849714013304079366,7579316049855841287,0.49668567572585803
6849714013304079366,7585186788609508373,0.5239615526908437
6849714013304079366,7597512785483957259,0.525703445515849
6854084433894065158,6883861528681055237,0.015155996290427895
6854084433894065158,6884016318182720517,0.015574418308584604
6854084433894065158,6911232913338221574,0.01542086768417163
6854084433894065158,6962998966736946178,0.01590161047118406
6854084433894065158,6993227536423945222,0.015432180890371352
6854084433894065158,7014863130023052293,0.015902287257406583
6854084433894065158,7296163401382020102,0.03648798146472769
6854084433894065158,7345693452820186117,0.015579089445390729
6854084433894065158,7352849317865505798,0.015567800218400594
6854084433894065158,7416269225385296902,0.01590161047118406
6854084433894065158,7453398291771524102,0.01573216257308816
6856985681320838149,6889429234431853574,0.01555438048835357
6856985681320838149,6963109032279213061,0.015698270883690104
6856985681320838149,6978785360063267846,0.04309174749594278
6856985681320838149,6981842793023243270,0.056870279039018215
6856985681320838149,7034907735930160133,0.03832250683609867
6856985681320838149,7139448682156131355,0.03832250683609867
6856985681320838149,7181113461597783046,0.048139632610060344
6856985681320838149,7192962788661724165,0.03832250683609867
6856985681320838149,7254221734713623557,0.028447110121799502
6856985681320838149,7434627254548382776,0.048139632610060344
6856985681320838149,7490579692137137174,0.01555394598214269
6856985681320838149,7526713237481833504,0.015703306096132907
6856985681320838149,7556652869841044512,0.01570457723027234
6856985681320838149,7559878386093442056,0.056870279039018215
6856985681320838149,7589963743808947221,0.048139632610060344
6865188838906889221,6965175721303999494,0.015897038122643224
6865188838906889221,6976288257181008902,0.015900957659053094
6865188838906889221,7043496794727613445,0.016052563604246572
6865188838906889221,7071395036047131653,0.015897278766226628
6865188838906889221,7074661077590197253,0.015875512738671715
6865188838906889221,7174050320195568646,0.015892313575985546
6865188838906889221,7312576223157863457,0.016058204585880687
6865188838906889221,7457519820280644613,0.015886112655928104
6865188838906889221,7572160716909806600,0.015892179318764934
6865515418422854662,6876111398716916738,0.04595577648410174
6865515418422854662,6909912221612557317,0.014220039228595844
6865515418422854662,6994977751610475525,0.04576765074970193
6865515418422854662,7093090538711483397,0.013002597741968762
6865515418422854662,7128070099412157442,0.04579224438126841
6865515418422854662,7170886050868675589,0.046573811711811415
6865515418422854662,7181113461597783046,0.09435011066543715
6865515418422854662,7256202462158406658,0.04579224438126841
6865515418422854662,7300626193325229061,0.013836659923891947
6865515418422854662,7434627254548382776,0.09435011066543715
6865515418422854662,7455253044214449159,0.04557573706263467
6865515418422854662,7535385905805460487,0.014166493527331165
6865515418422854662,7589963743808947221,0.09435011066543715
6865687838509171718,6880273018033079298,0.10680084455293112
6865687838509171718,6978785360063267846,0.015142675194656823
6865687838509171718,6990299477060781061,0.01546745405357011
6865687838509171718,7012341717442462725,0.01490322283058109
6865687838509171718,7022490858335421441,0.015027836611088172
6865687838509171718,7030985942694036485,0.015028881917123989
6865687838509171718,7111185904601400321,0.0156244595495252
6865687838509171718,7143638497873413126,0.014902419049243783
6865687838509171718,7296163401382020102,0.015469487947927041
6865687838509171718,7296760772994122757,0.015470460553250763
6865687838509171718,7469354913887241217,0.014902260975268661
6865687838509171718,7480684683241473025,0.014895161413718617
6865687838509171718,7559878386093442056,0.014894924185903269
6865687838509171718,7589457676943606796,0.015467345182698601
6866361157725570054,6978785360063267846,0.022505567514659278
6866361157725570054,6981842793023243270,0.029701694149457343
6866361157725570054,7034907735930160133,0.020014731707318538
6866361157725570054,7139448682156131355,0.020014731707318538
6866361157725570054,7181113461597783046,0.025141931223341844
6866361157725570054,7192962788661724165,0.020014731707318538
6866361157725570054,7295710550214247432,0.015574772685453906
6866361157725570054,7428767448856282118,0.015544706695065264
6866361157725570054,7434627254548382776,0.025141931223341844
6866361157725570054,7559878386093442056,0.029701694149457343
6866361157725570054,7589963743808947221,0.025141931223341844
6867672357939561478,6882943806884512770,0.014866955124511371
6867672357939561478,6887161232442033153,0.015005578055673511
6867672357939561478,7038625080130520065,0.014752676267001599
6867672357939561478,7043787986584814598,0.01501657094439816
6867672357939561478,7122494145399047194,0.014502054734832771
6867672357939561478,7124134844511126555,0.014748181147321689
6867672357939561478,7139448682156131355,0.015175542376067688
6867672357939561478,7235505872251520046,0.0151536458153975
6867672357939561478,7373912731559609352,0.015153053447122651
6867672357939561478,7378695724613616658,0.014749289028412181
6867672357939561478,7386533375073682449,0.015154777450554912
6867672357939561478,7474455005735437329,0.014878118264937406
6867672357939561478,7495346041269814279,0.014749703319993672
6867672357939561478,7519531111723222072,0.014586039454545528
6868361115987493890,6923948494491567110,0.015670684988601316
6868361115987493890,6981842793023243270,0.02980158179049171
6868361115987493890,7050498314663379974,0.01576045153420777
6868361115987493890,7163936659606766598,0.015763032671346534
6868361115987493890,7217407055849096197,0.022969992684139514
6868361115987493890,7268149943910089734,0.02241285269758841
6868361115987493890,7323679526399083553,0.02470585130220024
6868361115987493890,7407221110629073926,0.05551047026630291
6868361115987493890,7455603448303567877,0.015879802618744845
6868361115987493890,7476936817243604001,0.0197221309735295
6868361115987493890,7519531111723222072,0.08753672421029537
6868361115987493890,7524800391486522390,0.015595053978472986
6868361115987493890,7555104317654008839,0.015419116051062321
6868361115987493890,7559878386093442056,0.02980158179049171
6868361115987493890,7585187926658450454,0.035204375364970404
6868361115987493890,7593513425976984598,0.015736370767571454
6869529128942126082,6923948494491567110,0.014403513793011573
6869529128942126082,6944138606031619077,0.008057108764967241
6869529128942126082,6959645215931270150,0.015684935624772602
6869529128942126082,7217407055849096197,0.015014339781794502
6869529128942126082,7261142322435867653,0.015076169936965743
6869529128942126082,7268149943910089734,0.01680237251255836
6869529128942126082,7315184692033930273,0.017656608705605228
6869529128942126082,7415589102207321093,0.015979355272955992
6869529128942126082,7466945875685819393,0.01074832182257642
6869529128942126082,7486594305004585989,0.016096190129177203
6869529128942126082,7490403226492077078,0.013094479853514899
6869529128942126082,7502699724320097322,0.008582130647447856
6869529128942126082,7524535795760776222,0.015354863277097442
6869529128942126082,7544469740279186488,0.013599929767499427
6876111398716916738,6884016318182720517,0.03333026946742535
6876111398716916738,6897916711003489285,0.04596579474268767
6876111398716916738,6945431007680726021,0.017000117915885973
6876111398716916738,6949381153037370374,0.021416848435369718
6876111398716916738,6965504260722361350,0.021416848435369718
6876111398716916738,6982171632279634946,0.49756581545610523
6876111398716916738,6990433306123682822,0.49825515893487937
6876111398716916738,7006613667513418757,0.49756581545610523
6876111398716916738,7009641336668161030,0.11283247453423523
6876111398716916738,7014981470109565957,0.49756581545610523
6876111398716916738,7034907735930160133,0.12548075580909182
6876111398716916738,7047494209448166401,0.49756581545610523
6876111398716916738,7061134436725277701,0.015881848858122913
6876111398716916738,7089082529218593798,0.03333026946742535
6876111398716916738,7104625198607844379,0.08471969369632364
6876111398716916738,7125195944199996422,0.025347068445831632
6876111398716916738,7128070099412157442,0.5249451132355248
6876111398716916738,7139448682156131355,0.12548075580909182
6876111398716916738,7141833908052296709,0.49775170909564415
6876111398716916738,7154612198102483973,0.019089695994466374
6876111398716916738,7181113461597783046,0.1461231242655124
6876111398716916738,7187479709860348934,0.022189022542355507
6876111398716916738,7192962788661724165,0.12548075580909182
6876111398716916738,7197284105015788549,0.49756581545610523
6876111398716916738,7218748615745274885,0.03333026946742535
6876111398716916738,7230689368007574534,0.4982530728305127
6876111398716916738,7253090810513097730,0.10092636668519808
6876111398716916738,7254221734713623557,0.38033296986561094
6876111398716916738,7255307152083796994,0.5251185933697904
6876111398716916738,7255459615491753002,0.04659678671095986
6876111398716916738,7256202462158406658,0.49815471789714255
6876111398716916738,7263081302823552005,0.021675654890191506
6876111398716916738,7290292672361759776,0.03333026946742535
6876111398716916738,7308377902638728224,0.022076153283645438
6876111398716916738,7311708051199230981,0.22923925678606338
6876111398716916738,7355557262863336453,0.4975628310102242
6876111398716916738,7359289173456913454,0.01712869167946651
6876111398716916738,7367577463750132741,0.015598598190911153
6876111398716916738,7416269225385296902,0.04595577648410174
6876111398716916738,7434627254548382776,0.1461231242655124
6876111398716916738,7441015530360570926,0.03040167643654684
6876111398716916738,7447572034136556561,0.021416848435369718
6876111398716916738,7453634343190807557,0.03333026946742535
6876111398716916738,7457519820280644613,0.021416848435369718
6876111398716916738,7463351104668501024,0.03333026946742535
6876111398716916738,7495918801364485163,0.03409745546574576
6876111398716916738,7497772332389123079,0.03333026946742535
6876111398716916738,7498665985957823506,0.03333026946742535
6876111398716916738,7499826250930226194,0.015159757690646373
6876111398716916738,7502699724320097322,0.014143193847297775
6876111398716916738,7523591048695170064,0.5236819191931708
6876111398716916738,7536210918439863297,0.050864413238581124
6876111398716916738,7589963743808947221,0.1461231242655124
6876111398716916738,7592395448494474254,0.09950116768418817
6876111398716916738,7615456357705417750,0.05197225097961947
6877092036177904642,7059866762607690753,0.01351065913290341
6877092036177904642,7094760895809684485,0.013533275625240166
6877092036177904642,7189496226865267717,0.013493011261870634
6877092036177904642,7192962788661724165,0.015221468740322649
6877092036177904642,7259830210505573382,0.012356028912366524
6877092036177904642,7281769226565796870,0.012327989582487422
6877092036177904642,7282457131139646497,0.006231234785411272
6877092036177904642,7297933972808729632,0.01394717107530776
6877092036177904642,7403666842986546209,0.008275069406811487
6877092036177904642,7522457887882445846,0.015560351507929993
6877092036177904642,7534543341909083143,0.01342376424535137
6877092036177904642,7538303426845819918,0.014348699100614745
6877092036177904642,7552094429399385106,0.015105477994587543
6877092036177904642,7575174922190177312,0.015481437468597339
6880273018033079298,6933226203005453314,0.02701158740822029
6880273018033079298,6969163964988376070,0.015998607790197364
6880273018033079298,7024773008388834309,0.027035519573461394
6880273018033079298,7030932109430899718,0.016229720418455447
6880273018033079298,7104324169307259909,0.016194798364322544
6880273018033079298,7232053097944777733,0.015410553029080364
6880273018033079298,7263914736517399557,0.016190844137830587
6880273018033079298,7314655842044265478,0.016197463227988377
6880273018033079298,7316789714857624582,0.016234884224739364
6880273018033079298,7323120700012938245,0.016194882863950932
6880273018033079298,7324383714049541153,0.015802230217903557
6880273018033079298,7378567914254959622,0.016198357733151522
6880273018033079298,7387033416446837765,0.016194840119059774
6880273018033079298,7462811958108062726,0.01585583555631267
6882770991467807745,6891705601257145349,0.016025916687852228
6882770991467807745,6990019487899501573,0.016031852082021625
6882770991467807745,6991030367710233602,0.01620422653429828
6882770991467807745,7029826856011580421,0.01620978010758828
6882770991467807745,7175189895740425221,0.01603505726879239
6882770991467807745,7178590990041711622,0.015713875397464903
6882770991467807745,7306969713349805064,0.016204633208895845
6882770991467807745,7355557262863336453,0.01638191528215964
6882770991467807745,7377044399681307681,0.016015168356591437
6882770991467807745,7463351104668501024,0.016204273755698294
6882770991467807745,7572620715221812246,0.016389138502202142
6882770991467807745,7585691270368019463,0.016373258740079923
6882770991467807745,7609668379692401697,0.026711429740306276
6882943806884512770,6966657160718943238,0.015054783405050984
6882943806884512770,6978785360063267846,0.022832842554183625
6882943806884512770,6981842793023243270,0.05172527629184259
6882943806884512770,7038625080130520065,0.015722749464846558
6882943806884512770,7043787986584814598,0.01603657840023702
6882943806884512770,7111185904601400321,0.016205576604992736
6882943806884512770,7122494145399047194,0.015438275584804064
6882943806884512770,7124134844511126555,0.015728076221379464
6882943806884512770,7139448682156131355,0.030543537140209572
6882943806884512770,7287249230892106758,0.02910604704866177
6882943806884512770,7378695724613616658,0.01572668228815905
6882943806884512770,7461329320323253254,0.015308996137248407
6882943806884512770,7474455005735437329,0.015875920447384874
6882943806884512770,7495346041269814279,0.015726180339940773
6882943806884512770,7559878386093442056,0.05172527629184259
6882943806884512770,7613356856131453972,0.01530802652246023
6883354108897362945,6982171632279634946,0.4971519158418073
6883354108897362945,6990433306123682822,0.4974475877653953
6883354108897362945,7006613667513418757,0.4971519158418073
6883354108897362945,7014981470109565957,0.4971519158418073
6883354108897362945,7047494209448166401,0.4971519158418073
6883354108897362945,7057768423321748481,0.5241647495252446
6883354108897362945,7128070099412157442,0.49758637601101796
6883354108897362945,7187952219559248898,0.49711230583206323
6883354108897362945,7192187661674775557,0.01638208305295738
6883354108897362945,7197284105015788549,0.4971519158418073
6883354108897362945,7230689368007574534,0.49745507153199536
6883354108897362945,7251253251058959386,0.4969734844052913
6883354108897362945,7255307152083796994,0.4976489485288643
6883354108897362945,7256202462158406658,0.49758637601101796
6883354108897362945,7323298125393003563,0.016426849224613304
6883354108897362945,7446622049529594923,0.016422998827119284
6883354108897362945,7482541173300462614,0.015887591717841737
6883354108897362945,7510166423118758918,0.49740841526347224
6883354108897362945,7523591048695170064,0.497407531346835
6883354108897362945,7593513425976984598,0.01655986501592758
6883354108897362945,7614802407563035656,0.01588397809632171
6883861528681055237,6884016318182720517,0.01546729681140398
6883861528681055237,6943355592603173893,0.015539613296382282
6883861528681055237,6993227536423945222,0.015303843735844338
6883861528681055237,7224271052267553819,0.01563186523486636
6883861528681055237,7317147259148715013,0.015155088208811486
6883861528681055237,7317314050736047136,0.016789787938933053
6883861528681055237,7345693452820186117,0.015467649120042648
6883861528681055237,7415799988297319429,0.016632547537409028
6884016318182720517,6943355592603173893,0.01531310890154577
6884016318182720517,6993227536423945222,0.015722197628890707
6884016318182720517,6994977751610475525,0.03319382782937639
6884016318182720517,7128070099412157442,0.033211664811579854
6884016318182720517,7170886050868675589,0.033778510847636854
6884016318182720517,7181113461597783046,0.06842914761430105
6884016318182720517,7256202462158406658,0.033211664811579854
6884016318182720517,7307548469060584454,0.01586841637285009
6884016318182720517,7317147259148715013,0.015578951388725984
6884016318182720517,7345693452820186117,0.01588621100938964
6884016318182720517,7434627254548382776,0.06842914761430105
6884016318182720517,7455253044214449159,0.03305463890920546
6884016318182720517,7463993064467252256,0.016222405294326954
6884016318182720517,7589963743808947221,0.06842914761430105
6884269257367749633,6979776947182355462,0.014967205949635357
6884269257367749633,7023254401751335938,0.015266022836451986
6884269257367749633,7029374960272081925,0.014994769537509754
6884269257367749633,7106898276444587009,0.015277962619628618
6884269257367749633,7140235759920219178,0.014819726693141638
6884269257367749633,7253476605544121350,0.02497858543099723
6884269257367749633,7284057704728626181,0.016536356146298142
6884269257367749633,7307362809690506273,0.015245876515125772
6884269257367749633,7517915187601720327,0.01526124072504688
6884269257367749633,7542455562676470840,0.015127278345532146
6884269257367749633,7556669488167650315,0.015140011255463354
6884611690841179138,6945373217453425669,0.016054333433607026
6884611690841179138,6975000026854687749,0.015872614163716235
6884611690841179138,6977245355705156609,0.026803594294905468
6884611690841179138,6986127145840821254,0.01601303946160908
6884611690841179138,7004852704795280390,0.016000485160617917
6884611690841179138,7006613667513418757,0.016039615551884424
6884611690841179138,7118597435305722926,0.015713481520576944
6884611690841179138,7333933730745566213,0.015714947719159166
6884611690841179138,7334272629450343470,0.015671256977901456
6884611690841179138,7361069886359716906,0.01601270623241785
6884611690841179138,7416287041577305094,0.016058876544507147
6887161232442033153,6966657160718943238,0.015208543492390605
6887161232442033153,6982171632279634946,0.4980497556720799
6887161232442033153,6990433306123682822,0.4987602908426274
6887161232442033153,7002249998172046337,0.4981099930853509
6887161232442033153,7006613667513418757,0.4980497556720799
6887161232442033153,7014981470109565957,0.4980497556720799
6887161232442033153,7122494145399047194,0.015582841171642346
6887161232442033153,7128070099412157442,0.49853592251618506
6887161232442033153,7141833908052296709,0.498256330605109
6887161232442033153,7197284105015788549,0.4980497556720799
6887161232442033153,7230689368007574534,0.498759440941913
6887161232442033153,7235505872251520046,0.01638843105965832
6887161232442033153,7255307152083796994,0.49856300966460876
6887161232442033153,7256202462158406658,0.49853592251618506
6887161232442033153,7355557262863336453,0.49852081051064334
6887161232442033153,7373912731559609352,0.016387793719988553
6887161232442033153,7386533375073682449,0.01638965089671092
6887161232442033153,7461329320323253254,0.015453399028421189
6887161232442033153,7502699724320097322,0.013959302928405613
6887161232442033153,7519531111723222072,0.01572830083638052
6887161232442033153,7523591048695170064,0.4981440155306256
6887161232442033153,7613356856131453972,0.01545444128396904
6889429234431853574,6963109032279213061,0.01569793874897914
6889429234431853574,7232053097944777733,0.01513371798326057
6889429234431853574,7236791190447686683,0.015868299506015413
6889429234431853574,7324383714049541153,0.015544055688022173
6889429234431853574,7346466630966412293,0.015702733195889253
6889429234431853574,7490579692137137174,0.015554294315206834
6889429234431853574,7526713237481833504,0.015702973990138275
6889429234431853574,7556652869841044512,0.01570424512622275
6889429234431853574,7577628387390129168,0.01570780286610378
6891705601257145349,6990019487899501573,0.015862100699879523
6891705601257145349,6991030367710233602,0.01601839681832648
6891705601257145349,7029826856011580421,0.016023896285009588
6891705601257145349,7175189895740425221,0.015858795309900843
6891705601257145349,7306969713349805064,0.01601879951537626
6891705601257145349,7355557262863336453,0.016192091372724284
6891705601257145349,7377044399681307681,0.015857681627648345
6891705601257145349,7424553645365543942,0.015697964618577604
6891705601257145349,7463351104668501024,0.016033116315795536
6891705601257145349,7572620715221812246,0.016199247279581594
6891705601257145349,7603626364147123222,0.015688842777195195
6891705601257145349,7609668379692401697,0.026445438255667794
6897916711003489285,6908266585728697349,0.04584829347828072
6897916711003489285,6994977751610475525,0.045720059163130905
6897916711003489285,7128070099412157442,0.046054779824642844
6897916711003489285,7170886050868675589,0.046106932811154216
6897916711003489285,7181113461597783046,0.05152782125536391
6897916711003489285,7256202462158406658,0.046054779824642844
6897916711003489285,7282457131139646497,0.013815323463731584
6897916711003489285,7347823456870581291,0.019437131308847146
6897916711003489285,7403666842986546209,0.010553703089608926
6897916711003489285,7434627254548382776,0.05152782125536391
6897916711003489285,7455253044214449159,0.04583703122933313
6897916711003489285,7524800391486522390,0.02293211483789211
6897916711003489285,7589963743808947221,0.05152782125536391
6897916711003489285,7603001410426618881,0.0180364906543216
6908266585728697349,6982171632279634946,0.49846814602301504
6908266585728697349,6990433306123682822,0.4987646007502033
6908266585728697349,7006613667513418757,0.49846814602301504
6908266585728697349,7009641336668161030,0.11281768894556139
6908266585728697349,7014981470109565957,0.49846814602301504
6908266585728697349,7047494209448166401,0.49846814602301504
6908266585728697349,7057768423321748481,0.4983467002034149
6908266585728697349,7104625198607844379,0.08450312676464729
6908266585728697349,7128070099412157442,0.5266112393237109
6908266585728697349,7181113461597783046,0.14471829266772038
6908266585728697349,7187952219559248898,0.49843221085721745
6908266585728697349,7197284105015788549,0.49846814602301504
6908266585728697349,7230689368007574534,0.4987703166716418
6908266585728697349,7251253251058959386,0.49831749188020746
6908266585728697349,7253090810513097730,0.10091314127513495
6908266585728697349,7254221734713623557,0.380682919331802
6908266585728697349,7255307152083796994,0.4990009639135747
6908266585728697349,7256202462158406658,0.4990183011803252
6908266585728697349,7311708051199230981,0.2565898532471543
6908266585728697349,7389767673448285226,0.016345844722791422
6908266585728697349,7409739423779357702,0.015929415566308003
6908266585728697349,7434627254548382776,0.14471829266772038
6908266585728697349,7499448682740204566,0.01606357908697116
6908266585728697349,7523591048695170064,0.4985635144742995
6908266585728697349,7528317052487566392,0.016404185495474656
6908266585728697349,7536210918439863297,0.0507343897525888
6908266585728697349,7589963743808947221,0.14471829266772038
6908266585728697349,7592395448494474254,0.09948812903247006
6908266585728697349,7615456357705417750,0.05176073055587393
6909912221612557317,7014981470109565957,0.015079935093901198
6909912221612557317,7093090538711483397,0.030814110910362714
6909912221612557317,7125195944199996422,0.16292925885512335
6909912221612557317,7197284105015788549,0.01443477105766755
6909912221612557317,7253090810513097730,0.015471921816020105
6909912221612557317,7300626193325229061,0.015718614894338893
6909912221612557317,7592395448494474254,0.01368760015844965
6909912221612557317,7610364091814872085,0.018416027121044516
6910309608222557189,6930980050721260549,0.015055467168791269
6910309608222557189,6982171632279634946,0.5207610037912302
6910309608222557189,6990433306123682822,0.4970706985584312
6910309608222557189,7006613667513418757,0.49677525064951233
6910309608222557189,7014981470109565957,0.49677525064951233
6910309608222557189,7047494209448166401,0.49677525064951233
6910309608222557189,7057768423321748481,0.496644915765054
6910309608222557189,7128070099412157442,0.49725075666013696
6910309608222557189,7158268924675752966,0.015648692238650265
6910309608222557189,7187952219559248898,0.49673703593033014
6910309608222557189,7197284105015788549,0.49677525064951233
6910309608222557189,7230689368007574534,0.49707753093002577
6910309608222557189,7251253251058959386,0.49660715854937365
6910309608222557189,7255307152083796994,0.49728435750507594
6910309608222557189,7256202462158406658,0.49725075666013696
6910309608222557189,7323679526399083553,0.01556210486409182
6910309608222557189,7337597547799020549,0.015102160299372655
6910309608222557189,7523591048695170064,0.4968691168334637
6910309608222557189,7535385905805460487,0.014092184964046885
6911232913338221574,6943355592603173893,0.015158563037692443
6911232913338221574,6962998966736946178,0.016050290034259587
6911232913338221574,6982171632279634946,0.49683040304231596
6911232913338221574,6990433306123682822,0.4971258837521023
6911232913338221574,6993227536423945222,0.015563782580863363
6911232913338221574,7006613667513418757,0.49683040304231596
6911232913338221574,7014981470109565957,0.49683040304231596
6911232913338221574,7047494209448166401,0.49683040304231596
6911232913338221574,7057768423321748481,0.49670086605611874
6911232913338221574,7128070099412157442,0.49731231830411904
6911232913338221574,7187952219559248898,0.49679239382908036
6911232913338221574,7197284105015788549,0.49683040304231596
6911232913338221574,7230689368007574534,0.49713261767923267
6911232913338221574,7251253251058959386,0.4966723309203508
6911232913338221574,7255307152083796994,0.4973414792323264
6911232913338221574,7256202462158406658,0.49731231830411904
6911232913338221574,7345693452820186117,0.015713259994604382
6911232913338221574,7352849317865505798,0.015710436536099145
6911232913338221574,7453398291771524102,0.015877735608595733
6911232913338221574,7475281813004338198,0.016048688704255177
6911232913338221574,7523591048695170064,0.4975354341365495
6914932704597935110,7009641336668161030,0.017407944090167587
6914932704597935110,7072173543165314053,0.015870144835026447
6914932704597935110,7092389272800674817,0.015259755671081131
6914932704597935110,7110264605897049115,0.015690679117752196
6914932704597935110,7125195944199996422,0.015661968517491225
6914932704597935110,7151417501942219781,0.019293224029972803
6914932704597935110,7251253251058959386,0.016504637949052315
6914932704597935110,7253090810513097730,0.015571053951729141
6914932704597935110,7308377902638728224,0.01537676687466114
6914932704597935110,7347823456870581291,0.014782255988307257
6914932704597935110,7442002957991724065,0.0166635079508725
6914932704597935110,7494711694116881415,0.015210301436865756
6914932704597935110,7550338226915230776,0.015815215903524353
6915837066996728837,6965504260722361350,0.015438274780969465
6915837066996728837,7023254401751335938,0.09689821433359487
6915837066996728837,7079516740987978757,0.015279197082554177
6915837066996728837,7101038813632644101,0.015433266305359298
6915837066996728837,7146999325209576450,0.015143580219870402
6915837066996728837,7213907079759856645,0.01558005984498182
6915837066996728837,7230689368007574534,0.01558018031022099
6915837066996728837,7262400527862301702,0.01575598051691993
6915837066996728837,7358930055361823749,0.015433104821662963
6915837066996728837,7415799988297319429,0.015156198297451608
6915837066996728837,7421992589585843243,0.0152798567566561
6915837066996728837,7435499715750806536,0.015151111990637272
6915837066996728837,7603626364147123222,0.015269345066473022
6916463036367242245,6959645215931270150,0.0241862571923042
6916463036367242245,7009641336668161030,0.018743652711202072
6916463036367242245,7151417501942219781,0.014620115746565179
6916463036367242245,7253090810513097730,0.016765818301510405
6916463036367242245,7267394392368514053,0.02048293567761304
6916463036367242245,7347823456870581291,0.013382899318954863
6916463036367242245,7504218153414165526,0.02027810562563852
6916463036367242245,7536210918439863297,0.01577992885311904
6916463036367242245,7585187926658450454,0.014113733070933186
6916463036367242245,7592395448494474254,0.01652906522816381
6916463036367242245,7593513425976984598,0.016206357528086253
6917607474581406725,6933063571936953349,0.015915182205984944
6917607474581406725,6959659732336968709,0.015797541476929456
6917607474581406725,6982171632279634946,0.49827855130434684
6917607474581406725,6987706064737289217,0.016232206689539754
6917607474581406725,6990433306123682822,0.49899110260883073
6917607474581406725,7006613667513418757,0.49827855130434684
6917607474581406725,7014981470109565957,0.49827855130434684
6917607474581406725,7047494209448166401,0.49827855130434684
6917607474581406725,7102031855201911813,0.015819697810699314
6917607474581406725,7128070099412157442,0.49871399603827127
6917607474581406725,7141833908052296709,0.49848690915316196
6917607474581406725,7187952219559248898,0.4982388515312121
6917607474581406725,7197284105015788549,0.49827855130434684
6917607474581406725,7230689368007574534,0.49899101660445866
6917607474581406725,7255307152083796994,0.49877671035667254
6917607474581406725,7256202462158406658,0.49871399603827127
6917607474581406725,7333474672351675398,0.016055192851032133
6917607474581406725,7520061487814427656,0.015290601284029339
6917607474581406725,7523591048695170064,0.4983720296171148
6917607474581406725,7550338226915230776,0.016010202581126395
6923948494491567110,6959645215931270150,0.016406813389227785
6923948494491567110,7035774233357026309,0.010137060495860903
6923948494491567110,7217407055849096197,0.17395944606718794
6923948494491567110,7261142322435867653,0.01704842080176609
6923948494491567110,7268149943910089734,0.039491930866312565
6923948494491567110,7315184692033930273,0.014590453859831785
6923948494491567110,7415589102207321093,0.01633662164073832
6923948494491567110,7486594305004585989,0.034728564105081336
6923948494491567110,7490403226492077078,0.016697302452093506
6923948494491567110,7502699724320097322,0.012152801891362258
6923948494491567110,7524535795760776222,0.011639336309888405
6923948494491567110,7544469740279186488,0.017185684616706453
6923948494491567110,7585187926658450454,0.22256729207861758
6930980050721260549,6982171632279634946,0.015063527955292262
6930980050721260549,7009641336668161030,0.015638195723781893
6930980050721260549,7099497683849053190,0.01493962616155211
6930980050721260549,7158268924675752966,0.015487104081139338
6930980050721260549,7252048520768111622,0.014587255800410273
6930980050721260549,7300626193325229061,0.10869014775308773
6930980050721260549,7337597547799020549,0.015427613893601387
6930980050721260549,7424539742974477318,0.015103704642579142
6930980050721260549,7535385905805460487,0.014756378147847929
6930980050721260549,7592395448494474254,0.015433130473450157
6930980050721260549,7615456357705417750,0.01515109503672061
6932505658856408070,6982171632279634946,0.49822146903232434
6932505658856408070,6990433306123682822,0.4985177770529265
6932505658856408070,7006613667513418757,0.49822146903232434
6932505658856408070,7012341717442462725,0.49714544741161454
6932505658856408070,7014981470109565957,0.49822146903232434
6932505658856408070,7047494209448166401,0.49822146903232434
6932505658856408070,7057768423321748481,0.49808491108513225
6932505658856408070,7128070099412157442,0.5262492924463242
6932505658856408070,7187952219559248898,0.49818163427175843
6932505658856408070,7197284105015788549,0.49822146903232434
6932505658856408070,7230689368007574534,0.49852534291467854
6932505658856408070,7251253251058959386,0.4980416108333138
6932505658856408070,7255307152083796994,0.4987182985158057
6932505658856408070,7256202462158406658,0.49865263524234055
6932505658856408070,7389767673448285226,0.016343844627034882
6932505658856408070,7409739423779357702,0.015927454659199137
6932505658856408070,7499448682740204566,0.016061598983733005
6932505658856408070,7523591048695170064,0.49847173617641016
6932505658856408070,7528317052487566392,0.01640218553443186
6933063571936953349,6959659732336968709,0.015794336828640704
6933063571936953349,6987706064737289217,0.01630779551855266
6933063571936953349,7102031855201911813,0.015816496102995077
6933063571936953349,7160888724522812418,0.015555234108454092
6933063571936953349,7187479709860348934,0.015819891944095506
6933063571936953349,7333474672351675398,0.01612954687325982
6933063571936953349,7476936817243604001,0.015371423657911271
6933063571936953349,7520061487814427656,0.015286321310773884
6933063571936953349,7550338226915230776,0.01608448270005988
6933226203005453314,6969163964988376070,0.02670728478020318
6933226203005453314,7024773008388834309,0.02703340414826189
6933226203005453314,7030932109430899718,0.027020910277376776
6933226203005453314,7104324169307259909,0.02703471910602657
6933226203005453314,7263914736517399557,0.027028130259381642
6933226203005453314,7314655842044265478,0.02703916003265399
6933226203005453314,7316789714857624582,0.027009486773510866
6933226203005453314,7323120700012938245,0.027034859914675684
6933226203005453314,7378567914254959622,0.027040650758892962
6933226203005453314,7387033416446837765,0.027034788683973358
6933226203005453314,7462811958108062726,0.0263817918733046
6933226203005453314,7497772332389123079,0.02566373223780443
6936558089194849286,6962998966736946178,0.016584066262683415
6936558089194849286,6989905844062258202,0.016397317885206243
6936558089194849286,7014863130023052293,0.016583326187920338
6936558089194849286,7064637015815750702,0.01659278480938448
6936558089194849286,7234832896228836357,0.016398176930338078
6936558089194849286,7352849317865505798,0.016211250177843063
6936558089194849286,7376941500363965472,0.016398546732192692
6936558089194849286,7416269225385296902,0.016584066262683415
6936558089194849286,7434634221899596833,0.016408139910062233
6936558089194849286,7444668199523992609,0.016401005871699684
6936558089194849286,7475281813004338198,0.016585937317702283
6936558089194849286,7493826108368405512,0.016217903433218193
6936558089194849286,7546456230891750422,0.01590053333766698
6936558089194849286,7567226487067427860,0.016399111924953035
6936971554723103749,6978785360063267846,0.035322927771451997
6936971554723103749,6981842793023243270,0.08002018119642225
6936971554723103749,7004852704795280390,0.021971922234867217
6936971554723103749,7034907735930160133,0.022162308697573203
6936971554723103749,7104324169307259909,0.021344097995694162
6936971554723103749,7139448682156131355,0.022162308697573203
6936971554723103749,7192962788661724165,0.022162308697573203
6936971554723103749,7227584300489081862,0.021344097995694162
6936971554723103749,7287249230892106758,0.021344097995694162
6936971554723103749,7346466630966412293,0.021344097995694162
6936971554723103749,7415799988297319429,0.01502635641837155
6936971554723103749,7469354913887241217,0.021344097995694162
6936971554723103749,7502226464433177632,0.021344097995694162
6936971554723103749,7559878386093442056,0.08002018119642225
6943126304288572422,6945431007680726021,0.015883945320578144
6943126304288572422,6949584343513940998,0.015208363350214093
6943126304288572422,6977245355705156609,0.019157877201992565
6943126304288572422,6981842793023243270,0.01620701825200223
6943126304288572422,7045679836841837569,0.016113577482262793
6943126304288572422,7151042722353218565,0.01572834416461061
6943126304288572422,7315521386973627425,0.016225310961231768
6943126304288572422,7434627254548382776,0.031536870974055525
6943126304288572422,7442753421524288544,0.015325588517463063
6943126304288572422,7501092673261618231,0.015452102736554403
6943126304288572422,7603001410426618881,0.012395087192126925
6943355592603173893,6993227536423945222,0.015171171632229401
6943355592603173893,7317314050736047136,0.01555114436788447
6943355592603173893,7345693452820186117,0.015317297474556648
6943355592603173893,7352849317865505798,0.015303909907757932
6943355592603173893,7415799988297319429,0.015634047732786666
6943355592603173893,7453398291771524102,0.015466017737976562
6944138606031619077,6959645215931270150,0.005547167220192479
6944138606031619077,7034907735930160133,0.01023976826379509
6944138606031619077,7254221734713623557,0.01976578366910048
6944138606031619077,7261142322435867653,0.004858197756209109
6944138606031619077,7268149943910089734,0.0096230674996257
6944138606031619077,7315184692033930273,0.00768679762050651
6944138606031619077,7415589102207321093,0.005795560209184692
6944138606031619077,7466945875685819393,0.01844544075164074
6944138606031619077,7486594305004585989,0.010645843919521177
6944138606031619077,7524535795760776222,0.011644488522189704
6944138606031619077,7585187926658450454,0.006321394082110397
6945373217453425669,6975000026854687749,0.01640462045031933
6945373217453425669,6977245355705156609,0.01588105285344694
6945373217453425669,7006613667513418757,0.016583218320324694
6945373217453425669,7118597435305722926,0.016219746846820565
6945373217453425669,7263081302823552005,0.01602990716075402
6945373217453425669,7333933730745566213,0.01621816870797767
6945373217453425669,7416287041577305094,0.016593047588418786
6945373217453425669,7447572034136556561,0.015880523660369707
6945373217453425669,7536210918439863297,0.016545502575453834
6945431007680726021,6949584343513940998,0.014917662746025422
6945431007680726021,6994977751610475525,0.016930525801194675
6945431007680726021,7128070099412157442,0.016939623561445873
6945431007680726021,7151042722353218565,0.01541804427740098
6945431007680726021,7170886050868675589,0.017228743619792222
6945431007680726021,7181113461597783046,0.03490231543023124
6945431007680726021,7248602643801932827,0.015537120665168602
6945431007680726021,7256202462158406658,0.016939623561445873
6945431007680726021,7315521386973627425,0.015883626391194224
6945431007680726021,7434627254548382776,0.050766023585517184
6945431007680726021,7442753421524288544,0.015030505522698533
6945431007680726021,7455253044214449159,0.01685953243410524
6945431007680726021,7501092673261618231,0.015152292520660075
6945431007680726021,7589963743808947221,0.03490231543023124
6949381153037370374,6994977751610475525,0.021329175880390103
6949381153037370374,6995594325438972933,0.015202963713793812
6949381153037370374,7047368764291171333,0.015587308949876599
6949381153037370374,7128070099412157442,0.021340637292208853
6949381153037370374,7140235759920219178,0.015578751726612383
6949381153037370374,7170886050868675589,0.021704872440451134
6949381153037370374,7181113461597783046,0.04397014204908661
6949381153037370374,7189559133157475354,0.015207209500002218
6949381153037370374,7256202462158406658,0.021340637292208853
6949381153037370374,7434627254548382776,0.04397014204908661
6949381153037370374,7455253044214449159,0.021239738019406203
6949381153037370374,7494339416820270087,0.01508870546866362
6949381153037370374,7589963743808947221,0.06000988498307202
6949584343513940998,6969779682486141958,0.014917672782319657
6949584343513940998,6981842793023243270,0.015190762276078695
6949584343513940998,7151042722353218565,0.014790959668131803
6949584343513940998,7248602643801932827,0.014927226452382623
6949584343513940998,7315521386973627425,0.015208056525811094
6949584343513940998,7434627254548382776,0.015188868089450287
6959539375579677702,7014893568998228993,0.015623895282141056
6959539375579677702,7102031855201911813,0.015720293869357322
6959539375579677702,7170886050868675589,0.02566960903859253
6959539375579677702,7181113461597783046,0.020887174315840022
6959539375579677702,7247153806412252165,0.015140040262392752
6959539375579677702,7255585908618937370,0.015419682993336618
6959539375579677702,7265662037903885313,0.015530389904126175
6959539375579677702,7295710550214247432,0.015701888029854328
6959539375579677702,7367761141394998277,0.015527524284181745
6959539375579677702,7434627254548382776,0.020887174315840022
6959539375579677702,7487688540064531463,0.015702260876254336
6959539375579677702,7589963743808947221,0.020887174315840022
6959645215931270150,7096318271246304257,0.05270237443383745
6959645215931270150,7124134844511126555,0.02556051775223881
6959645215931270150,7151417501942219781,0.018339366704831946
6959645215931270150,7217407055849096197,0.01700507985303937
6959645215931270150,7261142322435867653,0.01705798995454992
6959645215931270150,7268149943910089734,0.014432480631863075
6959645215931270150,7315184692033930273,0.015862072753734163
6959645215931270150,7345507730973262881,0.036760507153621905
6959645215931270150,7347823456870581291,0.01678741142947659
6959645215931270150,7415589102207321093,0.017597003507254832
6959645215931270150,7486594305004585989,0.013715507888341057
6959645215931270150,7490403226492077078,0.015143805699745279
6959645215931270150,7499826250930226194,0.03609548011934543
6959645215931270150,7524535795760776222,0.012969001511672679
6959645215931270150,7536210918439863297,0.019794227818032008
6959645215931270150,7544469740279186488,0.015634786529843094
6959645215931270150,7593513425976984598,0.020329136841957942
6959659732336968709,6987706064737289217,0.016108603638979997
6959659732336968709,7102031855201911813,0.015934373892405228
6959659732336968709,7181113461597783046,0.022447182198210798
6959659732336968709,7187479709860348934,0.015937762252329676
6959659732336968709,7333474672351675398,0.015933026994236123
6959659732336968709,7347823456870581291,0.010181013191948632
6959659732336968709,7434627254548382776,0.022447182198210798
6959659732336968709,7508718935962321938,0.015326984742421654
6959659732336968709,7520061487814427656,0.015403416357113064
6959659732336968709,7550338226915230776,0.015888002432941854
6959659732336968709,7589963743808947221,0.022447182198210798
6959868806102516741,6986127145840821254,0.01638784411751765
6959868806102516741,7004852704795280390,0.016402277918278967
6959868806102516741,7014641270266594330,0.01605229696264997
6959868806102516741,7014863130023052293,0.022720844888561825
6959868806102516741,7041796261662049281,0.016051251639380804
6959868806102516741,7043966862137721903,0.016200853293746854
6959868806102516741,7099497683849053190,0.030938970449359286
6959868806102516741,7187479709860348934,0.0304132005200801
6959868806102516741,7288239669111424005,0.01616956097749255
6959868806102516741,7334272629450343470,0.01601982834484579
6959868806102516741,7361069886359716906,0.016388218563612514
6959868806102516741,7498060815040431122,0.027914813547958925
6959868806102516741,7520642008689116176,0.016175347127765673
6962525040178217990,6978785360063267846,0.04309174749594278
6962525040178217990,6981842793023243270,0.056870279039018215
6962525040178217990,7034907735930160133,0.03832250683609867
6962525040178217990,7139448682156131355,0.053498129765089594
6962525040178217990,7181113461597783046,0.048139632610060344
6962525040178217990,7192962788661724165,0.03832250683609867
6962525040178217990,7235505872251520046,0.015153561021790852
6962525040178217990,7254221734713623557,0.028447110121799502
6962525040178217990,7373912731559609352,0.015152968653443556
6962525040178217990,7386533375073682449,0.015154692656935153
6962525040178217990,7434627254548382776,0.048139632610060344
6962525040178217990,7559878386093442056,0.056870279039018215
6962525040178217990,7589963743808947221,0.048139632610060344
6962998966736946178,7014863130023052293,0.016591947020080173
6962998966736946178,7028867830490547206,0.015895709937893902
6962998966736946178,7064637015815750702,0.016584517808891162
6962998966736946178,7352849317865505798,0.01621968572840695
6962998966736946178,7416269225385296902,0.016592687091757912
6962998966736946178,7434634221899596833,0.016399074248447047
6962998966736946178,7453398291771524102,0.016397376927318828
6962998966736946178,7475281813004338198,0.016591036147593288
6962998966736946178,7567226487067427860,0.01639147984288805
6963109032279213061,7165051441248650242,0.014663346672370695
6963109032279213061,7232053097944777733,0.015293069553771087
6963109032279213061,7236791190447686683,0.016032752660183204
6963109032279213061,7324383714049541153,0.01571155567796269
6963109032279213061,7346466630966412293,0.015861333365116043
6963109032279213061,7490579692137137174,0.015697500180210856
6963109032279213061,7526713237481833504,0.015861058273650405
6963109032279213061,7556652869841044512,0.015859664549144684
6963109032279213061,7577628387390129168,0.01585600364941333
6963912208137536518,6978785360063267846,0.022832842554183625
6963912208137536518,6981842793023243270,0.05172527629184259
6963912208137536518,7154612198102483973,0.015875992939045992
6963912208137536518,7234260997438374917,0.015395781358844089
6963912208137536518,7247153806412252165,0.015246045129014446
6963912208137536518,7255585908618937370,0.015514843737797806
6963912208137536518,7290350607356150827,0.015560293702345697
6963912208137536518,7295710550214247432,0.015864202263559824
6963912208137536518,7428767448856282118,0.0158703482999221
6963912208137536518,7487688540064531463,0.015863800485415722
6963912208137536518,7536210918439863297,0.016050333019927764
6963912208137536518,7559878386093442056,0.05172527629184259
6965175721303999494,6969779682486141958,0.01587521192973888
6965175721303999494,6976288257181008902,0.016234247165466936
6965175721303999494,6978785360063267846,0.022832842554183625
6965175721303999494,6981842793023243270,0.05172527629184259
6965175721303999494,7071395036047131653,0.01622943069146688
6965175721303999494,7074661077590197253,0.016215940442217903
6965175721303999494,7174050320195568646,0.016224357046016425
6965175721303999494,7312576223157863457,0.016406346697880762
6965175721303999494,7559878386093442056,0.05172527629184259
6965175721303999494,7572160716909806600,0.016224219854958838
6965476267068392450,7006020640302613509,0.01604880421273259
6965476267068392450,7035774233357026309,0.012888044589850574
6965476267068392450,7094760895809684485,0.013371500791761267
6965476267068392450,7100966729770140677,0.013635136683966992
6965476267068392450,7189496226865267717,0.013398585756176367
6965476267068392450,7259830210505573382,0.014757793213100999
6965476267068392450,7281769226565796870,0.014866373978870818
6965476267068392450,7297933972808729632,0.013067680341203423
6965476267068392450,7345507730973262881,0.015848223449983576
6965476267068392450,7441608528565224494,0.01623709665149698
6965476267068392450,7489528358398002198,0.015867110606753897
6965476267068392450,7534543341909083143,0.013478403309139096
6965476267068392450,7538303426845819918,0.012568284997971952
6965504260722361350,6994977751610475525,0.021329175880390103
6965504260722361350,7079516740987978757,0.015712841595490634
6965504260722361350,7101038813632644101,0.015872201487686168
6965504260722361350,7128070099412157442,0.021340637292208853
6965504260722361350,7146999325209576450,0.015569518972044581
6965504260722361350,7170886050868675589,0.021704872440451134
6965504260722361350,7181113461597783046,0.04397014204908661
6965504260722361350,7256202462158406658,0.021340637292208853
6965504260722361350,7358930055361823749,0.015872035579512125
6965504260722361350,7415799988297319429,0.015599383609091957
6965504260722361350,7421992589585843243,0.015713519749161006
6965504260722361350,7434627254548382776,0.04397014204908661
6965504260722361350,7435499715750806536,0.015574014544563357
6965504260722361350,7455253044214449159,0.021239738019406203
6965504260722361350,7493826108368405512,0.01586911994623951
6965504260722361350,7546456230891750422,0.01556486461757256
6965504260722361350,7555033171922912263,0.015566798134205095
6965504260722361350,7589963743808947221,0.04397014204908661
6965504260722361350,7610014708498023431,0.015438444135044933
6966657160718943238,6985530541395624966,0.014628363109347422
6966657160718943238,7038625080130520065,0.014937531234818852
6966657160718943238,7043787986584814598,0.015208220658680242
6966657160718943238,7122494145399047194,0.014680633481803018
6966657160718943238,7124134844511126555,0.014932981074108167
6966657160718943238,7235505872251520046,0.015360742958809116
6966657160718943238,7373912731559609352,0.015360143092588114
6966657160718943238,7378695724613616658,0.01493410206702269
6966657160718943238,7386533375073682449,0.015361889280826602
6966657160718943238,7474455005735437329,0.015066211806244494
6966657160718943238,7495346041269814279,0.01493452136983612
6966657160718943238,7519531111723222072,0.014778100984559636
6967843926171993093,6982171632279634946,0.4972454499743427
6967843926171993093,6990433306123682822,0.4975411775256293
6967843926171993093,7002249998172046337,0.4972154657662779
6967843926171993093,7006613667513418757,0.4972454499743427
6967843926171993093,7009641336668161030,0.11251797231624262
6967843926171993093,7014981470109565957,0.4972454499743427
6967843926171993093,7047494209448166401,0.4972454499743427
6967843926171993093,7057768423321748481,0.4971237689744346
6967843926171993093,7128070099412157442,0.4977900845458396
6967843926171993093,7187952219559248898,0.4972094653172449
6967843926171993093,7192187661674775557,0.016279619098991865
6967843926171993093,7197284105015788549,0.4972454499743427
6967843926171993093,7230689368007574534,0.4975469445234082
6967843926171993093,7251253251058959386,0.49709413666931734
6967843926171993093,7253090810513097730,0.1006450508113111
6967843926171993093,7255307152083796994,0.49777570572508045
6967843926171993093,7256202462158406658,0.4977900845458396
6967843926171993093,7323298125393003563,0.016324369217076192
6967843926171993093,7446622049529594923,0.01632052055107534
6967843926171993093,7523591048695170064,0.49734051696215986
6967843926171993093,7555788949694088210,0.01935201096948555
6967843926171993093,7592395448494474254,0.09922382432130698
6967843926171993093,7593513425976984598,0.016661668801809748
6967843926171993093,7614802407563035656,0.015983369536160478
6969163964988376070,7024773008388834309,0.026685938948304778
6969163964988376070,7030932109430899718,0.01600414457364792
6969163964988376070,7104324169307259909,0.016035857875625534
6969163964988376070,7263914736517399557,0.01604041978592232
6969163964988376070,7314655842044265478,0.01603316371016361
6969163964988376070,7316789714857624582,0.015997360045720232
6969163964988376070,7323120700012938245,0.01603576672775935
6969163964988376070,7378567914254959622,0.016032300727608095
6969163964988376070,7387033416446837765,0.01603581181671597
6969779682486141958,7074661077590197253,0.01587039724738237
6969779682486141958,7227584300489081862,0.015023638547234085
6969779682486141958,7248602643801932827,0.0155459595349731
6969779682486141958,7312576223157863457,0.016050540921764413
6969779682486141958,7442753421524288544,0.015025562772449055
6969779682486141958,7573875560531805204,0.015145191799486528
6969779682486141958,7617508216503600150,0.015272534057529102
6970399499022009349,6978785360063267846,0.035322927771451997
6970399499022009349,6981842793023243270,0.08002018119642225
6970399499022009349,7004852704795280390,0.021971922234867217
6970399499022009349,7034907735930160133,0.022162308697573203
6970399499022009349,7104324169307259909,0.021344097995694162
6970399499022009349,7139448682156131355,0.022162308697573203
6970399499022009349,7192962788661724165,0.022162308697573203
6970399499022009349,7227584300489081862,0.021344097995694162
6970399499022009349,7287249230892106758,0.021344097995694162
6970399499022009349,7346466630966412293,0.021344097995694162
6970399499022009349,7469354913887241217,0.021344097995694162
6970399499022009349,7502226464433177632,0.021344097995694162
6970399499022009349,7524800391486522390,0.015594247351418282
6970399499022009349,7555104317654008839,0.015418317288703146
6970399499022009349,7559878386093442056,0.08002018119642225
6970399499022009349,7593513425976984598,0.01573721313882748
6975000026854687749,6977245355705156609,0.015702906180974443
6975000026854687749,7006613667513418757,0.016390772814621306
6975000026854687749,7118597435305722926,0.016034385621230347
6975000026854687749,7263081302823552005,0.015848462006810893
6975000026854687749,7333933730745566213,0.016032825814683703
6975000026854687749,7416287041577305094,0.016399342959278286
6975000026854687749,7428767448856282118,0.01616375227725559
6975000026854687749,7472777689112675361,0.030092784371596324
6975000026854687749,7536210918439863297,0.016353493076245507
6976288257181008902,6978785360063267846,0.035322927771451997
6976288257181008902,6981842793023243270,0.08002018119642225
6976288257181008902,7004852704795280390,0.021971922234867217
6976288257181008902,7034907735930160133,0.022162308697573203
6976288257181008902,7071395036047131653,0.01623343376023651
6976288257181008902,7104324169307259909,0.021344097995694162
6976288257181008902,7139448682156131355,0.022162308697573203
6976288257181008902,7192962788661724165,0.022162308697573203
6976288257181008902,7227584300489081862,0.021344097995694162
6976288257181008902,7287249230892106758,0.021344097995694162
6976288257181008902,7312576223157863457,0.016402353237213233
6976288257181008902,7346466630966412293,0.021344097995694162
6976288257181008902,7469354913887241217,0.021344097995694162
6976288257181008902,7502226464433177632,0.021344097995694162
6976288257181008902,7559878386093442056,0.08002018119642225
6976288257181008902,7572160716909806600,0.016228222872641942
6977245355705156609,6986127145840821254,0.015882662426900594
6977245355705156609,7112272075901092866,0.09642778161726218
6977245355705156609,7118597435305722926,0.015546960074260674
6977245355705156609,7181113461597783046,0.018829316967194684
6977245355705156609,7323679526399083553,0.01638887316219784
6977245355705156609,7333933730745566213,0.015548412987041856
6977245355705156609,7361069886359716906,0.015882332226504804
6977245355705156609,7416287041577305094,0.0378802682977176
6977245355705156609,7434627254548382776,0.018829316967194684
6977245355705156609,7476936817243604001,0.02944161791689428
6977245355705156609,7589963743808947221,0.018829316967194684
6978785360063267846,6981112366020838426,0.05102125945795064
6978785360063267846,6981842793023243270,0.1324275723073393
6978785360063267846,6989905844062258202,0.04309174749594278
6978785360063267846,6991802841732219910,0.022832842554183625
6978785360063267846,6995594325438972933,0.014917682867149628
6978785360063267846,7004852704795280390,0.036361931165174714
6978785360063267846,7006020640302613509,0.035322927771451997
6978785360063267846,7022490858335421441,0.035322927771451997
6978785360063267846,7023254401751335938,0.03329277044526988
6978785360063267846,7029826856011580421,0.035322927771451997
6978785360063267846,7030985942694036485,0.035322927771451997
6978785360063267846,7034907735930160133,0.35751030049936844
6978785360063267846,7038625080130520065,0.022832842554183625
6978785360063267846,7043496794727613445,0.035322927771451997
6978785360063267846,7043787986584814598,0.022832842554183625
6978785360063267846,7043966862137721903,0.035322927771451997
6978785360063267846,7046403690119808006,0.035322927771451997
6978785360063267846,7047368764291171333,0.01526642513970085
6978785360063267846,7059866762607690753,0.04309174749594278
6978785360063267846,7064637015815750702,0.035322927771451997
6978785360063267846,7074044643659645958,0.035322927771451997
6978785360063267846,7074661077590197253,0.035322927771451997
6978785360063267846,7104324169307259909,0.035322927771451997
6978785360063267846,7110530423914595334,0.04309174749594278
6978785360063267846,7111185904601400321,0.12258251561835604
6978785360063267846,7124837748766721026,0.035322927771451997
6978785360063267846,7133356593046897669,0.035322927771451997
6978785360063267846,7139448682156131355,0.35751030049936844
6978785360063267846,7150565541089985542,0.018452398432456406
6978785360063267846,7160888724522812418,0.035322927771451997
6978785360063267846,7185944755032146946,0.05086420953200666
6978785360063267846,7192962788661724165,0.35751030049936844
6978785360063267846,7224271052267553819,0.035322927771451997
6978785360063267846,7227584300489081862,0.035322927771451997
6978785360063267846,7236791190447686683,0.035322927771451997
6978785360063267846,7262400527862301702,0.09141342411798813
6978785360063267846,7263621228413191173,0.050344370005056704
6978785360063267846,7287249230892106758,0.035322927771451997
6978785360063267846,7288239669111424005,0.022832842554183625
6978785360063267846,7307362809690506273,0.03301360322910649
6978785360063267846,7314655842044265478,0.022832842554183625
6978785360063267846,7315184692033930273,0.022832842554183625
6978785360063267846,7317314050736047136,0.03973769043706495
6978785360063267846,7324383714049541153,0.022832842554183625
6978785360063267846,7346466630966412293,0.035322927771451997
6978785360063267846,7353421506658124833,0.05072324664898555
6978785360063267846,7367761141394998277,0.022832842554183625
6978785360063267846,7375525564567241761,0.022832842554183625
6978785360063267846,7376941500363965472,0.022832842554183625
6978785360063267846,7377044399681307681,0.035322927771451997
6978785360063267846,7378695724613616658,0.022832842554183625
6978785360063267846,7415589102207321093,0.035322927771451997
6978785360063267846,7424539742974477318,0.035322927771451997
6978785360063267846,7434627254548382776,0.11209747492083996
6978785360063267846,7466945875685819393,0.035322927771451997
6978785360063267846,7469354913887241217,0.035322927771451997
6978785360063267846,7469616549301634065,0.05047461051810239
6978785360063267846,7474455005735437329,0.035322927771451997
6978785360063267846,7475477880530502689,0.027758865120795426
6978785360063267846,7480684683241473025,0.05058533433365541
6978785360063267846,7490403226492077078,0.023106393139854586
6978785360063267846,7494339416820270087,0.014807571588651295
6978785360063267846,7502226464433177632,0.035322927771451997
6978785360063267846,7504218153414165526,0.035322927771451997
6978785360063267846,7517915187601720327,0.035322927771451997
6978785360063267846,7542455562676470840,0.018152411498734942
6978785360063267846,7552094429399385106,0.035322927771451997
6978785360063267846,7559878386093442056,0.14769023466775116
6978785360063267846,7562405333067629580,0.10211063918914653
6978785360063267846,7568897073518396434,0.035322927771451997
6978785360063267846,7572620715221812246,0.035322927771451997
6978785360063267846,7573875560531805204,0.035322927771451997
6978785360063267846,7575174922190177312,0.022428284136652224
6978785360063267846,7589963743808947221,0.12779861299687073
6978785360063267846,7603626364147123222,0.035322927771451997
6978785360063267846,7613356856131453972,0.022832842554183625
6979776947182355462,6981112366020838426,0.015545345630921756
6979776947182355462,7023254401751335938,0.01556057810494269
6979776947182355462,7029374960272081925,0.015298952877146872
6979776947182355462,7047368764291171333,0.015146193914687835
6979776947182355462,7106898276444587009,0.015606800132719518
6979776947182355462,7140235759920219178,0.015174050636648834
6979776947182355462,7185944755032146946,0.015398011452371097
6979776947182355462,7253476605544121350,0.025496363048784717
6979776947182355462,7353421506658124833,0.015277714728713018
6979776947182355462,7517915187601720327,0.015555484410912016
6979776947182355462,7542455562676470840,0.015446341755589926
6979776947182355462,7556669488167650315,0.0154400009328525
6979776947182355462,7589963743808947221,0.015542445673401548
6981112366020838426,6981842793023243270,0.08002018119642225
6981112366020838426,6995594325438972933,0.015046378207342139
6981112366020838426,7004852704795280390,0.021971922234867217
6981112366020838426,7034907735930160133,0.022162308697573203
6981112366020838426,7047368764291171333,0.015430002290269031
6981112366020838426,7104324169307259909,0.021344097995694162
6981112366020838426,7139448682156131355,0.022162308697573203
6981112366020838426,7140235759920219178,0.015421435376774541
6981112366020838426,7189559133157475354,0.015050580609002563
6981112366020838426,7192962788661724165,0.022162308697573203
6981112366020838426,7227584300489081862,0.021344097995694162
6981112366020838426,7287249230892106758,0.021344097995694162
6981112366020838426,7346466630966412293,0.021344097995694162
6981112366020838426,7469354913887241217,0.021344097995694162
6981112366020838426,7494339416820270087,0.014934339369444716
6981112366020838426,7502226464433177632,0.021344097995694162
6981112366020838426,7559878386093442056,0.08002018119642225
6981842793023243270,6989905844062258202,0.056870279039018215
6981842793023243270,6991802841732219910,0.05172527629184259
6981842793023243270,7004852704795280390,0.08237392832540696
6981842793023243270,7006020640302613509,0.08002018119642225
6981842793023243270,7022490858335421441,0.08002018119642225
6981842793023243270,7023254401751335938,0.043938091519327295
6981842793023243270,7029826856011580421,0.08002018119642225
6981842793023243270,7030985942694036485,0.08002018119642225
6981842793023243270,7034907735930160133,0.0830876975016051
6981842793023243270,7038625080130520065,0.05172527629184259
6981842793023243270,7043496794727613445,0.08002018119642225
6981842793023243270,7043787986584814598,0.05172527629184259
6981842793023243270,7043966862137721903,0.08002018119642225
6981842793023243270,7046403690119808006,0.08002018119642225
6981842793023243270,7059866762607690753,0.056870279039018215
6981842793023243270,7064637015815750702,0.08002018119642225
6981842793023243270,7074044643659645958,0.08002018119642225
6981842793023243270,7074661077590197253,0.08002018119642225
6981842793023243270,7104324169307259909,0.08002018119642225
6981842793023243270,7110530423914595334,0.056870279039018215
6981842793023243270,7124837748766721026,0.08002018119642225
6981842793023243270,7133356593046897669,0.08002018119642225
6981842793023243270,7139448682156131355,0.0830876975016051
6981842793023243270,7150565541089985542,0.04180186522554054
6981842793023243270,7151042722353218565,0.01571022214844156
6981842793023243270,7160888724522812418,0.08002018119642225
6981842793023243270,7185944755032146946,0.08002018119642225
6981842793023243270,7192962788661724165,0.0830876975016051
6981842793023243270,7224271052267553819,0.08002018119642225
6981842793023243270,7227584300489081862,0.095329928744991
6981842793023243270,7236791190447686683,0.08002018119642225
6981842793023243270,7263621228413191173,0.08002018119642225
6981842793023243270,7287249230892106758,0.08002018119642225
6981842793023243270,7288239669111424005,0.05172527629184259
6981842793023243270,7307362809690506273,0.043569660940287705
6981842793023243270,7314655842044265478,0.05172527629184259
6981842793023243270,7315184692033930273,0.05172527629184259
6981842793023243270,7315521386973627425,0.01620739965395792
6981842793023243270,7317314050736047136,0.05244376649461211
6981842793023243270,7324383714049541153,0.05172527629184259
6981842793023243270,7346466630966412293,0.08002018119642225
6981842793023243270,7353421506658124833,0.08002018119642225
6981842793023243270,7367761141394998277,0.05172527629184259
6981842793023243270,7375525564567241761,0.05172527629184259
6981842793023243270,7376941500363965472,0.05172527629184259
6981842793023243270,7377044399681307681,0.08002018119642225
6981842793023243270,7378695724613616658,0.05172527629184259
6981842793023243270,7415589102207321093,0.08002018119642225
6981842793023243270,7424539742974477318,0.08002018119642225
6981842793023243270,7442753421524288544,0.01530786883117148
6981842793023243270,7466945875685819393,0.08002018119642225
6981842793023243270,7469354913887241217,0.08002018119642225
6981842793023243270,7469616549301634065,0.08002018119642225
6981842793023243270,7474455005735437329,0.08002018119642225
6981842793023243270,7475477880530502689,0.06288463490753805
6981842793023243270,7480684683241473025,0.08002018119642225
6981842793023243270,7490403226492077078,0.05234497485062029
6981842793023243270,7501092673261618231,0.015434257461784465
6981842793023243270,7502226464433177632,0.08002018119642225
6981842793023243270,7504218153414165526,0.08002018119642225
6981842793023243270,7517915187601720327,0.08002018119642225
6981842793023243270,7542455562676470840,0.04112227804782218
6981842793023243270,7552094429399385106,0.08002018119642225
6981842793023243270,7559878386093442056,0.5
6981842793023243270,7562405333067629580,0.04507421351523112
6981842793023243270,7568897073518396434,0.08002018119642225
6981842793023243270,7572620715221812246,0.08002018119642225
6981842793023243270,7573875560531805204,0.08002018119642225
6981842793023243270,7575174922190177312,0.029599699509468492
6981842793023243270,7603626364147123222,0.08002018119642225
6981842793023243270,7613356856131453972,0.05172527629184259
6982171632279634946,6990433306123682822,0.4992860080061964
6982171632279634946,6994977751610475525,0.49778750310329056
6982171632279634946,7002249998172046337,0.4981169570022578
6982171632279634946,7006613667513418757,0.4989892433659838
6982171632279634946,7012341717442462725,0.4971286417343707
6982171632279634946,7014893568998228993,0.4947358881316976
6982171632279634946,7014981470109565957,0.5217952347844015
6982171632279634946,7033309963939496987,0.4971896661749866
6982171632279634946,7047494209448166401,0.4989892433659838
6982171632279634946,7057768423321748481,0.4988530162401994
6982171632279634946,7072173543165314053,0.4970712669956032
6982171632279634946,7099497683849053190,0.014933599894606677
6982171632279634946,7128070099412157442,0.49942530917242856
6982171632279634946,7141833908052296709,0.4987815165705223
6982171632279634946,7170886050868675589,0.4948435572647426
6982171632279634946,7187952219559248898,0.49894948696927266
6982171632279634946,7197284105015788549,0.5220860922668463
6982171632279634946,7230689368007574534,0.49929351943060063
6982171632279634946,7251253251058959386,0.49881015249926347
6982171632279634946,7252048520768111622,0.5215279644412595
6982171632279634946,7254221734713623557,0.3801023457906003
6982171632279634946,7255307152083796994,0.49948811293993045
6982171632279634946,7256202462158406658,0.49942530917242856
6982171632279634946,7290350607356150827,0.49873033044119525
6982171632279634946,7306969713349805064,0.49846396800232706
6982171632279634946,7327226218813391877,0.5220039946052154
6982171632279634946,7337597547799020549,0.014749826051323023
6982171632279634946,7355557262863336453,0.49852778017105753
6982171632279634946,7396903607784490000,0.49765048378105614
6982171632279634946,7402984582746358816,0.49848363308285104
6982171632279634946,7442002957991724065,0.4977689591580813
6982171632279634946,7455253044214449159,0.4970640090001449
6982171632279634946,7487688540064531463,0.4948293821293942
6982171632279634946,7510166423118758918,0.4980646722086377
6982171632279634946,7523591048695170064,0.49908285500637484
6982171632279634946,7535385905805460487,0.01475441947007993
6982171632279634946,7539280226653357073,0.48372649801106127
6982171632279634946,7579316049855841287,0.4968672010289789
6982171632279634946,7585186788609508373,0.4969670187267686
6982171632279634946,7597512785483957259,0.4983223354254399
6982498486395175942,6985530541395624966,0.015718299500049538
6982498486395175942,7017795675979924481,0.015475633059973869
6982498486395175942,7033903061694268422,0.016024476768138243
6982498486395175942,7063430535804781574,0.01659328401157406
6982498486395175942,7154955988025590786,0.016599206006004417
6982498486395175942,7189144603827487746,0.01658842857476242
6982498486395175942,7255459615491753002,0.015577240374018593
6982498486395175942,7453634343190807557,0.016026554615751195
6982498486395175942,7497772332389123079,0.015619570689779356
6985530541395624966,7063430535804781574,0.01572433695593378
6985530541395624966,7174050320195568646,0.017526467897383383
6985530541395624966,7181113461597783046,0.030379018889470314
6985530541395624966,7189144603827487746,0.01572941166237295
6985530541395624966,7235505872251520046,0.015752099041779256
6985530541395624966,7373912731559609352,0.01575277269761541
6985530541395624966,7386533375073682449,0.015750869452990885
6985530541395624966,7434627254548382776,0.030379018889470314
6985530541395624966,7495918801364485163,0.024254473552244644
6985530541395624966,7547644791631135764,0.021397621286245724
6985530541395624966,7589963743808947221,0.030379018889470314
6986127145840821254,7004852704795280390,0.016587535617252548
6986127145840821254,7014641270266594330,0.01621633470450568
6986127145840821254,7041796261662049281,0.01621527784858955
6986127145840821254,7043966862137721903,0.01636833660455797
6986127145840821254,7118597435305722926,0.01617486156068462
6986127145840821254,7263081302823552005,0.016037748570574415
6986127145840821254,7333933730745566213,0.016176374758159452
6986127145840821254,7334272629450343470,0.016223679117438456
6986127145840821254,7361069886359716906,0.0166001368709532
6986127145840821254,7447572034136556561,0.01588317244923229
6987706064737289217,7102031855201911813,0.016134314956143276
6987706064737289217,7160888724522812418,0.015864676619589943
6987706064737289217,7187479709860348934,0.0161377892157957
6987706064737289217,7333474672351675398,0.016516903948178393
6987706064737289217,7476936817243604001,0.015673890105815574
6987706064737289217,7498665985957823506,0.015477762258950808
6987706064737289217,7550338226915230776,0.016484906636988428
6989905844062258202,7034907735930160133,0.03832250683609867
6989905844062258202,7079516740987978757,0.015890167522462164
6989905844062258202,7139448682156131355,0.03832250683609867
6989905844062258202,7146999325209576450,0.015737368551694005
6989905844062258202,7181113461597783046,0.048139632610060344
6989905844062258202,7192962788661724165,0.03832250683609867
6989905844062258202,7234832896228836357,0.016227924055324375
6989905844062258202,7254221734713623557,0.028447110121799502
6989905844062258202,7376941500363965472,0.01622758305476116
6989905844062258202,7421992589585843243,0.015889468912269077
6989905844062258202,7434627254548382776,0.048139632610060344
6989905844062258202,7434634221899596833,0.01621895899202859
6989905844062258202,7444668199523992609,0.01622542078345591
6989905844062258202,7493826108368405512,0.01605301834281828
6989905844062258202,7546456230891750422,0.015742090001905212
6989905844062258202,7555033171922912263,0.01574010244999508
6989905844062258202,7559878386093442056,0.056870279039018215
6989905844062258202,7567226487067427860,0.0162074872032685
6989905844062258202,7589963743808947221,0.048139632610060344
6990019487899501573,6991030367710233602,0.016024332516449614
6990019487899501573,7029826856011580421,0.016029831745062128
6990019487899501573,7175189895740425221,0.015864669452208432
6990019487899501573,7306969713349805064,0.016024735196576875
6990019487899501573,7355557262863336453,0.016198094217853124
6990019487899501573,7377044399681307681,0.015851464799586344
6990019487899501573,7424553645365543942,0.0156918110263539
6990019487899501573,7463351104668501024,0.01603686936773814
6990019487899501573,7572620715221812246,0.016205249686464144
6990019487899501573,7585691270368019463,0.01618952148322306
6990019487899501573,7609668379692401697,0.026438387467765258
6990299477060781061,7012341717442462725,0.015598905251806737
6990299477060781061,7022490858335421441,0.015741361556862052
6990299477060781061,7030985942694036485,0.015740139889528458
6990299477060781061,7111185904601400321,0.016404093623030032
6990299477060781061,7143638497873413126,0.015599762700962925
6990299477060781061,7263621228413191173,0.015336103903500438
6990299477060781061,7296163401382020102,0.0162285553982446
6990299477060781061,7296760772994122757,0.016227363102390563
6990299477060781061,7345507730973262881,0.04301868944339787
6990299477060781061,7469354913887241217,0.01559993712657031
6990299477060781061,7480684683241473025,0.01558783784095961
6990299477060781061,7494339416820270087,0.015113397148510104
6990299477060781061,7559878386093442056,0.015587589741794116
6990299477060781061,7589457676943606796,0.0162310910501657
6990433306123682822,6994977751610475525,0.4980835530306682
6990433306123682822,7002249998172046337,0.4988275880445692
6990433306123682822,7006613667513418757,0.4992860080061964
6990433306123682822,7012341717442462725,0.49742429981611314
6990433306123682822,7014893568998228993,0.5216589607699605
6990433306123682822,7014981470109565957,0.4992860080061964
6990433306123682822,7033309963939496987,0.4974853605498884
6990433306123682822,7047494209448166401,0.4992860080061964
6990433306123682822,7050498314663379974,0.49919647765961894
6990433306123682822,7057768423321748481,0.4991496998618439
6990433306123682822,7072173543165314053,0.49736689095477893
6990433306123682822,7093023801574867969,0.49919647765961894
6990433306123682822,7096318271246304257,0.015636686180556327
6990433306123682822,7128070099412157442,0.4997223331547289
6990433306123682822,7141833908052296709,0.49949478712843504
6990433306123682822,7170886050868675589,0.5211343989194729
6990433306123682822,7187952219559248898,0.4992462279651023
6990433306123682822,7197284105015788549,0.4992860080061964
6990433306123682822,7230689368007574534,0.49999991382173803
6990433306123682822,7251253251058959386,0.4991068106284894
6990433306123682822,7252048520768111622,0.4975087064302306
6990433306123682822,7254221734713623557,0.3803284046433555
6990433306123682822,7255307152083796994,0.499785174273612
6990433306123682822,7256202462158406658,0.4997223331547289
6990433306123682822,7290350607356150827,0.4990269410977258
6990433306123682822,7306969713349805064,0.4987604202447147
6990433306123682822,7311708051199230981,0.25552394225964165
6990433306123682822,7327226218813391877,0.49854308088182514
6990433306123682822,7355557262863336453,0.49923899730804533
6990433306123682822,7396903607784490000,0.5243788979954377
6990433306123682822,7402984582746358816,0.49919647765961894
6990433306123682822,7432711408628679685,0.016241859470709538
6990433306123682822,7442002957991724065,0.49806499805678994
6990433306123682822,7455253044214449159,0.49735962864276184
6990433306123682822,7487688540064531463,0.4951236727689352
6990433306123682822,7499448682740204566,0.01587235965900289
6990433306123682822,7510166423118758918,0.4983608869772237
6990433306123682822,7523591048695170064,0.49937967532038224
6990433306123682822,7528317052487566392,0.015885242891162162
6990433306123682822,7539280226653357073,0.48401418541525293
6990433306123682822,7547644791631135764,0.016188477843086115
6990433306123682822,7579316049855841287,0.4971627036236884
6990433306123682822,7585186788609508373,0.49726258068621104
6990433306123682822,7597512785483957259,0.49902735579727336
6991030367710233602,7029826856011580421,0.016206509167848188
6991030367710233602,7175189895740425221,0.016027537854974665
6991030367710233602,7178590990041711622,0.01570648954212009
6991030367710233602,7306969713349805064,0.016212568628084602
6991030367710233602,7355557262863336453,0.016390843121196028
6991030367710233602,7463351104668501024,0.016196679026452845
6991030367710233602,7572620715221812246,0.016398066079248198
6991030367710233602,7585691270368019463,0.016382186760026785
6991030367710233602,7609668379692401697,0.026698896732183244
6991802841732219910,7014893568998228993,0.015829359351224558
6991802841732219910,7093023801574867969,0.015376512609518066
6991802841732219910,7096318271246304257,0.015524054756130253
6991802841732219910,7170886050868675589,0.015558007019808478
6991802841732219910,7234260997438374917,0.01534462352664613
6991802841732219910,7247153806412252165,0.015229238435729396
6991802841732219910,7255585908618937370,0.015513067203813265
6991802841732219910,7265662037903885313,0.01571893337949124
6991802841732219910,7367761141394998277,0.015721946724830183
6991802841732219910,7432711408628679685,0.015931655307128846
6991802841732219910,7547644791631135764,0.01598324593811955
6991802841732219910,7559878386093442056,0.05172527629184259
6991802841732219910,7562405333067629580,0.015988234127445506
6993227536423945222,7028867830490547206,0.015422483764165206
6993227536423945222,7224271052267553819,0.01588283463984664
6993227536423945222,7345693452820186117,0.01572691167091629
6993227536423945222,7352849317865505798,0.015713467505239536
6993227536423945222,7453398291771524102,0.015880885078158984
6994977751610475525,7006613667513418757,0.49778750310329056
6994977751610475525,7009641336668161030,0.11259195005111061
6994977751610475525,7014981470109565957,0.49778750310329056
6994977751610475525,7025154962762826753,0.015867974951452462
6994977751610475525,7047494209448166401,0.49778750310329056
6994977751610475525,7057768423321748481,0.4976645604839187
6994977751610475525,7089082529218593798,0.0492396877455929
6994977751610475525,7104625198607844379,0.08426677771506237
6994977751610475525,7128070099412157442,0.4983238976147533
6994977751610475525,7154612198102483973,0.01899608535713102
6994977751610475525,7181113461597783046,0.14552495093087725
6994977751610475525,7187952219559248898,0.49775118772469884
6994977751610475525,7197284105015788549,0.49778750310329056
6994977751610475525,7205671848440792069,0.015866835211497947
6994977751610475525,7218748615745274885,0.03319382782937639
6994977751610475525,7230689368007574534,0.49808946418064903
6994977751610475525,7251253251058959386,0.4976510650292222
6994977751610475525,7253090810513097730,0.1007112223991155
6994977751610475525,7255307152083796994,0.4983156785956846
6994977751610475525,7255459615491753002,0.046406036920806644
6994977751610475525,7256202462158406658,0.4983238976147533
6994977751610475525,7263081302823552005,0.02158692287853189
6994977751610475525,7290292672361759776,0.03319382782937639
6994977751610475525,7308377902638728224,0.021985781781585296
6994977751610475525,7311708051199230981,0.22896669975761752
6994977751610475525,7359289173456913454,0.01705857323194942
6994977751610475525,7416269225385296902,0.04576765074970193
6994977751610475525,7434627254548382776,0.14552495093087725
6994977751610475525,7447572034136556561,0.021329175880390103
6994977751610475525,7453634343190807557,0.03319382782937639
6994977751610475525,7457519820280644613,0.021329175880390103
6994977751610475525,7463351104668501024,0.03319382782937639
6994977751610475525,7472777689112675361,0.016046666264710758
6994977751610475525,7495918801364485163,0.033957873255599076
6994977751610475525,7497772332389123079,0.03319382782937639
6994977751610475525,7498665985957823506,0.03319382782937639
6994977751610475525,7523591048695170064,0.4978825306989728
6994977751610475525,7536210918439863297,0.05059248938442027
6994977751610475525,7589963743808947221,0.14552495093087725
6994977751610475525,7592395448494474254,0.09928906148846461
6995594325438972933,7012341717442462725,0.014670007120256798
6995594325438972933,7022490858335421441,0.014790810256565276
6995594325438972933,7030985942694036485,0.014791840512326583
6995594325438972933,7047368764291171333,0.014647868513882237
6995594325438972933,7143638497873413126,0.014669215388007828
6995594325438972933,7185944755032146946,0.014901603033471433
6995594325438972933,7353421506658124833,0.014771341293907116
6995594325438972933,7469354913887241217,0.014669059643035403
6995594325438972933,7480684683241473025,0.014666246490940962
6995594325438972933,7559878386093442056,0.014666491885681924
6995594325438972933,7589963743808947221,0.01504907229521712
7002249998172046337,7014981470109565957,0.4981169570022578
7002249998172046337,7047494209448166401,0.4981169570022578
7002249998172046337,7128070099412157442,0.49860318944434434
7002249998172046337,7141833908052296709,0.5237568031299835
7002249998172046337,7197284105015788549,0.4981169570022578
7002249998172046337,7230689368007574534,0.49882673802917854
7002249998172046337,7234260997438374917,0.01527624119353902
7002249998172046337,7255307152083796994,0.4986302802476085
7002249998172046337,7255585908618937370,0.015398264980703654
7002249998172046337,7256202462158406658,0.49860318944434434
7002249998172046337,7265662037903885313,0.015503828937265483
7002249998172046337,7295710550214247432,0.01572513195163866
7002249998172046337,7355557262863336453,0.4985880753997557
7002249998172046337,7428767448856282118,0.01569481194519403
7002249998172046337,7502699724320097322,0.013961186442481188
7002249998172046337,7523591048695170064,0.4982112295791871
7002249998172046337,7555788949694088210,0.01937927646402906
7004852704795280390,7006020640302613509,0.021971922234867217
7004852704795280390,7014641270266594330,0.016230611555171238
7004852704795280390,7022490858335421441,0.021971922234867217
7004852704795280390,7029826856011580421,0.021971922234867217
7004852704795280390,7030985942694036485,0.021971922234867217
7004852704795280390,7034907735930160133,0.022814200129067718
7004852704795280390,7043496794727613445,0.021971922234867217
7004852704795280390,7043966862137721903,0.03835470055645578
7004852704795280390,7046403690119808006,0.021971922234867217
7004852704795280390,7064637015815750702,0.021971922234867217
7004852704795280390,7074044643659645958,0.021971922234867217
7004852704795280390,7074661077590197253,0.021971922234867217
7004852704795280390,7104324169307259909,0.021971922234867217
7004852704795280390,7124837748766721026,0.021971922234867217
7004852704795280390,7133356593046897669,0.021971922234867217
7004852704795280390,7139448682156131355,0.022814200129067718
7004852704795280390,7160888724522812418,0.021971922234867217
7004852704795280390,7185944755032146946,0.021971922234867217
7004852704795280390,7192962788661724165,0.022814200129067718
7004852704795280390,7224271052267553819,0.021971922234867217
7004852704795280390,7227584300489081862,0.021971922234867217
7004852704795280390,7236791190447686683,0.021971922234867217
7004852704795280390,7255459615491753002,0.1483313585878125
7004852704795280390,7263621228413191173,0.021971922234867217
7004852704795280390,7334272629450343470,0.016211005900668842
7004852704795280390,7346466630966412293,0.021971922234867217
7004852704795280390,7353421506658124833,0.021971922234867217
7004852704795280390,7361069886359716906,0.016587914672945476
7004852704795280390,7377044399681307681,0.021971922234867217
7004852704795280390,7415589102207321093,0.021971922234867217
7004852704795280390,7424539742974477318,0.021971922234867217
7004852704795280390,7466945875685819393,0.021971922234867217
7004852704795280390,7469354913887241217,0.021971922234867217
7004852704795280390,7469616549301634065,0.021971922234867217
7004852704795280390,7474455005735437329,0.021971922234867217
7004852704795280390,7475477880530502689,0.017266848028809748
7004852704795280390,7480684683241473025,0.021971922234867217
7004852704795280390,7490403226492077078,0.01437287068846742
7004852704795280390,7502226464433177632,0.021971922234867217
7004852704795280390,7504218153414165526,0.021971922234867217
7004852704795280390,7517915187601720327,0.021971922234867217
7004852704795280390,7520642008689116176,0.016356970577003447
7004852704795280390,7552094429399385106,0.021971922234867217
7004852704795280390,7559878386093442056,0.08237392832540696
7004852704795280390,7568897073518396434,0.021971922234867217
7004852704795280390,7572620715221812246,0.021971922234867217
7004852704795280390,7573875560531805204,0.021971922234867217
7004852704795280390,7603626364147123222,0.021971922234867217
7006020640302613509,7034907735930160133,0.022162308697573203
7006020640302613509,7035774233357026309,0.014763627509535724
7006020640302613509,7100966729770140677,0.015529373179466833
7006020640302613509,7104324169307259909,0.021344097995694162
7006020640302613509,7139448682156131355,0.022162308697573203
7006020640302613509,7192962788661724165,0.022162308697573203
7006020640302613509,7227584300489081862,0.021344097995694162
7006020640302613509,7259830210505573382,0.013514947294154237
7006020640302613509,7281769226565796870,0.013622091917277193
7006020640302613509,7287249230892106758,0.021344097995694162
7006020640302613509,7345507730973262881,0.014579917908795774
7006020640302613509,7346466630966412293,0.021344097995694162
7006020640302613509,7441608528565224494,0.014960096946938305
7006020640302613509,7469354913887241217,0.021344097995694162
7006020640302613509,7489528358398002198,0.01783181608742215
7006020640302613509,7502226464433177632,0.021344097995694162
7006020640302613509,7559878386093442056,0.08002018119642225
7006613667513418757,7012341717442462725,0.4971286417343707
7006613667513418757,7014893568998228993,0.4947358881316976
7006613667513418757,7014981470109565957,0.4989892433659838
7006613667513418757,7033309963939496987,0.4971896661749866
7006613667513418757,7047494209448166401,0.4989892433659838
7006613667513418757,7050498314663379974,0.49848363308285104
7006613667513418757,7057768423321748481,0.4988530162401994
7006613667513418757,7072173543165314053,0.4970712669956032
7006613667513418757,7093023801574867969,0.49848363308285104
7006613667513418757,7118597435305722926,0.01620488937099984
7006613667513418757,7128070099412157442,0.49942530917242856
7006613667513418757,7141833908052296709,0.4987815165705223
7006613667513418757,7170886050868675589,0.4948435572647426
7006613667513418757,7187952219559248898,0.49894948696927266
7006613667513418757,7197284105015788549,0.4989892433659838
7006613667513418757,7230689368007574534,0.49929351943060063
7006613667513418757,7251253251058959386,0.49881015249926347
7006613667513418757,7252048520768111622,0.4972129981790501
7006613667513418757,7255307152083796994,0.49948811293993045
7006613667513418757,7256202462158406658,0.49942530917242856
7006613667513418757,7290350607356150827,0.49873033044119525
7006613667513418757,7306969713349805064,0.49846396800232706
7006613667513418757,7327226218813391877,0.4978311693451934
7006613667513418757,7333933730745566213,0.016203311156500366
7006613667513418757,7355557262863336453,0.49852778017105753
7006613667513418757,7396903607784490000,0.49765048378105614
7006613667513418757,7416287041577305094,0.016577874950865733
7006613667513418757,7428767448856282118,0.016368641159639315
7006613667513418757,7442002957991724065,0.4977689591580813
7006613667513418757,7455253044214449159,0.4970640090001449
7006613667513418757,7487688540064531463,0.4948293821293942
7006613667513418757,7510166423118758918,0.4980646722086377
7006613667513418757,7523591048695170064,0.49908285500637484
7006613667513418757,7539280226653357073,0.48372649801106127
7006613667513418757,7579316049855841287,0.4968672010289789
7006613667513418757,7585186788609508373,0.4969670187267686
7006613667513418757,7597512785483957259,0.4983223354254399
7009641336668161030,7099497683849053190,0.015065115239253466
7009641336668161030,7128070099412157442,0.11316370743459048
7009641336668161030,7170886050868675589,0.11264402773430689
7009641336668161030,7251253251058959386,0.11245133247525191
7009641336668161030,7253090810513097730,0.3354956473095303
7009641336668161030,7255307152083796994,0.11264528084462333
7009641336668161030,7256202462158406658,0.11316370743459048
7009641336668161030,7267394392368514053,0.025857176120774972
7009641336668161030,7306969713349805064,0.11246082457332211
7009641336668161030,7337597547799020549,0.015312033097803865
7009641336668161030,7355557262863336453,0.11248078019491617
7009641336668161030,7455253044214449159,0.11262866550348702
7009641336668161030,7535385905805460487,0.01488211980369709
7012341717442462725,7014981470109565957,0.4971286417343707
7012341717442462725,7047494209448166401,0.4971286417343707
7012341717442462725,7057768423321748481,0.49699481095403397
7012341717442462725,7128070099412157442,0.49757785746912003
7012341717442462725,7143638497873413126,0.015024549125471135
7012341717442462725,7187952219559248898,0.49708952114986404
7012341717442462725,7197284105015788549,0.4971286417343707
7012341717442462725,7230689368007574534,0.49743155263010086
7012341717442462725,7251253251058959386,0.4969538627718361
7012341717442462725,7255307152083796994,0.49763009758094623
7012341717442462725,7256202462158406658,0.49757785746912003
7012341717442462725,7296163401382020102,0.015600954295131338
7012341717442462725,7296760772994122757,0.015601934431090056
7012341717442462725,7494339416820270087,0.014573942147013961
7012341717442462725,7523591048695170064,0.4974048553173749
7012341717442462725,7589457676943606796,0.015598795608149144
7014641270266594330,7041796261662049281,0.015891492400016725
7014641270266594330,7043966862137721903,0.01603791275076557
7014641270266594330,7263081302823552005,0.01567715291659803
7014641270266594330,7284057704728626181,0.015512501314671794
7014641270266594330,7288239669111424005,0.016006945564285967
7014641270266594330,7307362809690506273,0.015842367424803428
7014641270266594330,7334272629450343470,0.015855635225071267
7014641270266594330,7361069886359716906,0.01621670511769092
7014641270266594330,7447572034136556561,0.015529038667352328
7014641270266594330,7520642008689116176,0.016012670960776774
7014863130023052293,7064637015815750702,0.016583777733648834
7014863130023052293,7099497683849053190,0.031158181440207752
7014863130023052293,7187479709860348934,0.03062868628848316
7014863130023052293,7352849317865505798,0.01622037532907008
7014863130023052293,7416269225385296902,0.016591947020080173
7014863130023052293,7434634221899596833,0.01639834255442577
7014863130023052293,7453398291771524102,0.01639807391400236
7014863130023052293,7475281813004338198,0.0165902960727641
7014863130023052293,7498060815040431122,0.02811259756754077
7014863130023052293,7567226487067427860,0.016390748586816523
7014893568998228993,7014981470109565957,0.4947358881316976
7014893568998228993,7047494209448166401,0.4947358881316976
7014893568998228993,7057768423321748481,0.49461832415220036
7014893568998228993,7096318271246304257,0.015887020629221336
7014893568998228993,7128070099412157442,0.495305182822531
7014893568998228993,7187952219559248898,0.49470098951564545
7014893568998228993,7197284105015788549,0.4947358881316976
7014893568998228993,7230689368007574534,0.49503543329943817
7014893568998228993,7251253251058959386,0.49459209822631534
7014893568998228993,7255307152083796994,0.49527171570780204
7014893568998228993,7256202462158406658,0.495305182822531
7014893568998228993,7265662037903885313,0.015981418720979967
7014893568998228993,7367761141394998277,0.015984496583485174
7014893568998228993,7409739423779357702,0.015767744824826846
7014893568998228993,7432711408628679685,0.016345509060077517
7014893568998228993,7499448682740204566,0.015954398965070418
7014893568998228993,7523591048695170064,0.4948309190943131
7014893568998228993,7547644791631135764,0.01639819579453767
7014981470109565957,7033309963939496987,0.4971896661749866
7014981470109565957,7047494209448166401,0.4989892433659838
7014981470109565957,7057768423321748481,0.4988530162401994
7014981470109565957,7072173543165314053,0.4970712669956032
7014981470109565957,7093090538711483397,0.01385552064013882
7014981470109565957,7128070099412157442,0.49942530917242856
7014981470109565957,7141833908052296709,0.4987815165705223
7014981470109565957,7170886050868675589,0.4948435572647426
7014981470109565957,7187952219559248898,0.49894948696927266
7014981470109565957,7197284105015788549,0.5238487701308163
7014981470109565957,7230689368007574534,0.49929351943060063
7014981470109565957,7251253251058959386,0.49881015249926347
7014981470109565957,7252048520768111622,0.5203647911501634
7014981470109565957,7255307152083796994,0.49948811293993045
7014981470109565957,7256202462158406658,0.49942530917242856
7014981470109565957,7290350607356150827,0.49873033044119525
7014981470109565957,7300626193325229061,0.014689312016195638
7014981470109565957,7306969713349805064,0.49846396800232706
7014981470109565957,7327226218813391877,0.520928482478452
7014981470109565957,7355557262863336453,0.49852778017105753
7014981470109565957,7396903607784490000,0.49765048378105614
7014981470109565957,7442002957991724065,0.4977689591580813
7014981470109565957,7455253044214449159,0.4970640090001449
7014981470109565957,7487688540064531463,0.4948293821293942
7014981470109565957,7510166423118758918,0.4980646722086377
7014981470109565957,7523591048695170064,0.49908285500637484
7014981470109565957,7539280226653357073,0.5034957424094841
7014981470109565957,7579316049855841287,0.4968672010289789
7014981470109565957,7585186788609508373,0.4969670187267686
7014981470109565957,7597512785483957259,0.4983223354254399
7017795675979924481,7028867830490547206,0.10786122024299233
7017795675979924481,7030932109430899718,0.043383689214809895
7017795675979924481,7041796261662049281,0.03132881140655499
7017795675979924481,7045679836841837569,0.08566363864805052
7017795675979924481,7063430535804781574,0.01546974980009986
7017795675979924481,7106898276444587009,0.10786122024299233
7017795675979924481,7112272075901092866,0.024178802518303243
7017795675979924481,7163936659606766598,0.03708424402669518
7017795675979924481,7189144603827487746,0.015465196271569408
7017795675979924481,7263914736517399557,0.10782924424520374
7017795675979924481,7274983064991810566,0.04419495802997747
7017795675979924481,7316789714857624582,0.13331378589196222
7017795675979924481,7323120700012938245,0.22837832075237088
7017795675979924481,7378567914254959622,0.030410837516697375
7017795675979924481,7387033416446837765,0.13337521177556289
7017795675979924481,7455603448303567877,0.1190638774191205
7017795675979924481,7594214580139967544,0.04367663036476024
7022490858335421441,7034907735930160133,0.022162308697573203
7022490858335421441,7104324169307259909,0.021344097995694162
7022490858335421441,7139448682156131355,0.022162308697573203
7022490858335421441,7143638497873413126,0.01515284728459582
7022490858335421441,7192962788661724165,0.022162308697573203
7022490858335421441,7227584300489081862,0.021344097995694162
7022490858335421441,7287249230892106758,0.021344097995694162
7022490858335421441,7296163401382020102,0.015743426756772694
7022490858335421441,7296760772994122757,0.01574441493408663
7022490858335421441,7346466630966412293,0.021344097995694162
7022490858335421441,7469354913887241217,0.0364971145471043
7022490858335421441,7494339416820270087,0.014693123152253892
7022490858335421441,7502226464433177632,0.021344097995694162
7022490858335421441,7559878386093442056,0.09516141544266923
7022490858335421441,7589457676943606796,0.015741251090324954
7023254401751335938,7029374960272081925,0.0155948318847539
7023254401751335938,7034907735930160133,0.02960804555678892
7023254401751335938,7139448682156131355,0.02960804555678892
7023254401751335938,7140235759920219178,0.015410858732541083
7023254401751335938,7181113461597783046,0.03719277659735815
7023254401751335938,7192962788661724165,0.02960804555678892
7023254401751335938,7253476605544121350,0.02597027028406438
7023254401751335938,7284057704728626181,0.015547336243766629
7023254401751335938,7288239669111424005,0.016046369804949893
7023254401751335938,7434627254548382776,0.03719277659735815
7023254401751335938,7520642008689116176,0.016040988316786534
7023254401751335938,7542455562676470840,0.015723097868241463
7023254401751335938,7556669488167650315,0.01574447866773391
7023254401751335938,7559878386093442056,0.043938091519327295
7023254401751335938,7589963743808947221,0.03719277659735815
7024773008388834309,7030932109430899718,0.027044842238672876
7024773008388834309,7104324169307259909,0.027013148069910037
7024773008388834309,7232053097944777733,0.025660752538905703
7024773008388834309,7263914736517399557,0.02700655849358519
7024773008388834309,7314655842044265478,0.027017589230410054
7024773008388834309,7316789714857624582,0.027033419007968084
7024773008388834309,7323120700012938245,0.027013288889853694
7024773008388834309,7378567914254959622,0.02701908000710321
7024773008388834309,7387033416446837765,0.027013217654129007
7024773008388834309,7462811958108062726,0.026403721190147705
7025154962762826753,7089082529218593798,0.01603462031028272
7025154962762826753,7110530423914595334,0.015873708955819927
7025154962762826753,7124837748766721026,0.016041308549234877
7025154962762826753,7150565541089985542,0.014857397338314714
7025154962762826753,7165051441248650242,0.014664470215356194
7025154962762826753,7205671848440792069,0.015876979980534778
7025154962762826753,7472777689112675361,0.01603542671140507
7028867830490547206,7030932109430899718,0.03683130626611357
7028867830490547206,7041796261662049281,0.04105514269913633
7028867830490547206,7045679836841837569,0.11225874046683779
7028867830490547206,7106898276444587009,0.14134777509792434
7028867830490547206,7112272075901092866,0.03168534467526845
7028867830490547206,7163936659606766598,0.04859740481846078
7028867830490547206,7206954249904669702,0.015561903697640173
7028867830490547206,7263914736517399557,0.10786122024299233
7028867830490547206,7274983064991810566,0.05791570848179158
7028867830490547206,7316789714857624582,0.14134777509792434
7028867830490547206,7323120700012938245,0.26584560848161887
7028867830490547206,7345693452820186117,0.015569226168064026
7028867830490547206,7378567914254959622,0.019795541039583874
7028867830490547206,7387033416446837765,0.14134777509792434
7028867830490547206,7416287041577305094,0.0163044617954311
7028867830490547206,7453398291771524102,0.015726408483836843
7028867830490547206,7455603448303567877,0.1560284051099271
7028867830490547206,7475281813004338198,0.015894122864841716
7028867830490547206,7556669488167650315,0.01865718122841956
7028867830490547206,7585691270368019463,0.01851580602896388
7028867830490547206,7594214580139967544,0.05723646099984112
7028867830490547206,7614802407563035656,0.015799418518422714
7029374960272081925,7047368764291171333,0.015126267348294479
7029374960272081925,7106898276444587009,0.015602227541364921
7029374960272081925,7140235759920219178,0.015154123407021861
7029374960272081925,7253476605544121350,0.025533571156596182
7029374960272081925,7284057704728626181,0.015228981162291693
7029374960272081925,7288239669111424005,0.01572186384537351
7029374960272081925,7307362809690506273,0.015573370926611697
7029374960272081925,7517915187601720327,0.015589736383222818
7029374960272081925,7520642008689116176,0.015716580072523634
7029374960272081925,7542455562676470840,0.015456141389036776
7029374960272081925,7556669488167650315,0.015473891179225187
7029826856011580421,7034907735930160133,0.022162308697573203
7029826856011580421,7074661077590197253,0.021344097995694162
7029826856011580421,7104324169307259909,0.021344097995694162
7029826856011580421,7133356593046897669,0.021344097995694162
7029826856011580421,7139448682156131355,0.022162308697573203
7029826856011580421,7175189895740425221,0.016033036964086287
7029826856011580421,7178590990041711622,0.01571189178100035
7029826856011580421,7185944755032146946,0.021344097995694162
7029826856011580421,7192962788661724165,0.022162308697573203
7029826856011580421,7227584300489081862,0.021344097995694162
7029826856011580421,7346466630966412293,0.021344097995694162
7029826856011580421,7469354913887241217,0.021344097995694162
7029826856011580421,7559878386093442056,0.08002018119642225
7029826856011580421,7609668379692401697,0.026708062427008444
7030932109430899718,7045679836841837569,0.029251511375526246
7030932109430899718,7106898276444587009,0.03683130626611357
7030932109430899718,7206954249904669702,0.02059469176863312
7030932109430899718,7232053097944777733,0.015404447413622685
7030932109430899718,7263914736517399557,0.04430207797634866
7030932109430899718,7274983064991810566,0.02515204307524495
7030932109430899718,7314655842044265478,0.01620305708826816
7030932109430899718,7316789714857624582,0.05305976636637579
7030932109430899718,7323120700012938245,0.0854724622883067
7030932109430899718,7378567914254959622,0.04240145761374654
7030932109430899718,7387033416446837765,0.05303174032210518
7030932109430899718,7455603448303567877,0.04065667090151003
7030932109430899718,7462811958108062726,0.015849941051839345
7030932109430899718,7594214580139967544,0.024857054679650326
7030985942694036485,7034907735930160133,0.022162308697573203
7030985942694036485,7104324169307259909,0.021344097995694162
7030985942694036485,7139448682156131355,0.022162308697573203
7030985942694036485,7143638497873413126,0.015153900670271093
7030985942694036485,7192962788661724165,0.022162308697573203
7030985942694036485,7227584300489081862,0.021344097995694162
7030985942694036485,7287249230892106758,0.021344097995694162
7030985942694036485,7296163401382020102,0.015742205100184883
7030985942694036485,7296760772994122757,0.015743193279856786
7030985942694036485,7346466630966412293,0.021344097995694162
7030985942694036485,7469354913887241217,0.036498167932407614
7030985942694036485,7494339416820270087,0.014694146598391168
7030985942694036485,7502226464433177632,0.021344097995694162
7030985942694036485,7559878386093442056,0.09516246836420066
7030985942694036485,7589457676943606796,0.01574002942204618
7033309963939496987,7047494209448166401,0.5229700149616499
7033309963939496987,7057768423321748481,0.4970545112869627
7033309963939496987,7128070099412157442,0.49762870497712797
7033309963939496987,7187952219559248898,0.4971502031533
7033309963939496987,7197284105015788549,0.4971896661749866
7033309963939496987,7230689368007574534,0.49749277394253044
7033309963939496987,7251253251058959386,0.4970123422628717
7033309963939496987,7255307152083796994,0.4976881044975262
7033309963939496987,7256202462158406658,0.49762870497712797
7033309963939496987,7407221110629073926,0.015363536673822533
7033309963939496987,7523591048695170064,0.4972830138077208
7033309963939496987,7524800391486522390,0.01572681010498732
7033309963939496987,7555104317654008839,0.015547873741431474
7033309963939496987,7593513425976984598,0.0159228596499886
7033309963939496987,7614802407563035656,0.01582604844441936
7033903061694268422,7063430535804781574,0.016030627323584453
7033903061694268422,7154955988025590786,0.016024818262930736
7033903061694268422,7189144603827487746,0.01603580092223379
7033903061694268422,7235505872251520046,0.016032581409395726
7033903061694268422,7373912731559609352,0.016033268142467135
7033903061694268422,7386533375073682449,0.0160313284146867
7033903061694268422,7453634343190807557,0.01556165712798301
7033903061694268422,7519531111723222072,0.015376288530426444
7034907735930160133,7043496794727613445,0.022162308697573203
7034907735930160133,7043966862137721903,0.022162308697573203
7034907735930160133,7046403690119808006,0.022162308697573203
7034907735930160133,7059866762607690753,0.04239478986013001
7034907735930160133,7064637015815750702,0.022162308697573203
7034907735930160133,7074044643659645958,0.022162308697573203
7034907735930160133,7074661077590197253,0.022162308697573203
7034907735930160133,7104324169307259909,0.022162308697573203
7034907735930160133,7110530423914595334,0.03832250683609867
7034907735930160133,7111185904601400321,0.09575612900434566
7034907735930160133,7124837748766721026,0.022162308697573203
7034907735930160133,7128070099412157442,0.12572367373103732
7034907735930160133,7133356593046897669,0.022162308697573203
7034907735930160133,7139448682156131355,0.5
7034907735930160133,7160888724522812418,0.022162308697573203
7034907735930160133,7170886050868675589,0.1412954629135581
7034907735930160133,7181113461597783046,0.14066437864315254
7034907735930160133,7185944755032146946,0.022162308697573203
7034907735930160133,7192962788661724165,0.5065676819631859
7034907735930160133,7224271052267553819,0.022162308697573203
7034907735930160133,7227584300489081862,0.022162308697573203
7034907735930160133,7236791190447686683,0.022162308697573203
7034907735930160133,7256202462158406658,0.12572367373103732
7034907735930160133,7262400527862301702,0.08709161829043137
7034907735930160133,7263621228413191173,0.022162308697573203
7034907735930160133,7287249230892106758,0.022162308697573203
7034907735930160133,7307362809690506273,0.02935977557073548
7034907735930160133,7315184692033930273,0.014325780365745212
7034907735930160133,7317314050736047136,0.03533966482952624
7034907735930160133,7346466630966412293,0.022162308697573203
7034907735930160133,7353421506658124833,0.022162308697573203
7034907735930160133,7377044399681307681,0.022162308697573203
7034907735930160133,7415589102207321093,0.022162308697573203
7034907735930160133,7424539742974477318,0.022162308697573203
7034907735930160133,7434627254548382776,0.14066437864315254
7034907735930160133,7466945875685819393,0.02856544890311051
7034907735930160133,7469354913887241217,0.022162308697573203
7034907735930160133,7469616549301634065,0.022162308697573203
7034907735930160133,7474455005735437329,0.022162308697573203
7034907735930160133,7475477880530502689,0.017416465075654662
7034907735930160133,7480684683241473025,0.022162308697573203
7034907735930160133,7490403226492077078,0.014497411453724888
7034907735930160133,7502226464433177632,0.022162308697573203
7034907735930160133,7504218153414165526,0.03786648933651803
7034907735930160133,7517915187601720327,0.022162308697573203
7034907735930160133,7552094429399385106,0.02612062511021085
7034907735930160133,7559878386093442056,0.0830876975016051
7034907735930160133,7562405333067629580,0.07301121060138874
7034907735930160133,7568897073518396434,0.022162308697573203
7034907735930160133,7572620715221812246,0.022162308697573203
7034907735930160133,7573875560531805204,0.022162308697573203
7034907735930160133,7575174922190177312,0.01994600177748056
7034907735930160133,7585187926658450454,0.020568226101622126
7034907735930160133,7589963743808947221,0.14066437864315254
7034907735930160133,7603626364147123222,0.022162308697573203
7035774233357026309,7100966729770140677,0.01681869756152713
7035774233357026309,7217407055849096197,0.009465198194893564
7035774233357026309,7259830210505573382,0.010582946583617288
7035774233357026309,7281769226565796870,0.010680778417679086
7035774233357026309,7345507730973262881,0.01152739315503198
7035774233357026309,7441608528565224494,0.011864561503274517
7035774233357026309,7489528358398002198,0.014992791828800926
7035774233357026309,7490403226492077078,0.011805186120943391
7035774233357026309,7502699724320097322,0.015935977697761717
7035774233357026309,7534543341909083143,0.009307162677508037
7035774233357026309,7544469740279186488,0.011201632929967642
7038625080130520065,7043787986584814598,0.01588983250875281
7038625080130520065,7122494145399047194,0.01531499806661109
7038625080130520065,7124134844511126555,0.015590134026532101
7038625080130520065,7139448682156131355,0.03039357632833649
7038625080130520065,7287249230892106758,0.028984826612446633
7038625080130520065,7378695724613616658,0.01559129928610986
7038625080130520065,7461329320323253254,0.015187777054202885
7038625080130520065,7474455005735437329,0.015735121714032407
7038625080130520065,7495346041269814279,0.015591735546527784
7038625080130520065,7559878386093442056,0.05172527629184259
7038625080130520065,7613356856131453972,0.015186815299903449
7041796261662049281,7045679836841837569,0.03260609235552809
7041796261662049281,7106898276444587009,0.04105514269913633
7041796261662049281,7263914736517399557,0.03132881140655499
7041796261662049281,7274983064991810566,0.030639417973873376
7041796261662049281,7284057704728626181,0.01551354526204747
7041796261662049281,7288239669111424005,0.016008085258734477
7041796261662049281,7316789714857624582,0.04105514269913633
7041796261662049281,7323120700012938245,0.07721613859567475
7041796261662049281,7334272629450343470,0.015854600518600253
7041796261662049281,7361069886359716906,0.016215648261767128
7041796261662049281,7387033416446837765,0.04105514269913633
7041796261662049281,7455603448303567877,0.04531920245981131
7041796261662049281,7520642008689116176,0.01601381068430914
7041796261662049281,7577628387390129168,0.03453709553230331
7041796261662049281,7594214580139967544,0.027707676713388602
7043496794727613445,7071395036047131653,0.01640047727235824
7043496794727613445,7104324169307259909,0.021344097995694162
7043496794727613445,7139448682156131355,0.022162308697573203
7043496794727613445,7174050320195568646,0.016405263049837936
7043496794727613445,7192962788661724165,0.022162308697573203
7043496794727613445,7227584300489081862,0.021344097995694162
7043496794727613445,7287249230892106758,0.021344097995694162
7043496794727613445,7307548469060584454,0.016215146184646027
7043496794727613445,7317147259148715013,0.015900735425371904
7043496794727613445,7346466630966412293,0.021344097995694162
7043496794727613445,7463993064467252256,0.016587515613795952
7043496794727613445,7469354913887241217,0.021344097995694162
7043496794727613445,7502226464433177632,0.021344097995694162
7043496794727613445,7559878386093442056,0.08002018119642225
7043496794727613445,7572160716909806600,0.01640539232536496
7043496794727613445,7610364091814872085,0.01606672706801032
7043787986584814598,7111185904601400321,0.016383107295430233
7043787986584814598,7122494145399047194,0.015599449125088219
7043787986584814598,7124134844511126555,0.01589521873303466
7043787986584814598,7139448682156131355,0.03072119744776439
7043787986584814598,7287249230892106758,0.0292645788222255
7043787986584814598,7378695724613616658,0.015893808849655446
7043787986584814598,7461329320323253254,0.01546752623338795
7043787986584814598,7474455005735437329,0.01604617161925664
7043787986584814598,7495346041269814279,0.015893301244982203
7043787986584814598,7559878386093442056,0.05172527629184259
7043787986584814598,7613356856131453972,0.01546654688611819
7043966862137721903,7104324169307259909,0.021344097995694162
7043966862137721903,7139448682156131355,0.022162308697573203
7043966862137721903,7192962788661724165,0.022162308697573203
7043966862137721903,7227584300489081862,0.021344097995694162
7043966862137721903,7284057704728626181,0.015709686424761535
7043966862137721903,7287249230892106758,0.021344097995694162
7043966862137721903,7288239669111424005,0.016208736987752947
7043966862137721903,7334272629450343470,0.016000539886833247
7043966862137721903,7346466630966412293,0.021344097995694162
7043966862137721903,7361069886359716906,0.016368711260757157
7043966862137721903,7469354913887241217,0.021344097995694162
7043966862137721903,7502226464433177632,0.021344097995694162
7043966862137721903,7520642008689116176,0.016214527096715135
7043966862137721903,7559878386093442056,0.08002018119642225
7045679836841837569,7106898276444587009,0.11225874046683779
7045679836841837569,7110264605897049115,0.019127778616940757
7045679836841837569,7112272075901092866,0.02516457639350203
7045679836841837569,7163936659606766598,0.03859617493871365
7045679836841837569,7263914736517399557,0.08566363864805052
7045679836841837569,7274983064991810566,0.06251045819073993
7045679836841837569,7316789714857624582,0.11225874046683779
7045679836841837569,7323120700012938245,0.21113521699306087
7045679836841837569,7367577463750132741,0.015519152847076301
7045679836841837569,7387033416446837765,0.11225874046683779
7045679836841837569,7389767673448285226,0.016395576380148612
7045679836841837569,7409739423779357702,0.01597816993123584
7045679836841837569,7416287041577305094,0.029175632912096745
7045679836841837569,7455603448303567877,0.12391813187406261
7045679836841837569,7499448682740204566,0.016112811625003567
7045679836841837569,7528317052487566392,0.016408663017476427
7045679836841837569,7594214580139967544,0.04545733398470594
7045679836841837569,7603001410426618881,0.015602917528500966
7046403690119808006,7104324169307259909,0.021344097995694162
7046403690119808006,7139448682156131355,0.022162308697573203
7046403690119808006,7192962788661724165,0.022162308697573203
7046403690119808006,7213907079759856645,0.015715714746081785
7046403690119808006,7227584300489081862,0.021344097995694162
7046403690119808006,7287249230892106758,0.021344097995694162
7046403690119808006,7346466630966412293,0.021344097995694162
7046403690119808006,7469354913887241217,0.021344097995694162
7046403690119808006,7559878386093442056,0.08002018119642225
7046403690119808006,7609668379692401697,0.02592402483206907
7047368764291171333,7104625198607844379,0.014915686279333755
7047368764291171333,7106898276444587009,0.015428072451799177
7047368764291171333,7140235759920219178,0.015028841309551205
7047368764291171333,7185944755032146946,0.015285105366273862
7047368764291171333,7253476605544121350,0.02520869332617309
7047368764291171333,7353421506658124833,0.01516682505339382
7047368764291171333,7542455562676470840,0.015270804876785591
7047368764291171333,7589963743808947221,0.015427130086006168
7047494209448166401,7057768423321748481,0.4988530162401994
7047494209448166401,7072173543165314053,0.4970712669956032
7047494209448166401,7128070099412157442,0.49942530917242856
7047494209448166401,7141833908052296709,0.4987815165705223
7047494209448166401,7170886050868675589,0.4948435572647426
7047494209448166401,7187952219559248898,0.49894948696927266
7047494209448166401,7197284105015788549,0.4989892433659838
7047494209448166401,7230689368007574534,0.49929351943060063
7047494209448166401,7251253251058959386,0.49881015249926347
7047494209448166401,7252048520768111622,0.4972129981790501
7047494209448166401,7255307152083796994,0.49948811293993045
7047494209448166401,7256202462158406658,0.49942530917242856
7047494209448166401,7290350607356150827,0.49873033044119525
7047494209448166401,7306969713349805064,0.49846396800232706
7047494209448166401,7327226218813391877,0.4978311693451934
7047494209448166401,7355557262863336453,0.49852778017105753
7047494209448166401,7396903607784490000,0.49765048378105614
7047494209448166401,7442002957991724065,0.4977689591580813
7047494209448166401,7455253044214449159,0.5229507875198972
7047494209448166401,7487688540064531463,0.4948293821293942
7047494209448166401,7510166423118758918,0.5235278677394104
7047494209448166401,7523591048695170064,0.524576062802129
7047494209448166401,7524800391486522390,0.015564900513107778
7047494209448166401,7539280226653357073,0.48372649801106127
7047494209448166401,7579316049855841287,0.4968672010289789
7047494209448166401,7585186788609508373,0.4969670187267686
7047494209448166401,7597512785483957259,0.4983223354254399
7050498314663379974,7093023801574867969,0.49899129066475717
7050498314663379974,7128070099412157442,0.4989192570373746
7050498314663379974,7141833908052296709,0.49869207668771187
7050498314663379974,7230689368007574534,0.4991963916198492
7050498314663379974,7255307152083796994,0.49898199716777186
7050498314663379974,7256202462158406658,0.4989192570373746
7050498314663379974,7402984582746358816,0.49899129066475717
7050498314663379974,7407221110629073926,0.015386480995977812
7050498314663379974,7523591048695170064,0.49873993330328337
7050498314663379974,7593513425976984598,0.016255332004876454
7050498314663379974,7614802407563035656,0.01604553391060186
7057768423321748481,7072173543165314053,0.4969355634891387
7057768423321748481,7092389272800674817,0.015649687996279686
7057768423321748481,7110264605897049115,0.01580589800172326
7057768423321748481,7128070099412157442,0.49930663084684834
7057768423321748481,7170886050868675589,0.49473799251260586
7057768423321748481,7187952219559248898,0.4988138536956375
7057768423321748481,7192187661674775557,0.016568824282785104
7057768423321748481,7197284105015788549,0.4988530162401994
7057768423321748481,7230689368007574534,0.4991569334997852
7057768423321748481,7251253251058959386,0.4986783316154241
7057768423321748481,7252048520768111622,0.49708482053596076
7057768423321748481,7254221734713623557,0.38014935167889596
7057768423321748481,7255307152083796994,0.49935706630384463
7057768423321748481,7256202462158406658,0.5258583575411062
7057768423321748481,7290350607356150827,0.4985976197053233
7057768423321748481,7306969713349805064,0.4983342687315706
7057768423321748481,7311708051199230981,0.22886087502349567
7057768423321748481,7323298125393003563,0.016528945432598585
7057768423321748481,7396903607784490000,0.4975211248666534
7057768423321748481,7442002957991724065,0.4976391774651795
7057768423321748481,7446622049529594923,0.016532262852133228
7057768423321748481,7455253044214449159,0.4969458917898015
7057768423321748481,7482541173300462614,0.016243232517047818
7057768423321748481,7487688540064531463,0.494711795932939
7057768423321748481,7494711694116881415,0.01569816972056693
7057768423321748481,7510166423118758918,0.4979286974964534
7057768423321748481,7523591048695170064,0.49894688838051293
7057768423321748481,7539280226653357073,0.4836176524724196
7057768423321748481,7579316049855841287,0.5241968755427464
7057768423321748481,7585186788609508373,0.49683192436271173
7059866762607690753,7139448682156131355,0.03832250683609867
7059866762607690753,7181113461597783046,0.048139632610060344
7059866762607690753,7192962788661724165,0.0528908735630866
7059866762607690753,7254221734713623557,0.028447110121799502
7059866762607690753,7282457131139646497,0.009414795414122639
7059866762607690753,7403666842986546209,0.011683294523588633
7059866762607690753,7434627254548382776,0.048139632610060344
7059866762607690753,7522457887882445846,0.013642782330566107
7059866762607690753,7559878386093442056,0.056870279039018215
7059866762607690753,7585187926658450454,0.004137765648132778
7059866762607690753,7589963743808947221,0.048139632610060344
7061134436725277701,7112272075901092866,0.01599071311273787
7061134436725277701,7128070099412157442,0.01605703641432945
7061134436725277701,7187952219559248898,0.015726860494448894
7061134436725277701,7255307152083796994,0.01621992552750555
7061134436725277701,7274983064991810566,0.01604290071701272
7061134436725277701,7367577463750132741,0.015612735441282558
7061134436725277701,7375525564567241761,0.015051492709327433
7061134436725277701,7499826250930226194,0.015173562210703822
7061134436725277701,7510166423118758918,0.01564339699423814
7061134436725277701,7523591048695170064,0.01562629447604741
7061134436725277701,7585186788609508373,0.016211278063829587
7063430535804781574,7154955988025590786,0.016593636573971577
7063430535804781574,7189144603827487746,0.01659478482154669
7063430535804781574,7255459615491753002,0.015583226686466077
7063430535804781574,7453634343190807557,0.016032705167153934
7063430535804781574,7497772332389123079,0.015613640697880241
7064637015815750702,7104324169307259909,0.021344097995694162
7064637015815750702,7139448682156131355,0.022162308697573203
7064637015815750702,7192962788661724165,0.022162308697573203
7064637015815750702,7227584300489081862,0.021344097995694162
7064637015815750702,7234832896228836357,0.01639773038954373
7064637015815750702,7287249230892106758,0.021344097995694162
7064637015815750702,7346466630966412293,0.021344097995694162
7064637015815750702,7352849317865505798,0.016211691717386546
7064637015815750702,7376941500363965472,0.01639810019105608
7064637015815750702,7434634221899596833,0.016407693356975794
7064637015815750702,7444668199523992609,0.0164005593268296
7064637015815750702,7469354913887241217,0.021344097995694162
7064637015815750702,7475281813004338198,0.016586388866905437
7064637015815750702,7493826108368405512,0.016217461748552545
7064637015815750702,7502226464433177632,0.021344097995694162
7064637015815750702,7546456230891750422,0.015900100296381475
7064637015815750702,7559878386093442056,0.08002018119642225
7064637015815750702,7567226487067427860,0.016399558215335484
7071395036047131653,7174050320195568646,0.01623326521110454
7071395036047131653,7312576223157863457,0.01639748513096839
7071395036047131653,7457519820280644613,0.016226929949449888
7071395036047131653,7572160716909806600,0.016233128016914
7071395036047131653,7610364091814872085,0.015891390137660895
7072173543165314053,7128070099412157442,0.49750565668593166
7072173543165314053,7151417501942219781,0.015905551127586754
7072173543165314053,7187952219559248898,0.49703166341146365
7072173543165314053,7197284105015788549,0.4970712669956032
7072173543165314053,7230689368007574534,0.49737437350734937
7072173543165314053,7251253251058959386,0.5236814846874913
7072173543165314053,7255307152083796994,0.4975682190531555
7072173543165314053,7256202462158406658,0.5226198619727496
7072173543165314053,7482541173300462614,0.015345464747548828
7072173543165314053,7523591048695170064,0.4973268410342403
7074044643659645958,7104324169307259909,0.021344097995694162
7074044643659645958,7139448682156131355,0.022162308697573203
7074044643659645958,7174050320195568646,0.016401555186577595
7074044643659645958,7192962788661724165,0.022162308697573203
7074044643659645958,7227584300489081862,0.021344097995694162
7074044643659645958,7287249230892106758,0.021344097995694162
7074044643659645958,7307548469060584454,0.016218809690450895
7074044643659645958,7317147259148715013,0.015904329314537412
7074044643659645958,7346466630966412293,0.021344097995694162
7074044643659645958,7463993064467252256,0.016591262900979006
7074044643659645958,7469354913887241217,0.021344097995694162
7074044643659645958,7502226464433177632,0.021344097995694162
7074044643659645958,7559878386093442056,0.08002018119642225
7074044643659645958,7572160716909806600,0.016401684463168097
7074044643659645958,7610364091814872085,0.01606309690611033
7074661077590197253,7104324169307259909,0.021344097995694162
7074661077590197253,7139448682156131355,0.022162308697573203
7074661077590197253,7192962788661724165,0.022162308697573203
7074661077590197253,7236791190447686683,0.021344097995694162
7074661077590197253,7248602643801932827,0.015860427529179443
7074661077590197253,7287249230892106758,0.021344097995694162
7074661077590197253,7312576223157863457,0.016398528250136712
7074661077590197253,7469354913887241217,0.021344097995694162
7074661077590197253,7502226464433177632,0.021344097995694162
7074661077590197253,7559878386093442056,0.08002018119642225
7074661077590197253,7617508216503600150,0.015575965790145287
7079516740987978757,7146999325209576450,0.015423344601797877
7079516740987978757,7234832896228836357,0.015889355764813522
7079516740987978757,7290292672361759776,0.015282094753310108
7079516740987978757,7317314050736047136,0.015337696392571255
7079516740987978757,7376941500363965472,0.01588902158202627
7079516740987978757,7421992589585843243,0.015569541624840057
7079516740987978757,7434634221899596833,0.0158805676275662
7079516740987978757,7444668199523992609,0.015886901440814845
7079516740987978757,7493826108368405512,0.015723601225215898
7079516740987978757,7546456230891750422,0.015424948330625585
7079516740987978757,7555033171922912263,0.01542602365356528
7079516740987978757,7610014708498023431,0.015279364797089799
7089082529218593798,7128070099412157442,0.033211664811579854
7089082529218593798,7150565541089985542,0.014993897601323521
7089082529218593798,7170886050868675589,0.033778510847636854
7089082529218593798,7181113461597783046,0.06842914761430105
7089082529218593798,7205671848440792069,0.016033468567475152
7089082529218593798,7256202462158406658,0.033211664811579854
7089082529218593798,7434627254548382776,0.06842914761430105
7089082529218593798,7455253044214449159,0.03305463890920546
7089082529218593798,7472777689112675361,0.016223796581582628
7089082529218593798,7585691270368019463,0.016380305214979726
7089082529218593798,7589963743808947221,0.06842914761430105
7092389272800674817,7110264605897049115,0.015234106448246933
7092389272800674817,7151417501942219781,0.015294591466093995
7092389272800674817,7181113461597783046,0.015322403136992218
7092389272800674817,7192187661674775557,0.015570164413144667
7092389272800674817,7251253251058959386,0.01545934342777679
7092389272800674817,7256202462158406658,0.015085193220792593
7092389272800674817,7323298125393003563,0.015532106853619785
7092389272800674817,7442002957991724065,0.015322454015506613
7092389272800674817,7446622049529594923,0.015535276250328857
7092389272800674817,7454926910012064774,0.015525103843879774
7092389272800674817,7482541173300462614,0.01535743989931836
7092389272800674817,7579316049855841287,0.015356571910487627
7093023801574867969,7128070099412157442,0.4989192570373746
7093023801574867969,7141833908052296709,0.5241489897098717
7093023801574867969,7230689368007574534,0.4991963916198492
7093023801574867969,7255307152083796994,0.49898199716777186
7093023801574867969,7255585908618937370,0.015416810348680506
7093023801574867969,7256202462158406658,0.4989192570373746
7093023801574867969,7265662037903885313,0.015533508462536497
7093023801574867969,7295710550214247432,0.01569895894705259
7093023801574867969,7367761141394998277,0.015530642834364474
7093023801574867969,7402984582746358816,0.49899129066475717
7093023801574867969,7523591048695170064,0.49873993330328337
7093090538711483397,7125195944199996422,0.03555817168799823
7093090538711483397,7163936659606766598,0.021868829418975725
7093090538711483397,7197284105015788549,0.013217830539338135
7093090538711483397,7253090810513097730,0.015881044409646473
7093090538711483397,7300626193325229061,0.015304459828391268
7093090538711483397,7402984582746358816,0.013375109652428677
7093090538711483397,7539280226653357073,0.014819068354064543
7093090538711483397,7610364091814872085,0.0197852819166869
7094760895809684485,7189496226865267717,0.015216471049469249
7094760895809684485,7259830210505573382,0.014002674928061487
7094760895809684485,7281769226565796870,0.013973323044950817
7094760895809684485,7297933972808729632,0.014984560796319123
7094760895809684485,7345507730973262881,0.013954275171368947
7094760895809684485,7403666842986546209,0.005278376969579022
7094760895809684485,7441608528565224494,0.013935284066455788
7094760895809684485,7489528358398002198,0.011930036778612091
7094760895809684485,7522457887882445846,0.013538539304797897
7094760895809684485,7534543341909083143,0.015142521133674727
7094760895809684485,7538303426845819918,0.014512327264366827
7094760895809684485,7575174922190177312,0.013388335662455881
7096318271246304257,7124134844511126555,0.035711279703009705
7096318271246304257,7255585908618937370,0.01546469817023759
7096318271246304257,7265662037903885313,0.01567012762134809
7096318271246304257,7345507730973262881,0.051359083008891616
7096318271246304257,7367761141394998277,0.015673141564746956
7096318271246304257,7432711408628679685,0.01599000225136347
7096318271246304257,7499448682740204566,0.015614246289646673
7096318271246304257,7499826250930226194,0.05042995603809581
7096318271246304257,7547644791631135764,0.016041604408849695
7096318271246304257,7562405333067629580,0.016046593928165407
7099497683849053190,7187479709860348934,0.04170707667913923
7099497683849053190,7317147259148715013,0.0255428199307304
7099497683849053190,7337597547799020549,0.014629070700262748
7099497683849053190,7498060815040431122,0.038280919114708524
7099497683849053190,7535385905805460487,0.014680508749586431
7099497683849053190,7592395448494474254,0.015252827530541989
7100966729770140677,7259830210505573382,0.011279148978747383
7100966729770140677,7268149943910089734,0.10176686284957184
7100966729770140677,7281769226565796870,0.011379055431616025
7100966729770140677,7345507730973262881,0.012250780138404542
7100966729770140677,7441608528565224494,0.012597627871853862
7100966729770140677,7489528358398002198,0.015760185082105613
7100966729770140677,7490403226492077078,0.011086786269746013
7100966729770140677,7502699724320097322,0.01523549342339925
7100966729770140677,7534543341909083143,0.009999207155361248
7100966729770140677,7544469740279186488,0.010484999232987338
7101038813632644101,7213907079759856645,0.01603678765227539
7101038813632644101,7230689368007574534,0.01603691139466002
7101038813632644101,7262400527862301702,0.016222906017314107
7101038813632644101,7290292672361759776,0.015430225107155436
7101038813632644101,7358930055361823749,0.015881155076907568
7101038813632644101,7415799988297319429,0.015595231741669532
7101038813632644101,7424553645365543942,0.015699969912631014
7101038813632644101,7435499715750806536,0.015570490595871034
7101038813632644101,7603626364147123222,0.01570829509530258
7101038813632644101,7610014708498023431,0.0154330995218263
7102031855201911813,7160888724522812418,0.015964925100734783
7102031855201911813,7187479709860348934,0.01622836791258008
7102031855201911813,7333474672351675398,0.015956753940571368
7102031855201911813,7476936817243604001,0.015775793142410892
7102031855201911813,7498060815040431122,0.015464776211682534
7102031855201911813,7508718935962321938,0.015616146829324188
7102031855201911813,7520061487814427656,0.015690301413342482
7102031855201911813,7550338226915230776,0.01591128066318117
7104324169307259909,7124837748766721026,0.021344097995694162
7104324169307259909,7139448682156131355,0.022162308697573203
7104324169307259909,7160888724522812418,0.021344097995694162
7104324169307259909,7185944755032146946,0.021344097995694162
7104324169307259909,7192962788661724165,0.022162308697573203
7104324169307259909,7224271052267553819,0.021344097995694162
7104324169307259909,7227584300489081862,0.021344097995694162
7104324169307259909,7236791190447686683,0.021344097995694162
7104324169307259909,7263621228413191173,0.021344097995694162
7104324169307259909,7314655842044265478,0.030026605832326952
7104324169307259909,7346466630966412293,0.021344097995694162
7104324169307259909,7353421506658124833,0.021344097995694162
7104324169307259909,7377044399681307681,0.021344097995694162
7104324169307259909,7378567914254959622,0.01622884671352307
7104324169307259909,7415589102207321093,0.021344097995694162
7104324169307259909,7424539742974477318,0.021344097995694162
7104324169307259909,7462811958108062726,0.015817964999652896
7104324169307259909,7466945875685819393,0.021344097995694162
7104324169307259909,7469354913887241217,0.021344097995694162
7104324169307259909,7469616549301634065,0.021344097995694162
7104324169307259909,7474455005735437329,0.021344097995694162
7104324169307259909,7475477880530502689,0.01677346626590685
7104324169307259909,7480684683241473025,0.021344097995694162
7104324169307259909,7502226464433177632,0.021344097995694162
7104324169307259909,7504218153414165526,0.021344097995694162
7104324169307259909,7517915187601720327,0.021344097995694162
7104324169307259909,7552094429399385106,0.021344097995694162
7104324169307259909,7559878386093442056,0.08002018119642225
7104324169307259909,7568897073518396434,0.021344097995694162
7104324169307259909,7572620715221812246,0.021344097995694162
7104324169307259909,7573875560531805204,0.021344097995694162
7104324169307259909,7603626364147123222,0.021344097995694162
7104625198607844379,7128070099412157442,0.08488370236687934
7104625198607844379,7170886050868675589,0.08497982569221996
7104625198607844379,7181113461597783046,0.09497108138846669
7104625198607844379,7256202462158406658,0.08488370236687934
7104625198607844379,7434627254548382776,0.09497108138846669
7104625198607844379,7455253044214449159,0.08448236927994562
7104625198607844379,7589963743808947221,0.11027010113295961
7106898276444587009,7112272075901092866,0.03168534467526845
7106898276444587009,7140235759920219178,0.015456638628804285
7106898276444587009,7163936659606766598,0.04859740481846078
7106898276444587009,7206954249904669702,0.015561903697640173
7106898276444587009,7253476605544121350,0.026001565714528257
7106898276444587009,7263914736517399557,0.10786122024299233
7106898276444587009,7274983064991810566,0.05791570848179158
7106898276444587009,7316789714857624582,0.14134777509792434
7106898276444587009,7323120700012938245,0.26584560848161887
7106898276444587009,7378567914254959622,0.019795541039583874
7106898276444587009,7387033416446837765,0.14134777509792434
7106898276444587009,7455603448303567877,0.1560284051099271
7106898276444587009,7542455562676470840,0.01575512632051706
7106898276444587009,7556669488167650315,0.03440598574345802
7106898276444587009,7585691270368019463,0.01851580602896388
7106898276444587009,7594214580139967544,0.05723646099984112
7106898276444587009,7614802407563035656,0.015799418518422714
7110264605897049115,7151417501942219781,0.015726100188033484
7110264605897049115,7189559133157475354,0.23244242526904685
7110264605897049115,7192187661674775557,0.0157249063195553
7110264605897049115,7251253251058959386,0.015893739229684876
7110264605897049115,7267394392368514053,0.015533233415154233
7110264605897049115,7441015530360570926,0.046986605683370444
7110264605897049115,7442002957991724065,0.01575443439228879
7110264605897049115,7454926910012064774,0.06856978797132877
7110264605897049115,7482541173300462614,0.015505107174347723
7110264605897049115,7494711694116881415,0.015186234645860526
7110264605897049115,7555104317654008839,0.01933812890635254
7110264605897049115,7603001410426618881,0.014713708610621178
7110530423914595334,7139448682156131355,0.03832250683609867
7110530423914595334,7165051441248650242,0.014660389047127355
7110530423914595334,7181113461597783046,0.048139632610060344
7110530423914595334,7192962788661724165,0.03832250683609867
7110530423914595334,7205671848440792069,0.015872569257591906
7110530423914595334,7254221734713623557,0.028447110121799502
7110530423914595334,7434627254548382776,0.048139632610060344
7110530423914595334,7472777689112675361,0.016039965998183633
7110530423914595334,7559878386093442056,0.056870279039018215
7110530423914595334,7589963743808947221,0.048139632610060344
7111185904601400321,7139448682156131355,0.1123376914691362
7111185904601400321,7143638497873413126,0.015759464696466472
7111185904601400321,7181113461597783046,0.08038459949212501
7111185904601400321,7192962788661724165,0.09575612900434566
7111185904601400321,7296163401382020102,0.016401412595917667
7111185904601400321,7296760772994122757,0.01640020618790253
7111185904601400321,7434627254548382776,0.08038459949212501
7111185904601400321,7559878386093442056,0.06322869568326066
7111185904601400321,7562405333067629580,0.04172326341067959
7111185904601400321,7589457676943606796,0.016404247200202483
7111185904601400321,7589963743808947221,0.08038459949212501
7112272075901092866,7263914736517399557,0.024178802518303243
7112272075901092866,7274983064991810566,0.021637873725362966
7112272075901092866,7316789714857624582,0.03168534467526845
7112272075901092866,7323120700012938245,0.05959350778115118
7112272075901092866,7367577463750132741,0.015847796342407808
7112272075901092866,7375525564567241761,0.015273151548645341
7112272075901092866,7387033416446837765,0.03168534467526845
7112272075901092866,7455603448303567877,0.03497624063495468
7112272075901092866,7499826250930226194,0.015398169755422861
7112272075901092866,7524800391486522390,0.015909101471664838
7112272075901092866,7555104317654008839,0.015772002579301135
7112272075901092866,7594214580139967544,0.02138410023923984
7112272075901092866,7615456357705417750,0.02012323258770902
7118597435305722926,7263081302823552005,0.015689582102752793
7118597435305722926,7333933730745566213,0.015870468802400613
7118597435305722926,7334272629450343470,0.01582626480438791
7118597435305722926,7361069886359716906,0.016174525092061305
7118597435305722926,7416287041577305094,0.016224333236675187
7122494145399047194,7124134844511126555,0.015310341717460957
7122494145399047194,7139448682156131355,0.01577098324467506
7122494145399047194,7287249230892106758,0.014922676019506583
7122494145399047194,7378695724613616658,0.015311487922979008
7122494145399047194,7461329320323253254,0.01492251587505272
7122494145399047194,7474455005735437329,0.015450239286372963
7122494145399047194,7475477880530502689,0.014849773736866193
7122494145399047194,7495346041269814279,0.015311916882421516
7122494145399047194,7519531111723222072,0.015131453261451487
7122494145399047194,7613356856131453972,0.014921570432378947
7124134844511126555,7139448682156131355,0.016073247080228455
7124134844511126555,7287249230892106758,0.01518331990433176
7124134844511126555,7345507730973262881,0.02490902482269609
7124134844511126555,7378695724613616658,0.015594031906441633
7124134844511126555,7461329320323253254,0.015183156946959805
7124134844511126555,7474455005735437329,0.015740452335238853
7124134844511126555,7495346041269814279,0.015593534497843111
7124134844511126555,7499826250930226194,0.024458400601563044
7124134844511126555,7519531111723222072,0.01958643333736842
7124134844511126555,7613356856131453972,0.015182195167129764
7124837748766721026,7139448682156131355,0.022162308697573203
7124837748766721026,7150565541089985542,0.015000203265369234
7124837748766721026,7165051441248650242,0.014803575512175435
7124837748766721026,7192962788661724165,0.022162308697573203
7124837748766721026,7205671848440792069,0.016040156873985443
7124837748766721026,7227584300489081862,0.021344097995694162
7124837748766721026,7287249230892106758,0.021344097995694162
7124837748766721026,7346466630966412293,0.021344097995694162
7124837748766721026,7469354913887241217,0.021344097995694162
7124837748766721026,7472777689112675361,0.016217303733234854
7124837748766721026,7502226464433177632,0.021344097995694162
7124837748766721026,7559878386093442056,0.08002018119642225
7125195944199996422,7128070099412157442,0.02525687174542247
7125195944199996422,7151417501942219781,0.015697072404973634
7125195944199996422,7170886050868675589,0.02568794792643647
7125195944199996422,7181113461597783046,0.06726046317598226
7125195944199996422,7434627254548382776,0.05203913187574921
7125195944199996422,7589963743808947221,0.05203913187574921
7125195944199996422,7610364091814872085,0.01749395238745098
7128070099412157442,7139448682156131355,0.12572367373103732
7128070099412157442,7141833908052296709,0.49921740084489236
7128070099412157442,7154612198102483973,0.019089608585612688
7128070099412157442,7170886050868675589,0.4955070652646943
7128070099412157442,7181113461597783046,0.14560314998563095
7128070099412157442,7187952219559248898,0.5259064758100869
7128070099412157442,7192962788661724165,0.12572367373103732
7128070099412157442,7197284105015788549,0.49942530917242856
7128070099412157442,7218748615745274885,0.033211664811579854
7128070099412157442,7230689368007574534,0.49972769361956243
7128070099412157442,7251253251058959386,0.4992801563349771
7128070099412157442,7252048520768111622,0.49770670139981077
7128070099412157442,7253090810513097730,0.10122264781611766
7128070099412157442,7254221734713623557,0.38161428050428425
7128070099412157442,7255307152083796994,0.49996621566269694
7128070099412157442,7255459615491753002,0.04643097359454444
7128070099412157442,7256202462158406658,0.5
7128070099412157442,7262400527862301702,0.060689709543184506
7128070099412157442,7263081302823552005,0.021598522792865095
7128070099412157442,7290292672361759776,0.033211664811579854
7128070099412157442,7290350607356150827,0.49919313126650267
7128070099412157442,7306969713349805064,0.4989495305857366
7128070099412157442,7308377902638728224,0.021997596026100363
7128070099412157442,7311708051199230981,0.2570775190443348
7128070099412157442,7327226218813391877,0.49826622311282476
7128070099412157442,7355557262863336453,0.4990144136345304
7128070099412157442,7359289173456913454,0.017067739799563098
7128070099412157442,7389767673448285226,0.016274155277879603
7128070099412157442,7396903607784490000,0.4981362608794523
7128070099412157442,7402984582746358816,0.4989192570373746
7128070099412157442,7416269225385296902,0.04579224438126841
7128070099412157442,7434627254548382776,0.14560314998563095
7128070099412157442,7441015530360570926,0.030293493081641566
7128070099412157442,7442002957991724065,0.49825178479999277
7128070099412157442,7447572034136556561,0.021340637292208853
7128070099412157442,7453634343190807557,0.033211664811579854
7128070099412157442,7455253044214449159,0.4976359826695643
7128070099412157442,7457519820280644613,0.021340637292208853
7128070099412157442,7463351104668501024,0.033211664811579854
7128070099412157442,7487688540064531463,0.4953987844041684
7128070099412157442,7495918801364485163,0.0339761208040301
7128070099412157442,7497772332389123079,0.033211664811579854
7128070099412157442,7498665985957823506,0.033211664811579854
7128070099412157442,7510166423118758918,0.4984999300340033
7128070099412157442,7523591048695170064,0.49952124089887856
7128070099412157442,7528317052487566392,0.01633250323840889
7128070099412157442,7536210918439863297,0.050962881545416096
7128070099412157442,7539280226653357073,0.4843308720974068
7128070099412157442,7579316049855841287,0.49731900990376576
7128070099412157442,7585186788609508373,0.4974058609221106
7128070099412157442,7589963743808947221,0.14560314998563095
7128070099412157442,7592395448494474254,0.09979326497707143
7128070099412157442,7597512785483957259,0.5264315390667239
7128070099412157442,7615456357705417750,0.05201162429483297
7133356593046897669,7139448682156131355,0.022162308697573203
7133356593046897669,7185944755032146946,0.021344097995694162
7133356593046897669,7192962788661724165,0.022162308697573203
7133356593046897669,7235505872251520046,0.015479618421117482
7133356593046897669,7236791190447686683,0.021344097995694162
7133356593046897669,7287249230892106758,0.0360131034376082
7133356593046897669,7346466630966412293,0.021344097995694162
7133356593046897669,7373912731559609352,0.015479014197891576
7133356593046897669,7386533375073682449,0.015480773278822683
7133356593046897669,7495346041269814279,0.015043348735401578
7133356593046897669,7502226464433177632,0.021344097995694162
7133356593046897669,7559878386093442056,0.08002018119642225
7133356593046897669,7568897073518396434,0.021344097995694162
7139448682156131355,7160888724522812418,0.022162308697573203
7139448682156131355,7170886050868675589,0.1412954629135581
7139448682156131355,7181113461597783046,0.14066437864315254
7139448682156131355,7185944755032146946,0.022162308697573203
7139448682156131355,7192962788661724165,0.5
7139448682156131355,7224271052267553819,0.022162308697573203
7139448682156131355,7227584300489081862,0.022162308697573203
7139448682156131355,7236791190447686683,0.022162308697573203
7139448682156131355,7256202462158406658,0.12572367373103732
7139448682156131355,7262400527862301702,0.08709161829043137
7139448682156131355,7263621228413191173,0.022162308697573203
7139448682156131355,7287249230892106758,0.03779866213711059
7139448682156131355,7307362809690506273,0.02935977557073548
7139448682156131355,7317314050736047136,0.03533966482952624
7139448682156131355,7346466630966412293,0.022162308697573203
7139448682156131355,7353421506658124833,0.022162308697573203
7139448682156131355,7377044399681307681,0.022162308697573203
7139448682156131355,7378695724613616658,0.03039760015964451
7139448682156131355,7415589102207321093,0.022162308697573203
7139448682156131355,7424539742974477318,0.022162308697573203
7139448682156131355,7434627254548382776,0.14066437864315254
7139448682156131355,7461329320323253254,0.01563618562479453
7139448682156131355,7466945875685819393,0.022162308697573203
7139448682156131355,7469354913887241217,0.022162308697573203
7139448682156131355,7469616549301634065,0.022162308697573203
7139448682156131355,7474455005735437329,0.03838989233702562
7139448682156131355,7475477880530502689,0.017416465075654662
7139448682156131355,7480684683241473025,0.022162308697573203
7139448682156131355,7490403226492077078,0.014497411453724888
7139448682156131355,7495346041269814279,0.016071306017029434
7139448682156131355,7502226464433177632,0.022162308697573203
7139448682156131355,7504218153414165526,0.022162308697573203
7139448682156131355,7517915187601720327,0.022162308697573203
7139448682156131355,7552094429399385106,0.022162308697573203
7139448682156131355,7559878386093442056,0.0830876975016051
7139448682156131355,7562405333067629580,0.07301121060138874
7139448682156131355,7568897073518396434,0.022162308697573203
7139448682156131355,7572620715221812246,0.022162308697573203
7139448682156131355,7573875560531805204,0.022162308697573203
7139448682156131355,7589963743808947221,0.14066437864315254
7139448682156131355,7603626364147123222,0.022162308697573203
7139448682156131355,7613356856131453972,0.02996097602273283
7140235759920219178,7185944755032146946,0.015276531290455602
7140235759920219178,7253476605544121350,0.025255098972583902
7140235759920219178,7353421506658124833,0.015158249948130085
7140235759920219178,7517915187601720327,0.015405807873651381
7140235759920219178,7542455562676470840,0.015298995283800411
7140235759920219178,7556669488167650315,0.015292643297992351
7140235759920219178,7589963743808947221,0.015418561347807586
7141833908052296709,7197284105015788549,0.4987815165705223
7141833908052296709,7230689368007574534,0.4994947010372496
7141833908052296709,7234260997438374917,0.015257454649549562
7141833908052296709,7247153806412252165,0.015143845837328425
7141833908052296709,7255307152083796994,0.4992801784674912
7141833908052296709,7255585908618937370,0.015419348531420244
7141833908052296709,7256202462158406658,0.49921740084489236
7141833908052296709,7265662037903885313,0.015525130604124663
7141833908052296709,7295710550214247432,0.015705816670604517
7141833908052296709,7327226218813391877,0.4980393401188427
7141833908052296709,7355557262863336453,0.4987345533731908
7141833908052296709,7402984582746358816,0.49869207668771187
7141833908052296709,7523591048695170064,0.49887508924084256
7141833908052296709,7597512785483957259,0.49852312571044965
7143638497873413126,7263621228413191173,0.014780270452247278
7143638497873413126,7296163401382020102,0.015601811731935731
7143638497873413126,7296760772994122757,0.015602791863924518
7143638497873413126,7469354913887241217,0.015025215099895604
7143638497873413126,7469616549301634065,0.014882813283616302
7143638497873413126,7480684683241473025,0.015014158878351922
7143638497873413126,7494339416820270087,0.014573155838675553
7143638497873413126,7559878386093442056,0.015013919771696693
7143638497873413126,7589457676943606796,0.015599653058224187
7146999325209576450,7234832896228836357,0.015736564346442276
7146999325209576450,7290292672361759776,0.015146452076162593
7146999325209576450,7317314050736047136,0.015187793297119091
7146999325209576450,7376941500363965472,0.015736233202201935
7146999325209576450,7421992589585843243,0.015424010038688155
7146999325209576450,7435499715750806536,0.015274301422474825
7146999325209576450,7444668199523992609,0.015734131844381282
7146999325209576450,7493826108368405512,0.015573893392369583
7146999325209576450,7546456230891750422,0.015280695666442447
7146999325209576450,7555033171922912263,0.015282593211396597
7146999325209576450,7610014708498023431,0.015143746401553896
7150565541089985542,7205671848440792069,0.014858513676626918
7150565541089985542,7307548469060584454,0.04758112845733167
7150565541089985542,7472777689112675361,0.014994658856066743
7150565541089985542,7526713237481833504,0.014852777995175856
7150565541089985542,7556652869841044512,0.014853983584596617
7150565541089985542,7559878386093442056,0.04180186522554054
7150565541089985542,7577628387390129168,0.014857352004322246
7151042722353218565,7248602643801932827,0.015399625841117958
7151042722353218565,7315521386973627425,0.015728027985888043
7151042722353218565,7434627254548382776,0.015708275322449703
7151042722353218565,7442753421524288544,0.014901893025439834
7151042722353218565,7501092673261618231,0.015021620268088582
7151042722353218565,7575174922190177312,0.0675315237676456
7151042722353218565,7617508216503600150,0.01512522442598158
7151417501942219781,7251253251058959386,0.016541112585262037
7151417501942219781,7256202462158406658,0.015285930920744185
7151417501942219781,7308377902638728224,0.015411588337895112
7151417501942219781,7347823456870581291,0.010147659318790891
7151417501942219781,7442002957991724065,0.01669996917160043
7151417501942219781,7494711694116881415,0.015245145163768386
7154612198102483973,7170886050868675589,0.019218279452298852
7154612198102483973,7181113461597783046,0.027683580906660427
7154612198102483973,7232053097944777733,0.2872284309055127
7154612198102483973,7234260997438374917,0.01570306719059048
7154612198102483973,7247153806412252165,0.015547689604492178
7154612198102483973,7256202462158406658,0.019089608585612688
7154612198102483973,7295710550214247432,0.016190391751491284
7154612198102483973,7428767448856282118,0.01621223073542934
7154612198102483973,7434627254548382776,0.027683580906660427
7154612198102483973,7455253044214449159,0.01899935225455744
7154612198102483973,7589963743808947221,0.027683580906660427
7154955988025590786,7181113461597783046,0.02981988449144518
7154955988025590786,7189144603827487746,0.016588781145040848
7154955988025590786,7434627254548382776,0.02981988449144518
7154955988025590786,7453634343190807557,0.016026896109032848
7154955988025590786,7589963743808947221,0.02981988449144518
7158268924675752966,7323679526399083553,0.016687412861600154
7158268924675752966,7337597547799020549,0.015532327576557954
7158268924675752966,7424539742974477318,0.015594374476612279
7158268924675752966,7476936817243604001,0.015446183076996859
7158268924675752966,7498060815040431122,0.015504998180503996
7158268924675752966,7498665985957823506,0.015358992336079727
7158268924675752966,7508718935962321938,0.015971988477702034
7158268924675752966,7520061487814427656,0.015552642934283739
7158268924675752966,7615456357705417750,0.01610390713612847
7160888724522812418,7192962788661724165,0.022162308697573203
7160888724522812418,7227584300489081862,0.021344097995694162
7160888724522812418,7287249230892106758,0.021344097995694162
7160888724522812418,7323679526399083553,0.015647844984038924
7160888724522812418,7333474672351675398,0.015691586294011666
7160888724522812418,7346466630966412293,0.021344097995694162
7160888724522812418,7469354913887241217,0.021344097995694162
7160888724522812418,7476936817243604001,0.015776012074403076
7160888724522812418,7498060815040431122,0.015467477163704373
7160888724522812418,7502226464433177632,0.021344097995694162
7160888724522812418,7508718935962321938,0.015617748005693596
7160888724522812418,7520061487814427656,0.015691223193571694
7160888724522812418,7550338226915230776,0.015646398212079415
7160888724522812418,7559878386093442056,0.08002018119642225
7163936659606766598,7263914736517399557,0.03708424402669518
7163936659606766598,7274983064991810566,0.03318709389527231
7163936659606766598,7316789714857624582,0.04859740481846078
7163936659606766598,7323120700012938245,0.09140155652001473
7163936659606766598,7378567914254959622,0.037033290963688764
7163936659606766598,7387033416446837765,0.04859740481846078
7163936659606766598,7407221110629073926,0.01538901840428512
7163936659606766598,7455603448303567877,0.07004318400755907
7163936659606766598,7556669488167650315,0.034519927694354476
7163936659606766598,7585691270368019463,0.03425835218606969
7163936659606766598,7593513425976984598,0.016252345668400607
7163936659606766598,7594214580139967544,0.03279786875148071
7163936659606766598,7614802407563035656,0.016048139365151527
7165051441248650242,7205671848440792069,0.014665572068460201
7165051441248650242,7236791190447686683,0.014812542083881719
7165051441248650242,7346466630966412293,0.01466789716674826
7165051441248650242,7526713237481833504,0.01466812307754709
7165051441248650242,7556652869841044512,0.01466931392648043
7165051441248650242,7577628387390129168,0.014672639899699365
7170886050868675589,7181113461597783046,0.14808825781973117
7170886050868675589,7187479709860348934,0.022487431113568837
7170886050868675589,7187952219559248898,0.49481175578814696
7170886050868675589,7192962788661724165,0.1412954629135581
7170886050868675589,7197284105015788549,0.4948435572647426
7170886050868675589,7218748615745274885,0.033778510847636854
7170886050868675589,7230689368007574534,0.4951416992025238
7170886050868675589,7247153806412252165,0.015215046928890134
7170886050868675589,7251253251058959386,0.49474077595948995
7170886050868675589,7253090810513097730,0.10075780483357928
7170886050868675589,7255307152083796994,0.4954078152389735
7170886050868675589,7255459615491753002,0.04722344255030598
7170886050868675589,7255585908618937370,0.015498650329781719
7170886050868675589,7256202462158406658,0.4955070652646943
7170886050868675589,7262400527862301702,0.06386572291614372
7170886050868675589,7263081302823552005,0.021967159448066844
7170886050868675589,7265662037903885313,0.015704394383841833
7170886050868675589,7290292672361759776,0.033778510847636854
7170886050868675589,7308377902638728224,0.022373043935168462
7170886050868675589,7359289173456913454,0.017359046504744027
7170886050868675589,7367761141394998277,0.015707408028269632
7170886050868675589,7416269225385296902,0.046573811711811415
7170886050868675589,7432711408628679685,0.015950335598887953
7170886050868675589,7434627254548382776,0.14808825781973117
7170886050868675589,7441015530360570926,0.04589760400517435
7170886050868675589,7447572034136556561,0.021704872440451134
7170886050868675589,7453634343190807557,0.033778510847636854
7170886050868675589,7457519820280644613,0.021704872440451134
7170886050868675589,7463351104668501024,0.033778510847636854
7170886050868675589,7495918801364485163,0.03455601432962184
7170886050868675589,7497772332389123079,0.033778510847636854
7170886050868675589,7498665985957823506,0.033778510847636854
7170886050868675589,7523591048695170064,0.4949401322910775
7170886050868675589,7536210918439863297,0.051020592525339116
7170886050868675589,7547644791631135764,0.016001931731418246
7170886050868675589,7555788949694088210,0.01672414702890981
7170886050868675589,7589963743808947221,0.14808825781973117
7170886050868675589,7592395448494474254,0.0993349861241664
7170886050868675589,7615456357705417750,0.05224750378779684
7174050320195568646,7181113461597783046,0.020942433172370344
7174050320195568646,7307548469060584454,0.016035405560574333
7174050320195568646,7434627254548382776,0.020942433172370344
7174050320195568646,7457519820280644613,0.016231666200416824
7174050320195568646,7463993064467252256,0.016399857857188463
7174050320195568646,7572160716909806600,0.01623786424560599
7174050320195568646,7589963743808947221,0.020942433172370344
7174050320195568646,7610364091814872085,0.015896031461905488
7175189895740425221,7306969713349805064,0.0160279405266269
7175189895740425221,7355557262863336453,0.016201336091231543
7175189895740425221,7377044399681307681,0.01584815942109638
7175189895740425221,7424553645365543942,0.015688539035319225
7175189895740425221,7463351104668501024,0.016033527891040063
7175189895740425221,7572620715221812246,0.016208491335115885
7175189895740425221,7585691270368019463,0.016192763577911676
7175189895740425221,7609668379692401697,0.026432878499242623
7178590990041711622,7181113461597783046,0.018913852310614005
7178590990041711622,7213907079759856645,0.01570853435514971
7178590990041711622,7355557262863336453,0.01587338657777586
7178590990041711622,7434627254548382776,0.018913852310614005
7178590990041711622,7463351104668501024,0.015720938643219506
7178590990041711622,7572620715221812246,0.015880420919880827
7178590990041711622,7589963743808947221,0.018913852310614005
7178590990041711622,7609668379692401697,0.025935621274918805
7178590990041711622,7610364091814872085,0.017176377565350596
7181113461597783046,7187479709860348934,0.04555546424405155
7181113461597783046,7189559133157475354,0.028313393348192342
7181113461597783046,7192187661674775557,0.016201575197876142
7181113461597783046,7192962788661724165,0.14066437864315254
7181113461597783046,7206954249904669702,0.02717613897052767
7181113461597783046,7218748615745274885,0.06842914761430105
7181113461597783046,7255459615491753002,0.09566614513310985
7181113461597783046,7256202462158406658,0.16119821894356795
7181113461597783046,7262400527862301702,0.08010386015002655
7181113461597783046,7263081302823552005,0.044501488041288756
7181113461597783046,7267394392368514053,0.03134570919835278
7181113461597783046,7274983064991810566,0.03318988337794004
7181113461597783046,7290292672361759776,0.06842914761430105
7181113461597783046,7307362809690506273,0.036880906970252765
7181113461597783046,7308377902638728224,0.060537618955852975
7181113461597783046,7317314050736047136,0.044392672137344304
7181113461597783046,7323298125393003563,0.016162525773158014
7181113461597783046,7359289173456913454,0.05059871257157956
7181113461597783046,7416269225385296902,0.09435011066543715
7181113461597783046,7434627254548382776,0.5
7181113461597783046,7441015530360570926,0.06241656121718065
7181113461597783046,7446622049529594923,0.016165775495062956
7181113461597783046,7447572034136556561,0.04397014204908661
7181113461597783046,7453634343190807557,0.06842914761430105
7181113461597783046,7454926910012064774,0.04744193902971241
7181113461597783046,7455253044214449159,0.1449147332457668
7181113461597783046,7457519820280644613,0.04397014204908661
7181113461597783046,7463351104668501024,0.06842914761430105
7181113461597783046,7482541173300462614,0.015894448869435838
7181113461597783046,7494711694116881415,0.0153698738321415
7181113461597783046,7495918801364485163,0.07000422890723809
7181113461597783046,7497772332389123079,0.06842914761430105
7181113461597783046,7498665985957823506,0.06842914761430105
7181113461597783046,7502699724320097322,0.027352044871061795
7181113461597783046,7536210918439863297,0.057019190210640634
7181113461597783046,7555788949694088210,0.03388009409078516
7181113461597783046,7562405333067629580,0.038154482718854306
7181113461597783046,7575174922190177312,0.025055594659142994
7181113461597783046,7577628387390129168,0.03086717449943778
7181113461597783046,7589963743808947221,0.5
7181113461597783046,7615456357705417750,0.06864972513543531
7185944755032146946,7192962788661724165,0.022162308697573203
7185944755032146946,7227584300489081862,0.021344097995694162
7185944755032146946,7236791190447686683,0.021344097995694162
7185944755032146946,7287249230892106758,0.021344097995694162
7185944755032146946,7346466630966412293,0.021344097995694162
7185944755032146946,7494339416820270087,0.014791597071964433
7185944755032146946,7542455562676470840,0.015527066400357063
7185944755032146946,7559878386093442056,0.08002018119642225
7187479709860348934,7333474672351675398,0.01596018731969806
7187479709860348934,7434627254548382776,0.04555546424405155
7187479709860348934,7476936817243604001,0.015772646487121688
7187479709860348934,7498060815040431122,0.05309203478081368
7187479709860348934,7508718935962321938,0.01561296297606802
7187479709860348934,7520061487814427656,0.01568715223552285
7187479709860348934,7550338226915230776,0.015914714987084827
7187479709860348934,7589963743808947221,0.04555546424405155
7187952219559248898,7197284105015788549,0.49894948696927266
7187952219559248898,7230689368007574534,0.49925366759771556
7187952219559248898,7251253251058959386,0.4987715354127616
7187952219559248898,7252048520768111622,0.49717533642578493
7187952219559248898,7254221734713623557,0.38011099107058877
7187952219559248898,7255307152083796994,0.5261894679141341
7187952219559248898,7256202462158406658,0.4993900797651233
7187952219559248898,7290350607356150827,0.49869148433343385
7187952219559248898,7306969713349805064,0.49842590188339175
7187952219559248898,7327226218813391877,0.4977915052167041
7187952219559248898,7396903607784490000,0.49761251301219217
7187952219559248898,7442002957991724065,0.49773087814211514
7187952219559248898,7455253044214449159,0.4970289461586984
7187952219559248898,7487688540064531463,0.4947944769182855
7187952219559248898,7510166423118758918,0.5238220171396472
7187952219559248898,7523591048695170064,0.5248119547629121
7187952219559248898,7539280226653357073,0.48369395156873596
7187952219559248898,7579316049855841287,0.4968281943811926
7187952219559248898,7585186788609508373,0.5236530871003435
7187952219559248898,7597512785483957259,0.5247481477187645
7189144603827487746,7255459615491753002,0.015588256681965784
7189144603827487746,7453634343190807557,0.016037878789389306
7189144603827487746,7497772332389123079,0.015609052780605938
7189496226865267717,7259830210505573382,0.014027776129375308
7189496226865267717,7281769226565796870,0.013998506655646857
7189496226865267717,7297933972808729632,0.014941383954513719
7189496226865267717,7345507730973262881,0.013980269162059666
7189496226865267717,7441608528565224494,0.013961596148604464
7189496226865267717,7489528358398002198,0.011958625053786094
7189496226865267717,7522457887882445846,0.013495579033975398
7189496226865267717,7534543341909083143,0.015166863746960068
7189496226865267717,7538303426845819918,0.01446950391419418
7189496226865267717,7575174922190177312,0.013344730337436404
7189559133157475354,7434627254548382776,0.028313393348192342
7189559133157475354,7441015530360570926,0.07387678338974846
7189559133157475354,7454926910012064774,0.056289646548774774
7189559133157475354,7589963743808947221,0.043366668040778086
7189559133157475354,7592395448494474254,0.016912047962517576
7189559133157475354,7603001410426618881,0.01144503083163167
7192187661674775557,7256202462158406658,0.015850887399131524
7192187661674775557,7300626193325229061,0.022446508700857803
7192187661674775557,7323298125393003563,0.016621842921098497
7192187661674775557,7359289173456913454,0.015682584403003543
7192187661674775557,7446622049529594923,0.016625159811482115
7192187661674775557,7454926910012064774,0.016614527684450875
7192187661674775557,7482541173300462614,0.016161623120619705
7192187661674775557,7494711694116881415,0.01561866157148888
7192187661674775557,7579316049855841287,0.0161625736860109
7192962788661724165,7224271052267553819,0.022162308697573203
7192962788661724165,7227584300489081862,0.022162308697573203
7192962788661724165,7236791190447686683,0.022162308697573203
7192962788661724165,7256202462158406658,0.12572367373103732
7192962788661724165,7262400527862301702,0.08709161829043137
7192962788661724165,7263621228413191173,0.022162308697573203
7192962788661724165,7282457131139646497,0.006440672734555926
7192962788661724165,7287249230892106758,0.022162308697573203
7192962788661724165,7297933972808729632,0.013562987260869392
7192962788661724165,7307362809690506273,0.02935977557073548
7192962788661724165,7317314050736047136,0.03533966482952624
7192962788661724165,7346466630966412293,0.022162308697573203
7192962788661724165,7353421506658124833,0.022162308697573203
7192962788661724165,7377044399681307681,0.022162308697573203
7192962788661724165,7403666842986546209,0.00871871759751931
7192962788661724165,7415589102207321093,0.022162308697573203
7192962788661724165,7424539742974477318,0.022162308697573203
7192962788661724165,7434627254548382776,0.14066437864315254
7192962788661724165,7466945875685819393,0.022162308697573203
7192962788661724165,7469354913887241217,0.022162308697573203
7192962788661724165,7469616549301634065,0.022162308697573203
7192962788661724165,7474455005735437329,0.022162308697573203
7192962788661724165,7475477880530502689,0.017416465075654662
7192962788661724165,7480684683241473025,0.022162308697573203
7192962788661724165,7490403226492077078,0.014497411453724888
7192962788661724165,7502226464433177632,0.02658634057860401
7192962788661724165,7504218153414165526,0.02624281979056307
7192962788661724165,7517915187601720327,0.022162308697573203
7192962788661724165,7522457887882445846,0.015546472340998301
7192962788661724165,7538303426845819918,0.01401125121394564
7192962788661724165,7552094429399385106,0.03851098708406406
7192962788661724165,7559878386093442056,0.0830876975016051
7192962788661724165,7562405333067629580,0.07301121060138874
7192962788661724165,7568897073518396434,0.022162308697573203
7192962788661724165,7572620715221812246,0.022162308697573203
7192962788661724165,7573875560531805204,0.022162308697573203
7192962788661724165,7575174922190177312,0.036174418953136216
7192962788661724165,7589963743808947221,0.14066437864315254
7192962788661724165,7603626364147123222,0.022162308697573203
7197284105015788549,7230689368007574534,0.49929351943060063
7197284105015788549,7251253251058959386,0.49881015249926347
7197284105015788549,7252048520768111622,0.5206475392520885
7197284105015788549,7255307152083796994,0.49948811293993045
7197284105015788549,7256202462158406658,0.49942530917242856
7197284105015788549,7290350607356150827,0.49873033044119525
7197284105015788549,7300626193325229061,0.014050289090205842
7197284105015788549,7306969713349805064,0.49846396800232706
7197284105015788549,7327226218813391877,0.5212108597581587
7197284105015788549,7355557262863336453,0.49852778017105753
7197284105015788549,7396903607784490000,0.49765048378105614
7197284105015788549,7442002957991724065,0.4977689591580813
7197284105015788549,7455253044214449159,0.4970640090001449
7197284105015788549,7487688540064531463,0.4948293821293942
7197284105015788549,7510166423118758918,0.4980646722086377
7197284105015788549,7523591048695170064,0.49908285500637484
7197284105015788549,7535385905805460487,0.014042352959804365
7197284105015788549,7539280226653357073,0.5024551466795952
7197284105015788549,7579316049855841287,0.4968672010289789
7197284105015788549,7585186788609508373,0.4969670187267686
7197284105015788549,7597512785483957259,0.4983223354254399
7205671848440792069,7472777689112675361,0.01603427497794699
7206954249904669702,7316789714857624582,0.015561903697640173
7206954249904669702,7323120700012938245,0.029268686788776047
7206954249904669702,7387033416446837765,0.015561903697640173
7206954249904669702,7434627254548382776,0.02717613897052767
7206954249904669702,7455253044214449159,0.015585691613556413
7206954249904669702,7455603448303567877,0.032840643687870985
7206954249904669702,7524800391486522390,0.015509395973069471
7206954249904669702,7589963743808947221,0.02717613897052767
7213907079759856645,7230689368007574534,0.016211155599343746
7213907079759856645,7262400527862301702,0.016399175510689094
7213907079759856645,7358930055361823749,0.016036969404229152
7213907079759856645,7377044399681307681,0.016025342475722865
7213907079759856645,7424553645365543942,0.015867593468796234
7213907079759856645,7435499715750806536,0.015719929913094486
7213907079759856645,7603626364147123222,0.01587599925351148
7213907079759856645,7610014708498023431,0.015579891404436545
7217407055849096197,7261142322435867653,0.01764548321975481
7217407055849096197,7268149943910089734,0.0523878453126483
7217407055849096197,7315184692033930273,0.01519677267812805
7217407055849096197,7415589102207321093,0.016939266318182312
7217407055849096197,7486594305004585989,0.0457544758348268
7217407055849096197,7490403226492077078,0.01598709001547784
7217407055849096197,7502699724320097322,0.011464762944122442
7217407055849096197,7524535795760776222,0.012270486973412603
7217407055849096197,7544469740279186488,0.01647707543452005
7217407055849096197,7585187926658450454,0.3262377537735759
7218748615745274885,7256202462158406658,0.033211664811579854
7218748615745274885,7307548469060584454,0.01603646312904623
7218748615745274885,7317147259148715013,0.015728792959806517
7218748615745274885,7434627254548382776,0.06842914761430105
7218748615745274885,7455253044214449159,0.03305463890920546
7218748615745274885,7463993064467252256,0.01639858893034107
7218748615745274885,7572160716909806600,0.016209806660363684
7218748615745274885,7589963743808947221,0.06842914761430105
7224271052267553819,7227584300489081862,0.021344097995694162
7224271052267553819,7287249230892106758,0.021344097995694162
7224271052267553819,7307548469060584454,0.016039905577922182
7224271052267553819,7317147259148715013,0.015744333520236877
7224271052267553819,7345693452820186117,0.016050148707778163
7224271052267553819,7346466630966412293,0.021344097995694162
7224271052267553819,7463993064467252256,0.01640143191299371
7224271052267553819,7469354913887241217,0.021344097995694162
7224271052267553819,7502226464433177632,0.021344097995694162
7224271052267553819,7559878386093442056,0.08002018119642225
7227584300489081862,7236791190447686683,0.021344097995694162
7227584300489081862,7248602643801932827,0.015033263456528986
7227584300489081862,7263621228413191173,0.021344097995694162
7227584300489081862,7287249230892106758,0.021344097995694162
7227584300489081862,7315521386973627425,0.015327158002117319
7227584300489081862,7346466630966412293,0.021344097995694162
7227584300489081862,7353421506658124833,0.021344097995694162
7227584300489081862,7377044399681307681,0.021344097995694162
7227584300489081862,7415589102207321093,0.021344097995694162
7227584300489081862,7424539742974477318,0.021344097995694162
7227584300489081862,7466945875685819393,0.021344097995694162
7227584300489081862,7469354913887241217,0.021344097995694162
7227584300489081862,7469616549301634065,0.021344097995694162
7227584300489081862,7474455005735437329,0.021344097995694162
7227584300489081862,7475477880530502689,0.01677346626590685
7227584300489081862,7480684683241473025,0.021344097995694162
7227584300489081862,7502226464433177632,0.021344097995694162
7227584300489081862,7504218153414165526,0.021344097995694162
7227584300489081862,7517915187601720327,0.021344097995694162
7227584300489081862,7552094429399385106,0.021344097995694162
7227584300489081862,7559878386093442056,0.08002018119642225
7227584300489081862,7568897073518396434,0.021344097995694162
7227584300489081862,7572620715221812246,0.021344097995694162
7227584300489081862,7573875560531805204,0.03600136714727895
7227584300489081862,7603626364147123222,0.021344097995694162
7230689368007574534,7251253251058959386,0.49911378725575223
7230689368007574534,7252048520768111622,0.49751526736428137
7230689368007574534,7254221734713623557,0.3803157142760045
7230689368007574534,7255307152083796994,0.49979204395641164
7230689368007574534,7256202462158406658,0.49972769361956243
7230689368007574534,7290350607356150827,0.49903402784954976
7230689368007574534,7306969713349805064,0.4987671441194772
7230689368007574534,7311708051199230981,0.22892208653930368
7230689368007574534,7327226218813391877,0.49854299495467247
7230689368007574534,7355557262863336453,0.49923814659160237
7230689368007574534,7358930055361823749,0.016037093146586606
7230689368007574534,7396903607784490000,0.49795314940522084
7230689368007574534,7402984582746358816,0.4991963916198492
7230689368007574534,7424553645365543942,0.01586745674769459
7230689368007574534,7435499715750806536,0.01572005139410794
7230689368007574534,7442002957991724065,0.49807174470489807
7230689368007574534,7455253044214449159,0.4973649637631317
7230689368007574534,7487688540064531463,0.4951289839044598
7230689368007574534,7510166423118758918,0.4983683844838003
7230689368007574534,7523591048695170064,0.4993871532219286
7230689368007574534,7539280226653357073,0.4840186321954253
7230689368007574534,7579316049855841287,0.49716990846623743
7230689368007574534,7585186788609508373,0.49726999075904765
7230689368007574534,7597512785483957259,0.49902744180790876
7230689368007574534,7610014708498023431,0.015580011869759923
7232053097944777733,7236791190447686683,0.015445700257803618
7232053097944777733,7316789714857624582,0.024998557146076905
7232053097944777733,7323120700012938245,0.018030388116354875
7232053097944777733,7346466630966412293,0.015286105507513713
7232053097944777733,7462811958108062726,0.015080612534291748
7232053097944777733,7490579692137137174,0.01513329361929065
7232053097944777733,7526713237481833504,0.015285840623537954
7232053097944777733,7556652869841044512,0.015284497736590099
7232053097944777733,7577628387390129168,0.015280966619109985
7234260997438374917,7255585908618937370,0.015395751111106895
7234260997438374917,7265662037903885313,0.015501290198606112
7234260997438374917,7290350607356150827,0.015397740118028304
7234260997438374917,7295710550214247432,0.015727791553027292
7234260997438374917,7367577463750132741,0.07694098693441198
7234260997438374917,7367761141394998277,0.015498424785278849
7234260997438374917,7428767448856282118,0.01569747168536594
7234260997438374917,7487688540064531463,0.015728164336995417
7234260997438374917,7536210918439863297,0.015873861021610335
7234832896228836357,7290292672361759776,0.015589744072311753
7234832896228836357,7317314050736047136,0.015671104858843883
7234832896228836357,7376941500363965472,0.016228432560306597
7234832896228836357,7421992589585843243,0.01588865715452016
7234832896228836357,7434634221899596833,0.01621980851453111
7234832896228836357,7444668199523992609,0.016226270294640216
7234832896228836357,7493826108368405512,0.016052198445330065
7234832896228836357,7546456230891750422,0.01574128579914057
7234832896228836357,7555033171922912263,0.015739298246853196
7234832896228836357,7567226487067427860,0.01620833622416323
7235505872251520046,7255459615491753002,0.015627865562238313
7235505872251520046,7373912731559609352,0.016598126773926206
7235505872251520046,7386533375073682449,0.016597475614001485
7235505872251520046,7453634343190807557,0.016030462305009402
7235505872251520046,7519531111723222072,0.01589894316461915
7236791190447686683,7324383714049541153,0.015872495963057915
7236791190447686683,7346466630966412293,0.0373791890079817
7236791190447686683,7469354913887241217,0.021344097995694162
7236791190447686683,7490579692137137174,0.01586785664633276
7236791190447686683,7526713237481833504,0.01603481282098102
7236791190447686683,7556652869841044512,0.016033403667695557
7236791190447686683,7559878386093442056,0.08002018119642225
7236791190447686683,7577628387390129168,0.01602970342240233
7247153806412252165,7255585908618937370,0.015279952359770007
7247153806412252165,7265662037903885313,0.015383468586203573
7247153806412252165,7290350607356150827,0.015247987907666552
7247153806412252165,7295710550214247432,0.015572206168803327
7247153806412252165,7367761141394998277,0.015380627693689416
7247153806412252165,7428767448856282118,0.015542139914114237
7247153806412252165,7487688540064531463,0.015572575794609501
7248602643801932827,7442753421524288544,0.015035187719358937
7248602643801932827,7501092673261618231,0.01514797436117593
7248602643801932827,7573875560531805204,0.015154312095624494
7248602643801932827,7617508216503600150,0.015276407936368292
7251253251058959386,7252048520768111622,0.49704914252543986
7251253251058959386,7253090810513097730,0.10058544282118737
7251253251058959386,7254221734713623557,0.3802568846370662
7251253251058959386,7255307152083796994,0.49931910289808845
7251253251058959386,7256202462158406658,0.5250337320049362
7251253251058959386,7290350607356150827,0.4985579818506166
7251253251058959386,7306969713349805064,0.4982973860581462
7251253251058959386,7311708051199230981,0.22895785800212287
7251253251058959386,7396903607784490000,0.4974930640154406
7251253251058959386,7442002957991724065,0.5252277492088835
7251253251058959386,7455253044214449159,0.49691954245034
7251253251058959386,7487688540064531463,0.4946855650509416
7251253251058959386,7494711694116881415,0.015409920600606185
7251253251058959386,7510166423118758918,0.49788591317722664
7251253251058959386,7523591048695170064,0.49890428255932195
7251253251058959386,7539280226653357073,0.48359768375217393
7251253251058959386,7579316049855841287,0.4966932117821481
7251253251058959386,7585186788609508373,0.49678977422241144
7251253251058959386,7592395448494474254,0.09916505806611109
7252048520768111622,7255307152083796994,0.49772790354136065
7252048520768111622,7256202462158406658,0.49770670139981077
7252048520768111622,7300626193325229061,0.013016465485589664
7252048520768111622,7523591048695170064,0.4973072349190601
7252048520768111622,7535385905805460487,0.014768526225904402
7253090810513097730,7255307152083796994,0.100758925715416
7253090810513097730,7256202462158406658,0.10122264781611766
7253090810513097730,7267394392368514053,0.0231287211361944
7253090810513097730,7300626193325229061,0.01588216549648571
7253090810513097730,7306969713349805064,0.10059393331095462
7253090810513097730,7355557262863336453,0.10061178321091248
7253090810513097730,7455253044214449159,0.10074406362877787
7253476605544121350,7288239669111424005,0.0261816893364121
7253476605544121350,7307362809690506273,0.025934516892359857
7253476605544121350,7353421506658124833,0.02542759074114147
7253476605544121350,7517915187601720327,0.025961781293043256
7253476605544121350,7520642008689116176,0.026172886802674714
7253476605544121350,7542455562676470840,0.02575821375211098
7253476605544121350,7555788949694088210,0.02476311677733473
7253476605544121350,7556669488167650315,0.02576898048934816
7254221734713623557,7255307152083796994,0.3808373765613471
7254221734713623557,7256202462158406658,0.38161428050428425
7254221734713623557,7290350607356150827,0.3801352059367829
7254221734713623557,7306969713349805064,0.38012853948911934
7254221734713623557,7317314050736047136,0.026232922114741306
7254221734713623557,7355557262863336453,0.38018581097866255
7254221734713623557,7523591048695170064,0.38019275526260177
7254221734713623557,7524535795760776222,0.008836265877876488
7254221734713623557,7585187926658450454,0.010047700532576007
7255307152083796994,7256202462158406658,0.49996621566269694
7255307152083796994,7290350607356150827,0.49923705446798317
7255307152083796994,7306969713349805064,0.4989773453427685
7255307152083796994,7311708051199230981,0.22932201724173137
7255307152083796994,7327226218813391877,0.4983288811228528
7255307152083796994,7355557262863336453,0.49904152678100033
7255307152083796994,7367577463750132741,0.015983328700458887
7255307152083796994,7375525564567241761,0.015397962475317458
7255307152083796994,7396903607784490000,0.49816332631290305
7255307152083796994,7402984582746358816,0.49898199716777186
7255307152083796994,7442002957991724065,0.49828100081574594
7255307152083796994,7455253044214449159,0.4976023580657789
7255307152083796994,7487688540064531463,0.49536531096490466
7255307152083796994,7499826250930226194,0.01552531504612704
7255307152083796994,7510166423118758918,0.5252536821475722
7255307152083796994,7523591048695170064,0.5262444513628565
7255307152083796994,7539280226653357073,0.4842647702963031
7255307152083796994,7579316049855841287,0.4973692445892033
7255307152083796994,7585186788609508373,0.5251438586731009
7255307152083796994,7592395448494474254,0.09933609117783324
7255307152083796994,7597512785483957259,0.4988198902630279
7255459615491753002,7256202462158406658,0.04643097359454444
7255459615491753002,7373912731559609352,0.015628533314842964
7255459615491753002,7386533375073682449,0.015626646548098064
7255459615491753002,7434627254548382776,0.09566614513310985
7255459615491753002,7589963743808947221,0.09566614513310985
7255585908618937370,7265662037903885313,0.01567282178738647
7255585908618937370,7290350607356150827,0.01551682008594016
7255585908618937370,7295710550214247432,0.015852359614704912
7255585908618937370,7367761141394998277,0.01566992995583603
7255585908618937370,7487688540064531463,0.015852735857875642
7256202462158406658,7262400527862301702,0.060689709543184506
7256202462158406658,7263081302823552005,0.021598522792865095
7256202462158406658,7290292672361759776,0.033211664811579854
7256202462158406658,7290350607356150827,0.49919313126650267
7256202462158406658,7306969713349805064,0.4989495305857366
7256202462158406658,7308377902638728224,0.03697619528142646
7256202462158406658,7311708051199230981,0.22997942960155224
7256202462158406658,7323298125393003563,0.015812532922798085
7256202462158406658,7327226218813391877,0.49826622311282476
7256202462158406658,7355557262863336453,0.4990144136345304
7256202462158406658,7359289173456913454,0.03226095948238476
7256202462158406658,7396903607784490000,0.4981362608794523
7256202462158406658,7402984582746358816,0.4989192570373746
7256202462158406658,7416269225385296902,0.04579224438126841
7256202462158406658,7434627254548382776,0.14560314998563095
7256202462158406658,7442002957991724065,0.5237751872513592
7256202462158406658,7446622049529594923,0.01581572604122191
7256202462158406658,7447572034136556561,0.021340637292208853
7256202462158406658,7453634343190807557,0.033211664811579854
7256202462158406658,7455253044214449159,0.4976359826695643
7256202462158406658,7457519820280644613,0.021340637292208853
7256202462158406658,7463351104668501024,0.033211664811579854
7256202462158406658,7482541173300462614,0.015630382558963513
7256202462158406658,7487688540064531463,0.4953987844041684
7256202462158406658,7494711694116881415,0.01513180889829855
7256202462158406658,7495918801364485163,0.0339761208040301
7256202462158406658,7497772332389123079,0.033211664811579854
7256202462158406658,7498665985957823506,0.033211664811579854
7256202462158406658,7510166423118758918,0.4984999300340033
7256202462158406658,7523591048695170064,0.49952124089887856
7256202462158406658,7536210918439863297,0.050962881545416096
7256202462158406658,7539280226653357073,0.4843308720974068
7256202462158406658,7579316049855841287,0.5233681888907291
7256202462158406658,7585186788609508373,0.4974058609221106
7256202462158406658,7589963743808947221,0.14560314998563095
7256202462158406658,7592395448494474254,0.09979326497707143
7256202462158406658,7597512785483957259,0.4987556650950732
7256202462158406658,7615456357705417750,0.05201162429483297
7259830210505573382,7281769226565796870,0.015283168600843186
7259830210505573382,7297933972808729632,0.013720273704445852
7259830210505573382,7345507730973262881,0.01530515952158609
7259830210505573382,7441608528565224494,0.015301840969942304
7259830210505573382,7489528358398002198,0.01334117766036565
7259830210505573382,7522457887882445846,0.012251310388022348
7259830210505573382,7534543341909083143,0.014102977632271921
7259830210505573382,7538303426845819918,0.013249074554293652
7261142322435867653,7268149943910089734,0.013818783783167718
7261142322435867653,7315184692033930273,0.015257424070959095
7261142322435867653,7407221110629073926,0.023591655138297706
7261142322435867653,7415589102207321093,0.016992846475588658
7261142322435867653,7486594305004585989,0.013096130262650477
7261142322435867653,7490403226492077078,0.015793991672305403
7261142322435867653,7494711694116881415,0.022784395759013747
7261142322435867653,7502699724320097322,0.01129284332043807
7261142322435867653,7524535795760776222,0.012345240515898349
7261142322435867653,7544469740279186488,0.016282730118238248
7262400527862301702,7358930055361823749,0.01622308994644602
7262400527862301702,7424553645365543942,0.016047803135581924
7262400527862301702,7434627254548382776,0.08010386015002655
7262400527862301702,7435499715750806536,0.015898962152355627
7262400527862301702,7589963743808947221,0.08010386015002655
7262400527862301702,7610014708498023431,0.015755810200000088
7263081302823552005,7333933730745566213,0.015691048360466118
7263081302823552005,7334272629450343470,0.015695427492855834
7263081302823552005,7361069886359716906,0.016037415363913208
7263081302823552005,7434627254548382776,0.044501488041288756
7263081302823552005,7556669488167650315,0.04195876494819799
7263081302823552005,7589963743808947221,0.044501488041288756
7263621228413191173,7287249230892106758,0.021344097995694162
7263621228413191173,7296163401382020102,0.015338122810535215
7263621228413191173,7296760772994122757,0.015339087966899976
7263621228413191173,7346466630966412293,0.021344097995694162
7263621228413191173,7469354913887241217,0.03612421161111005
7263621228413191173,7502226464433177632,0.021344097995694162
7263621228413191173,7559878386093442056,0.09479765747182099
7263621228413191173,7589457676943606796,0.015335995797344902
7263914736517399557,7274983064991810566,0.04419495802997747
7263914736517399557,7314655842044265478,0.01622576617517524
7263914736517399557,7316789714857624582,0.1348438596491431
7263914736517399557,7323120700012938245,0.22991173212940622
7263914736517399557,7378567914254959622,0.03133069357530595
7263914736517399557,7387033416446837765,0.13490862739669862
7263914736517399557,7455603448303567877,0.1190638774191205
7263914736517399557,7462811958108062726,0.015814384586504568
7263914736517399557,7594214580139967544,0.04367663036476024
7265662037903885313,7367761141394998277,0.015879386636078272
7265662037903885313,7547644791631135764,0.016138544942095354
7265662037903885313,7562405333067629580,0.01614358383319451
7267394392368514053,7389767673448285226,0.016407180905495086
7267394392368514053,7409739423779357702,0.015989539868088414
7267394392368514053,7434627254548382776,0.03134570919835278
7267394392368514053,7499448682740204566,0.01612429516504701
7267394392368514053,7528317052487566392,0.01639648085309847
7267394392368514053,7589963743808947221,0.03134570919835278
7267394392368514053,7592395448494474254,0.054753866709474346
7267394392368514053,7603001410426618881,0.012670773997402627
7268149943910089734,7315184692033930273,0.016409815403848768
7268149943910089734,7415589102207321093,0.014719798388288938
7268149943910089734,7486594305004585989,0.01757088967012041
7268149943910089734,7524535795760776222,0.01683365300492043
7268149943910089734,7544469740279186488,0.012310245249560111
7268149943910089734,7585187926658450454,0.05921534131119393
7274983064991810566,7316789714857624582,0.05791570848179158
7274983064991810566,7323120700012938245,0.10892733721007847
7274983064991810566,7387033416446837765,0.05791570848179158
7274983064991810566,7389767673448285226,0.01628713946316994
7274983064991810566,7441015530360570926,0.03112857449442209
7274983064991810566,7455603448303567877,0.0639309364364952
7274983064991810566,7528317052487566392,0.0163454865464483
7274983064991810566,7589963743808947221,0.03318988337794004
7274983064991810566,7594214580139967544,0.0390866922324471
7281769226565796870,7297933972808729632,0.013690034421435772
7281769226565796870,7345507730973262881,0.015412357440766095
7281769226565796870,7441608528565224494,0.015410261508677262
7281769226565796870,7489528358398002198,0.013447995845982176
7281769226565796870,7522457887882445846,0.012216761424808672
7281769226565796870,7534543341909083143,0.014073897245779458
7281769226565796870,7538303426845819918,0.013217682638394434
7282457131139646497,7347823456870581291,0.011588960544700815
7282457131139646497,7402984582746358816,0.0054820170378722674
7282457131139646497,7403666842986546209,0.019062081588421386
7282457131139646497,7495918801364485163,0.006568948029730509
7282457131139646497,7522457887882445846,0.005556385060789429
7282457131139646497,7552094429399385106,0.006692913828481708
7282457131139646497,7575174922190177312,0.0061367827875757055
7282457131139646497,7585187926658450454,0.00478374845195701
7282457131139646497,7603001410426618881,0.019006370478179015
7284057704728626181,7288239669111424005,0.015735163959876647
7284057704728626181,7307362809690506273,0.015569194959094984
7284057704728626181,7517915187601720327,0.01555255513331754
7284057704728626181,7520642008689116176,0.015732192008374057
7284057704728626181,7555788949694088210,0.016395389855824456
7284057704728626181,7556669488167650315,0.015379076915286519
7287249230892106758,7353421506658124833,0.021344097995694162
7287249230892106758,7377044399681307681,0.021344097995694162
7287249230892106758,7378695724613616658,0.028981344108437654
7287249230892106758,7415589102207321093,0.021344097995694162
7287249230892106758,7424539742974477318,0.021344097995694162
7287249230892106758,7461329320323253254,0.014803669899355859
7287249230892106758,7466945875685819393,0.021344097995694162
7287249230892106758,7469616549301634065,0.021344097995694162
7287249230892106758,7474455005735437329,0.036665039371474896
7287249230892106758,7475477880530502689,0.03149691489622554
7287249230892106758,7480684683241473025,0.021344097995694162
7287249230892106758,7495346041269814279,0.015184883167422614
7287249230892106758,7502226464433177632,0.021344097995694162
7287249230892106758,7504218153414165526,0.021344097995694162
7287249230892106758,7517915187601720327,0.021344097995694162
7287249230892106758,7552094429399385106,0.021344097995694162
7287249230892106758,7559878386093442056,0.08002018119642225
7287249230892106758,7568897073518396434,0.021344097995694162
7287249230892106758,7572620715221812246,0.021344097995694162
7287249230892106758,7573875560531805204,0.021344097995694162
7287249230892106758,7603626364147123222,0.021344097995694162
7287249230892106758,7613356856131453972,0.028599618427593093
7288239669111424005,7307362809690506273,0.016070239507513066
7288239669111424005,7517915187601720327,0.016052067683716528
7288239669111424005,7520642008689116176,0.016233417490486953
7288239669111424005,7542455562676470840,0.01585251662384809
7288239669111424005,7556669488167650315,0.015874171240019618
7288239669111424005,7559878386093442056,0.05172527629184259
7290292672361759776,7358930055361823749,0.015430063622768471
7290292672361759776,7415799988297319429,0.015153392101653219
7290292672361759776,7421992589585843243,0.015282754423793395
7290292672361759776,7434627254548382776,0.06842914761430105
7290292672361759776,7455253044214449159,0.03305463890920546
7290292672361759776,7555033171922912263,0.01514380560869703
7290292672361759776,7589963743808947221,0.06842914761430105
7290350607356150827,7295710550214247432,0.015866216927654515
7290350607356150827,7311708051199230981,0.2288706084194747
7290350607356150827,7428767448856282118,0.01586812705730405
7290350607356150827,7523591048695170064,0.498824330033398
7295710550214247432,7428767448856282118,0.01618463568502686
7295710550214247432,7487688540064531463,0.01621543241421553
7295710550214247432,7536210918439863297,0.016371938186855183
7296163401382020102,7296760772994122757,0.016229484445407994
7296163401382020102,7469354913887241217,0.015601986155414064
7296163401382020102,7480684683241473025,0.015589886034147632
7296163401382020102,7494339416820270087,0.015115390015084908
7296163401382020102,7559878386093442056,0.015589637939731558
7296163401382020102,7589457676943606796,0.016228442075294208
7296760772994122757,7469354913887241217,0.01560296628677852
7296760772994122757,7480684683241473025,0.015590865739080625
7296760772994122757,7494339416820270087,0.01511634225099769
7296760772994122757,7559878386093442056,0.015590617646375033
7296760772994122757,7589457676943606796,0.016227249778650147
7297933972808729632,7345507730973262881,0.013661866164052275
7297933972808729632,7403666842986546209,0.005730975133399599
7297933972808729632,7441608528565224494,0.013639313417600725
7297933972808729632,7489528358398002198,0.011611539830641334
7297933972808729632,7522457887882445846,0.013981420249989674
7297933972808729632,7534543341909083143,0.01486701668814132
7297933972808729632,7538303426845819918,0.014952905392389667
7297933972808729632,7575174922190177312,0.013838054261901414
7300626193325229061,7389767673448285226,0.017106973258790795
7300626193325229061,7535385905805460487,0.012991858340201359
7300626193325229061,7539280226653357073,0.013320849908607149
7306969713349805064,7311708051199230981,0.22891174686453444
7306969713349805064,7523591048695170064,0.49855828992395734
7306969713349805064,7585691270368019463,0.016381705057930265
7306969713349805064,7592395448494474254,0.09917342866017681
7306969713349805064,7609668379692401697,0.026699567887991677
7307362809690506273,7434627254548382776,0.036880906970252765
7307362809690506273,7520642008689116176,0.01606485797521138
7307362809690506273,7542455562676470840,0.015701450298492754
7307362809690506273,7559878386093442056,0.043569660940287705
7307362809690506273,7589963743808947221,0.036880906970252765
7307548469060584454,7317147259148715013,0.01556537196728536
7307548469060584454,7345693452820186117,0.01586340736787177
7307548469060584454,7457519820280644613,0.016041375008583263
7307548469060584454,7463993064467252256,0.01622048719915359
7307548469060584454,7572160716909806600,0.016035532074314345
7308377902638728224,7323298125393003563,0.0154212467326267
7308377902638728224,7434627254548382776,0.045323736529610574
7308377902638728224,7446622049529594923,0.015424418426987127
7308377902638728224,7455253044214449159,0.02189359062963311
7308377902638728224,7589963743808947221,0.045323736529610574
7311708051199230981,7355557262863336453,0.22894821396923495
7311708051199230981,7389767673448285226,0.016224793769767088
7311708051199230981,7409739423779357702,0.01584540562067768
7311708051199230981,7432711408628679685,0.016305795823991755
7311708051199230981,7455253044214449159,0.22889207888710866
7311708051199230981,7499448682740204566,0.015977250706515428
7311708051199230981,7528317052487566392,0.01617079360236588
7312576223157863457,7573875560531805204,0.015614408655622363
7312576223157863457,7617508216503600150,0.01574963244867114
7314655842044265478,7316789714857624582,0.016196202806660485
7314655842044265478,7323120700012938245,0.016229803709471528
7314655842044265478,7378567914254959622,0.01623151120708453
7314655842044265478,7387033416446837765,0.016229760972629275
7314655842044265478,7462811958108062726,0.015820393693845275
7314655842044265478,7559878386093442056,0.05172527629184259
7315184692033930273,7415589102207321093,0.016155862067567393
7315184692033930273,7486594305004585989,0.015705208441980402
7315184692033930273,7524535795760776222,0.014966581108968882
7315184692033930273,7544469740279186488,0.013794307427245764
7315184692033930273,7559878386093442056,0.05172527629184259
7315521386973627425,7434627254548382776,0.016205402933520123
7315521386973627425,7442753421524288544,0.015325279565200552
7315521386973627425,7501092673261618231,0.015451791529115848
7316789714857624582,7323120700012938245,0.2928349791869439
7316789714857624582,7324383714049541153,0.015803675107194076
7316789714857624582,7378567914254959622,0.035992638356579607
7316789714857624582,7387033416446837765,0.1683370745610975
7316789714857624582,7455603448303567877,0.1560284051099271
7316789714857624582,7462811958108062726,0.015857193835653004
7316789714857624582,7556669488167650315,0.01865718122841956
7316789714857624582,7585691270368019463,0.01851580602896388
7316789714857624582,7594214580139967544,0.05723646099984112
7316789714857624582,7614802407563035656,0.015799418518422714
7317147259148715013,7345693452820186117,0.015574037854342224
7317147259148715013,7457519820280644613,0.01573337250588541
7317147259148715013,7463993064467252256,0.015905974941583457
7317147259148715013,7575174922190177312,0.02761972453749614
7317314050736047136,7415799988297319429,0.01670709044757247
7317314050736047136,7421992589585843243,0.015337058307983192
7317314050736047136,7434627254548382776,0.044392672137344304
7317314050736047136,7444668199523992609,0.015672297405345283
7317314050736047136,7493826108368405512,0.015497636844929486
7317314050736047136,7546456230891750422,0.01519210244729592
7317314050736047136,7555033171922912263,0.015190287543451279
7317314050736047136,7559878386093442056,0.05244376649461211
7317314050736047136,7589963743808947221,0.044392672137344304
7323120700012938245,7378567914254959622,0.053460204550994865
7323120700012938245,7387033416446837765,0.29289959753325684
7323120700012938245,7389767673448285226,0.01823783312870957
7323120700012938245,7416287041577305094,0.03066528329836682
7323120700012938245,7455603448303567877,0.2934568037461398
7323120700012938245,7462811958108062726,0.015818041773665373
7323120700012938245,7556669488167650315,0.03509025658723559
7323120700012938245,7585691270368019463,0.034824359399271594
7323120700012938245,7594214580139967544,0.10764981473033922
7323120700012938245,7614802407563035656,0.029715402501213635
7323298125393003563,7359289173456913454,0.01564454217738211
7323298125393003563,7446622049529594923,0.016662737578557154
7323298125393003563,7454926910012064774,0.01665927273841624
7323298125393003563,7482541173300462614,0.016122571880034818
7323298125393003563,7494711694116881415,0.015580611807604046
7323298125393003563,7579316049855841287,0.016123522533439513
7323298125393003563,7593513425976984598,0.016277534840522346
7323679526399083553,7337597547799020549,0.015445014377887983
7323679526399083553,7424539742974477318,0.015507812221458514
7323679526399083553,7476936817243604001,0.0535418342160326
7323679526399083553,7498060815040431122,0.015585106712714663
7323679526399083553,7508718935962321938,0.016053597432259648
7323679526399083553,7519531111723222072,0.015346771796003253
7323679526399083553,7520061487814427656,0.015633457646332994
7323679526399083553,7615456357705417750,0.0160156576775199
7324383714049541153,7346466630966412293,0.02950126477216295
7324383714049541153,7490579692137137174,0.01554362108630627
7324383714049541153,7526713237481833504,0.015704105927181175
7324383714049541153,7556652869841044512,0.01570272640132995
7324383714049541153,7559878386093442056,0.05172527629184259
7324383714049541153,7577628387390129168,0.01569910175020716
7327226218813391877,7523591048695170064,0.49792456372797766
7327226218813391877,7535385905805460487,0.014682835486127654
7333474672351675398,7476936817243604001,0.015504560172591645
7333474672351675398,7520061487814427656,0.015418633828692884
7333474672351675398,7550338226915230776,0.016288941667448428
7333933730745566213,7334272629450343470,0.015827745532653707
7333933730745566213,7361069886359716906,0.01617603829178751
7333933730745566213,7416287041577305094,0.01622275511926638
7334272629450343470,7361069886359716906,0.016223342678114254
7334272629450343470,7416287041577305094,0.016177584784479743
7337597547799020549,7424539742974477318,0.015149960147350811
7337597547799020549,7535385905805460487,0.014446650792490226
7337597547799020549,7592395448494474254,0.01510894922838729
7337597547799020549,7615456357705417750,0.015197814862680643
7345507730973262881,7441608528565224494,0.016395137801975854
7345507730973262881,7489528358398002198,0.014401277420345564
7345507730973262881,7499826250930226194,0.03517546940930637
7345507730973262881,7534543341909083143,0.014058018624880006
7345507730973262881,7538303426845819918,0.013174722548856363
7346466630966412293,7353421506658124833,0.021344097995694162
7346466630966412293,7377044399681307681,0.021344097995694162
7346466630966412293,7415589102207321093,0.021344097995694162
7346466630966412293,7424539742974477318,0.021344097995694162
7346466630966412293,7466945875685819393,0.021344097995694162
7346466630966412293,7469354913887241217,0.021344097995694162
7346466630966412293,7469616549301634065,0.021344097995694162
7346466630966412293,7474455005735437329,0.021344097995694162
7346466630966412293,7475477880530502689,0.01677346626590685
7346466630966412293,7480684683241473025,0.021344097995694162
7346466630966412293,7490579692137137174,0.015702294670151332
7346466630966412293,7504218153414165526,0.021344097995694162
7346466630966412293,7517915187601720327,0.021344097995694162
7346466630966412293,7526713237481833504,0.015865888674575983
7346466630966412293,7552094429399385106,0.021344097995694162
7346466630966412293,7556652869841044512,0.015864495039815442
7346466630966412293,7559878386093442056,0.08002018119642225
7346466630966412293,7568897073518396434,0.021344097995694162
7346466630966412293,7572620715221812246,0.021344097995694162
7346466630966412293,7573875560531805204,0.021344097995694162
7346466630966412293,7577628387390129168,0.01586083440997083
7346466630966412293,7603626364147123222,0.021344097995694162
7347823456870581291,7402984582746358816,0.014498237825764862
7347823456870581291,7403666842986546209,0.008458446305684516
7347823456870581291,7495918801364485163,0.0156679873165293
7347823456870581291,7536210918439863297,0.010952672663609463
7347823456870581291,7539280226653357073,0.012364425180655395
7347823456870581291,7593513425976984598,0.011248652052031701
7347823456870581291,7603001410426618881,0.015684385792828284
7352849317865505798,7416269225385296902,0.01621968572840695
7352849317865505798,7453398291771524102,0.016043126288929895
7352849317865505798,7475281813004338198,0.016218069059067322
7352849317865505798,7567226487067427860,0.016026951103466438
7353421506658124833,7469354913887241217,0.021344097995694162
7353421506658124833,7559878386093442056,0.08002018119642225
7355557262863336453,7502699724320097322,0.013972700964871718
7355557262863336453,7523591048695170064,0.49862213049952353
7355557262863336453,7585691270368019463,0.01658948890765017
7355557262863336453,7592395448494474254,0.09919102649855331
7355557262863336453,7609668379692401697,0.02698840479258314
7358930055361823749,7415799988297319429,0.015595079421916532
7358930055361823749,7424553645365543942,0.015700147819646196
7358930055361823749,7435499715750806536,0.015570327741336073
7358930055361823749,7603626364147123222,0.015708473001403867
7358930055361823749,7610014708498023431,0.015432938038045305
7359289173456913454,7407221110629073926,0.025372697147948715
7359289173456913454,7434627254548382776,0.035166285484718125
7359289173456913454,7446622049529594923,0.015647709888196304
7359289173456913454,7482541173300462614,0.015467453694597651
7359289173456913454,7589963743808947221,0.035166285484718125
7361069886359716906,7447572034136556561,0.01588284224955725
7367577463750132741,7375525564567241761,0.015029820949333687
7367577463750132741,7510166423118758918,0.015552596345888289
7367577463750132741,7523591048695170064,0.01557077376137323
7367577463750132741,7524800391486522390,0.015642515696957324
7367577463750132741,7555104317654008839,0.015510663546428587
7367577463750132741,7585186788609508373,0.015991491444866182
7367577463750132741,7603001410426618881,0.011937836454952317
7367761141394998277,7547644791631135764,0.01614165885948499
7367761141394998277,7559878386093442056,0.05172527629184259
7367761141394998277,7562405333067629580,0.01614669777058234
7373912731559609352,7386533375073682449,0.01659683113161332
7373912731559609352,7453634343190807557,0.016031149033104628
7373912731559609352,7519531111723222072,0.015898324113399333
7375525564567241761,7455253044214449159,0.015050663815001522
7375525564567241761,7524800391486522390,0.015159550257477214
7375525564567241761,7555104317654008839,0.015036496301146136
7375525564567241761,7559878386093442056,0.05172527629184259
7375525564567241761,7585186788609508373,0.015405853714904074
7376941500363965472,7421992589585843243,0.015888322971353033
7376941500363965472,7434634221899596833,0.016220174134894197
7376941500363965472,7444668199523992609,0.01622663591325735
7376941500363965472,7493826108368405512,0.01605186098808157
7376941500363965472,7546456230891750422,0.015740954658192374
7376941500363965472,7555033171922912263,0.015738967104795144
7376941500363965472,7559878386093442056,0.05172527629184259
7376941500363965472,7567226487067427860,0.01620870162330646
7377044399681307681,7424553645365543942,0.015708810130092357
7377044399681307681,7469354913887241217,0.021344097995694162
7377044399681307681,7559878386093442056,0.08002018119642225
7377044399681307681,7609668379692401697,0.026427711718934353
7378567914254959622,7387033416446837765,0.03602442949792891
7378567914254959622,7455603448303567877,0.021851540956725934
7378567914254959622,7462811958108062726,0.015821210638541406
7378695724613616658,7461329320323253254,0.01518429454798357
7378695724613616658,7474455005735437329,0.015739057362045356
7378695724613616658,7495346041269814279,0.01559469974382971
7378695724613616658,7559878386093442056,0.05172527629184259
7378695724613616658,7613356856131453972,0.0151833327769177
7386533375073682449,7453634343190807557,0.01602920931573337
7386533375073682449,7519531111723222072,0.01590012712019314
7387033416446837765,7455603448303567877,0.1560284051099271
7387033416446837765,7462811958108062726,0.01581800289462427
7387033416446837765,7556669488167650315,0.01865718122841956
7387033416446837765,7585691270368019463,0.01851580602896388
7387033416446837765,7594214580139967544,0.05723646099984112
7387033416446837765,7614802407563035656,0.015799418518422714
7389767673448285226,7396903607784490000,0.01597445617062677
7389767673448285226,7409739423779357702,0.0158302647785801
7389767673448285226,7432711408628679685,0.016290153043934972
7389767673448285226,7499448682740204566,0.015961955998716595
7389767673448285226,7528317052487566392,0.01618591505423323
7389767673448285226,7597512785483957259,0.016302658003605332
7396903607784490000,7409739423779357702,0.015723428662186782
7396903607784490000,7432711408628679685,0.01620550840280048
7396903607784490000,7499448682740204566,0.01588248148169164
7396903607784490000,7523591048695170064,0.4977446680742361
7396903607784490000,7528317052487566392,0.01592100934252399
7396903607784490000,7547644791631135764,0.016152128478778977
7402984582746358816,7523591048695170064,0.49873993330328337
7403666842986546209,7522457887882445846,0.007815118049824554
7403666842986546209,7538303426845819918,0.006247653289915181
7403666842986546209,7552094429399385106,0.008973929605717893
7403666842986546209,7575174922190177312,0.008425866998939283
7403666842986546209,7585187926658450454,0.0046282722893975095
7403666842986546209,7603001410426618881,0.015461587964940446
7407221110629073926,7455253044214449159,0.015426865366265726
7407221110629073926,7455603448303567877,0.015499445481069938
7407221110629073926,7476936817243604001,0.021139197306150905
7407221110629073926,7519531111723222072,0.05629582585469639
7407221110629073926,7524800391486522390,0.015398630458855795
7407221110629073926,7614802407563035656,0.015276571960232674
7409739423779357702,7432711408628679685,0.016027313815970952
7409739423779357702,7499448682740204566,0.01571117935299389
7409739423779357702,7528317052487566392,0.015777335086121985
7409739423779357702,7547644791631135764,0.015974477791388855
7409739423779357702,7562405333067629580,0.01596948761172194
7409739423779357702,7597512785483957259,0.01588705651170904
7415589102207321093,7469354913887241217,0.021344097995694162
7415589102207321093,7486594305004585989,0.013999999853768819
7415589102207321093,7490403226492077078,0.015063474416476999
7415589102207321093,7502226464433177632,0.021344097995694162
7415589102207321093,7524535795760776222,0.01324978856327629
7415589102207321093,7544469740279186488,0.015558286271755867
7415589102207321093,7559878386093442056,0.08002018119642225
7415799988297319429,7435499715750806536,0.015293715105260874
7415799988297319429,7610014708498023431,0.015156044792970117
7416269225385296902,7434627254548382776,0.09435011066543715
7416269225385296902,7434634221899596833,0.016399074248447047
7416269225385296902,7453398291771524102,0.016397376927318828
7416269225385296902,7455253044214449159,0.04557573706263467
7416269225385296902,7475281813004338198,0.016591036147593288
7416269225385296902,7567226487067427860,0.01639147984288805
7416269225385296902,7589963743808947221,0.09435011066543715
7416287041577305094,7455603448303567877,0.01799787204541722
7416287041577305094,7603001410426618881,0.10235369846997183
7421992589585843243,7435499715750806536,0.01541293903412062
7421992589585843243,7444668199523992609,0.015886202825362315
7421992589585843243,7493826108368405512,0.015722910051156815
7421992589585843243,7546456230891750422,0.015424270401217884
7421992589585843243,7555033171922912263,0.015426185327311616
7421992589585843243,7610014708498023431,0.01528002447117889
7424539742974477318,7469354913887241217,0.021344097995694162
7424539742974477318,7502226464433177632,0.021344097995694162
7424539742974477318,7535385905805460487,0.014139288888907552
7424539742974477318,7559878386093442056,0.08002018119642225
7424553645365543942,7463351104668501024,0.015859376319842414
7424553645365543942,7603626364147123222,0.015548198223816513
7424553645365543942,7609668379692401697,0.026161535099607655
7428767448856282118,7487688540064531463,0.016184225187310688
7428767448856282118,7536210918439863297,0.01640646082485033
7432711408628679685,7499448682740204566,0.01621869387789736
7432711408628679685,7547644791631135764,0.0165656457578031
7432711408628679685,7562405333067629580,0.01656048986652471
7434627254548382776,7441015530360570926,0.06241656121718065
7434627254548382776,7442753421524288544,0.015305962634078726
7434627254548382776,7447572034136556561,0.04397014204908661
7434627254548382776,7453634343190807557,0.06842914761430105
7434627254548382776,7454926910012064774,0.03128658598585947
7434627254548382776,7455253044214449159,0.1449147332457668
7434627254548382776,7457519820280644613,0.04397014204908661
7434627254548382776,7463351104668501024,0.06842914761430105
7434627254548382776,7495918801364485163,0.07000422890723809
7434627254548382776,7497772332389123079,0.06842914761430105
7434627254548382776,7498665985957823506,0.06842914761430105
7434627254548382776,7501092673261618231,0.015432338574921364
7434627254548382776,7502699724320097322,0.027352044871061795
7434627254548382776,7536210918439863297,0.057019190210640634
7434627254548382776,7555788949694088210,0.03388009409078516
7434627254548382776,7562405333067629580,0.038154482718854306
7434627254548382776,7575174922190177312,0.025055594659142994
7434627254548382776,7577628387390129168,0.03086717449943778
7434627254548382776,7589963743808947221,0.5
7434627254548382776,7615456357705417750,0.06864972513543531
7434634221899596833,7444668199523992609,0.016222604917768967
7434634221899596833,7475281813004338198,0.016400923426049308
7434634221899596833,7493826108368405512,0.016043325324488825
7434634221899596833,7546456230891750422,0.015732576648709518
7434634221899596833,7555033171922912263,0.015730589053161798
7434634221899596833,7567226487067427860,0.016218179352433998
7435499715750806536,7555033171922912263,0.015271631908705932
7435499715750806536,7603626364147123222,0.01540378945043736
7435499715750806536,7610014708498023431,0.015150948299462428
7441015530360570926,7589963743808947221,0.06241656121718065
7441608528565224494,7489528358398002198,0.01477975363233514
7441608528565224494,7522457887882445846,0.01209958901406469
7441608528565224494,7534543341909083143,0.014040247112079058
7441608528565224494,7538303426845819918,0.013146531833716122
7442002957991724065,7494711694116881415,0.015273013629417874
7442002957991724065,7523591048695170064,0.49786311621480067
7444668199523992609,7475281813004338198,0.01639378959033505
7444668199523992609,7493826108368405512,0.01604972060820894
7444668199523992609,7546456230891750422,0.015738853337129908
7444668199523992609,7555033171922912263,0.01573686577001203
7444668199523992609,7567226487067427860,0.016211130899700082
7446622049529594923,7454926910012064774,0.01665542335983998
7446622049529594923,7482541173300462614,0.016125821902328
7446622049529594923,7494711694116881415,0.015583780378624087
7446622049529594923,7579316049855841287,0.016126772544853084
7446622049529594923,7593513425976984598,0.016273687451407715
7447572034136556561,7455253044214449159,0.021239738019406203
7447572034136556561,7589963743808947221,0.04397014204908661
7453398291771524102,7475281813004338198,0.016395743638521802
7453398291771524102,7567226487067427860,0.01620059381793413
7453634343190807557,7455253044214449159,0.03305463890920546
7453634343190807557,7519531111723222072,0.015374255428268185
7453634343190807557,7589963743808947221,0.06842914761430105
7454926910012064774,7482541173300462614,0.01611539797977222
7454926910012064774,7494711694116881415,0.015573611222248953
7454926910012064774,7555104317654008839,0.016621703058100793
7454926910012064774,7589963743808947221,0.03128658598585947
7454926910012064774,7592395448494474254,0.018687984031771562
7454926910012064774,7593513425976984598,0.016286449714297206
7454926910012064774,7603001410426618881,0.01264687481366546
7455253044214449159,7457519820280644613,0.021239738019406203
7455253044214449159,7463351104668501024,0.03305463890920546
7455253044214449159,7495918801364485163,0.03381548052722669
7455253044214449159,7497772332389123079,0.03305463890920546
7455253044214449159,7498665985957823506,0.03305463890920546
7455253044214449159,7499826250930226194,0.015163580684967752
7455253044214449159,7523591048695170064,0.4971594871580671
7455253044214449159,7524800391486522390,0.015791828985096856
7455253044214449159,7536210918439863297,0.05072192727505148
7455253044214449159,7555104317654008839,0.015612295776698055
7455253044214449159,7589963743808947221,0.1449147332457668
7455253044214449159,7592395448494474254,0.09932143896133831
7455253044214449159,7615456357705417750,0.05176571153239877
7455603448303567877,7556669488167650315,0.02059494908144417
7455603448303567877,7585691270368019463,0.020438890403634166
7455603448303567877,7593513425976984598,0.016520921089212038
7455603448303567877,7594214580139967544,0.06318114110925893
7455603448303567877,7614802407563035656,0.033609822667773605
7457519820280644613,7463993064467252256,0.01640595919795816
7457519820280644613,7572160716909806600,0.01623179413883455
7457519820280644613,7589963743808947221,0.04397014204908661
7457519820280644613,7610364091814872085,0.015900129237239255
7461329320323253254,7474455005735437329,0.015320776960663725
7461329320323253254,7475477880530502689,0.014723296949649082
7461329320323253254,7495346041269814279,0.01518472021170778
7461329320323253254,7519531111723222072,0.015009258160439343
7461329320323253254,7613356856131453972,0.014802895233786474
7462811958108062726,7475477880530502689,0.016163430612786474
7463351104668501024,7589963743808947221,0.06842914761430105
7463351104668501024,7609668379692401697,0.0267234290602589
7463993064467252256,7572160716909806600,0.016399987134267737
7463993064467252256,7610364091814872085,0.016061435140909793
7466945875685819393,7469354913887241217,0.021344097995694162
7466945875685819393,7486594305004585989,0.013289321513726146
7466945875685819393,7502226464433177632,0.021344097995694162
7466945875685819393,7524535795760776222,0.014270288441200658
7466945875685819393,7559878386093442056,0.08002018119642225
7469354913887241217,7469616549301634065,0.03622675325648217
7469354913887241217,7474455005735437329,0.021344097995694162
7469354913887241217,7475477880530502689,0.01677346626590685
7469354913887241217,7480684683241473025,0.03635809762321384
7469354913887241217,7494339416820270087,0.014573001144064318
7469354913887241217,7502226464433177632,0.021344097995694162
7469354913887241217,7504218153414165526,0.021344097995694162
7469354913887241217,7517915187601720327,0.021344097995694162
7469354913887241217,7552094429399385106,0.021344097995694162
7469354913887241217,7559878386093442056,0.09503394171715457
7469354913887241217,7568897073518396434,0.021344097995694162
7469354913887241217,7572620715221812246,0.021344097995694162
7469354913887241217,7573875560531805204,0.021344097995694162
7469354913887241217,7589457676943606796,0.015599827483997934
7469354913887241217,7603626364147123222,0.021344097995694162
7469616549301634065,7502226464433177632,0.021344097995694162
7469616549301634065,7559878386093442056,0.09490013145737397
7472777689112675361,7502699724320097322,0.034710238858560664
7472777689112675361,7577628387390129168,0.019585500916202
7472777689112675361,7585691270368019463,0.016379251796679224
7474455005735437329,7495346041269814279,0.015738555045764154
7474455005735437329,7502226464433177632,0.021344097995694162
7474455005735437329,7559878386093442056,0.08002018119642225
7474455005735437329,7613356856131453972,0.015319806720475823
7475281813004338198,7567226487067427860,0.016393327885725385
7475477880530502689,7495346041269814279,0.015128443632391414
7475477880530502689,7555788949694088210,0.01669237509250386
7475477880530502689,7559878386093442056,0.06288463490753805
7476936817243604001,7498060815040431122,0.015353013938481217
7476936817243604001,7508718935962321938,0.015499719715686757
7476936817243604001,7519531111723222072,0.027569545935463433
7476936817243604001,7520061487814427656,0.015573672062843208
7476936817243604001,7550338226915230776,0.015459748956151426
7480684683241473025,7502226464433177632,0.021344097995694162
7480684683241473025,7559878386093442056,0.09503090269351608
7480684683241473025,7589457676943606796,0.015587728239549476
7482541173300462614,7494711694116881415,0.015404905149475115
7482541173300462614,7579316049855841287,0.0159295093522745
7486594305004585989,7490403226492077078,0.011040046827903912
7486594305004585989,7524535795760776222,0.01782961749975179
7486594305004585989,7544469740279186488,0.011561675357397045
7486594305004585989,7585187926658450454,0.05016199463424966
7487688540064531463,7523591048695170064,0.49492443105073236
7489528358398002198,7502699724320097322,0.013359069585293584
7489528358398002198,7534543341909083143,0.012039956104470602
7489528358398002198,7538303426845819918,0.011104509466293296
7490403226492077078,7524535795760776222,0.010259436087505456
7490403226492077078,7544469740279186488,0.01786738771522446
7490403226492077078,7559878386093442056,0.05234497485062029
7490579692137137174,7526713237481833504,0.015702535465326267
7490579692137137174,7556652869841044512,0.015703806605492084
7490579692137137174,7577628387390129168,0.015707364353486266
7493826108368405512,7546456230891750422,0.015578565392188576
7493826108368405512,7555033171922912263,0.01557659878672536
7493826108368405512,7567226487067427860,0.016032073812088436
7494339416820270087,7589457676943606796,0.015113290373989676
7494339416820270087,7589963743808947221,0.014937014753064626
7494711694116881415,7579316049855841287,0.015404037239295947
7495346041269814279,7613356856131453972,0.015183758443330538
7495918801364485163,7589963743808947221,0.07000422890723809
7497772332389123079,7589963743808947221,0.06842914761430105
7498060815040431122,7498665985957823506,0.015269978152584284
7498060815040431122,7508718935962321938,0.015556673774041557
7498060815040431122,7520061487814427656,0.015455051132066445
7498665985957823506,7508718935962321938,0.015413874618754741
7498665985957823506,7520061487814427656,0.015488017204478875
7498665985957823506,7589963743808947221,0.06842914761430105
7499448682740204566,7528317052487566392,0.01590850688844847
7499448682740204566,7547644791631135764,0.016165312545146734
7499448682740204566,7562405333067629580,0.016160271537007966
7499826250930226194,7524800391486522390,0.01527331583881715
7499826250930226194,7585186788609508373,0.015533267669916933
7501092673261618231,7617508216503600150,0.01488232597356239
7502226464433177632,7504218153414165526,0.021344097995694162
7502226464433177632,7552094429399385106,0.021344097995694162
7502226464433177632,7559878386093442056,0.08002018119642225
7502226464433177632,7568897073518396434,0.02933095041519879
7502226464433177632,7573875560531805204,0.021344097995694162
7502699724320097322,7544469740279186488,0.013256654605449381
7502699724320097322,7589963743808947221,0.027352044871061795
7504218153414165526,7559878386093442056,0.08002018119642225
7504218153414165526,7585187926658450454,0.020461628412832805
7508718935962321938,7520061487814427656,0.015603819770288851
7508718935962321938,7615456357705417750,0.01533688179564119
7510166423118758918,7523591048695170064,0.5241014823811746
7510166423118758918,7524800391486522390,0.01560978012646769
7510166423118758918,7555104317654008839,0.015478258659295327
7517915187601720327,7520642008689116176,0.016046686180214622
7517915187601720327,7542455562676470840,0.015717958177321294
7517915187601720327,7559878386093442056,0.08002018119642225
7519531111723222072,7615456357705417750,0.015137111160209663
7520642008689116176,7556669488167650315,0.015868838392941797
7522457887882445846,7534543341909083143,0.013419949516772289
7522457887882445846,7538303426845819918,0.01442184485957811
7522457887882445846,7552094429399385106,0.015414676129595309
7522457887882445846,7575174922190177312,0.01582834595910862
7523591048695170064,7524800391486522390,0.015628144717049944
7523591048695170064,7539280226653357073,0.48382018732055365
7523591048695170064,7555104317654008839,0.015496437348540709
7523591048695170064,7579316049855841287,0.4969606994866283
7523591048695170064,7585186788609508373,0.5237358881280091
7523591048695170064,7597512785483957259,0.49841578708814627
7524535795760776222,7544469740279186488,0.010787567295636952
7524800391486522390,7555104317654008839,0.01572496567240176
7524800391486522390,7614802407563035656,0.015637495697439333
7526713237481833504,7556652869841044512,0.01586473808587895
7526713237481833504,7577628387390129168,0.015861077459210032
7528317052487566392,7597512785483957259,0.01636100444820025
7534543341909083143,7538303426845819918,0.01439522424147556
7534543341909083143,7575174922190177312,0.013267779530856704
7535385905805460487,7592395448494474254,0.015070389892838609
7536210918439863297,7589963743808947221,0.057019190210640634
7538303426845819918,7552094429399385106,0.013876232840376873
7538303426845819918,7575174922190177312,0.014286397476742204
7542455562676470840,7556669488167650315,0.015599944287724531
7542455562676470840,7559878386093442056,0.04112227804782218
7546456230891750422,7555033171922912263,0.01528335026809601
7546456230891750422,7567226487067427860,0.015721711627131995
7547644791631135764,7562405333067629580,0.01661378893400484
7552094429399385106,7559878386093442056,0.08002018119642225
7555033171922912263,7610014708498023431,0.015141099925436458
7555104317654008839,7614802407563035656,0.017198443538485094
7555788949694088210,7589963743808947221,0.03388009409078516
7556652869841044512,7577628387390129168,0.015862360780832637
7556669488167650315,7585691270368019463,0.12754753590324452
7559878386093442056,7562405333067629580,0.04507421351523112
7559878386093442056,7568897073518396434,0.08002018119642225
7559878386093442056,7572620715221812246,0.08002018119642225
7559878386093442056,7573875560531805204,0.08002018119642225
7559878386093442056,7575174922190177312,0.029599699509468492
7559878386093442056,7589457676943606796,0.015587480140055152
7559878386093442056,7603626364147123222,0.08002018119642225
7559878386093442056,7613356856131453972,0.05172527629184259
7572160716909806600,7610364091814872085,0.015896156837479872
7572620715221812246,7585691270368019463,0.016580164354961326
7572620715221812246,7609668379692401697,0.027000331161772684
7573875560531805204,7617508216503600150,0.014889200688964328
7575174922190177312,7589963743808947221,0.025055594659142994
7577628387390129168,7589963743808947221,0.03086717449943778
7589963743808947221,7615456357705417750,0.06864972513543531
7593513425976984598,7614802407563035656,0.016024792535958763
7603626364147123222,7609668379692401697,0.026146332133151592
7603626364147123222,7610014708498023431,0.015269179947348183
